period_um,top_width_um,bottom_width_um,depth_um,nperiods,tilt_angle_deg,wavelength_um,angle_deg,far_field_intensity,normalized_intensity
10.0,4.0,4.0,3.0,10,0.0,8.0,-90.0,0.3730769430968989,0.0003658507343021473
10.0,4.0,4.0,3.0,10,0.0,8.0,-89.5,0.38536843213918853,0.0003779041468085869
10.0,4.0,4.0,3.0,10,0.0,8.0,-89.0,0.3931738427316113,0.00038555837269846176
10.0,4.0,4.0,3.0,10,0.0,8.0,-88.5,0.3960007562956433,0.00038833053115624447
10.0,4.0,4.0,3.0,10,0.0,8.0,-88.0,0.3933302906157202,0.0003857117903093335
10.0,4.0,4.0,3.0,10,0.0,8.0,-87.5,0.38464469332588436,0.0003771944262504298
10.0,4.0,4.0,3.0,10,0.0,8.0,-87.0,0.3694747480523778,0.00036231831096020055
10.0,4.0,4.0,3.0,10,0.0,8.0,-86.5,0.34747063771789594,0.0003407404030447152
10.0,4.0,4.0,3.0,10,0.0,8.0,-86.0,0.31849945991891737,0.00031233037431613336
10.0,4.0,4.0,3.0,10,0.0,8.0,-85.5,0.2827712945422803,0.00027729423557808154
10.0,4.0,4.0,3.0,10,0.0,8.0,-85.0,0.24099321584608835,0.00023632536561292563
10.0,4.0,4.0,3.0,10,0.0,8.0,-84.5,0.19454653389140378,0.00019077831958546265
10.0,4.0,4.0,3.0,10,0.0,8.0,-84.0,0.1456765066293044,0.00014285486655512815
10.0,4.0,4.0,3.0,10,0.0,8.0,-83.5,0.0976756080245711,9.578370783936842e-05
10.0,4.0,4.0,3.0,10,0.0,8.0,-83.0,0.05503131652444385,5.396540293526658e-05
10.0,4.0,4.0,3.0,10,0.0,8.0,-82.5,0.02349798489738247,2.304284729569931e-05
10.0,4.0,4.0,3.0,10,0.0,8.0,-82.0,0.0100411308762883,9.84664201925743e-06
10.0,4.0,4.0,3.0,10,0.0,8.0,-81.5,0.02259392869372513,2.215630195410594e-05
10.0,4.0,4.0,3.0,10,0.0,8.0,-81.0,0.06956343140835998,6.82160421120302e-05
10.0,4.0,4.0,3.0,10,0.0,8.0,-80.5,0.1590328732425691,0.0001559525307862903
10.0,4.0,4.0,3.0,10,0.0,8.0,-80.0,0.29763175449587215,0.00029186686003715234
10.0,4.0,4.0,3.0,10,0.0,8.0,-79.5,0.48909253041706124,0.00047961919037248723
10.0,4.0,4.0,3.0,10,0.0,8.0,-79.0,0.7325849974773389,0.0007183953986569718
10.0,4.0,4.0,3.0,10,0.0,8.0,-78.5,1.0210161125882298,0.0010012398285029066
10.0,4.0,4.0,3.0,10,0.0,8.0,-78.0,1.3395961607769884,0.0013136492301570814
10.0,4.0,4.0,3.0,10,0.0,8.0,-77.5,1.6650840969194953,0.0016328327193744733
10.0,4.0,4.0,3.0,10,0.0,8.0,-77.0,1.9662057172509049,0.0019281218492735713
10.0,4.0,4.0,3.0,10,0.0,8.0,-76.5,2.2057465552813196,0.0021630229684939497
10.0,4.0,4.0,3.0,10,0.0,8.0,-76.0,2.344708237614306,0.002299293071651143
10.0,4.0,4.0,3.0,10,0.0,8.0,-75.5,2.348636609466085,0.0023031453540105274
10.0,4.0,4.0,3.0,10,0.0,8.0,-75.0,2.195756315481814,0.0021532262318310932
10.0,4.0,4.0,3.0,10,0.0,8.0,-74.5,1.885896537556079,0.0018493681956206196
10.0,4.0,4.0,3.0,10,0.0,8.0,-74.0,1.4484505163410224,0.0014203951619332653
10.0,4.0,4.0,3.0,10,0.0,8.0,-73.5,0.9469474443728914,0.0009286058124996032
10.0,4.0,4.0,3.0,10,0.0,8.0,-73.0,0.4774854251419561,0.0004682369056545688
10.0,4.0,4.0,3.0,10,0.0,8.0,-72.5,0.15858811594762146,0.00015551638809252816
10.0,4.0,4.0,3.0,10,0.0,8.0,-72.0,0.11129181825356556,0.00010913618271851471
10.0,4.0,4.0,3.0,10,0.0,8.0,-71.5,0.4305838884510846,0.0004222438150716491
10.0,4.0,4.0,3.0,10,0.0,8.0,-71.0,1.1525371717453752,0.0011302134275396618
10.0,4.0,4.0,3.0,10,0.0,8.0,-70.5,2.2250184649264195,0.0021819215963119467
10.0,4.0,4.0,3.0,10,0.0,8.0,-70.0,3.492595919309454,0.003424947066128858
10.0,4.0,4.0,3.0,10,0.0,8.0,-69.5,4.706755511908485,0.004615589336393679
10.0,4.0,4.0,3.0,10,0.0,8.0,-69.0,5.569267660458753,0.005461395298757
10.0,4.0,4.0,3.0,10,0.0,8.0,-68.5,5.808633137392598,0.005696124453488188
10.0,4.0,4.0,3.0,10,0.0,8.0,-68.0,5.277475561729686,0.005175254984918663
10.0,4.0,4.0,3.0,10,0.0,8.0,-67.5,4.045086149606844,0.00396673599248597
10.0,4.0,4.0,3.0,10,0.0,8.0,-67.0,2.4488464256307174,0.002401414184358995
10.0,4.0,4.0,3.0,10,0.0,8.0,-66.5,1.0671987561684606,0.0010465279503728594
10.0,4.0,4.0,3.0,10,0.0,8.0,-66.0,0.5909148473223989,0.000579469288582626
10.0,4.0,4.0,3.0,10,0.0,8.0,-65.5,1.6007586690157067,0.0015697532247330997
10.0,4.0,4.0,3.0,10,0.0,8.0,-65.0,4.303534946036029,0.004220178837729197
10.0,4.0,4.0,3.0,10,0.0,8.0,-64.5,8.321482310091104,0.008160301701728146
10.0,4.0,4.0,3.0,10,0.0,8.0,-64.0,12.651166155916972,0.012406122955495959
10.0,4.0,4.0,3.0,10,0.0,8.0,-63.5,15.885389990040421,0.015577702401787947
10.0,4.0,4.0,3.0,10,0.0,8.0,-63.0,16.71262577898781,0.016388915280062262
10.0,4.0,4.0,3.0,10,0.0,8.0,-62.5,14.582366169913694,0.01429991713462729
10.0,4.0,4.0,3.0,10,0.0,8.0,-62.0,10.290827832199284,0.010091502540292946
10.0,4.0,4.0,3.0,10,0.0,8.0,-61.5,6.165058117720728,0.006045645760525398
10.0,4.0,4.0,3.0,10,0.0,8.0,-61.0,5.575765810978049,0.005467767585179623
10.0,4.0,4.0,3.0,10,0.0,8.0,-60.5,11.730299222375695,0.011503092494717418
10.0,4.0,4.0,3.0,10,0.0,8.0,-60.0,26.056008199324957,0.02555132368560742
10.0,4.0,4.0,3.0,10,0.0,8.0,-59.5,46.85557023202979,0.04594801445845882
10.0,4.0,4.0,3.0,10,0.0,8.0,-59.0,69.09993381738468,0.06776152210712723
10.0,4.0,4.0,3.0,10,0.0,8.0,-58.5,86.02187916711756,0.08435570260145121
10.0,4.0,4.0,3.0,10,0.0,8.0,-58.0,92.50172415066703,0.09071003805224837
10.0,4.0,4.0,3.0,10,0.0,8.0,-57.5,89.24251428945237,0.08751395653868112
10.0,4.0,4.0,3.0,10,0.0,8.0,-57.0,85.82151624808736,0.08415922055556106
10.0,4.0,4.0,3.0,10,0.0,8.0,-56.5,100.43455904377248,0.09848922013369511
10.0,4.0,4.0,3.0,10,0.0,8.0,-56.0,154.96748085891005,0.1519658818756346
10.0,4.0,4.0,3.0,10,0.0,8.0,-55.5,265.9524528077547,0.260801161662523
10.0,4.0,4.0,3.0,10,0.0,8.0,-55.0,434.37471682071634,0.4259612180586329
10.0,4.0,4.0,3.0,10,0.0,8.0,-54.5,639.0181756675335,0.6266408930547734
10.0,4.0,4.0,3.0,10,0.0,8.0,-54.0,837.8363897796434,0.8216081537537677
10.0,4.0,4.0,3.0,10,0.0,8.0,-53.5,979.1261507598565,0.960161242494393
10.0,4.0,4.0,3.0,10,0.0,8.0,-53.0,1019.7517952465929,1.0
10.0,4.0,4.0,3.0,10,0.0,8.0,-52.5,943.3241641405348,0.9250527123734295
10.0,4.0,4.0,3.0,10,0.0,8.0,-52.0,769.6170070211307,0.7547101271197316
10.0,4.0,4.0,3.0,10,0.0,8.0,-51.5,549.269261915601,0.5386303456154039
10.0,4.0,4.0,3.0,10,0.0,8.0,-51.0,344.4455981636945,0.33777395614233935
10.0,4.0,4.0,3.0,10,0.0,8.0,-50.5,203.59175579191887,0.19964834260741557
10.0,4.0,4.0,3.0,10,0.0,8.0,-50.0,142.48327134649168,0.13972348174394422
10.0,4.0,4.0,3.0,10,0.0,8.0,-49.5,141.40392144159878,0.1386650380031005
10.0,4.0,4.0,3.0,10,0.0,8.0,-49.0,159.96205744370144,0.15686371741568736
10.0,4.0,4.0,3.0,10,0.0,8.0,-48.5,161.12184219120687,0.15800103803910925
10.0,4.0,4.0,3.0,10,0.0,8.0,-48.0,130.56177147312525,0.12803289200540535
10.0,4.0,4.0,3.0,10,0.0,8.0,-47.5,80.38731950044458,0.0788302799516088
10.0,4.0,4.0,3.0,10,0.0,8.0,-47.0,36.212169508192204,0.035510768087871326
10.0,4.0,4.0,3.0,10,0.0,8.0,-46.5,17.360806610072206,0.01702454135505991
10.0,4.0,4.0,3.0,10,0.0,8.0,-46.0,24.050811118233785,0.023584965704735925
10.0,4.0,4.0,3.0,10,0.0,8.0,-45.5,39.78016793507861,0.03900965717393918
10.0,4.0,4.0,3.0,10,0.0,8.0,-45.0,45.703137960258026,0.04481790389906227
10.0,4.0,4.0,3.0,10,0.0,8.0,-44.5,35.059052549850314,0.034379986103748365
10.0,4.0,4.0,3.0,10,0.0,8.0,-44.0,16.462269479226563,0.016143408186151526
10.0,4.0,4.0,3.0,10,0.0,8.0,-43.5,4.451708459389488,0.004365482345939868
10.0,4.0,4.0,3.0,10,0.0,8.0,-43.0,6.241675011049782,0.00612077864451363
10.0,4.0,4.0,3.0,10,0.0,8.0,-42.5,16.251537633627354,0.015936758051695768
10.0,4.0,4.0,3.0,10,0.0,8.0,-42.0,22.53271620256108,0.0220962751010527
10.0,4.0,4.0,3.0,10,0.0,8.0,-41.5,18.370168335299784,0.018014352532576394
10.0,4.0,4.0,3.0,10,0.0,8.0,-41.0,7.980471530218777,0.007825896034131488
10.0,4.0,4.0,3.0,10,0.0,8.0,-40.5,1.33522127830568,0.0013093590857398798
10.0,4.0,4.0,3.0,10,0.0,8.0,-40.0,3.8051339146894336,0.0037314314448147544
10.0,4.0,4.0,3.0,10,0.0,8.0,-39.5,11.147634820704765,0.010931713847102453
10.0,4.0,4.0,3.0,10,0.0,8.0,-39.0,14.591304984526614,0.014308682811387642
10.0,4.0,4.0,3.0,10,0.0,8.0,-38.5,10.286622406892558,0.010087378570787495
10.0,4.0,4.0,3.0,10,0.0,8.0,-38.0,3.0300224546081798,0.002971333287896267
10.0,4.0,4.0,3.0,10,0.0,8.0,-37.5,0.5271990362983554,0.000516987603018507
10.0,4.0,4.0,3.0,10,0.0,8.0,-37.0,4.766342848897152,0.004674022513237715
10.0,4.0,4.0,3.0,10,0.0,8.0,-36.5,10.108706609340178,0.009912908863176579
10.0,4.0,4.0,3.0,10,0.0,8.0,-36.0,10.040591518857578,0.009846113108758584
10.0,4.0,4.0,3.0,10,0.0,8.0,-35.5,4.683481489266811,0.004592766113379842
10.0,4.0,4.0,3.0,10,0.0,8.0,-35.0,0.3701759516329225,0.0003630059327754435
10.0,4.0,4.0,3.0,10,0.0,8.0,-34.5,1.928023809424258,0.001890679495158947
10.0,4.0,4.0,3.0,10,0.0,8.0,-34.0,6.949339881641437,0.006814736599665384
10.0,4.0,4.0,3.0,10,0.0,8.0,-33.5,8.929029046839561,0.008756080733037958
10.0,4.0,4.0,3.0,10,0.0,8.0,-33.0,5.363599225377981,0.005259710500515445
10.0,4.0,4.0,3.0,10,0.0,8.0,-32.5,0.7691277252227626,0.0007542303223273804
10.0,4.0,4.0,3.0,10,0.0,8.0,-32.0,0.8515577039152372,0.0008350636967589907
10.0,4.0,4.0,3.0,10,0.0,8.0,-31.5,5.214258303614906,0.005113262195683619
10.0,4.0,4.0,3.0,10,0.0,8.0,-31.0,7.951102803388008,0.007797096156585142
10.0,4.0,4.0,3.0,10,0.0,8.0,-30.5,5.403568098091251,0.0052989052074035115
10.0,4.0,4.0,3.0,10,0.0,8.0,-30.0,0.9665741760129524,0.0009478523896878443
10.0,4.0,4.0,3.0,10,0.0,8.0,-29.5,0.5331856403332831,0.0005228582512123452
10.0,4.0,4.0,3.0,10,0.0,8.0,-29.0,4.55337326542092,0.004465177984138619
10.0,4.0,4.0,3.0,10,0.0,8.0,-28.5,7.410857449701002,0.007267314933148937
10.0,4.0,4.0,3.0,10,0.0,8.0,-28.0,5.114458170995036,0.005015395113629856
10.0,4.0,4.0,3.0,10,0.0,8.0,-27.5,0.8527271811621039,0.0008362105221456367
10.0,4.0,4.0,3.0,10,0.0,8.0,-27.0,0.601654183530944,0.0005900006122425644
10.0,4.0,4.0,3.0,10,0.0,8.0,-26.5,4.70402439686289,0.004612911120911906
10.0,4.0,4.0,3.0,10,0.0,8.0,-26.0,7.283152149178862,0.007142083184484784
10.0,4.0,4.0,3.0,10,0.0,8.0,-25.5,4.59163846827959,0.004502702019925599
10.0,4.0,4.0,3.0,10,0.0,8.0,-25.0,0.5140518332243585,0.0005040950509923371
10.0,4.0,4.0,3.0,10,0.0,8.0,-24.5,1.0675764870031328,0.0010468983648564943
10.0,4.0,4.0,3.0,10,0.0,8.0,-24.0,5.556207995518394,0.005448588589319237
10.0,4.0,4.0,3.0,10,0.0,8.0,-23.5,7.388248544113018,0.007245143944391308
10.0,4.0,4.0,3.0,10,0.0,8.0,-23.0,3.78801199852135,0.003714641166780536
10.0,4.0,4.0,3.0,10,0.0,8.0,-22.5,0.16364591638512122,0.00016047622288867746
10.0,4.0,4.0,3.0,10,0.0,8.0,-22.0,2.1872068864107455,0.002144842398518987
10.0,4.0,4.0,3.0,10,0.0,8.0,-21.5,7.057841448648559,0.006921136576123267
10.0,4.0,4.0,3.0,10,0.0,8.0,-21.0,7.425795531309809,0.0072819636757924305
10.0,4.0,4.0,3.0,10,0.0,8.0,-20.5,2.659999571745121,0.002608477459068252
10.0,4.0,4.0,3.0,10,0.0,8.0,-20.0,0.24331611114307042,0.00023860326824355583
10.0,4.0,4.0,3.0,10,0.0,8.0,-19.5,4.387319394030005,0.004302340446450578
10.0,4.0,4.0,3.0,10,0.0,8.0,-19.0,9.066486360336206,0.00889087560580737
10.0,4.0,4.0,3.0,10,0.0,8.0,-18.5,7.006273756641032,0.006870567710005157
10.0,4.0,4.0,3.0,10,0.0,8.0,-18.0,1.415548844856186,0.001388130770109488
10.0,4.0,4.0,3.0,10,0.0,8.0,-17.5,1.601923355567611,0.0015708953522168003
10.0,4.0,4.0,3.0,10,0.0,8.0,-17.0,8.171697992569564,0.008013418589367143
10.0,4.0,4.0,3.0,10,0.0,8.0,-16.5,11.221945491529137,0.0110045851783134
10.0,4.0,4.0,3.0,10,0.0,8.0,-16.0,5.8563539475011686,0.005742920948803042
10.0,4.0,4.0,3.0,10,0.0,8.0,-15.5,0.9633869658715483,0.0009447269133157891
10.0,4.0,4.0,3.0,10,0.0,8.0,-15.0,5.730822949797155,0.0056198213884108405
10.0,4.0,4.0,3.0,10,0.0,8.0,-14.5,14.045812698203063,0.013773756284299115
10.0,4.0,4.0,3.0,10,0.0,8.0,-14.0,13.06450436326315,0.01281145512482666
10.0,4.0,4.0,3.0,10,0.0,8.0,-13.5,4.507073402219043,0.004419774913099474
10.0,4.0,4.0,3.0,10,0.0,8.0,-13.0,3.816654049615138,0.0037427284437309646
10.0,4.0,4.0,3.0,10,0.0,8.0,-12.5,15.351206050827422,0.015053865187964926
10.0,4.0,4.0,3.0,10,0.0,8.0,-12.0,23.000259465653034,0.022554762416565483
10.0,4.0,4.0,3.0,10,0.0,8.0,-11.5,15.19040875440616,0.01489618240949786
10.0,4.0,4.0,3.0,10,0.0,8.0,-11.0,6.428251180286584,0.006303740979178298
10.0,4.0,4.0,3.0,10,0.0,8.0,-10.5,16.80386321316558,0.016478385516450235
10.0,4.0,4.0,3.0,10,0.0,8.0,-10.0,37.49702494070025,0.03677073687488125
10.0,4.0,4.0,3.0,10,0.0,8.0,-9.5,40.536939063556424,0.039751770237142776
10.0,4.0,4.0,3.0,10,0.0,8.0,-9.0,25.104909353075946,0.024618646880641346
10.0,4.0,4.0,3.0,10,0.0,8.0,-8.5,26.58758222624754,0.026072601539101212
10.0,4.0,4.0,3.0,10,0.0,8.0,-8.0,63.63191306054978,0.0623994126386044
10.0,4.0,4.0,3.0,10,0.0,8.0,-7.5,101.55681965970932,0.09958974343864842
10.0,4.0,4.0,3.0,10,0.0,8.0,-7.0,100.58659079122049,0.09863830714502148
10.0,4.0,4.0,3.0,10,0.0,8.0,-6.5,86.87274466783788,0.08519008750245015
10.0,4.0,4.0,3.0,10,0.0,8.0,-6.0,129.8941086310276,0.12737816127072082
10.0,4.0,4.0,3.0,10,0.0,8.0,-5.5,240.22786683884155,0.23557484081776042
10.0,4.0,4.0,3.0,10,0.0,8.0,-5.0,337.9773357289322,0.3314309788954122
10.0,4.0,4.0,3.0,10,0.0,8.0,-4.5,360.3996334785583,0.35341897426266133
10.0,4.0,4.0,3.0,10,0.0,8.0,-4.0,367.67229734843244,0.360550772317614
10.0,4.0,4.0,3.0,10,0.0,8.0,-3.5,479.99913990918384,0.47070193173144853
10.0,4.0,4.0,3.0,10,0.0,8.0,-3.0,708.0217641244861,0.6943079359357978
10.0,4.0,4.0,3.0,10,0.0,8.0,-2.5,906.8006870963932,0.8892366665332653
10.0,4.0,4.0,3.0,10,0.0,8.0,-2.0,931.7829319126603,0.9137350247933025
10.0,4.0,4.0,3.0,10,0.0,8.0,-1.5,799.7324953840376,0.7842423020109996
10.0,4.0,4.0,3.0,10,0.0,8.0,-1.0,649.9893047437531,0.6373995199357064
10.0,4.0,4.0,3.0,10,0.0,8.0,-0.5,576.2232834788483,0.5650622888479524
10.0,4.0,4.0,3.0,10,0.0,8.0,0.0,561.7916440424531,0.5509101789878218
10.0,4.0,4.0,3.0,10,0.0,8.0,0.5,576.2232834788418,0.5650622888479461
10.0,4.0,4.0,3.0,10,0.0,8.0,1.0,649.9893047437582,0.6373995199357114
10.0,4.0,4.0,3.0,10,0.0,8.0,1.5,799.732495384035,0.7842423020109971
10.0,4.0,4.0,3.0,10,0.0,8.0,2.0,931.7829319126631,0.9137350247933053
10.0,4.0,4.0,3.0,10,0.0,8.0,2.5,906.8006870963927,0.8892366665332648
10.0,4.0,4.0,3.0,10,0.0,8.0,3.0,708.0217641244782,0.6943079359357899
10.0,4.0,4.0,3.0,10,0.0,8.0,3.5,479.99913990918384,0.47070193173144853
10.0,4.0,4.0,3.0,10,0.0,8.0,4.0,367.6722973484368,0.3605507723176183
10.0,4.0,4.0,3.0,10,0.0,8.0,4.5,360.39963347855735,0.3534189742626604
10.0,4.0,4.0,3.0,10,0.0,8.0,5.0,337.9773357289302,0.3314309788954102
10.0,4.0,4.0,3.0,10,0.0,8.0,5.5,240.22786683884127,0.23557484081776014
10.0,4.0,4.0,3.0,10,0.0,8.0,6.0,129.89410863102663,0.12737816127071988
10.0,4.0,4.0,3.0,10,0.0,8.0,6.5,86.87274466783668,0.08519008750244898
10.0,4.0,4.0,3.0,10,0.0,8.0,7.0,100.58659079122091,0.0986383071450219
10.0,4.0,4.0,3.0,10,0.0,8.0,7.5,101.55681965970899,0.0995897434386481
10.0,4.0,4.0,3.0,10,0.0,8.0,8.0,63.63191306054948,0.06239941263860411
10.0,4.0,4.0,3.0,10,0.0,8.0,8.5,26.587582226247548,0.02607260153910122
10.0,4.0,4.0,3.0,10,0.0,8.0,9.0,25.104909353075822,0.024618646880641224
10.0,4.0,4.0,3.0,10,0.0,8.0,9.5,40.53693906355668,0.039751770237143026
10.0,4.0,4.0,3.0,10,0.0,8.0,10.0,37.497024940700115,0.03677073687488112
10.0,4.0,4.0,3.0,10,0.0,8.0,10.5,16.803863213165908,0.016478385516450554
10.0,4.0,4.0,3.0,10,0.0,8.0,11.0,6.428251180286523,0.006303740979178237
10.0,4.0,4.0,3.0,10,0.0,8.0,11.5,15.19040875440623,0.014896182409497928
10.0,4.0,4.0,3.0,10,0.0,8.0,12.0,23.000259465653066,0.022554762416565514
10.0,4.0,4.0,3.0,10,0.0,8.0,12.5,15.35120605082739,0.015053865187964895
10.0,4.0,4.0,3.0,10,0.0,8.0,13.0,3.8166540496151438,0.0037427284437309702
10.0,4.0,4.0,3.0,10,0.0,8.0,13.5,4.507073402219111,0.004419774913099541
10.0,4.0,4.0,3.0,10,0.0,8.0,14.0,13.06450436326298,0.012811455124826494
10.0,4.0,4.0,3.0,10,0.0,8.0,14.5,14.045812698203003,0.013773756284299055
10.0,4.0,4.0,3.0,10,0.0,8.0,15.0,5.730822949797133,0.00561982138841082
10.0,4.0,4.0,3.0,10,0.0,8.0,15.5,0.9633869658715517,0.0009447269133157925
10.0,4.0,4.0,3.0,10,0.0,8.0,16.0,5.8563539475011686,0.005742920948803042
10.0,4.0,4.0,3.0,10,0.0,8.0,16.5,11.221945491529182,0.011004585178313443
10.0,4.0,4.0,3.0,10,0.0,8.0,17.0,8.171697992569527,0.008013418589367107
10.0,4.0,4.0,3.0,10,0.0,8.0,17.5,1.6019233555675862,0.001570895352216776
10.0,4.0,4.0,3.0,10,0.0,8.0,18.0,1.4155488448561764,0.0013881307701094786
10.0,4.0,4.0,3.0,10,0.0,8.0,18.5,7.006273756640936,0.006870567710005064
10.0,4.0,4.0,3.0,10,0.0,8.0,19.0,9.066486360336095,0.008890875605807261
10.0,4.0,4.0,3.0,10,0.0,8.0,19.5,4.387319394030094,0.004302340446450665
10.0,4.0,4.0,3.0,10,0.0,8.0,20.0,0.24331611114306703,0.0002386032682435525
10.0,4.0,4.0,3.0,10,0.0,8.0,20.5,2.659999571745159,0.0026084774590682896
10.0,4.0,4.0,3.0,10,0.0,8.0,21.0,7.42579553130977,0.007281963675792392
10.0,4.0,4.0,3.0,10,0.0,8.0,21.5,7.057841448648609,0.006921136576123316
10.0,4.0,4.0,3.0,10,0.0,8.0,22.0,2.1872068864107455,0.002144842398518987
10.0,4.0,4.0,3.0,10,0.0,8.0,22.5,0.163645916385121,0.00016047622288867724
10.0,4.0,4.0,3.0,10,0.0,8.0,23.0,3.7880119985213647,0.00371464116678055
10.0,4.0,4.0,3.0,10,0.0,8.0,23.5,7.388248544112984,0.007245143944391275
10.0,4.0,4.0,3.0,10,0.0,8.0,24.0,5.556207995518325,0.005448588589319171
10.0,4.0,4.0,3.0,10,0.0,8.0,24.5,1.0675764870031323,0.0010468983648564939
10.0,4.0,4.0,3.0,10,0.0,8.0,25.0,0.5140518332243573,0.0005040950509923359
10.0,4.0,4.0,3.0,10,0.0,8.0,25.5,4.591638468279558,0.004502702019925568
10.0,4.0,4.0,3.0,10,0.0,8.0,26.0,7.2831521491788305,0.0071420831844847535
10.0,4.0,4.0,3.0,10,0.0,8.0,26.5,4.7040243968628435,0.004612911120911861
10.0,4.0,4.0,3.0,10,0.0,8.0,27.0,0.6016541835309444,0.0005900006122425647
10.0,4.0,4.0,3.0,10,0.0,8.0,27.5,0.8527271811621047,0.0008362105221456375
10.0,4.0,4.0,3.0,10,0.0,8.0,28.0,5.1144581709949755,0.005015395113629797
10.0,4.0,4.0,3.0,10,0.0,8.0,28.5,7.4108574497009965,0.007267314933148932
10.0,4.0,4.0,3.0,10,0.0,8.0,29.0,4.553373265420912,0.004465177984138612
10.0,4.0,4.0,3.0,10,0.0,8.0,29.5,0.5331856403332876,0.0005228582512123497
10.0,4.0,4.0,3.0,10,0.0,8.0,30.0,0.9665741760129599,0.0009478523896878517
10.0,4.0,4.0,3.0,10,0.0,8.0,30.5,5.40356809809124,0.005298905207403501
10.0,4.0,4.0,3.0,10,0.0,8.0,31.0,7.951102803387956,0.00779709615658509
10.0,4.0,4.0,3.0,10,0.0,8.0,31.5,5.2142583036149395,0.005113262195683652
10.0,4.0,4.0,3.0,10,0.0,8.0,32.0,0.8515577039152369,0.0008350636967589904
10.0,4.0,4.0,3.0,10,0.0,8.0,32.5,0.7691277252227622,0.00075423032232738
10.0,4.0,4.0,3.0,10,0.0,8.0,33.0,5.36359922537789,0.0052597105005153565
10.0,4.0,4.0,3.0,10,0.0,8.0,33.5,8.929029046839492,0.00875608073303789
10.0,4.0,4.0,3.0,10,0.0,8.0,34.0,6.949339881641552,0.006814736599665496
10.0,4.0,4.0,3.0,10,0.0,8.0,34.5,1.9280238094242599,0.0018906794951589487
10.0,4.0,4.0,3.0,10,0.0,8.0,35.0,0.3701759516329198,0.0003630059327754408
10.0,4.0,4.0,3.0,10,0.0,8.0,35.5,4.683481489266807,0.004592766113379838
10.0,4.0,4.0,3.0,10,0.0,8.0,36.0,10.040591518857589,0.009846113108758594
10.0,4.0,4.0,3.0,10,0.0,8.0,36.5,10.108706609340125,0.009912908863176527
10.0,4.0,4.0,3.0,10,0.0,8.0,37.0,4.766342848897167,0.004674022513237729
10.0,4.0,4.0,3.0,10,0.0,8.0,37.5,0.5271990362983481,0.0005169876030184998
10.0,4.0,4.0,3.0,10,0.0,8.0,38.0,3.0300224546081775,0.002971333287896265
10.0,4.0,4.0,3.0,10,0.0,8.0,38.5,10.286622406892421,0.010087378570787361
10.0,4.0,4.0,3.0,10,0.0,8.0,39.0,14.591304984526547,0.014308682811387577
10.0,4.0,4.0,3.0,10,0.0,8.0,39.5,11.147634820704742,0.01093171384710243
10.0,4.0,4.0,3.0,10,0.0,8.0,40.0,3.805133914689464,0.003731431444814784
10.0,4.0,4.0,3.0,10,0.0,8.0,40.5,1.3352212783056747,0.0013093590857398746
10.0,4.0,4.0,3.0,10,0.0,8.0,41.0,7.980471530218747,0.007825896034131459
10.0,4.0,4.0,3.0,10,0.0,8.0,41.5,18.37016833529986,0.018014352532576466
10.0,4.0,4.0,3.0,10,0.0,8.0,42.0,22.532716202560913,0.022096275101052533
10.0,4.0,4.0,3.0,10,0.0,8.0,42.5,16.25153763362737,0.015936758051695782
10.0,4.0,4.0,3.0,10,0.0,8.0,43.0,6.241675011049726,0.006120778644513576
10.0,4.0,4.0,3.0,10,0.0,8.0,43.5,4.451708459389537,0.004365482345939916
10.0,4.0,4.0,3.0,10,0.0,8.0,44.0,16.46226947922647,0.016143408186151436
10.0,4.0,4.0,3.0,10,0.0,8.0,44.5,35.05905254985009,0.03437998610374814
10.0,4.0,4.0,3.0,10,0.0,8.0,45.0,45.70313796025834,0.044817903899062574
10.0,4.0,4.0,3.0,10,0.0,8.0,45.5,39.78016793507811,0.03900965717393869
10.0,4.0,4.0,3.0,10,0.0,8.0,46.0,24.050811118233742,0.023584965704735884
10.0,4.0,4.0,3.0,10,0.0,8.0,46.5,17.36080661007213,0.017024541355059836
10.0,4.0,4.0,3.0,10,0.0,8.0,47.0,36.21216950819208,0.03551076808787121
10.0,4.0,4.0,3.0,10,0.0,8.0,47.5,80.38731950044398,0.07883027995160821
10.0,4.0,4.0,3.0,10,0.0,8.0,48.0,130.5617714731231,0.12803289200540321
10.0,4.0,4.0,3.0,10,0.0,8.0,48.5,161.1218421912078,0.15800103803911017
10.0,4.0,4.0,3.0,10,0.0,8.0,49.0,159.9620574437,0.15686371741568594
10.0,4.0,4.0,3.0,10,0.0,8.0,49.5,141.40392144159907,0.1386650380031008
10.0,4.0,4.0,3.0,10,0.0,8.0,50.0,142.48327134648974,0.13972348174394233
10.0,4.0,4.0,3.0,10,0.0,8.0,50.5,203.59175579191913,0.19964834260741582
10.0,4.0,4.0,3.0,10,0.0,8.0,51.0,344.4455981636923,0.3377739561423372
10.0,4.0,4.0,3.0,10,0.0,8.0,51.5,549.2692619155969,0.5386303456153999
10.0,4.0,4.0,3.0,10,0.0,8.0,52.0,769.6170070211399,0.7547101271197407
10.0,4.0,4.0,3.0,10,0.0,8.0,52.5,943.3241641405299,0.9250527123734246
10.0,4.0,4.0,3.0,10,0.0,8.0,53.0,1019.7517952465904,0.9999999999999976
10.0,4.0,4.0,3.0,10,0.0,8.0,53.5,979.12615075985,0.9601612424943866
10.0,4.0,4.0,3.0,10,0.0,8.0,54.0,837.8363897796489,0.8216081537537732
10.0,4.0,4.0,3.0,10,0.0,8.0,54.5,639.018175667527,0.6266408930547671
10.0,4.0,4.0,3.0,10,0.0,8.0,55.0,434.3747168207175,0.425961218058634
10.0,4.0,4.0,3.0,10,0.0,8.0,55.5,265.9524528077554,0.26080116166252365
10.0,4.0,4.0,3.0,10,0.0,8.0,56.0,154.96748085890957,0.15196588187563412
10.0,4.0,4.0,3.0,10,0.0,8.0,56.5,100.43455904377554,0.09848922013369811
10.0,4.0,4.0,3.0,10,0.0,8.0,57.0,85.82151624808591,0.08415922055555965
10.0,4.0,4.0,3.0,10,0.0,8.0,57.5,89.24251428945257,0.08751395653868131
10.0,4.0,4.0,3.0,10,0.0,8.0,58.0,92.50172415066716,0.09071003805224849
10.0,4.0,4.0,3.0,10,0.0,8.0,58.5,86.02187916711789,0.08435570260145153
10.0,4.0,4.0,3.0,10,0.0,8.0,59.0,69.09993381738403,0.06776152210712659
10.0,4.0,4.0,3.0,10,0.0,8.0,59.5,46.855570232029656,0.04594801445845869
10.0,4.0,4.0,3.0,10,0.0,8.0,60.0,26.056008199325408,0.025551323685607863
10.0,4.0,4.0,3.0,10,0.0,8.0,60.5,11.730299222375704,0.011503092494717426
10.0,4.0,4.0,3.0,10,0.0,8.0,61.0,5.57576581097804,0.005467767585179614
10.0,4.0,4.0,3.0,10,0.0,8.0,61.5,6.165058117720839,0.006045645760525506
10.0,4.0,4.0,3.0,10,0.0,8.0,62.0,10.29082783219936,0.01009150254029302
10.0,4.0,4.0,3.0,10,0.0,8.0,62.5,14.582366169913728,0.014299917134627324
10.0,4.0,4.0,3.0,10,0.0,8.0,63.0,16.712625778987594,0.01638891528006205
10.0,4.0,4.0,3.0,10,0.0,8.0,63.5,15.885389990040325,0.015577702401787854
10.0,4.0,4.0,3.0,10,0.0,8.0,64.0,12.651166155916963,0.01240612295549595
10.0,4.0,4.0,3.0,10,0.0,8.0,64.5,8.321482310091007,0.00816030170172805
10.0,4.0,4.0,3.0,10,0.0,8.0,65.0,4.303534946036009,0.0042201788377291775
10.0,4.0,4.0,3.0,10,0.0,8.0,65.5,1.6007586690157085,0.0015697532247331014
10.0,4.0,4.0,3.0,10,0.0,8.0,66.0,0.5909148473223963,0.0005794692885826235
10.0,4.0,4.0,3.0,10,0.0,8.0,66.5,1.0671987561684693,0.0010465279503728679
10.0,4.0,4.0,3.0,10,0.0,8.0,67.0,2.4488464256306903,0.002401414184358968
10.0,4.0,4.0,3.0,10,0.0,8.0,67.5,4.04508614960683,0.003966735992485957
10.0,4.0,4.0,3.0,10,0.0,8.0,68.0,5.277475561729686,0.005175254984918663
10.0,4.0,4.0,3.0,10,0.0,8.0,68.5,5.808633137392643,0.0056961244534882325
10.0,4.0,4.0,3.0,10,0.0,8.0,69.0,5.569267660458827,0.005461395298757072
10.0,4.0,4.0,3.0,10,0.0,8.0,69.5,4.706755511908427,0.004615589336393623
10.0,4.0,4.0,3.0,10,0.0,8.0,70.0,3.492595919309454,0.003424947066128858
10.0,4.0,4.0,3.0,10,0.0,8.0,70.5,2.22501846492641,0.0021819215963119376
10.0,4.0,4.0,3.0,10,0.0,8.0,71.0,1.1525371717453758,0.0011302134275396624
10.0,4.0,4.0,3.0,10,0.0,8.0,71.5,0.4305838884510889,0.0004222438150716534
10.0,4.0,4.0,3.0,10,0.0,8.0,72.0,0.11129181825356656,0.00010913618271851569
10.0,4.0,4.0,3.0,10,0.0,8.0,72.5,0.15858811594762212,0.0001555163880925288
10.0,4.0,4.0,3.0,10,0.0,8.0,73.0,0.4774854251419541,0.0004682369056545668
10.0,4.0,4.0,3.0,10,0.0,8.0,73.5,0.9469474443728925,0.0009286058124996043
10.0,4.0,4.0,3.0,10,0.0,8.0,74.0,1.4484505163410073,0.0014203951619332505
10.0,4.0,4.0,3.0,10,0.0,8.0,74.5,1.8858965375560772,0.001849368195620618
10.0,4.0,4.0,3.0,10,0.0,8.0,75.0,2.1957563154818085,0.002153226231831088
10.0,4.0,4.0,3.0,10,0.0,8.0,75.5,2.348636609466056,0.002303145354010499
10.0,4.0,4.0,3.0,10,0.0,8.0,76.0,2.3447082376142943,0.0022992930716511316
10.0,4.0,4.0,3.0,10,0.0,8.0,76.5,2.2057465552813165,0.0021630229684939466
10.0,4.0,4.0,3.0,10,0.0,8.0,77.0,1.9662057172509013,0.0019281218492735678
10.0,4.0,4.0,3.0,10,0.0,8.0,77.5,1.6650840969195022,0.00163283271937448
10.0,4.0,4.0,3.0,10,0.0,8.0,78.0,1.3395961607770022,0.0013136492301570948
10.0,4.0,4.0,3.0,10,0.0,8.0,78.5,1.0210161125882324,0.0010012398285029092
10.0,4.0,4.0,3.0,10,0.0,8.0,79.0,0.7325849974773337,0.0007183953986569668
10.0,4.0,4.0,3.0,10,0.0,8.0,79.5,0.4890925304170628,0.00047961919037248875
10.0,4.0,4.0,3.0,10,0.0,8.0,80.0,0.297631754495872,0.00029186686003715217
10.0,4.0,4.0,3.0,10,0.0,8.0,80.5,0.15903287324256873,0.00015595253078628995
10.0,4.0,4.0,3.0,10,0.0,8.0,81.0,0.06956343140836087,6.821604211203106e-05
10.0,4.0,4.0,3.0,10,0.0,8.0,81.5,0.02259392869372542,2.215630195410623e-05
10.0,4.0,4.0,3.0,10,0.0,8.0,82.0,0.01004113087628818,9.84664201925731e-06
10.0,4.0,4.0,3.0,10,0.0,8.0,82.5,0.023497984897382536,2.3042847295699376e-05
10.0,4.0,4.0,3.0,10,0.0,8.0,83.0,0.055031316524444554,5.3965402935267274e-05
10.0,4.0,4.0,3.0,10,0.0,8.0,83.5,0.09767560802457127,9.57837078393686e-05
10.0,4.0,4.0,3.0,10,0.0,8.0,84.0,0.14567650662930295,0.00014285486655512674
10.0,4.0,4.0,3.0,10,0.0,8.0,84.5,0.19454653389140136,0.0001907783195854603
10.0,4.0,4.0,3.0,10,0.0,8.0,85.0,0.2409932158460897,0.00023632536561292696
10.0,4.0,4.0,3.0,10,0.0,8.0,85.5,0.2827712945422791,0.00027729423557808035
10.0,4.0,4.0,3.0,10,0.0,8.0,86.0,0.31849945991891787,0.0003123303743161339
10.0,4.0,4.0,3.0,10,0.0,8.0,86.5,0.3474706377178938,0.00034074040304471313
10.0,4.0,4.0,3.0,10,0.0,8.0,87.0,0.3694747480523808,0.0003623183109602035
10.0,4.0,4.0,3.0,10,0.0,8.0,87.5,0.38464469332588336,0.0003771944262504288
10.0,4.0,4.0,3.0,10,0.0,8.0,88.0,0.393330290615722,0.00038571179030933523
10.0,4.0,4.0,3.0,10,0.0,8.0,88.5,0.3960007562956476,0.00038833053115624875
10.0,4.0,4.0,3.0,10,0.0,8.0,89.0,0.39317384273161327,0.00038555837269846365
10.0,4.0,4.0,3.0,10,0.0,8.0,89.5,0.3853684321391943,0.0003779041468085926
10.0,4.0,4.0,3.0,10,0.0,8.0,90.0,0.3730769430968926,0.00036585073430214104
10.0,4.0,4.0,3.0,10,20.0,8.0,-90.0,0.3038108808901551,0.0002875707900619396
10.0,4.0,4.0,3.0,10,20.0,8.0,-89.5,0.31402883445017377,0.0002972425469439229
10.0,4.0,4.0,3.0,10,20.0,8.0,-89.0,0.3206063781979646,0.0003034684906845721
10.0,4.0,4.0,3.0,10,20.0,8.0,-88.5,0.3231359001800716,0.00030586279806665877
10.0,4.0,4.0,3.0,10,20.0,8.0,-88.0,0.32118688392081407,0.00030401796570293284
10.0,4.0,4.0,3.0,10,20.0,8.0,-87.5,0.3143282280306411,0.0002975259365586141
10.0,4.0,4.0,3.0,10,20.0,8.0,-87.0,0.3021668177856731,0.0002860146097023609
10.0,4.0,4.0,3.0,10,20.0,8.0,-86.5,0.2844054066056624,0.0002692026277526513
10.0,4.0,4.0,3.0,10,20.0,8.0,-86.0,0.2609225219874894,0.0002469750114711167
10.0,4.0,4.0,3.0,10,20.0,8.0,-85.5,0.23187607632520701,0.00021948123210705967
10.0,4.0,4.0,3.0,10,20.0,8.0,-85.0,0.1978303321255172,0.00018725538973740687
10.0,4.0,4.0,3.0,10,20.0,8.0,-84.5,0.15990251950796688,0.00015135499338625176
10.0,4.0,4.0,3.0,10,20.0,8.0,-84.0,0.11992044459048681,0.00011351014451629813
10.0,4.0,4.0,3.0,10,20.0,8.0,-83.5,0.08057570156855882,7.626855921675577e-05
10.0,4.0,4.0,3.0,10,20.0,8.0,-83.0,0.04554871238943983,4.3113923931088936e-05
10.0,4.0,4.0,3.0,10,20.0,8.0,-82.5,0.019572308023937533,1.8526078016983043e-05
10.0,4.0,4.0,3.0,10,20.0,8.0,-82.0,0.008391120849375475,7.942576793464387e-06
10.0,4.0,4.0,3.0,10,20.0,8.0,-81.5,0.01856670967790183,1.7574233533970524e-05
10.0,4.0,4.0,3.0,10,20.0,8.0,-81.0,0.05707609601907699,5.402511581470144e-05
10.0,4.0,4.0,3.0,10,20.0,8.0,-80.5,0.13065820680186632,0.0001236739238831737
10.0,4.0,4.0,3.0,10,20.0,8.0,-80.0,0.24488317176227667,0.0002317930383869722
10.0,4.0,4.0,3.0,10,20.0,8.0,-79.5,0.40295795085498265,0.0003814179925010797
10.0,4.0,4.0,3.0,10,20.0,8.0,-79.0,0.6043413429485449,0.0005720365147871118
10.0,4.0,4.0,3.0,10,20.0,8.0,-78.5,0.8433216315808656,0.0007982422063339999
10.0,4.0,4.0,3.0,10,20.0,8.0,-78.0,1.107804730358589,0.0010485874653671649
10.0,4.0,4.0,3.0,10,20.0,8.0,-77.5,1.3786551813015664,0.0013049597122665965
10.0,4.0,4.0,3.0,10,20.0,8.0,-77.0,1.6300021430142229,0.0015428710212611878
10.0,4.0,4.0,3.0,10,20.0,8.0,-76.5,1.8309330308879666,0.0017330612277620238
10.0,4.0,4.0,3.0,10,20.0,8.0,-76.0,1.9489077285853589,0.00184472963451808
10.0,4.0,4.0,3.0,10,20.0,8.0,-75.5,1.9549971777137096,0.0018504935745446882
10.0,4.0,4.0,3.0,10,20.0,8.0,-75.0,1.8306585662841144,0.0017328014345553337
10.0,4.0,4.0,3.0,10,20.0,8.0,-74.5,1.575217302348094,0.001491014682648114
10.0,4.0,4.0,3.0,10,20.0,8.0,-74.0,1.212601578090288,0.0011477824389306743
10.0,4.0,4.0,3.0,10,20.0,8.0,-73.5,0.7953088864062857,0.0007527959635185935
10.0,4.0,4.0,3.0,10,20.0,8.0,-73.0,0.40328898564711996,0.00038173133195894894
10.0,4.0,4.0,3.0,10,20.0,8.0,-72.5,0.13566566062220806,0.00012841370623427055
10.0,4.0,4.0,3.0,10,20.0,8.0,-72.0,0.09423562307239274,8.919829500347981e-05
10.0,4.0,4.0,3.0,10,20.0,8.0,-71.5,0.3596036843587338,0.000340381211223355
10.0,4.0,4.0,3.0,10,20.0,8.0,-71.0,0.9635170549796446,0.0009120126307748327
10.0,4.0,4.0,3.0,10,20.0,8.0,-70.5,1.86395703699257,0.001764319948643534
10.0,4.0,4.0,3.0,10,20.0,8.0,-70.0,2.931920405676866,0.0027751957566130095
10.0,4.0,4.0,3.0,10,20.0,8.0,-69.5,3.959330881565012,0.003747686410678459
10.0,4.0,4.0,3.0,10,20.0,8.0,-69.0,4.6948851809188135,0.004443921945030855
10.0,4.0,4.0,3.0,10,20.0,8.0,-68.5,4.908067166123058,0.004645708371285689
10.0,4.0,4.0,3.0,10,20.0,8.0,-68.0,4.471414974917462,0.004232397250764398
10.0,4.0,4.0,3.0,10,20.0,8.0,-67.5,3.4394936911482303,0.0032556369122742792
10.0,4.0,4.0,3.0,10,20.0,8.0,-67.0,2.093917653246515,0.001981988110842067
10.0,4.0,4.0,3.0,10,20.0,8.0,-66.5,0.9224880783121155,0.0008731768418750265
10.0,4.0,4.0,3.0,10,20.0,8.0,-66.0,0.5120106145073379,0.000484641289023515
10.0,4.0,4.0,3.0,10,20.0,8.0,-65.5,1.3606365048009503,0.0012879042170125404
10.0,4.0,4.0,3.0,10,20.0,8.0,-65.0,3.6528699738432113,0.0034576072499241045
10.0,4.0,4.0,3.0,10,20.0,8.0,-64.5,7.077452154043861,0.0066991297401880565
10.0,4.0,4.0,3.0,10,20.0,8.0,-64.0,10.78745920247725,0.010210819824912492
10.0,4.0,4.0,3.0,10,20.0,8.0,-63.5,13.584075737388687,0.012857944325813891
10.0,4.0,4.0,3.0,10,20.0,8.0,-63.0,14.339305376736652,0.013572803462620157
10.0,4.0,4.0,3.0,10,20.0,8.0,-62.5,12.565455836713198,0.011893774350229725
10.0,4.0,4.0,3.0,10,20.0,8.0,-62.0,8.923345297545055,0.008446351393643184
10.0,4.0,4.0,3.0,10,20.0,8.0,-61.5,5.392667953922274,0.005104405015078523
10.0,4.0,4.0,3.0,10,20.0,8.0,-61.0,4.868545494454599,0.004608299314990643
10.0,4.0,4.0,3.0,10,20.0,8.0,-60.5,10.13445666782753,0.009592723283236739
10.0,4.0,4.0,3.0,10,20.0,8.0,-60.0,22.469453236450363,0.021268357474668778
10.0,4.0,4.0,3.0,10,20.0,8.0,-59.5,40.47142366039657,0.038308039668795334
10.0,4.0,4.0,3.0,10,20.0,8.0,-59.0,59.84627962585048,0.05664722034921451
10.0,4.0,4.0,3.0,10,20.0,8.0,-58.5,74.75013213631256,0.07075439330115958
10.0,4.0,4.0,3.0,10,20.0,8.0,-58.0,80.70031588100923,0.07638651232027659
10.0,4.0,4.0,3.0,10,20.0,8.0,-57.5,78.2099104626071,0.07402923054140781
10.0,4.0,4.0,3.0,10,20.0,8.0,-57.0,75.49588055450857,0.0714602780317516
10.0,4.0,4.0,3.0,10,20.0,8.0,-56.5,88.34792221333463,0.0836253188719901
10.0,4.0,4.0,3.0,10,20.0,8.0,-56.0,135.9245150099555,0.12865872366280184
10.0,4.0,4.0,3.0,10,20.0,8.0,-55.5,232.8997795151583,0.220450213646696
10.0,4.0,4.0,3.0,10,20.0,8.0,-55.0,380.4971677846914,0.36015784173225707
10.0,4.0,4.0,3.0,10,20.0,8.0,-54.5,560.5001113157418,0.5305387989021695
10.0,4.0,4.0,3.0,10,20.0,8.0,-54.0,736.2258812021922,0.6968712170579231
10.0,4.0,4.0,3.0,10,20.0,8.0,-53.5,862.1384843885204,0.816053211695368
10.0,4.0,4.0,3.0,10,20.0,8.0,-53.0,899.815942199337,0.8517166358572543
10.0,4.0,4.0,3.0,10,20.0,8.0,-52.5,834.1081272744761,0.789521206266904
10.0,4.0,4.0,3.0,10,20.0,8.0,-52.0,681.7699883687072,0.6453262425008217
10.0,4.0,4.0,3.0,10,20.0,8.0,-51.5,487.15992437812343,0.4611189827351288
10.0,4.0,4.0,3.0,10,20.0,8.0,-51.0,305.3762143998937,0.2890524492862144
10.0,4.0,4.0,3.0,10,20.0,8.0,-50.5,179.8629112819598,0.1702484102894743
10.0,4.0,4.0,3.0,10,20.0,8.0,-50.0,125.28718004479316,0.11859000324330105
10.0,4.0,4.0,3.0,10,20.0,8.0,-49.5,124.59843257346418,0.11793807249643998
10.0,4.0,4.0,3.0,10,20.0,8.0,-49.0,141.89334333051062,0.13430849061932737
10.0,4.0,4.0,3.0,10,20.0,8.0,-48.5,143.81069745643933,0.13612335333657546
10.0,4.0,4.0,3.0,10,20.0,8.0,-48.0,117.09007882475271,0.11083107483639847
10.0,4.0,4.0,3.0,10,20.0,8.0,-47.5,72.28330762309848,0.0684194319194913
10.0,4.0,4.0,3.0,10,20.0,8.0,-47.0,32.42902498226902,0.03069554424043564
10.0,4.0,4.0,3.0,10,20.0,8.0,-46.5,15.232605796823586,0.01441835286103009
10.0,4.0,4.0,3.0,10,20.0,8.0,-46.0,21.24479650548516,0.02010916428630609
10.0,4.0,4.0,3.0,10,20.0,8.0,-45.5,35.70167287089521,0.03379325402676498
10.0,4.0,4.0,3.0,10,20.0,8.0,-45.0,41.407087760229906,0.03919368821315722
10.0,4.0,4.0,3.0,10,20.0,8.0,-44.5,31.961890809265125,0.030253380540432313
10.0,4.0,4.0,3.0,10,20.0,8.0,-44.0,15.03645064278805,0.014232683103398482
10.0,4.0,4.0,3.0,10,20.0,8.0,-43.5,3.9461429510081767,0.0037352034357487946
10.0,4.0,4.0,3.0,10,20.0,8.0,-43.0,5.496296521559877,0.005202494158499648
10.0,4.0,4.0,3.0,10,20.0,8.0,-42.5,14.742691890326713,0.013954627109204318
10.0,4.0,4.0,3.0,10,20.0,8.0,-42.0,20.695176082198472,0.01958892360599986
10.0,4.0,4.0,3.0,10,20.0,8.0,-41.5,17.00503584850365,0.016096038363266743
10.0,4.0,4.0,3.0,10,20.0,8.0,-41.0,7.418141581372693,0.007021607748532085
10.0,4.0,4.0,3.0,10,20.0,8.0,-40.5,1.1746026210704585,0.0011118147011732079
10.0,4.0,4.0,3.0,10,20.0,8.0,-40.0,3.4051483477428914,0.003223127485656367
10.0,4.0,4.0,3.0,10,20.0,8.0,-39.5,10.291224018432501,0.009741110696937332
10.0,4.0,4.0,3.0,10,20.0,8.0,-39.0,13.632784329089242,0.012904049218953637
10.0,4.0,4.0,3.0,10,20.0,8.0,-38.5,9.69296127458941,0.009174827852137624
10.0,4.0,4.0,3.0,10,20.0,8.0,-38.0,2.8654549230265896,0.002712283160126714
10.0,4.0,4.0,3.0,10,20.0,8.0,-37.5,0.4345344522334709,0.0004113065844507765
10.0,4.0,4.0,3.0,10,20.0,8.0,-37.0,4.408330878630081,0.004172685289966441
10.0,4.0,4.0,3.0,10,20.0,8.0,-36.5,9.533025291466569,0.009023441183920835
10.0,4.0,4.0,3.0,10,20.0,8.0,-36.0,9.56975021306654,0.009058202989319388
10.0,4.0,4.0,3.0,10,20.0,8.0,-35.5,4.506917972006817,0.0042660024491451756
10.0,4.0,4.0,3.0,10,20.0,8.0,-35.0,0.3405940513946479,0.0003223877306927937
10.0,4.0,4.0,3.0,10,20.0,8.0,-34.5,1.7771755907916271,0.0016821773704264432
10.0,4.0,4.0,3.0,10,20.0,8.0,-34.0,6.620940937022453,0.006267021150244404
10.0,4.0,4.0,3.0,10,20.0,8.0,-33.5,8.615105879616424,0.008154588792243738
10.0,4.0,4.0,3.0,10,20.0,8.0,-33.0,5.232991785842392,0.004953264273594032
10.0,4.0,4.0,3.0,10,20.0,8.0,-32.5,0.7595775055592411,0.0007189745895438286
10.0,4.0,4.0,3.0,10,20.0,8.0,-32.0,0.7801264253296967,0.0007384250749115527
10.0,4.0,4.0,3.0,10,20.0,8.0,-31.5,5.028271952818833,0.004759487658512168
10.0,4.0,4.0,3.0,10,20.0,8.0,-31.0,7.776525255900712,0.007360834165069107
10.0,4.0,4.0,3.0,10,20.0,8.0,-30.5,5.349741151985324,0.005063772848410654
10.0,4.0,4.0,3.0,10,20.0,8.0,-30.0,0.9790721067045761,0.0009267361933440423
10.0,4.0,4.0,3.0,10,20.0,8.0,-29.5,0.4929383258434032,0.0004665885020288317
10.0,4.0,4.0,3.0,10,20.0,8.0,-29.0,4.456027200398445,0.004217832023664028
10.0,4.0,4.0,3.0,10,20.0,8.0,-28.5,7.358209177563694,0.006964879007733968
10.0,4.0,4.0,3.0,10,20.0,8.0,-28.0,5.146207606026341,0.00487111910788615
10.0,4.0,4.0,3.0,10,20.0,8.0,-27.5,0.8874771084197868,0.0008400373695714919
10.0,4.0,4.0,3.0,10,20.0,8.0,-27.0,0.57641549442115,0.0005456034314800114
10.0,4.0,4.0,3.0,10,20.0,8.0,-26.5,4.682715018085145,0.004432402333452078
10.0,4.0,4.0,3.0,10,20.0,8.0,-26.0,7.351411486922755,0.006958444684965528
10.0,4.0,4.0,3.0,10,20.0,8.0,-25.5,4.705271803955347,0.004453753355229002
10.0,4.0,4.0,3.0,10,20.0,8.0,-25.0,0.5608536539295123,0.0005308734430349426
10.0,4.0,4.0,3.0,10,20.0,8.0,-24.5,1.0601370575965314,0.0010034678492545509
10.0,4.0,4.0,3.0,10,20.0,8.0,-24.0,5.633338541274288,0.005332210651093624
10.0,4.0,4.0,3.0,10,20.0,8.0,-23.5,7.590698948389769,0.007184941129544366
10.0,4.0,4.0,3.0,10,20.0,8.0,-23.0,3.966583664351449,0.0037545514988212287
10.0,4.0,4.0,3.0,10,20.0,8.0,-22.5,0.20738338967592235,0.00019629779236376456
10.0,4.0,4.0,3.0,10,20.0,8.0,-22.0,2.2291321899768035,0.002109974807834157
10.0,4.0,4.0,3.0,10,20.0,8.0,-21.5,7.290659969014276,0.006900940615489096
10.0,4.0,4.0,3.0,10,20.0,8.0,-21.0,7.776495930321911,0.007360806407077556
10.0,4.0,4.0,3.0,10,20.0,8.0,-20.5,2.8685720658567675,0.0027152336773161702
10.0,4.0,4.0,3.0,10,20.0,8.0,-20.0,0.2856177453458787,0.00027035016140360287
10.0,4.0,4.0,3.0,10,20.0,8.0,-19.5,4.565329157103498,0.0043212912873773395
10.0,4.0,4.0,3.0,10,20.0,8.0,-19.0,9.543243252712092,0.009033112948077498
10.0,4.0,4.0,3.0,10,20.0,8.0,-18.5,7.497285136692276,0.007096520716312827
10.0,4.0,4.0,3.0,10,20.0,8.0,-18.0,1.6105962324962084,0.0015245024460370687
10.0,4.0,4.0,3.0,10,20.0,8.0,-17.5,1.713325284268913,0.0016217401568591233
10.0,4.0,4.0,3.0,10,20.0,8.0,-17.0,8.66388856408432,0.008200763817551167
10.0,4.0,4.0,3.0,10,20.0,8.0,-16.5,12.043162148015814,0.011399399664691796
10.0,4.0,4.0,3.0,10,20.0,8.0,-16.0,6.441020437980367,0.00609671823052581
10.0,4.0,4.0,3.0,10,20.0,8.0,-15.5,1.1537132565816395,0.0010920419694252837
10.0,4.0,4.0,3.0,10,20.0,8.0,-15.0,6.15447827326179,0.005825493064222527
10.0,4.0,4.0,3.0,10,20.0,8.0,-14.5,15.162085551567197,0.01435160224767377
10.0,4.0,4.0,3.0,10,20.0,8.0,-14.0,14.320021685617805,0.01355455057360542
10.0,4.0,4.0,3.0,10,20.0,8.0,-13.5,5.149818437204974,0.004874536923508084
10.0,4.0,4.0,3.0,10,20.0,8.0,-13.0,4.254929484821363,0.004027483907168946
10.0,4.0,4.0,3.0,10,20.0,8.0,-12.5,16.71082316549808,0.015817552703206582
10.0,4.0,4.0,3.0,10,20.0,8.0,-12.0,25.277098194218105,0.023925920878431827
10.0,4.0,4.0,3.0,10,20.0,8.0,-11.5,17.049032094116573,0.016137682806920628
10.0,4.0,4.0,3.0,10,20.0,8.0,-11.0,7.423118241954186,0.007026318383684772
10.0,4.0,4.0,3.0,10,20.0,8.0,-10.5,18.559391869726863,0.017567306896345728
10.0,4.0,4.0,3.0,10,20.0,8.0,-10.0,41.4112283370384,0.03919760745706528
10.0,4.0,4.0,3.0,10,20.0,8.0,-9.5,45.313487741811215,0.04289127312423696
10.0,4.0,4.0,3.0,10,20.0,8.0,-9.0,28.63504053600049,0.027104365736560315
10.0,4.0,4.0,3.0,10,20.0,8.0,-8.5,30.008080724443243,0.02840401060319706
10.0,4.0,4.0,3.0,10,20.0,8.0,-8.0,70.7975522595392,0.06701309702297395
10.0,4.0,4.0,3.0,10,20.0,8.0,-7.5,113.52834094927206,0.10745972825445747
10.0,4.0,4.0,3.0,10,20.0,8.0,-7.0,113.63440727262031,0.10756012484431908
10.0,4.0,4.0,3.0,10,20.0,8.0,-6.5,98.7905516844286,0.0935097417028246
10.0,4.0,4.0,3.0,10,20.0,8.0,-6.0,146.17232095181384,0.1383587371793261
10.0,4.0,4.0,3.0,10,20.0,8.0,-5.5,269.329148209883,0.25493226480399916
10.0,4.0,4.0,3.0,10,20.0,8.0,-5.0,380.4357066698619,0.3600996659970832
10.0,4.0,4.0,3.0,10,20.0,8.0,-4.5,408.1003455409906,0.3862855025070833
10.0,4.0,4.0,3.0,10,20.0,8.0,-4.0,417.2196818829699,0.39491736832117086
10.0,4.0,4.0,3.0,10,20.0,8.0,-3.5,542.3614463198717,0.5133697290905548
10.0,4.0,4.0,3.0,10,20.0,8.0,-3.0,798.2677323035158,0.755596645475227
10.0,4.0,4.0,3.0,10,20.0,8.0,-2.5,1024.3188860217026,0.9695643239161291
10.0,4.0,4.0,3.0,10,20.0,8.0,-2.0,1056.473367217573,1.0
10.0,4.0,4.0,3.0,10,20.0,8.0,-1.5,910.0620092583436,0.8614150034422239
10.0,4.0,4.0,3.0,10,20.0,8.0,-1.0,740.5775914474943,0.7009903083481874
10.0,4.0,4.0,3.0,10,20.0,8.0,-0.5,655.2565787219423,0.6202300967109917
10.0,4.0,4.0,3.0,10,20.0,8.0,0.0,637.200945990774,0.6031396207071135
10.0,4.0,4.0,3.0,10,20.0,8.0,0.5,652.0081494000465,0.6171553108974589
10.0,4.0,4.0,3.0,10,20.0,8.0,1.0,733.6978618520014,0.6944783319851562
10.0,4.0,4.0,3.0,10,20.0,8.0,1.5,902.3164120734835,0.8540834441003547
10.0,4.0,4.0,3.0,10,20.0,8.0,2.0,1053.5714483722272,0.9972532020821419
10.0,4.0,4.0,3.0,10,20.0,8.0,2.5,1028.9522968516533,0.9739500575973801
10.0,4.0,4.0,3.0,10,20.0,8.0,3.0,806.2571172595107,0.7631589610090643
10.0,4.0,4.0,3.0,10,20.0,8.0,3.5,547.2061886935896,0.5179554976712408
10.0,4.0,4.0,3.0,10,20.0,8.0,4.0,417.61222634996193,0.39528892947848226
10.0,4.0,4.0,3.0,10,20.0,8.0,4.5,408.46343997302824,0.38662918786944506
10.0,4.0,4.0,3.0,10,20.0,8.0,5.0,384.2312437221631,0.363692314113048
10.0,4.0,4.0,3.0,10,20.0,8.0,5.5,274.6534091333168,0.25997191945942727
10.0,4.0,4.0,3.0,10,20.0,8.0,6.0,149.1208910151203,0.141149692592686
10.0,4.0,4.0,3.0,10,20.0,8.0,6.5,98.92105534331213,0.09363326934008745
10.0,4.0,4.0,3.0,10,20.0,8.0,7.0,113.84437660743876,0.10775887035114756
10.0,4.0,4.0,3.0,10,20.0,8.0,7.5,115.50267098034837,0.10932852125231231
10.0,4.0,4.0,3.0,10,20.0,8.0,8.0,73.0604101142391,0.06915499470342336
10.0,4.0,4.0,3.0,10,20.0,8.0,8.5,30.7437745994597,0.029100378252250106
10.0,4.0,4.0,3.0,10,20.0,8.0,9.0,28.379789626705104,0.026862759163961483
10.0,4.0,4.0,3.0,10,20.0,8.0,9.5,45.73332434661556,0.04328866752889675
10.0,4.0,4.0,3.0,10,20.0,8.0,10.0,42.690244777281386,0.0404082545778834
10.0,4.0,4.0,3.0,10,20.0,8.0,10.5,19.45537614599172,0.01841539668645999
10.0,4.0,4.0,3.0,10,20.0,8.0,11.0,7.409176173502856,0.007013121583004363
10.0,4.0,4.0,3.0,10,20.0,8.0,11.5,16.99311955854952,0.016084759053892846
10.0,4.0,4.0,3.0,10,20.0,8.0,12.0,25.902191687111834,0.024517600245172546
10.0,4.0,4.0,3.0,10,20.0,8.0,12.5,17.52739987301445,0.01659047962484492
10.0,4.0,4.0,3.0,10,20.0,8.0,13.0,4.508067286243359,0.004267090327242443
10.0,4.0,4.0,3.0,10,20.0,8.0,13.5,5.028945182895371,0.004760124901340458
10.0,4.0,4.0,3.0,10,20.0,8.0,14.0,14.541213012549504,0.013763918205384203
10.0,4.0,4.0,3.0,10,20.0,8.0,14.5,15.79216881446409,0.014948004658229881
10.0,4.0,4.0,3.0,10,20.0,8.0,15.0,6.590330988641093,0.00623804744458254
10.0,4.0,4.0,3.0,10,20.0,8.0,15.5,1.1429042994744454,0.0010818108008576733
10.0,4.0,4.0,3.0,10,20.0,8.0,16.0,6.4397514245557455,0.006095517051713359
10.0,4.0,4.0,3.0,10,20.0,8.0,16.5,12.433387922074935,0.01176876607388662
10.0,4.0,4.0,3.0,10,20.0,8.0,17.0,9.166558484279143,0.00867656371539308
10.0,4.0,4.0,3.0,10,20.0,8.0,17.5,1.8857458312255428,0.001784944031473334
10.0,4.0,4.0,3.0,10,20.0,8.0,18.0,1.5510907346351028,0.0014681777910977541
10.0,4.0,4.0,3.0,10,20.0,8.0,18.5,7.648970198505341,0.007240097512964652
10.0,4.0,4.0,3.0,10,20.0,8.0,19.0,9.98097742520046,0.009447448212998777
10.0,4.0,4.0,3.0,10,20.0,8.0,19.5,4.907896531694066,0.004645546858052807
10.0,4.0,4.0,3.0,10,20.0,8.0,20.0,0.31643453930367293,0.0002995196557931834
10.0,4.0,4.0,3.0,10,20.0,8.0,20.5,2.8587153056449512,0.0027059038063344002
10.0,4.0,4.0,3.0,10,20.0,8.0,21.0,8.039446123368872,0.007609700701251286
10.0,4.0,4.0,3.0,10,20.0,8.0,21.5,7.701516583514906,0.007289835051685534
10.0,4.0,4.0,3.0,10,20.0,8.0,22.0,2.439463513200782,0.0023090629531207028
10.0,4.0,4.0,3.0,10,20.0,8.0,22.5,0.1854158855976149,0.00017550455255293705
10.0,4.0,4.0,3.0,10,20.0,8.0,23.0,4.030072399282882,0.0038146464684640914
10.0,4.0,4.0,3.0,10,20.0,8.0,23.5,7.9139775588952395,0.007490939009412259
10.0,4.0,4.0,3.0,10,20.0,8.0,24.0,5.993324665155925,0.005672953858686003
10.0,4.0,4.0,3.0,10,20.0,8.0,24.5,1.184576197380427,0.0011212551438946705
10.0,4.0,4.0,3.0,10,20.0,8.0,25.0,0.5333587991351443,0.0005048483148608354
10.0,4.0,4.0,3.0,10,20.0,8.0,25.5,4.830170759871242,0.004571975886711117
10.0,4.0,4.0,3.0,10,20.0,8.0,26.0,7.701632949951528,0.0072899451978001755
10.0,4.0,4.0,3.0,10,20.0,8.0,26.5,5.00096173685981,0.004733637299377276
10.0,4.0,4.0,3.0,10,20.0,8.0,27.0,0.6565746100494985,0.0006214776731937074
10.0,4.0,4.0,3.0,10,20.0,8.0,27.5,0.8698445561237999,0.0008233473584049769
10.0,4.0,4.0,3.0,10,20.0,8.0,28.0,5.309752907551721,0.005025922159813629
10.0,4.0,4.0,3.0,10,20.0,8.0,28.5,7.722499104897732,0.007309695960662433
10.0,4.0,4.0,3.0,10,20.0,8.0,29.0,4.758562130913552,0.0045041950687750385
10.0,4.0,4.0,3.0,10,20.0,8.0,29.5,0.5609328786611892,0.0005309484328398305
10.0,4.0,4.0,3.0,10,20.0,8.0,30.0,0.9686317597026953,0.0009168539309739293
10.0,4.0,4.0,3.0,10,20.0,8.0,30.5,5.5277129084374685,0.005232231194805951
10.0,4.0,4.0,3.0,10,20.0,8.0,31.0,8.15498343446716,0.007719062010947694
10.0,4.0,4.0,3.0,10,20.0,8.0,31.5,5.349841726305441,0.0050638680465701505
10.0,4.0,4.0,3.0,10,20.0,8.0,32.0,0.8657067510263857,0.0008194307380472751
10.0,4.0,4.0,3.0,10,20.0,8.0,32.5,0.7480583725027187,0.0007080712072021987
10.0,4.0,4.0,3.0,10,20.0,8.0,33.0,5.3986729801581745,0.005110089045005105
10.0,4.0,4.0,3.0,10,20.0,8.0,33.5,9.008714791315812,0.008527157494790433
10.0,4.0,4.0,3.0,10,20.0,8.0,34.0,7.002249787726607,0.006627947286705757
10.0,4.0,4.0,3.0,10,20.0,8.0,34.5,1.9222954539879447,0.0018195399085645496
10.0,4.0,4.0,3.0,10,20.0,8.0,35.0,0.3292191543025402,0.00031162087423898104
10.0,4.0,4.0,3.0,10,20.0,8.0,35.5,4.627530283923107,0.004380167477492218
10.0,4.0,4.0,3.0,10,20.0,8.0,36.0,9.96282797997879,0.00943026893921408
10.0,4.0,4.0,3.0,10,20.0,8.0,36.5,10.01368712779739,0.009478409431342668
10.0,4.0,4.0,3.0,10,20.0,8.0,37.0,4.685619630120986,0.0044351516805969955
10.0,4.0,4.0,3.0,10,20.0,8.0,37.5,0.46362102329066457,0.00043883834432258356
10.0,4.0,4.0,3.0,10,20.0,8.0,38.0,2.9120323761591793,0.0027563708338702187
10.0,4.0,4.0,3.0,10,20.0,8.0,38.5,10.030475023575372,0.009494299936772253
10.0,4.0,4.0,3.0,10,20.0,8.0,39.0,14.22171887929792,0.013461502505031024
10.0,4.0,4.0,3.0,10,20.0,8.0,39.5,10.811284846627519,0.010233371878650505
10.0,4.0,4.0,3.0,10,20.0,8.0,40.0,3.6114768435853843,0.0034184267731205637
10.0,4.0,4.0,3.0,10,20.0,8.0,40.5,1.18452284542534,0.0011212046438473032
10.0,4.0,4.0,3.0,10,20.0,8.0,41.0,7.606767676099586,0.00720015090975126
10.0,4.0,4.0,3.0,10,20.0,8.0,41.5,17.610592344603297,0.01666922507567247
10.0,4.0,4.0,3.0,10,20.0,8.0,42.0,21.55029392227654,0.020398331459157752
10.0,4.0,4.0,3.0,10,20.0,8.0,42.5,15.424977617211551,0.014600441521622275
10.0,4.0,4.0,3.0,10,20.0,8.0,43.0,5.761947911235873,0.005453945257901841
10.0,4.0,4.0,3.0,10,20.0,8.0,43.5,4.014435201951826,0.0037998451513497375
10.0,4.0,4.0,3.0,10,20.0,8.0,44.0,15.42629665062149,0.014601690046621455
10.0,4.0,4.0,3.0,10,20.0,8.0,44.5,33.01256750947444,0.031247893731973026
10.0,4.0,4.0,3.0,10,20.0,8.0,45.0,42.92911102499206,0.04063435232452114
10.0,4.0,4.0,3.0,10,20.0,8.0,45.5,37.10494850374518,0.035121518114051696
10.0,4.0,4.0,3.0,10,20.0,8.0,46.0,22.06897120225586,0.020889283049679488
10.0,4.0,4.0,3.0,10,20.0,8.0,46.5,15.636194672833621,0.014800368052830868
10.0,4.0,4.0,3.0,10,20.0,8.0,47.0,33.201269240170674,0.031426508486070634
10.0,4.0,4.0,3.0,10,20.0,8.0,47.5,74.32098453845119,0.07034818561890478
10.0,4.0,4.0,3.0,10,20.0,8.0,48.0,120.72012883211245,0.11426708195214827
10.0,4.0,4.0,3.0,10,20.0,8.0,48.5,148.48920843958942,0.14055177636012206
10.0,4.0,4.0,3.0,10,20.0,8.0,49.0,146.55865278902547,0.13872441780053202
10.0,4.0,4.0,3.0,10,20.0,8.0,49.5,128.4927490640599,0.12162421983477956
10.0,4.0,4.0,3.0,10,20.0,8.0,50.0,128.72110941642535,0.12184037327456469
10.0,4.0,4.0,3.0,10,20.0,8.0,50.5,184.40898282811935,0.1745514733739063
10.0,4.0,4.0,3.0,10,20.0,8.0,51.0,313.31831733568305,0.29657001024159035
10.0,4.0,4.0,3.0,10,20.0,8.0,51.5,500.46343382083245,0.473711358326902
10.0,4.0,4.0,3.0,10,20.0,8.0,52.0,701.1027839111412,0.6636256110815467
10.0,4.0,4.0,3.0,10,20.0,8.0,52.5,858.398657671126,0.8125132959403273
10.0,4.0,4.0,3.0,10,20.0,8.0,53.0,926.5382812881353,0.8770105428481866
10.0,4.0,4.0,3.0,10,20.0,8.0,53.5,888.1540850101673,0.8406781586452036
10.0,4.0,4.0,3.0,10,20.0,8.0,54.0,758.7798501011573,0.7182195724436962
10.0,4.0,4.0,3.0,10,20.0,8.0,54.5,577.9591395281298,0.5470645616465438
10.0,4.0,4.0,3.0,10,20.0,8.0,55.0,392.59183955776655,0.3716059975953138
10.0,4.0,4.0,3.0,10,20.0,8.0,55.5,240.47823151460048,0.22762356248311913
10.0,4.0,4.0,3.0,10,20.0,8.0,56.0,140.41360655587775,0.13290785259043883
10.0,4.0,4.0,3.0,10,20.0,8.0,56.5,91.18295990609047,0.08630881074289495
10.0,4.0,4.0,3.0,10,20.0,8.0,57.0,77.72409382758299,0.073569383043024
10.0,4.0,4.0,3.0,10,20.0,8.0,57.5,80.3515295983674,0.07605637027082728
10.0,4.0,4.0,3.0,10,20.0,8.0,58.0,82.83203442650127,0.07840428069157622
10.0,4.0,4.0,3.0,10,20.0,8.0,58.5,76.7059795136129,0.07260569162820729
10.0,4.0,4.0,3.0,10,20.0,8.0,59.0,61.42290817230365,0.0581395708384706
10.0,4.0,4.0,3.0,10,20.0,8.0,59.5,41.56196783273568,0.039340289232465145
10.0,4.0,4.0,3.0,10,20.0,8.0,60.0,23.10317313194052,0.021868202123057012
10.0,4.0,4.0,3.0,10,20.0,8.0,60.5,10.442562130512195,0.00988435908991696
10.0,4.0,4.0,3.0,10,20.0,8.0,61.0,5.016853095985057,0.004748679192167342
10.0,4.0,4.0,3.0,10,20.0,8.0,61.5,5.519492335523275,0.00522445004937505
10.0,4.0,4.0,3.0,10,20.0,8.0,62.0,9.105198656003253,0.008618483852540037
10.0,4.0,4.0,3.0,10,20.0,8.0,62.5,12.814596095703056,0.012129596914925336
10.0,4.0,4.0,3.0,10,20.0,8.0,63.0,14.623839994889174,0.013842128394967386
10.0,4.0,4.0,3.0,10,20.0,8.0,63.5,13.856222492703258,0.013115543583645937
10.0,4.0,4.0,3.0,10,20.0,8.0,64.0,11.007533427483763,0.010419130069008962
10.0,4.0,4.0,3.0,10,20.0,8.0,64.5,7.226875093365783,0.0068405653352144186
10.0,4.0,4.0,3.0,10,20.0,8.0,65.0,3.7355462508562662,0.0035358640991533462
10.0,4.0,4.0,3.0,10,20.0,8.0,65.5,1.3961796112556737,0.0013215473807283783
10.0,4.0,4.0,3.0,10,20.0,8.0,66.0,0.5257830684491361,0.0004976775418711099
10.0,4.0,4.0,3.0,10,20.0,8.0,66.5,0.9367363123074135,0.0008866634421409882
10.0,4.0,4.0,3.0,10,20.0,8.0,67.0,2.122451724675405,0.0020089969047353195
10.0,4.0,4.0,3.0,10,20.0,8.0,67.5,3.4864084090878515,0.003300043822467558
10.0,4.0,4.0,3.0,10,20.0,8.0,68.0,4.532942098941931,0.004290635466637755
10.0,4.0,4.0,3.0,10,20.0,8.0,68.5,4.976024955228781,0.004710033503574355
10.0,4.0,4.0,3.0,10,20.0,8.0,69.0,4.760250392004002,0.0045057930845346745
10.0,4.0,4.0,3.0,10,20.0,8.0,69.5,4.014926378062121,0.003800310071834756
10.0,4.0,4.0,3.0,10,20.0,8.0,70.0,2.9737978954460544,0.002814834701681242
10.0,4.0,4.0,3.0,10,20.0,8.0,70.5,1.8915463322475423,0.0017904344690006673
10.0,4.0,4.0,3.0,10,20.0,8.0,71.0,0.9789083206499655,0.0009265811624083908
10.0,4.0,4.0,3.0,10,20.0,8.0,71.5,0.36642099757494373,0.0003468341076500436
10.0,4.0,4.0,3.0,10,20.0,8.0,72.0,0.09650127494895175,9.13428373524517e-05
10.0,4.0,4.0,3.0,10,20.0,8.0,72.5,0.1369176414642512,0.00012959876293412893
10.0,4.0,4.0,3.0,10,20.0,8.0,73.0,0.4060635985896396,0.0003843576290608126
10.0,4.0,4.0,3.0,10,20.0,8.0,73.5,0.8009788716468038,0.0007581628619340747
10.0,4.0,4.0,3.0,10,20.0,8.0,74.0,1.2214857158305548,0.0011561916785915519
10.0,4.0,4.0,3.0,10,20.0,8.0,74.5,1.5868494949934027,0.0015020250810227973
10.0,4.0,4.0,3.0,10,20.0,8.0,75.0,1.8441112745036945,0.0017455350335621978
10.0,4.0,4.0,3.0,10,20.0,8.0,75.5,1.969180685823536,0.0018639189088218609
10.0,4.0,4.0,3.0,10,20.0,8.0,76.0,1.9627995218578862,0.001857878847459542
10.0,4.0,4.0,3.0,10,20.0,8.0,76.5,1.8437211680544534,0.00174516578009936
10.0,4.0,4.0,3.0,10,20.0,8.0,77.0,1.6411480332074428,0.0015534211122895825
10.0,4.0,4.0,3.0,10,20.0,8.0,77.5,1.387893477527702,0.0013137041790111455
10.0,4.0,4.0,3.0,10,20.0,8.0,78.0,1.1151023780435072,0.00105549502017296
10.0,4.0,4.0,3.0,10,20.0,8.0,78.5,0.8488168158214789,0.0008034436476680924
10.0,4.0,4.0,3.0,10,20.0,8.0,79.0,0.60827865729343,0.0005757633615463961
10.0,4.0,4.0,3.0,10,20.0,8.0,79.5,0.40563062722976234,0.0003839478020142326
10.0,4.0,4.0,3.0,10,20.0,8.0,80.0,0.24658806869459002,0.00023340680072610575
10.0,4.0,4.0,3.0,10,20.0,8.0,80.5,0.1316652037615275,0.00012462709221747187
10.0,4.0,4.0,3.0,10,20.0,8.0,81.0,0.057610824366823764,5.453126046949296e-05
10.0,4.0,4.0,3.0,10,20.0,8.0,81.5,0.01880406887200406,1.779890478595614e-05
10.0,4.0,4.0,3.0,10,20.0,8.0,82.0,0.008456513908370718,8.004474292279211e-06
10.0,4.0,4.0,3.0,10,20.0,8.0,82.5,0.019547665784098694,1.8502753018356966e-05
10.0,4.0,4.0,3.0,10,20.0,8.0,83.0,0.04548087296605068,4.304971083732414e-05
10.0,4.0,4.0,3.0,10,20.0,8.0,83.5,0.08048534605110746,7.618303361785749e-05
10.0,4.0,4.0,3.0,10,20.0,8.0,84.0,0.11981041282001394,0.00011340599445072415
10.0,4.0,4.0,3.0,10,20.0,8.0,84.5,0.1597648571441922,0.00015122468970984462
10.0,4.0,4.0,3.0,10,20.0,8.0,85.0,0.19765181864743112,0.00018708641862689394
10.0,4.0,4.0,3.0,10,20.0,8.0,85.5,0.23164225287100082,0.00021925990759338827
10.0,4.0,4.0,3.0,10,20.0,8.0,86.0,0.26062039629594047,0.0002466890357892643
10.0,4.0,4.0,3.0,10,20.0,8.0,86.5,0.28402508557817907,0.00026884263663571006
10.0,4.0,4.0,3.0,10,20.0,8.0,87.0,0.3017023325403221,0.00028557495333262733
10.0,4.0,4.0,3.0,10,20.0,8.0,87.5,0.3137777943972762,0.00029700492613805374
10.0,4.0,4.0,3.0,10,20.0,8.0,88.0,0.3205528005967107,0.0003034177770528646
10.0,4.0,4.0,3.0,10,20.0,8.0,88.5,0.3224242394241014,0.00030518917885575105
10.0,4.0,4.0,3.0,10,20.0,8.0,89.0,0.3198265776310098,0.00030273037404940454
10.0,4.0,4.0,3.0,10,20.0,8.0,89.5,0.31319325738366366,0.00029645163531998795
10.0,4.0,4.0,3.0,10,20.0,8.0,90.0,0.3029343783254812,0.0002867411405962059
10.0,4.0,4.0,3.0,10,0.0,10.0,-90.0,1.6444548477337508,0.0005383334270793432
10.0,4.0,4.0,3.0,10,0.0,10.0,-89.5,2.2115329615547186,0.0007239737350851475
10.0,4.0,4.0,3.0,10,0.0,10.0,-89.0,2.8799683608762283,0.0009427946530287447
10.0,4.0,4.0,3.0,10,0.0,10.0,-88.5,3.65186506233035,0.001195484957793085
10.0,4.0,4.0,3.0,10,0.0,10.0,-88.0,4.528944927126969,0.0014826083227726366
10.0,4.0,4.0,3.0,10,0.0,10.0,-87.5,5.512226397208415,0.0018044981480250855
10.0,4.0,4.0,3.0,10,0.0,10.0,-87.0,6.601616804197756,0.002161124097366374
10.0,4.0,4.0,3.0,10,0.0,10.0,-86.5,7.79541814407198,0.0025519303073587413
10.0,4.0,4.0,3.0,10,0.0,10.0,-86.0,9.089750084052277,0.0029756465012013966
10.0,4.0,4.0,3.0,10,0.0,10.0,-85.5,10.477899774582335,0.0034300751413261312
10.0,4.0,4.0,3.0,10,0.0,10.0,-85.0,11.949616100722311,0.003911860393521653
10.0,4.0,4.0,3.0,10,0.0,10.0,-84.5,13.490376533764488,0.004416248121388379
10.0,4.0,4.0,3.0,10,0.0,10.0,-84.0,15.080667750113216,0.004936850387684107
10.0,4.0,4.0,3.0,10,0.0,10.0,-83.5,16.695336384913936,0.005465432915181105
10.0,4.0,4.0,3.0,10,0.0,10.0,-83.0,18.303082972306118,0.005991749421504594
10.0,4.0,4.0,3.0,10,0.0,10.0,-82.5,19.86618902408991,0.006503452274827003
10.0,4.0,4.0,3.0,10,0.0,10.0,-82.0,21.34058236359747,0.006986113881750352
10.0,4.0,4.0,3.0,10,0.0,10.0,-81.5,22.676356541744134,0.007423396724825538
10.0,4.0,4.0,3.0,10,0.0,10.0,-81.0,23.818862917991453,0.0077974108692897845
10.0,4.0,4.0,3.0,10,0.0,10.0,-80.5,24.710484625472503,0.008089294693347399
10.0,4.0,4.0,3.0,10,0.0,10.0,-80.0,25.29317562350824,0.008280046079640037
10.0,4.0,4.0,3.0,10,0.0,10.0,-79.5,25.511801001944654,0.008351615906797278
10.0,4.0,4.0,3.0,10,0.0,10.0,-79.0,25.31824324167216,0.00828825228658667
10.0,4.0,4.0,3.0,10,0.0,10.0,-78.5,24.676141917659887,0.008078052166611302
10.0,4.0,4.0,3.0,10,0.0,10.0,-78.0,23.566013404772953,0.007714637331801756
10.0,4.0,4.0,3.0,10,0.0,10.0,-77.5,21.99035937341564,0.007198826736113513
10.0,4.0,4.0,3.0,10,0.0,10.0,-77.0,19.978231202076863,0.006540130721630376
10.0,4.0,4.0,3.0,10,0.0,10.0,-76.5,17.588591744683214,0.005757851536309122
10.0,4.0,4.0,3.0,10,0.0,10.0,-76.0,14.911732773368472,0.004881547352085472
10.0,4.0,4.0,3.0,10,0.0,10.0,-75.5,12.067997597223329,0.003950614097706356
10.0,4.0,4.0,3.0,10,0.0,10.0,-75.0,9.203157114619213,0.003012771750036368
10.0,4.0,4.0,3.0,10,0.0,10.0,-74.5,6.480022915300245,0.0021213187752486453
10.0,4.0,4.0,3.0,10,0.0,10.0,-74.0,4.066269804740373,0.0013311456756820322
10.0,4.0,4.0,3.0,10,0.0,10.0,-73.5,2.1189773963764207,0.0006936744814045955
10.0,4.0,4.0,3.0,10,0.0,10.0,-73.0,0.7670501781002066,0.00025110373306239965
10.0,4.0,4.0,3.0,10,0.0,10.0,-72.5,0.09336336110990268,3.056369605964259e-05
10.0,4.0,4.0,3.0,10,0.0,10.0,-72.0,0.11909337794766876,3.898674772455911e-05
10.0,4.0,4.0,3.0,10,0.0,10.0,-71.5,0.7930793734618674,0.0002596247246618171
10.0,4.0,4.0,3.0,10,0.0,10.0,-71.0,1.9890628779298851,0.0006511452942766741
10.0,4.0,4.0,3.0,10,0.0,10.0,-70.5,3.513120935646284,0.0011500652849404697
10.0,4.0,4.0,3.0,10,0.0,10.0,-70.0,5.122455850095312,0.0016769017505373998
10.0,4.0,4.0,3.0,10,0.0,10.0,-69.5,6.554951068427876,0.00214584746906685
10.0,4.0,4.0,3.0,10,0.0,10.0,-69.0,7.566714227915798,0.0024770611413609664
10.0,4.0,4.0,3.0,10,0.0,10.0,-68.5,7.972541310334583,0.002609913852021397
10.0,4.0,4.0,3.0,10,0.0,10.0,-68.0,7.68234105828986,0.0025149130701891567
10.0,4.0,4.0,3.0,10,0.0,10.0,-67.5,6.725636393511311,0.0022017235036876524
10.0,4.0,4.0,3.0,10,0.0,10.0,-67.0,5.256858443513533,0.0017209001666829654
10.0,4.0,4.0,3.0,10,0.0,10.0,-66.5,3.5366216966651276,0.0011577585610651879
10.0,4.0,4.0,3.0,10,0.0,10.0,-66.0,1.8884935078505471,0.0006182226185774102
10.0,4.0,4.0,3.0,10,0.0,10.0,-65.5,0.636408177172355,0.0002083363951954375
10.0,4.0,4.0,3.0,10,0.0,10.0,-65.0,0.033726170344285857,1.1040695272796384e-05
10.0,4.0,4.0,3.0,10,0.0,10.0,-64.5,0.19946172384758037,6.5296358557974e-05
10.0,4.0,4.0,3.0,10,0.0,10.0,-64.0,1.0787231785848528,0.00035313389503992504
10.0,4.0,4.0,3.0,10,0.0,10.0,-63.5,2.4416026406118374,0.0007992900011197844
10.0,4.0,4.0,3.0,10,0.0,10.0,-63.0,3.9271902265240763,0.0012856161884594978
10.0,4.0,4.0,3.0,10,0.0,10.0,-62.5,5.128017065246236,0.0016787222857835018
10.0,4.0,4.0,3.0,10,0.0,10.0,-62.0,5.697530655926519,0.0018651598784371968
10.0,4.0,4.0,3.0,10,0.0,10.0,-61.5,5.452874659424932,0.0017850685939402597
10.0,4.0,4.0,3.0,10,0.0,10.0,-61.0,4.441315132185809,0.0014539215832796394
10.0,4.0,4.0,3.0,10,0.0,10.0,-60.5,2.94415328915609,0.0009638064141332577
10.0,4.0,4.0,3.0,10,0.0,10.0,-60.0,1.4074624368738746,0.00046075091582595485
10.0,4.0,4.0,3.0,10,0.0,10.0,-59.5,0.31157877340254,0.00010199931553129801
10.0,4.0,4.0,3.0,10,0.0,10.0,-59.0,0.014574120260198336,4.771025557285074e-06
10.0,4.0,4.0,3.0,10,0.0,10.0,-58.5,0.6204719484146279,0.00020311946591720865
10.0,4.0,4.0,3.0,10,0.0,10.0,-58.0,1.9229265863271146,0.0006294947293116926
10.0,4.0,4.0,3.0,10,0.0,10.0,-57.5,3.455724032271038,0.001131275671020501
10.0,4.0,4.0,3.0,10,0.0,10.0,-57.0,4.645901366074941,0.0015208955160541222
10.0,4.0,4.0,3.0,10,0.0,10.0,-56.5,5.024226598806215,0.0016447451427966811
10.0,4.0,4.0,3.0,10,0.0,10.0,-56.0,4.417092062197681,0.0014459918500315282
10.0,4.0,4.0,3.0,10,0.0,10.0,-55.5,3.0390053064350404,0.0009948574409203634
10.0,4.0,4.0,3.0,10,0.0,10.0,-55.0,1.4337256800037212,0.0004693485259700051
10.0,4.0,4.0,3.0,10,0.0,10.0,-54.5,0.2692766361019927,8.815116726674221e-05
10.0,4.0,4.0,3.0,10,0.0,10.0,-54.0,0.05767616996130434,1.8881035425733196e-05
10.0,4.0,4.0,3.0,10,0.0,10.0,-53.5,0.9155346098239557,0.0002997120199411383
10.0,4.0,4.0,3.0,10,0.0,10.0,-53.0,2.4808169004652725,0.0008121272930201197
10.0,4.0,4.0,3.0,10,0.0,10.0,-52.5,4.044800591000279,0.0013241174526661607
10.0,4.0,4.0,3.0,10,0.0,10.0,-52.0,4.86300280674231,0.0015919664625987425
10.0,4.0,4.0,3.0,10,0.0,10.0,-51.5,4.514799798990471,0.0014779777332999664
10.0,4.0,4.0,3.0,10,0.0,10.0,-51.0,3.1373681110510794,0.001027057769058933
10.0,4.0,4.0,3.0,10,0.0,10.0,-50.5,1.3985768320414116,0.000457842098896305
10.0,4.0,4.0,3.0,10,0.0,10.0,-50.0,0.19100175435454417,6.252687882646953e-05
10.0,4.0,4.0,3.0,10,0.0,10.0,-49.5,0.17637149096725308,5.7737474095042677e-05
10.0,4.0,4.0,3.0,10,0.0,10.0,-49.0,1.410279750590329,0.0004616731996759655
10.0,4.0,4.0,3.0,10,0.0,10.0,-48.5,3.265053777663688,0.0010688573128963355
10.0,4.0,4.0,3.0,10,0.0,10.0,-48.0,4.730009675873167,0.001548429452131436
10.0,4.0,4.0,3.0,10,0.0,10.0,-47.5,4.960870977413806,0.0016240048659590899
10.0,4.0,4.0,3.0,10,0.0,10.0,-47.0,3.7852796348681865,0.0012391599326065299
10.0,4.0,4.0,3.0,10,0.0,10.0,-46.5,1.8571314422870935,0.0006079558433854199
10.0,4.0,4.0,3.0,10,0.0,10.0,-46.0,0.32484234746387014,0.00010634131694872617
10.0,4.0,4.0,3.0,10,0.0,10.0,-45.5,0.16241927177866733,5.317003584551914e-05
10.0,4.0,4.0,3.0,10,0.0,10.0,-45.0,1.5455599509666031,0.0005059589117372619
10.0,4.0,4.0,3.0,10,0.0,10.0,-44.5,3.67747214489666,0.001203867765344428
10.0,4.0,4.0,3.0,10,0.0,10.0,-44.0,5.229332263736155,0.0017118891179975127
10.0,4.0,4.0,3.0,10,0.0,10.0,-43.5,5.174108449745535,0.0016938108928136882
10.0,4.0,4.0,3.0,10,0.0,10.0,-43.0,3.4979535993741795,0.0011451000624983461
10.0,4.0,4.0,3.0,10,0.0,10.0,-42.5,1.289575444186487,0.0004221590938194476
10.0,4.0,4.0,3.0,10,0.0,10.0,-42.0,0.07543300611563114,2.4693963931626002e-05
10.0,4.0,4.0,3.0,10,0.0,10.0,-41.5,0.7838659184109009,0.00025660858174998
10.0,4.0,4.0,3.0,10,0.0,10.0,-41.0,3.03651678034397,0.0009940427899247288
10.0,4.0,4.0,3.0,10,0.0,10.0,-40.5,5.3172099658639675,0.0017406570130938835
10.0,4.0,4.0,3.0,10,0.0,10.0,-40.0,5.991976352517478,0.001961550461099299
10.0,4.0,4.0,3.0,10,0.0,10.0,-39.5,4.514416357655812,0.0014778522088515116
10.0,4.0,4.0,3.0,10,0.0,10.0,-39.0,1.9258526757493355,0.0006304526222868483
10.0,4.0,4.0,3.0,10,0.0,10.0,-38.5,0.1889329796652391,6.184963884637315e-05
10.0,4.0,4.0,3.0,10,0.0,10.0,-38.0,0.7430270075270169,0.00024323943945664983
10.0,4.0,4.0,3.0,10,0.0,10.0,-37.5,3.331735277687451,0.0010906863588443308
10.0,4.0,4.0,3.0,10,0.0,10.0,-37.0,6.066647954195522,0.0019859951695035726
10.0,4.0,4.0,3.0,10,0.0,10.0,-36.5,6.812205767710126,0.002230063100823315
10.0,4.0,4.0,3.0,10,0.0,10.0,-36.0,4.906122225597721,0.001606082158483061
10.0,4.0,4.0,3.0,10,0.0,10.0,-35.5,1.8300526213836963,0.0005990912433763147
10.0,4.0,4.0,3.0,10,0.0,10.0,-35.0,0.15382847991776463,5.035772973071248e-05
10.0,4.0,4.0,3.0,10,0.0,10.0,-34.5,1.4566640400366053,0.00047685769290462784
10.0,4.0,4.0,3.0,10,0.0,10.0,-34.0,4.8923103542116095,0.0016015606648902688
10.0,4.0,4.0,3.0,10,0.0,10.0,-33.5,7.711504648075928,0.0025244601460830953
10.0,4.0,4.0,3.0,10,0.0,10.0,-33.0,7.50053024400884,0.0024553949637073215
10.0,4.0,4.0,3.0,10,0.0,10.0,-32.5,4.344707649392592,0.0014222958822971811
10.0,4.0,4.0,3.0,10,0.0,10.0,-32.0,0.9734793363903697,0.00031868097082273986
10.0,4.0,4.0,3.0,10,0.0,10.0,-31.5,0.5318118784808894,0.00017409545266546182
10.0,4.0,4.0,3.0,10,0.0,10.0,-31.0,3.7485010240271026,0.001227119981710594
10.0,4.0,4.0,3.0,10,0.0,10.0,-30.5,8.045668814493665,0.0026338530802598433
10.0,4.0,4.0,3.0,10,0.0,10.0,-30.0,9.636366997107704,0.003154588572192392
10.0,4.0,4.0,3.0,10,0.0,10.0,-29.5,6.973581060279918,0.002282891376658769
10.0,4.0,4.0,3.0,10,0.0,10.0,-29.0,2.428654159595949,0.0007950511494600011
10.0,4.0,4.0,3.0,10,0.0,10.0,-28.5,0.3898690318955016,0.00012762863774681894
10.0,4.0,4.0,3.0,10,0.0,10.0,-28.0,3.2119544933703126,0.0010514745798109566
10.0,4.0,4.0,3.0,10,0.0,10.0,-27.5,8.722616891456575,0.0028554607326246578
10.0,4.0,4.0,3.0,10,0.0,10.0,-27.0,11.920177812072826,0.0039022233914246555
10.0,4.0,4.0,3.0,10,0.0,10.0,-26.5,9.663088053359395,0.0031633360533451747
10.0,4.0,4.0,3.0,10,0.0,10.0,-26.0,4.005229793599657,0.0013111634436179364
10.0,4.0,4.0,3.0,10,0.0,10.0,-25.5,0.6501392593666248,0.0002128314414080692
10.0,4.0,4.0,3.0,10,0.0,10.0,-25.0,3.5183192344525307,0.0011517670148573512
10.0,4.0,4.0,3.0,10,0.0,10.0,-24.5,10.53634132106982,0.003449206732593463
10.0,4.0,4.0,3.0,10,0.0,10.0,-24.0,15.149561265622207,0.0049594035653275125
10.0,4.0,4.0,3.0,10,0.0,10.0,-23.5,12.680578730176796,0.004151150403778519
10.0,4.0,4.0,3.0,10,0.0,10.0,-23.0,5.4558733765300165,0.0017860502625207295
10.0,4.0,4.0,3.0,10,0.0,10.0,-22.5,1.1256444700269086,0.00036849418277284804
10.0,4.0,4.0,3.0,10,0.0,10.0,-22.0,5.107832702831632,0.0016721146753604856
10.0,4.0,4.0,3.0,10,0.0,10.0,-21.5,14.510660999006578,0.0047502513526273046
10.0,4.0,4.0,3.0,10,0.0,10.0,-21.0,20.289174767943823,0.006641922093811933
10.0,4.0,4.0,3.0,10,0.0,10.0,-20.5,16.372217251387827,0.005359655714459701
10.0,4.0,4.0,3.0,10,0.0,10.0,-20.0,6.699428866816833,0.0021931441330347245
10.0,4.0,4.0,3.0,10,0.0,10.0,-19.5,2.1336856377323716,0.0006984894132261478
10.0,4.0,4.0,3.0,10,0.0,10.0,-19.0,9.277863335635868,0.003037227791526024
10.0,4.0,4.0,3.0,10,0.0,10.0,-18.5,22.534792960071922,0.007377054067150107
10.0,4.0,4.0,3.0,10,0.0,10.0,-18.0,28.78257678378375,0.00942234639129316
10.0,4.0,4.0,3.0,10,0.0,10.0,-17.5,21.225961929176446,0.006948591409570451
10.0,4.0,4.0,3.0,10,0.0,10.0,-17.0,8.06783679956182,0.0026411100550497745
10.0,4.0,4.0,3.0,10,0.0,10.0,-16.5,5.320182682627876,0.0017416301701285424
10.0,4.0,4.0,3.0,10,0.0,10.0,-16.0,19.53984910495876,0.006396620708547895
10.0,4.0,4.0,3.0,10,0.0,10.0,-15.5,38.79428618652586,0.01269980812344603
10.0,4.0,4.0,3.0,10,0.0,10.0,-15.0,43.667521565809906,0.014295124350163758
10.0,4.0,4.0,3.0,10,0.0,10.0,-14.5,28.849840635679886,0.009444366077610303
10.0,4.0,4.0,3.0,10,0.0,10.0,-14.0,11.894706886145073,0.003893885156498675
10.0,4.0,4.0,3.0,10,0.0,10.0,-13.5,16.60516016510938,0.005435912570785302
10.0,4.0,4.0,3.0,10,0.0,10.0,-13.0,46.01988311325106,0.01506520013260853
10.0,4.0,4.0,3.0,10,0.0,10.0,-12.5,74.98964326230876,0.024548823403993007
10.0,4.0,4.0,3.0,10,0.0,10.0,-12.0,74.92832653174776,0.024528750584270596
10.0,4.0,4.0,3.0,10,0.0,10.0,-11.5,47.744574642959876,0.015629800068643493
10.0,4.0,4.0,3.0,10,0.0,10.0,-11.0,30.49081811885865,0.009981561144715415
10.0,4.0,4.0,3.0,10,0.0,10.0,-10.5,59.05821733116445,0.0193334663927665
10.0,4.0,4.0,3.0,10,0.0,10.0,-10.0,125.29990098593315,0.041018532800349
10.0,4.0,4.0,3.0,10,0.0,10.0,-9.5,177.16163186562773,0.05799613687212273
10.0,4.0,4.0,3.0,10,0.0,10.0,-9.0,171.57687392692418,0.05616789459189588
10.0,4.0,4.0,3.0,10,0.0,10.0,-8.5,130.0478511966533,0.04257283531711406
10.0,4.0,4.0,3.0,10,0.0,10.0,-8.0,132.31810125390984,0.0433160308480429
10.0,4.0,4.0,3.0,10,0.0,10.0,-7.5,240.67005050817662,0.07878643385312467
10.0,4.0,4.0,3.0,10,0.0,10.0,-7.0,425.6424052722433,0.13933951124062757
10.0,4.0,4.0,3.0,10,0.0,10.0,-6.5,578.6451910544858,0.18942693938518979
10.0,4.0,4.0,3.0,10,0.0,10.0,-6.0,618.3776073130404,0.20243385644350098
10.0,4.0,4.0,3.0,10,0.0,10.0,-5.5,594.9765653492868,0.1947732246329433
10.0,4.0,4.0,3.0,10,0.0,10.0,-5.0,677.1461774332632,0.22167250309954742
10.0,4.0,4.0,3.0,10,0.0,10.0,-4.5,1009.1661761276796,0.33036351641764805
10.0,4.0,4.0,3.0,10,0.0,10.0,-4.0,1558.911588671394,0.5103297419200712
10.0,4.0,4.0,3.0,10,0.0,10.0,-3.5,2108.5041069748863,0.6902459155281339
10.0,4.0,4.0,3.0,10,0.0,10.0,-3.0,2418.892307612065,0.7918554817647963
10.0,4.0,4.0,3.0,10,0.0,10.0,-2.5,2431.8869652381263,0.7961094499313294
10.0,4.0,4.0,3.0,10,0.0,10.0,-2.0,2322.1996475584037,0.7602018969115301
10.0,4.0,4.0,3.0,10,0.0,10.0,-1.5,2340.4666270488133,0.7661818273942747
10.0,4.0,4.0,3.0,10,0.0,10.0,-1.0,2583.879821003326,0.8458662645063343
10.0,4.0,4.0,3.0,10,0.0,10.0,-0.5,2906.3091008517613,0.9514176327611322
10.0,4.0,4.0,3.0,10,0.0,10.0,0.0,3054.714355479508,1.0
10.0,4.0,4.0,3.0,10,0.0,10.0,0.5,2906.309100851772,0.9514176327611358
10.0,4.0,4.0,3.0,10,0.0,10.0,1.0,2583.8798210033124,0.8458662645063298
10.0,4.0,4.0,3.0,10,0.0,10.0,1.5,2340.466627048798,0.7661818273942695
10.0,4.0,4.0,3.0,10,0.0,10.0,2.0,2322.1996475584197,0.7602018969115352
10.0,4.0,4.0,3.0,10,0.0,10.0,2.5,2431.886965238174,0.796109449931345
10.0,4.0,4.0,3.0,10,0.0,10.0,3.0,2418.8923076120736,0.7918554817647991
10.0,4.0,4.0,3.0,10,0.0,10.0,3.5,2108.504106974882,0.6902459155281324
10.0,4.0,4.0,3.0,10,0.0,10.0,4.0,1558.9115886713985,0.5103297419200727
10.0,4.0,4.0,3.0,10,0.0,10.0,4.5,1009.1661761276765,0.33036351641764705
10.0,4.0,4.0,3.0,10,0.0,10.0,5.0,677.1461774332677,0.22167250309954886
10.0,4.0,4.0,3.0,10,0.0,10.0,5.5,594.976565349286,0.19477322463294305
10.0,4.0,4.0,3.0,10,0.0,10.0,6.0,618.3776073130458,0.20243385644350279
10.0,4.0,4.0,3.0,10,0.0,10.0,6.5,578.6451910544849,0.18942693938518948
10.0,4.0,4.0,3.0,10,0.0,10.0,7.0,425.64240527224155,0.139339511240627
10.0,4.0,4.0,3.0,10,0.0,10.0,7.5,240.67005050817625,0.07878643385312455
10.0,4.0,4.0,3.0,10,0.0,10.0,8.0,132.3181012539103,0.043316030848043044
10.0,4.0,4.0,3.0,10,0.0,10.0,8.5,130.04785119665345,0.04257283531711411
10.0,4.0,4.0,3.0,10,0.0,10.0,9.0,171.5768739269214,0.05616789459189497
10.0,4.0,4.0,3.0,10,0.0,10.0,9.5,177.16163186562582,0.057996136872122114
10.0,4.0,4.0,3.0,10,0.0,10.0,10.0,125.2999009859306,0.041018532800348166
10.0,4.0,4.0,3.0,10,0.0,10.0,10.5,59.058217331164876,0.01933346639276664
10.0,4.0,4.0,3.0,10,0.0,10.0,11.0,30.490818118858414,0.009981561144715339
10.0,4.0,4.0,3.0,10,0.0,10.0,11.5,47.744574642959364,0.015629800068643326
10.0,4.0,4.0,3.0,10,0.0,10.0,12.0,74.92832653174803,0.024528750584270686
10.0,4.0,4.0,3.0,10,0.0,10.0,12.5,74.98964326230855,0.024548823403992937
10.0,4.0,4.0,3.0,10,0.0,10.0,13.0,46.0198831132517,0.015065200132608739
10.0,4.0,4.0,3.0,10,0.0,10.0,13.5,16.60516016510927,0.0054359125707852665
10.0,4.0,4.0,3.0,10,0.0,10.0,14.0,11.894706886144947,0.0038938851564986336
10.0,4.0,4.0,3.0,10,0.0,10.0,14.5,28.849840635679875,0.0094443660776103
10.0,4.0,4.0,3.0,10,0.0,10.0,15.0,43.667521565810205,0.014295124350163856
10.0,4.0,4.0,3.0,10,0.0,10.0,15.5,38.7942861865258,0.012699808123446012
10.0,4.0,4.0,3.0,10,0.0,10.0,16.0,19.539849104958844,0.006396620708547924
10.0,4.0,4.0,3.0,10,0.0,10.0,16.5,5.320182682627962,0.0017416301701285706
10.0,4.0,4.0,3.0,10,0.0,10.0,17.0,8.067836799561801,0.0026411100550497685
10.0,4.0,4.0,3.0,10,0.0,10.0,17.5,21.22596192917651,0.006948591409570472
10.0,4.0,4.0,3.0,10,0.0,10.0,18.0,28.78257678378376,0.009422346391293163
10.0,4.0,4.0,3.0,10,0.0,10.0,18.5,22.5347929600722,0.007377054067150198
10.0,4.0,4.0,3.0,10,0.0,10.0,19.0,9.277863335635962,0.0030372277915260548
10.0,4.0,4.0,3.0,10,0.0,10.0,19.5,2.1336856377323743,0.0006984894132261487
10.0,4.0,4.0,3.0,10,0.0,10.0,20.0,6.69942886681672,0.0021931441330346876
10.0,4.0,4.0,3.0,10,0.0,10.0,20.5,16.372217251387724,0.005359655714459667
10.0,4.0,4.0,3.0,10,0.0,10.0,21.0,20.289174767943898,0.006641922093811958
10.0,4.0,4.0,3.0,10,0.0,10.0,21.5,14.510660999006474,0.004750251352627271
10.0,4.0,4.0,3.0,10,0.0,10.0,22.0,5.107832702831653,0.0016721146753604923
10.0,4.0,4.0,3.0,10,0.0,10.0,22.5,1.1256444700269086,0.00036849418277284804
10.0,4.0,4.0,3.0,10,0.0,10.0,23.0,5.455873376530031,0.0017860502625207343
10.0,4.0,4.0,3.0,10,0.0,10.0,23.5,12.680578730176881,0.004151150403778546
10.0,4.0,4.0,3.0,10,0.0,10.0,24.0,15.149561265622253,0.004959403565327528
10.0,4.0,4.0,3.0,10,0.0,10.0,24.5,10.536341321069667,0.003449206732593413
10.0,4.0,4.0,3.0,10,0.0,10.0,25.0,3.51831923445253,0.001151767014857351
10.0,4.0,4.0,3.0,10,0.0,10.0,25.5,0.6501392593666251,0.0002128314414080693
10.0,4.0,4.0,3.0,10,0.0,10.0,26.0,4.005229793599636,0.0013111634436179295
10.0,4.0,4.0,3.0,10,0.0,10.0,26.5,9.663088053359365,0.0031633360533451648
10.0,4.0,4.0,3.0,10,0.0,10.0,27.0,11.92017781207294,0.0039022233914246924
10.0,4.0,4.0,3.0,10,0.0,10.0,27.5,8.722616891456585,0.0028554607326246612
10.0,4.0,4.0,3.0,10,0.0,10.0,28.0,3.2119544933703024,0.001051474579810953
10.0,4.0,4.0,3.0,10,0.0,10.0,28.5,0.3898690318955005,0.00012762863774681856
10.0,4.0,4.0,3.0,10,0.0,10.0,29.0,2.428654159595942,0.0007950511494599988
10.0,4.0,4.0,3.0,10,0.0,10.0,29.5,6.973581060279918,0.002282891376658769
10.0,4.0,4.0,3.0,10,0.0,10.0,30.0,9.636366997107698,0.00315458857219239
10.0,4.0,4.0,3.0,10,0.0,10.0,30.5,8.04566881449361,0.0026338530802598255
10.0,4.0,4.0,3.0,10,0.0,10.0,31.0,3.74850102402715,0.0012271199817106095
10.0,4.0,4.0,3.0,10,0.0,10.0,31.5,0.531811878480887,0.00017409545266546103
10.0,4.0,4.0,3.0,10,0.0,10.0,32.0,0.9734793363903657,0.00031868097082273856
10.0,4.0,4.0,3.0,10,0.0,10.0,32.5,4.3447076493925945,0.001422295882297182
10.0,4.0,4.0,3.0,10,0.0,10.0,33.0,7.500530244008867,0.00245539496370733
10.0,4.0,4.0,3.0,10,0.0,10.0,33.5,7.711504648075918,0.0025244601460830923
10.0,4.0,4.0,3.0,10,0.0,10.0,34.0,4.892310354211561,0.0016015606648902528
10.0,4.0,4.0,3.0,10,0.0,10.0,34.5,1.456664040036595,0.0004768576929046245
10.0,4.0,4.0,3.0,10,0.0,10.0,35.0,0.15382847991776302,5.035772973071195e-05
10.0,4.0,4.0,3.0,10,0.0,10.0,35.5,1.8300526213837107,0.0005990912433763195
10.0,4.0,4.0,3.0,10,0.0,10.0,36.0,4.906122225597695,0.0016060821584830526
10.0,4.0,4.0,3.0,10,0.0,10.0,36.5,6.812205767710086,0.002230063100823302
10.0,4.0,4.0,3.0,10,0.0,10.0,37.0,6.06664795419559,0.0019859951695035947
10.0,4.0,4.0,3.0,10,0.0,10.0,37.5,3.331735277687496,0.0010906863588443455
10.0,4.0,4.0,3.0,10,0.0,10.0,38.0,0.7430270075270154,0.00024323943945664937
10.0,4.0,4.0,3.0,10,0.0,10.0,38.5,0.1889329796652383,6.18496388463729e-05
10.0,4.0,4.0,3.0,10,0.0,10.0,39.0,1.9258526757493375,0.000630452622286849
10.0,4.0,4.0,3.0,10,0.0,10.0,39.5,4.5144163576557785,0.0014778522088515005
10.0,4.0,4.0,3.0,10,0.0,10.0,40.0,5.991976352517386,0.0019615504610992693
10.0,4.0,4.0,3.0,10,0.0,10.0,40.5,5.317209965863944,0.0017406570130938756
10.0,4.0,4.0,3.0,10,0.0,10.0,41.0,3.0365167803439412,0.0009940427899247195
10.0,4.0,4.0,3.0,10,0.0,10.0,41.5,0.7838659184109101,0.00025660858174998306
10.0,4.0,4.0,3.0,10,0.0,10.0,42.0,0.07543300611563154,2.4693963931626134e-05
10.0,4.0,4.0,3.0,10,0.0,10.0,42.5,1.2895754441864935,0.00042215909381944974
10.0,4.0,4.0,3.0,10,0.0,10.0,43.0,3.4979535993742035,0.001145100062498354
10.0,4.0,4.0,3.0,10,0.0,10.0,43.5,5.174108449745551,0.0016938108928136934
10.0,4.0,4.0,3.0,10,0.0,10.0,44.0,5.229332263736136,0.0017118891179975064
10.0,4.0,4.0,3.0,10,0.0,10.0,44.5,3.677472144896669,0.001203867765344431
10.0,4.0,4.0,3.0,10,0.0,10.0,45.0,1.5455599509665745,0.0005059589117372525
10.0,4.0,4.0,3.0,10,0.0,10.0,45.5,0.162419271778665,5.3170035845518374e-05
10.0,4.0,4.0,3.0,10,0.0,10.0,46.0,0.3248423474638726,0.00010634131694872697
10.0,4.0,4.0,3.0,10,0.0,10.0,46.5,1.857131442287071,0.0006079558433854125
10.0,4.0,4.0,3.0,10,0.0,10.0,47.0,3.7852796348682487,0.0012391599326065502
10.0,4.0,4.0,3.0,10,0.0,10.0,47.5,4.9608709774138475,0.0016240048659591035
10.0,4.0,4.0,3.0,10,0.0,10.0,48.0,4.730009675873202,0.0015484294521314473
10.0,4.0,4.0,3.0,10,0.0,10.0,48.5,3.2650537776636575,0.0010688573128963255
10.0,4.0,4.0,3.0,10,0.0,10.0,49.0,1.4102797505903522,0.00046167319967597303
10.0,4.0,4.0,3.0,10,0.0,10.0,49.5,0.17637149096725138,5.773747409504212e-05
10.0,4.0,4.0,3.0,10,0.0,10.0,50.0,0.19100175435454306,6.252687882646916e-05
10.0,4.0,4.0,3.0,10,0.0,10.0,50.5,1.3985768320414278,0.00045784209889631033
10.0,4.0,4.0,3.0,10,0.0,10.0,51.0,3.1373681110510496,0.0010270577690589232
10.0,4.0,4.0,3.0,10,0.0,10.0,51.5,4.514799798990499,0.0014779777332999755
10.0,4.0,4.0,3.0,10,0.0,10.0,52.0,4.863002806742313,0.0015919664625987434
10.0,4.0,4.0,3.0,10,0.0,10.0,52.5,4.044800591000234,0.001324117452666146
10.0,4.0,4.0,3.0,10,0.0,10.0,53.0,2.480816900465288,0.0008121272930201248
10.0,4.0,4.0,3.0,10,0.0,10.0,53.5,0.9155346098239521,0.0002997120199411371
10.0,4.0,4.0,3.0,10,0.0,10.0,54.0,0.057676169961304605,1.8881035425733284e-05
10.0,4.0,4.0,3.0,10,0.0,10.0,54.5,0.26927663610199204,8.815116726674198e-05
10.0,4.0,4.0,3.0,10,0.0,10.0,55.0,1.4337256800037277,0.0004693485259700072
10.0,4.0,4.0,3.0,10,0.0,10.0,55.5,3.039005306435047,0.0009948574409203656
10.0,4.0,4.0,3.0,10,0.0,10.0,56.0,4.417092062197661,0.0014459918500315215
10.0,4.0,4.0,3.0,10,0.0,10.0,56.5,5.024226598806207,0.0016447451427966785
10.0,4.0,4.0,3.0,10,0.0,10.0,57.0,4.645901366074963,0.001520895516054129
10.0,4.0,4.0,3.0,10,0.0,10.0,57.5,3.455724032271007,0.001131275671020491
10.0,4.0,4.0,3.0,10,0.0,10.0,58.0,1.9229265863271003,0.0006294947293116881
10.0,4.0,4.0,3.0,10,0.0,10.0,58.5,0.6204719484146272,0.0002031194659172084
10.0,4.0,4.0,3.0,10,0.0,10.0,59.0,0.014574120260198152,4.771025557285014e-06
10.0,4.0,4.0,3.0,10,0.0,10.0,59.5,0.3115787734025398,0.00010199931553129796
10.0,4.0,4.0,3.0,10,0.0,10.0,60.0,1.4074624368738735,0.00046075091582595447
10.0,4.0,4.0,3.0,10,0.0,10.0,60.5,2.944153289156072,0.0009638064141332518
10.0,4.0,4.0,3.0,10,0.0,10.0,61.0,4.441315132185887,0.0014539215832796647
10.0,4.0,4.0,3.0,10,0.0,10.0,61.5,5.452874659424884,0.001785068593940244
10.0,4.0,4.0,3.0,10,0.0,10.0,62.0,5.697530655926635,0.0018651598784372348
10.0,4.0,4.0,3.0,10,0.0,10.0,62.5,5.128017065246134,0.0016787222857834682
10.0,4.0,4.0,3.0,10,0.0,10.0,63.0,3.927190226524113,0.0012856161884595098
10.0,4.0,4.0,3.0,10,0.0,10.0,63.5,2.4416026406118787,0.000799290001119798
10.0,4.0,4.0,3.0,10,0.0,10.0,64.0,1.0787231785848417,0.0003531338950399214
10.0,4.0,4.0,3.0,10,0.0,10.0,64.5,0.19946172384758237,6.529635855797465e-05
10.0,4.0,4.0,3.0,10,0.0,10.0,65.0,0.03372617034428633,1.1040695272796538e-05
10.0,4.0,4.0,3.0,10,0.0,10.0,65.5,0.6364081771723443,0.00020833639519543404
10.0,4.0,4.0,3.0,10,0.0,10.0,66.0,1.888493507850552,0.0006182226185774117
10.0,4.0,4.0,3.0,10,0.0,10.0,66.5,3.5366216966650983,0.001157758561065178
10.0,4.0,4.0,3.0,10,0.0,10.0,67.0,5.2568584435135435,0.0017209001666829691
10.0,4.0,4.0,3.0,10,0.0,10.0,67.5,6.7256363935113574,0.0022017235036876676
10.0,4.0,4.0,3.0,10,0.0,10.0,68.0,7.6823410582899365,0.0025149130701891814
10.0,4.0,4.0,3.0,10,0.0,10.0,68.5,7.9725413103345675,0.0026099138520213924
10.0,4.0,4.0,3.0,10,0.0,10.0,69.0,7.566714227915779,0.00247706114136096
10.0,4.0,4.0,3.0,10,0.0,10.0,69.5,6.5549510684279255,0.0021458474690668663
10.0,4.0,4.0,3.0,10,0.0,10.0,70.0,5.122455850095318,0.001676901750537402
10.0,4.0,4.0,3.0,10,0.0,10.0,70.5,3.513120935646283,0.0011500652849404695
10.0,4.0,4.0,3.0,10,0.0,10.0,71.0,1.989062877929929,0.0006511452942766885
10.0,4.0,4.0,3.0,10,0.0,10.0,71.5,0.7930793734618788,0.00025962472466182086
10.0,4.0,4.0,3.0,10,0.0,10.0,72.0,0.11909337794766807,3.898674772455889e-05
10.0,4.0,4.0,3.0,10,0.0,10.0,72.5,0.09336336110990362,3.056369605964289e-05
10.0,4.0,4.0,3.0,10,0.0,10.0,73.0,0.7670501781001955,0.000251103733062396
10.0,4.0,4.0,3.0,10,0.0,10.0,73.5,2.1189773963764247,0.0006936744814045968
10.0,4.0,4.0,3.0,10,0.0,10.0,74.0,4.066269804740382,0.0013311456756820352
10.0,4.0,4.0,3.0,10,0.0,10.0,74.5,6.480022915300197,0.0021213187752486297
10.0,4.0,4.0,3.0,10,0.0,10.0,75.0,9.203157114619223,0.0030127717500363716
10.0,4.0,4.0,3.0,10,0.0,10.0,75.5,12.067997597223382,0.003950614097706373
10.0,4.0,4.0,3.0,10,0.0,10.0,76.0,14.91173277336838,0.004881547352085442
10.0,4.0,4.0,3.0,10,0.0,10.0,76.5,17.588591744682894,0.005757851536309017
10.0,4.0,4.0,3.0,10,0.0,10.0,77.0,19.97823120207654,0.00654013072163027
10.0,4.0,4.0,3.0,10,0.0,10.0,77.5,21.990359373415743,0.007198826736113547
10.0,4.0,4.0,3.0,10,0.0,10.0,78.0,23.56601340477316,0.007714637331801824
10.0,4.0,4.0,3.0,10,0.0,10.0,78.5,24.676141917660225,0.008078052166611413
10.0,4.0,4.0,3.0,10,0.0,10.0,79.0,25.318243241672356,0.008288252286586735
10.0,4.0,4.0,3.0,10,0.0,10.0,79.5,25.51180100194505,0.008351615906797408
10.0,4.0,4.0,3.0,10,0.0,10.0,80.0,25.293175623508283,0.00828004607964005
10.0,4.0,4.0,3.0,10,0.0,10.0,80.5,24.710484625472624,0.008089294693347439
10.0,4.0,4.0,3.0,10,0.0,10.0,81.0,23.818862917991243,0.007797410869289715
10.0,4.0,4.0,3.0,10,0.0,10.0,81.5,22.676356541744557,0.0074233967248256766
10.0,4.0,4.0,3.0,10,0.0,10.0,82.0,21.340582363597566,0.006986113881750383
10.0,4.0,4.0,3.0,10,0.0,10.0,82.5,19.866189024090193,0.006503452274827097
10.0,4.0,4.0,3.0,10,0.0,10.0,83.0,18.303082972306044,0.0059917494215045684
10.0,4.0,4.0,3.0,10,0.0,10.0,83.5,16.695336384914125,0.005465432915181166
10.0,4.0,4.0,3.0,10,0.0,10.0,84.0,15.080667750113196,0.0049368503876841005
10.0,4.0,4.0,3.0,10,0.0,10.0,84.5,13.490376533764286,0.004416248121388312
10.0,4.0,4.0,3.0,10,0.0,10.0,85.0,11.949616100722311,0.003911860393521653
10.0,4.0,4.0,3.0,10,0.0,10.0,85.5,10.477899774582195,0.0034300751413260853
10.0,4.0,4.0,3.0,10,0.0,10.0,86.0,9.08975008405215,0.0029756465012013554
10.0,4.0,4.0,3.0,10,0.0,10.0,86.5,7.795418144071818,0.0025519303073586884
10.0,4.0,4.0,3.0,10,0.0,10.0,87.0,6.601616804197891,0.0021611240973664183
10.0,4.0,4.0,3.0,10,0.0,10.0,87.5,5.512226397208446,0.0018044981480250957
10.0,4.0,4.0,3.0,10,0.0,10.0,88.0,4.528944927126844,0.0014826083227725956
10.0,4.0,4.0,3.0,10,0.0,10.0,88.5,3.651865062330614,0.0011954849577931713
10.0,4.0,4.0,3.0,10,0.0,10.0,89.0,2.879968360876278,0.000942794653028761
10.0,4.0,4.0,3.0,10,0.0,10.0,89.5,2.2115329615546817,0.0007239737350851355
10.0,4.0,4.0,3.0,10,0.0,10.0,90.0,1.6444548477337992,0.0005383334270793592
10.0,4.0,4.0,3.0,10,20.0,10.0,-90.0,1.4484967092024845,0.00047183896589727154
10.0,4.0,4.0,3.0,10,20.0,10.0,-89.5,1.9488159786282975,0.0006348149155177093
10.0,4.0,4.0,3.0,10,20.0,10.0,-89.0,2.5396714554197444,0.0008272824823356633
10.0,4.0,4.0,3.0,10,20.0,10.0,-88.5,3.2233885848434336,0.0010499991659594352
10.0,4.0,4.0,3.0,10,20.0,10.0,-88.0,4.001981079805352,0.0013036209210827007
10.0,4.0,4.0,3.0,10,20.0,10.0,-87.5,4.876864829279885,0.0015886089649006763
10.0,4.0,4.0,3.0,10,20.0,10.0,-87.0,5.8484924684851265,0.0019051107405741766
10.0,4.0,4.0,3.0,10,20.0,10.0,-86.5,6.915907453772551,0.0022528146598454666
10.0,4.0,4.0,3.0,10,20.0,10.0,-86.0,8.076219869706199,0.0026307793503923507
10.0,4.0,4.0,3.0,10,20.0,10.0,-85.5,9.32401135238857,0.0030372398132320847
10.0,4.0,4.0,3.0,10,20.0,10.0,-85.0,10.650683762795042,0.0034693952570337356
10.0,4.0,4.0,3.0,10,20.0,10.0,-84.5,12.043775815035241,0.003923186493943503
10.0,4.0,4.0,3.0,10,20.0,10.0,-84.0,13.486283817671255,0.004393074675213213
10.0,4.0,4.0,3.0,10,20.0,10.0,-83.5,14.956036815959058,0.004871837747597653
10.0,4.0,4.0,3.0,10,20.0,10.0,-83.0,16.425192140446843,0.00535040613138808
10.0,4.0,4.0,3.0,10,20.0,10.0,-82.5,17.859933571678006,0.005817764399405692
10.0,4.0,4.0,3.0,10,20.0,10.0,-82.0,19.220469284623718,0.006260950607413068
10.0,4.0,4.0,3.0,10,20.0,10.0,-81.5,20.461437971865276,0.006665188586263112
10.0,4.0,4.0,3.0,10,20.0,10.0,-81.0,21.532835834844363,0.007014189903643344
10.0,4.0,4.0,3.0,10,20.0,10.0,-80.5,22.38157057610458,0.007290660067567844
10.0,4.0,4.0,3.0,10,20.0,10.0,-80.0,22.953726796357458,0.007477036465650548
10.0,4.0,4.0,3.0,10,20.0,10.0,-79.5,23.197586018556994,0.007556472119522688
10.0,4.0,4.0,3.0,10,20.0,10.0,-79.0,23.067380427245087,0.007514058442523395
10.0,4.0,4.0,3.0,10,20.0,10.0,-78.5,22.5276706176893,0.007338251264773143
10.0,4.0,4.0,3.0,10,20.0,10.0,-78.0,21.55812553328511,0.0070224278686206384
10.0,4.0,4.0,3.0,10,20.0,10.0,-77.5,20.15835309449968,0.006566460536550095
10.0,4.0,4.0,3.0,10,20.0,10.0,-77.0,18.352294271523128,0.005978147893539613
10.0,4.0,4.0,3.0,10,20.0,10.0,-76.5,16.191569610725942,0.005274305017637876
10.0,4.0,4.0,3.0,10,20.0,10.0,-76.0,13.75708021063595,0.004481284948121269
10.0,4.0,4.0,3.0,10,20.0,10.0,-75.5,11.158144890539981,0.0036346976234299055
10.0,4.0,4.0,3.0,10,20.0,10.0,-75.0,8.52853399770912,0.002778117918068579
10.0,4.0,4.0,3.0,10,20.0,10.0,-74.5,6.0189669892155,0.00196064177565505
10.0,4.0,4.0,3.0,10,20.0,10.0,-74.0,3.7859939916455483,0.0012332644448290575
10.0,4.0,4.0,3.0,10,20.0,10.0,-73.5,1.9776796685362608,0.0006442170864109047
10.0,4.0,4.0,3.0,10,20.0,10.0,-73.0,0.7171205367314885,0.00023359763976362748
10.0,4.0,4.0,3.0,10,20.0,10.0,-72.5,0.0854874725987626,2.7847022649005477e-05
10.0,4.0,4.0,3.0,10,20.0,10.0,-72.0,0.10688744709209656,3.481793378122482e-05
10.0,4.0,4.0,3.0,10,20.0,10.0,-71.5,0.7377426587524883,0.0002403151701985798
10.0,4.0,4.0,3.0,10,20.0,10.0,-71.0,1.8634340008904673,0.0006070022571760395
10.0,4.0,4.0,3.0,10,20.0,10.0,-70.5,3.304503651827043,0.0010764219041548893
10.0,4.0,4.0,3.0,10,20.0,10.0,-70.0,4.83366484603097,0.0015745368339158774
10.0,4.0,4.0,3.0,10,20.0,10.0,-69.5,6.20323003694572,0.0020206643392837757
10.0,4.0,4.0,3.0,10,20.0,10.0,-69.0,7.1804866456275445,0.002338999717422525
10.0,4.0,4.0,3.0,10,20.0,10.0,-68.5,7.5863321103479295,0.002471201401534874
10.0,4.0,4.0,3.0,10,20.0,10.0,-68.0,7.33059150500736,0.002387895459591606
10.0,4.0,4.0,3.0,10,20.0,10.0,-67.5,6.436442552736689,0.002096631893497756
10.0,4.0,4.0,3.0,10,20.0,10.0,-67.0,5.046809189063823,0.0016439673032877038
10.0,4.0,4.0,3.0,10,20.0,10.0,-66.5,3.407825874266216,0.0011100784877564834
10.0,4.0,4.0,3.0,10,20.0,10.0,-66.0,1.8285392389769815,0.0005956355013719785
10.0,4.0,4.0,3.0,10,20.0,10.0,-65.5,0.6214225024653497,0.00020242458894503254
10.0,4.0,4.0,3.0,10,20.0,10.0,-65.0,0.03400129436018589,1.1075714199524758e-05
10.0,4.0,4.0,3.0,10,20.0,10.0,-64.5,0.18644475817488226,6.0733242495689906e-05
10.0,4.0,4.0,3.0,10,20.0,10.0,-64.0,1.0317164894006925,0.00033607535202894
10.0,4.0,4.0,3.0,10,20.0,10.0,-63.5,2.3524562479237927,0.000766298270674065
10.0,4.0,4.0,3.0,10,20.0,10.0,-63.0,3.801671109821098,0.0012383711704303006
10.0,4.0,4.0,3.0,10,20.0,10.0,-62.5,4.983370801313156,0.0016233026355088277
10.0,4.0,4.0,3.0,10,20.0,10.0,-62.0,5.556822584790167,0.0018101010554076988
10.0,4.0,4.0,3.0,10,20.0,10.0,-61.5,5.3377092344641905,0.0017387262183264204
10.0,4.0,4.0,3.0,10,20.0,10.0,-61.0,4.365144020687661,0.0014219190334563664
10.0,4.0,4.0,3.0,10,20.0,10.0,-60.5,2.9083306188068643,0.0009473709556583982
10.0,4.0,4.0,3.0,10,20.0,10.0,-60.0,1.401413042919137,0.00045650174885794625
10.0,4.0,4.0,3.0,10,20.0,10.0,-59.5,0.31709398174988174,0.00010329142999813166
10.0,4.0,4.0,3.0,10,20.0,10.0,-59.0,0.012763671022748946,4.157687965851613e-06
10.0,4.0,4.0,3.0,10,20.0,10.0,-58.5,0.5988290606029797,0.00019506491309856808
10.0,4.0,4.0,3.0,10,20.0,10.0,-58.0,1.8797812741569546,0.0006123272817096101
10.0,4.0,4.0,3.0,10,20.0,10.0,-57.5,3.400255477330749,0.0011076124771409472
10.0,4.0,4.0,3.0,10,20.0,10.0,-57.0,4.593615851457512,0.0014963423384471363
10.0,4.0,4.0,3.0,10,20.0,10.0,-56.5,4.989741675645076,0.0016253779089544192
10.0,4.0,4.0,3.0,10,20.0,10.0,-56.0,4.407367172575932,0.0014356729675849805
10.0,4.0,4.0,3.0,10,20.0,10.0,-55.5,3.0501501354086873,0.0009935677979655496
10.0,4.0,4.0,3.0,10,20.0,10.0,-55.0,1.4530374067147627,0.0004733180704095802
10.0,4.0,4.0,3.0,10,20.0,10.0,-54.5,0.2817316048496487,9.177235146500737e-05
10.0,4.0,4.0,3.0,10,20.0,10.0,-54.0,0.05381138386396891,1.7528729996118284e-05
10.0,4.0,4.0,3.0,10,20.0,10.0,-53.5,0.8966864519290547,0.0002920901411265512
10.0,4.0,4.0,3.0,10,20.0,10.0,-53.0,2.458726336078671,0.0008009151035479326
10.0,4.0,4.0,3.0,10,20.0,10.0,-52.5,4.035368723461064,0.0013144967423090609
10.0,4.0,4.0,3.0,10,20.0,10.0,-52.0,4.877212954596482,0.0015887223645986819
10.0,4.0,4.0,3.0,10,20.0,10.0,-51.5,4.551763293269679,0.0014827091229554867
10.0,4.0,4.0,3.0,10,20.0,10.0,-51.0,3.183790584085962,0.0010371003587959092
10.0,4.0,4.0,3.0,10,20.0,10.0,-50.5,1.4356630860514785,0.00046765849145241075
10.0,4.0,4.0,3.0,10,20.0,10.0,-50.0,0.20546351987304648,6.692848808741047e-05
10.0,4.0,4.0,3.0,10,20.0,10.0,-49.5,0.16924845305044242,5.513165101424498e-05
10.0,4.0,4.0,3.0,10,20.0,10.0,-49.0,1.3977898640762643,0.00045532152045451197
10.0,4.0,4.0,3.0,10,20.0,10.0,-48.5,3.2699155919551623,0.0010651550546697244
10.0,4.0,4.0,3.0,10,20.0,10.0,-48.0,4.7675569194856635,0.0015530025801612215
10.0,4.0,4.0,3.0,10,20.0,10.0,-47.5,5.028277964608225,0.0016379308699783362
10.0,4.0,4.0,3.0,10,20.0,10.0,-47.0,3.8613799141901133,0.001257820949176398
10.0,4.0,4.0,3.0,10,20.0,10.0,-46.5,1.9143609973016888,0.0006235914155567686
10.0,4.0,4.0,3.0,10,20.0,10.0,-46.0,0.34690590989247716,0.00011300248371115715
10.0,4.0,4.0,3.0,10,20.0,10.0,-45.5,0.15644992060517252,5.096260715269302e-05
10.0,4.0,4.0,3.0,10,20.0,10.0,-45.0,1.5397031791572573,0.0005015489170439985
10.0,4.0,4.0,3.0,10,20.0,10.0,-44.5,3.7036676194422977,0.0012064471313483504
10.0,4.0,4.0,3.0,10,20.0,10.0,-44.0,5.301460318667874,0.0017269183551565771
10.0,4.0,4.0,3.0,10,20.0,10.0,-43.5,5.276412734093457,0.0017187592572941288
10.0,4.0,4.0,3.0,10,20.0,10.0,-43.0,3.5933418770441814,0.0011705091938478663
10.0,4.0,4.0,3.0,10,20.0,10.0,-42.5,1.3442519842685,0.00043788188273608295
10.0,4.0,4.0,3.0,10,20.0,10.0,-42.0,0.08379853307699192,2.7296860903830318e-05
10.0,4.0,4.0,3.0,10,20.0,10.0,-41.5,0.7752466807923161,0.00025253187656997623
10.0,4.0,4.0,3.0,10,20.0,10.0,-41.0,3.0565065671078693,0.0009956383668116397
10.0,4.0,4.0,3.0,10,20.0,10.0,-40.5,5.394790766078714,0.0017573201790014557
10.0,4.0,4.0,3.0,10,20.0,10.0,-40.0,6.115985064856181,0.0019922448218979687
10.0,4.0,4.0,3.0,10,20.0,10.0,-39.5,4.638673451768318,0.0015110195768567203
10.0,4.0,4.0,3.0,10,20.0,10.0,-39.0,2.002159990048086,0.0006521914017915257
10.0,4.0,4.0,3.0,10,20.0,10.0,-38.5,0.20488312582916343,6.673942826853833e-05
10.0,4.0,4.0,3.0,10,20.0,10.0,-38.0,0.7348606445595794,0.00023937637165810392
10.0,4.0,4.0,3.0,10,20.0,10.0,-37.5,3.359139896742855,0.0010942193276062553
10.0,4.0,4.0,3.0,10,20.0,10.0,-37.0,6.166066933430213,0.002008558685041769
10.0,4.0,4.0,3.0,10,20.0,10.0,-36.5,6.965013002784957,0.0022688104928484895
10.0,4.0,4.0,3.0,10,20.0,10.0,-36.0,5.04980349561818,0.0016449426803798377
10.0,4.0,4.0,3.0,10,20.0,10.0,-35.5,1.9073670221773564,0.0006213131708295209
10.0,4.0,4.0,3.0,10,20.0,10.0,-35.0,0.16186938675577847,5.272796518766231e-05
10.0,4.0,4.0,3.0,10,20.0,10.0,-34.5,1.453539254378416,0.0004734815442242957
10.0,4.0,4.0,3.0,10,20.0,10.0,-34.0,4.951422627668768,0.0016128957128566013
10.0,4.0,4.0,3.0,10,20.0,10.0,-33.5,7.858460641940612,0.0025598456104737603
10.0,4.0,4.0,3.0,10,20.0,10.0,-33.0,7.686966348305151,0.002503982390590582
10.0,4.0,4.0,3.0,10,20.0,10.0,-32.5,4.48603724716588,0.0014612992644248398
10.0,4.0,4.0,3.0,10,20.0,10.0,-32.0,1.0225404999761245,0.0003330863294556293
10.0,4.0,4.0,3.0,10,20.0,10.0,-31.5,0.5246096188577339,0.00017088838275502958
10.0,4.0,4.0,3.0,10,20.0,10.0,-31.0,3.7772922894597203,0.00123042991843019
10.0,4.0,4.0,3.0,10,20.0,10.0,-30.5,8.177608603007739,0.002663806111703374
10.0,4.0,4.0,3.0,10,20.0,10.0,-30.0,9.84892429934961,0.0032082270032661934
10.0,4.0,4.0,3.0,10,20.0,10.0,-29.5,7.16934761688993,0.0023353712467692853
10.0,4.0,4.0,3.0,10,20.0,10.0,-29.0,2.522723595013815,0.0008217618202055382
10.0,4.0,4.0,3.0,10,20.0,10.0,-28.5,0.39239309745360196,0.00012781965754666644
10.0,4.0,4.0,3.0,10,20.0,10.0,-28.0,3.2253777016486227,0.0010506471086233339
10.0,4.0,4.0,3.0,10,20.0,10.0,-27.5,8.848527554341807,0.0028823538668947845
10.0,4.0,4.0,3.0,10,20.0,10.0,-27.0,12.159360741657435,0.003960837578619253
10.0,4.0,4.0,3.0,10,20.0,10.0,-26.5,9.907432250880102,0.0032272856115264184
10.0,4.0,4.0,3.0,10,20.0,10.0,-26.0,4.137924603778465,0.0013479036946398603
10.0,4.0,4.0,3.0,10,20.0,10.0,-25.5,0.6629452964175345,0.00021595038574877634
10.0,4.0,4.0,3.0,10,20.0,10.0,-25.0,3.5283256093295514,0.001149330541297208
10.0,4.0,4.0,3.0,10,20.0,10.0,-24.5,10.67590612945995,0.003477611289095834
10.0,4.0,4.0,3.0,10,20.0,10.0,-24.0,15.43128489779128,0.005026646910816145
10.0,4.0,4.0,3.0,10,20.0,10.0,-23.5,12.975166874255336,0.004226581449165967
10.0,4.0,4.0,3.0,10,20.0,10.0,-23.0,5.616438213483059,0.0018295204827457542
10.0,4.0,4.0,3.0,10,20.0,10.0,-22.5,1.1412605913933394,0.0003717586749360481
10.0,4.0,4.0,3.0,10,20.0,10.0,-22.0,5.1264661289922735,0.0016699150654908193
10.0,4.0,4.0,3.0,10,20.0,10.0,-21.5,14.694726846183254,0.004786717619167711
10.0,4.0,4.0,3.0,10,20.0,10.0,-21.0,20.64273770803223,0.006724245869228955
10.0,4.0,4.0,3.0,10,20.0,10.0,-20.5,16.723607009727537,0.005447612954458667
10.0,4.0,4.0,3.0,10,20.0,10.0,-20.0,6.873269967565057,0.0022389257588401757
10.0,4.0,4.0,3.0,10,20.0,10.0,-19.5,2.143127331123767,0.0006981106531200694
10.0,4.0,4.0,3.0,10,20.0,10.0,-19.0,9.327879940490075,0.0030384999822043023
10.0,4.0,4.0,3.0,10,20.0,10.0,-18.5,22.81374101016792,0.007431436949837803
10.0,4.0,4.0,3.0,10,20.0,10.0,-18.0,29.25167602188552,0.009528555002743256
10.0,4.0,4.0,3.0,10,20.0,10.0,-17.5,21.641567170577076,0.0070496084728998805
10.0,4.0,4.0,3.0,10,20.0,10.0,-17.0,8.23650086623717,0.002682989907154883
10.0,4.0,4.0,3.0,10,20.0,10.0,-16.5,5.3243461225942,0.001734373266161705
10.0,4.0,4.0,3.0,10,20.0,10.0,-16.0,19.675100320326674,0.006409043893637374
10.0,4.0,4.0,3.0,10,20.0,10.0,-15.5,39.2565430003988,0.0127875793823572
10.0,4.0,4.0,3.0,10,20.0,10.0,-15.0,44.31847924942396,0.014436474233138714
10.0,4.0,4.0,3.0,10,20.0,10.0,-14.5,29.339620304863683,0.00955720231638461
10.0,4.0,4.0,3.0,10,20.0,10.0,-14.0,12.04492449252921,0.003923560668629204
10.0,4.0,4.0,3.0,10,20.0,10.0,-13.5,16.642720098899982,0.005421264536739091
10.0,4.0,4.0,3.0,10,20.0,10.0,-13.0,46.37041342606868,0.015104879272547039
10.0,4.0,4.0,3.0,10,20.0,10.0,-12.5,75.81094402273543,0.024694952500843463
10.0,4.0,4.0,3.0,10,20.0,10.0,-12.0,75.8918210621187,0.02472129770300029
10.0,4.0,4.0,3.0,10,20.0,10.0,-11.5,48.35707546957056,0.015752022312802472
10.0,4.0,4.0,3.0,10,20.0,10.0,-11.0,30.662346546275934,0.009988072319711555
10.0,4.0,4.0,3.0,10,20.0,10.0,-10.5,59.28991330126432,0.01931332753638779
10.0,4.0,4.0,3.0,10,20.0,10.0,-10.0,126.21091303849401,0.04111243492283893
10.0,4.0,4.0,3.0,10,20.0,10.0,-9.5,178.79813381033037,0.05824240126018476
10.0,4.0,4.0,3.0,10,20.0,10.0,-9.0,173.27262170276492,0.0564424994017111
10.0,4.0,4.0,3.0,10,20.0,10.0,-8.5,131.09810727886094,0.04270440863038256
10.0,4.0,4.0,3.0,10,20.0,10.0,-8.0,132.83893761922633,0.04327147349313454
10.0,4.0,4.0,3.0,10,20.0,10.0,-7.5,241.69497591053434,0.0787306638473355
10.0,4.0,4.0,3.0,10,20.0,10.0,-7.0,428.20614676758913,0.13948553986906634
10.0,4.0,4.0,3.0,10,20.0,10.0,-6.5,582.6941893640026,0.18980907722961662
10.0,4.0,4.0,3.0,10,20.0,10.0,-6.0,622.6812714515098,0.20283462526265758
10.0,4.0,4.0,3.0,10,20.0,10.0,-5.5,598.3199094532142,0.19489906021780937
10.0,4.0,4.0,3.0,10,20.0,10.0,-5.0,679.7595808652123,0.22142753632543385
10.0,4.0,4.0,3.0,10,20.0,10.0,-4.5,1012.9418743479888,0.3299596357174653
10.0,4.0,4.0,3.0,10,20.0,10.0,-4.0,1565.9960678855841,0.5101136651371138
10.0,4.0,4.0,3.0,10,20.0,10.0,-3.5,2119.4199829219397,0.6903881290793517
10.0,4.0,4.0,3.0,10,20.0,10.0,-3.0,2431.9057906770477,0.7921784745126685
10.0,4.0,4.0,3.0,10,20.0,10.0,-2.5,2444.282399275027,0.7962100792550784
10.0,4.0,4.0,3.0,10,20.0,10.0,-2.0,2332.4038352666817,0.7597663195886628
10.0,4.0,4.0,3.0,10,20.0,10.0,-1.5,2349.2008035482795,0.7652378295298639
10.0,4.0,4.0,3.0,10,20.0,10.0,-1.0,2593.41297997256,0.8447884560873777
10.0,4.0,4.0,3.0,10,20.0,10.0,-0.5,2918.567276556709,0.9507054844676425
10.0,4.0,4.0,3.0,10,20.0,10.0,0.0,3069.8963288204777,1.0
10.0,4.0,4.0,3.0,10,20.0,10.0,0.5,2923.0290845143945,0.9521588911888393
10.0,4.0,4.0,3.0,10,20.0,10.0,1.0,2600.4277708554873,0.8470734814209929
10.0,4.0,4.0,3.0,10,20.0,10.0,1.5,2355.9251015178606,0.7674282285692232
10.0,4.0,4.0,3.0,10,20.0,10.0,2.0,2336.5534457297263,0.7611180298806643
10.0,4.0,4.0,3.0,10,20.0,10.0,2.5,2445.335605764277,0.79655315484345
10.0,4.0,4.0,3.0,10,20.0,10.0,3.0,2431.226164914696,0.7919570905669074
10.0,4.0,4.0,3.0,10,20.0,10.0,3.5,2119.124688163003,0.6902919386131902
10.0,4.0,4.0,3.0,10,20.0,10.0,4.0,1567.3264913549028,0.5105470424654713
10.0,4.0,4.0,3.0,10,20.0,10.0,4.5,1015.3794223037601,0.33075365209283514
10.0,4.0,4.0,3.0,10,20.0,10.0,5.0,681.603760009092,0.22202826643041046
10.0,4.0,4.0,3.0,10,20.0,10.0,5.5,598.2265226823362,0.19486864004693868
10.0,4.0,4.0,3.0,10,20.0,10.0,6.0,620.8127439029333,0.20222596381339802
10.0,4.0,4.0,3.0,10,20.0,10.0,6.5,580.4898829322192,0.1890910378577039
10.0,4.0,4.0,3.0,10,20.0,10.0,7.0,427.0520418863552,0.13910959724507638
10.0,4.0,4.0,3.0,10,20.0,10.0,7.5,241.7640184316101,0.07875315402735479
10.0,4.0,4.0,3.0,10,20.0,10.0,8.0,133.14119017038664,0.04336993041766411
10.0,4.0,4.0,3.0,10,20.0,10.0,8.5,130.5790325211263,0.04253532319487077
10.0,4.0,4.0,3.0,10,20.0,10.0,9.0,171.82624728863715,0.05597135176048652
10.0,4.0,4.0,3.0,10,20.0,10.0,9.5,177.24742998965252,0.05773726895127918
10.0,4.0,4.0,3.0,10,20.0,10.0,10.0,125.39283926912464,0.040845952383448514
10.0,4.0,4.0,3.0,10,20.0,10.0,10.5,59.2370004672768,0.019296091503531967
10.0,4.0,4.0,3.0,10,20.0,10.0,11.0,30.67367914636447,0.0099917638450514
10.0,4.0,4.0,3.0,10,20.0,10.0,11.5,47.78829337071684,0.015566745014180386
10.0,4.0,4.0,3.0,10,20.0,10.0,12.0,74.79573203573236,0.024364253389778323
10.0,4.0,4.0,3.0,10,20.0,10.0,12.5,74.80180646418235,0.02436623209778646
10.0,4.0,4.0,3.0,10,20.0,10.0,13.0,45.933142206136694,0.014962440840399722
10.0,4.0,4.0,3.0,10,20.0,10.0,13.5,16.64752629211571,0.005422830124857037
10.0,4.0,4.0,3.0,10,20.0,10.0,14.0,11.94140700266628,0.003889840477855626
10.0,4.0,4.0,3.0,10,20.0,10.0,14.5,28.763609253234904,0.009369570230499126
10.0,4.0,4.0,3.0,10,20.0,10.0,15.0,43.44893940500002,0.01415322693378837
10.0,4.0,4.0,3.0,10,20.0,10.0,15.5,38.57967862448686,0.012567094941381954
10.0,4.0,4.0,3.0,10,20.0,10.0,16.0,19.45311298165473,0.0063367328723862954
10.0,4.0,4.0,3.0,10,20.0,10.0,16.5,5.341853077308744,0.0017400760498518862
10.0,4.0,4.0,3.0,10,20.0,10.0,17.0,8.06085757229728,0.0026257751757351494
10.0,4.0,4.0,3.0,10,20.0,10.0,17.5,21.085478063653213,0.006868465838960341
10.0,4.0,4.0,3.0,10,20.0,10.0,18.0,28.546501994018083,0.009298848865357704
10.0,4.0,4.0,3.0,10,20.0,10.0,18.5,22.339798029631485,0.0072770529154041275
10.0,4.0,4.0,3.0,10,20.0,10.0,19.0,9.212958907825785,0.0030010651569349926
10.0,4.0,4.0,3.0,10,20.0,10.0,19.5,2.148789634968963,0.0006999551140525243
10.0,4.0,4.0,3.0,10,20.0,10.0,20.0,6.662153383075642,0.0021701558194427333
10.0,4.0,4.0,3.0,10,20.0,10.0,20.5,16.208012993470533,0.0052796613492475854
10.0,4.0,4.0,3.0,10,20.0,10.0,21.0,20.056653739342313,0.006533332592064607
10.0,4.0,4.0,3.0,10,20.0,10.0,21.5,14.337286522546721,0.004670283614448774
10.0,4.0,4.0,3.0,10,20.0,10.0,22.0,5.057491633786406,0.0016474470444836184
10.0,4.0,4.0,3.0,10,20.0,10.0,22.5,1.135663016740192,0.0003699352991429971
10.0,4.0,4.0,3.0,10,20.0,10.0,23.0,5.404336701418177,0.0017604297091995424
10.0,4.0,4.0,3.0,10,20.0,10.0,23.5,12.51080357764668,0.004075317938327125
10.0,4.0,4.0,3.0,10,20.0,10.0,24.0,14.924841744748909,0.004861676143468781
10.0,4.0,4.0,3.0,10,20.0,10.0,24.5,10.373467716737208,0.0033790938212962143
10.0,4.0,4.0,3.0,10,20.0,10.0,25.0,3.4706357044696947,0.0011305384067491263
10.0,4.0,4.0,3.0,10,20.0,10.0,25.5,0.6570397412839792,0.00021402668719318886
10.0,4.0,4.0,3.0,10,20.0,10.0,26.0,3.954527530657877,0.001288163216957002
10.0,4.0,4.0,3.0,10,20.0,10.0,26.5,9.501098429757377,0.0030949248482954176
10.0,4.0,4.0,3.0,10,20.0,10.0,27.0,11.701656966456186,0.0038117433662498376
10.0,4.0,4.0,3.0,10,20.0,10.0,27.5,8.555444055186275,0.0027868837051163438
10.0,4.0,4.0,3.0,10,20.0,10.0,28.0,3.1534422642387834,0.0010272145787575849
10.0,4.0,4.0,3.0,10,20.0,10.0,28.5,0.3942498541899837,0.00012842448472566605
10.0,4.0,4.0,3.0,10,20.0,10.0,29.0,2.3925444271828606,0.0007793567504939587
10.0,4.0,4.0,3.0,10,20.0,10.0,29.5,6.833159562563664,0.0022258600391203164
10.0,4.0,4.0,3.0,10,20.0,10.0,30.0,9.424862227988282,0.00307009137067815
10.0,4.0,4.0,3.0,10,20.0,10.0,30.5,7.860544759575476,0.002560524499078336
10.0,4.0,4.0,3.0,10,20.0,10.0,31.0,3.6618396057025935,0.0011928219110609358
10.0,4.0,4.0,3.0,10,20.0,10.0,31.5,0.5264907567593516,0.0001715011519498579
10.0,4.0,4.0,3.0,10,20.0,10.0,32.0,0.9605882218472969,0.00031290575281946935
10.0,4.0,4.0,3.0,10,20.0,10.0,32.5,4.243378913148609,0.0013822547925515809
10.0,4.0,4.0,3.0,10,20.0,10.0,33.0,7.308026108386932,0.0023805449193116035
10.0,4.0,4.0,3.0,10,20.0,10.0,33.5,7.503613688220875,0.002444256380183343
10.0,4.0,4.0,3.0,10,20.0,10.0,34.0,4.756776007698365,0.0015494907639197132
10.0,4.0,4.0,3.0,10,20.0,10.0,34.5,1.418807019483004,0.00046216773060481204
10.0,4.0,4.0,3.0,10,20.0,10.0,35.0,0.1568635742396362,5.109735230046243e-05
10.0,4.0,4.0,3.0,10,20.0,10.0,35.5,1.7839444158844664,0.0005811090098178975
10.0,4.0,4.0,3.0,10,20.0,10.0,36.0,4.761953840372564,0.001551177411323923
10.0,4.0,4.0,3.0,10,20.0,10.0,36.5,6.6007460675236995,0.0021501527610412346
10.0,4.0,4.0,3.0,10,20.0,10.0,37.0,5.871876045247418,0.001912727798043761
10.0,4.0,4.0,3.0,10,20.0,10.0,37.5,3.2232092772338485,0.0010499407575995496
10.0,4.0,4.0,3.0,10,20.0,10.0,38.0,0.7218395988692818,0.00023513484546451398
10.0,4.0,4.0,3.0,10,20.0,10.0,38.5,0.1883763909114738,6.136246007494728e-05
10.0,4.0,4.0,3.0,10,20.0,10.0,39.0,1.863764878941023,0.000607110038682356
10.0,4.0,4.0,3.0,10,20.0,10.0,39.5,4.35536328458211,0.0014187330183412213
10.0,4.0,4.0,3.0,10,20.0,10.0,40.0,5.772539972189579,0.00188036967828406
10.0,4.0,4.0,3.0,10,20.0,10.0,40.5,5.1175388184062065,0.0016670070485319869
10.0,4.0,4.0,3.0,10,20.0,10.0,41.0,2.9213023338427484,0.0009515964126922741
10.0,4.0,4.0,3.0,10,20.0,10.0,41.5,0.7564148443136312,0.00024639752072809
10.0,4.0,4.0,3.0,10,20.0,10.0,42.0,0.07660799517593052,2.495458705127186e-05
10.0,4.0,4.0,3.0,10,20.0,10.0,42.5,1.240174424772401,0.0004039792526964269
10.0,4.0,4.0,3.0,10,20.0,10.0,43.0,3.3533500467574617,0.0010923333192967768
10.0,4.0,4.0,3.0,10,20.0,10.0,43.5,4.953621165282212,0.001613611873071135
10.0,4.0,4.0,3.0,10,20.0,10.0,44.0,5.002016422803348,0.0016293763329542903
10.0,4.0,4.0,3.0,10,20.0,10.0,44.5,3.51582455089973,0.001145258397781331
10.0,4.0,4.0,3.0,10,20.0,10.0,45.0,1.4786525757833417,0.0004816620554582287
10.0,4.0,4.0,3.0,10,20.0,10.0,45.5,0.15828701231352452,5.1561028568786195e-05
10.0,4.0,4.0,3.0,10,20.0,10.0,46.0,0.3116462416691182,0.0001015168619029098
10.0,4.0,4.0,3.0,10,20.0,10.0,46.5,1.7680665563569165,0.0005759368939459421
10.0,4.0,4.0,3.0,10,20.0,10.0,47.0,3.598803571744506,0.0011722883075752746
10.0,4.0,4.0,3.0,10,20.0,10.0,47.5,4.712557691304696,0.0015350869171257536
10.0,4.0,4.0,3.0,10,20.0,10.0,48.0,4.490605398448878,0.0014627873118354677
10.0,4.0,4.0,3.0,10,20.0,10.0,48.5,3.0991636959745974,0.0010095336662933386
10.0,4.0,4.0,3.0,10,20.0,10.0,49.0,1.3400566607173583,0.00043651528168452445
10.0,4.0,4.0,3.0,10,20.0,10.0,49.5,0.17005398434775057,5.539404791988174e-05
10.0,4.0,4.0,3.0,10,20.0,10.0,50.0,0.18115531949816324,5.9010240117055395e-05
10.0,4.0,4.0,3.0,10,20.0,10.0,50.5,1.3186351907354066,0.00042953736852802956
10.0,4.0,4.0,3.0,10,20.0,10.0,51.0,2.9563111575381074,0.0009630003234259014
10.0,4.0,4.0,3.0,10,20.0,10.0,51.5,4.252283314562079,0.001385155346987206
10.0,4.0,4.0,3.0,10,20.0,10.0,52.0,4.578470532570973,0.0014914088432198371
10.0,4.0,4.0,3.0,10,20.0,10.0,52.5,3.8074741287652354,0.0012402614684477477
10.0,4.0,4.0,3.0,10,20.0,10.0,53.0,2.3361774187363205,0.0007609955413816634
10.0,4.0,4.0,3.0,10,20.0,10.0,53.5,0.8643303286976939,0.0002815503313852259
10.0,4.0,4.0,3.0,10,20.0,10.0,54.0,0.056383501853969266,1.8366581739140702e-05
10.0,4.0,4.0,3.0,10,20.0,10.0,54.5,0.25047530198437185,8.159080149804603e-05
10.0,4.0,4.0,3.0,10,20.0,10.0,55.0,1.336139806149346,0.0004352393902053104
10.0,4.0,4.0,3.0,10,20.0,10.0,55.5,2.833635633749377,0.0009230395199821366
10.0,4.0,4.0,3.0,10,20.0,10.0,56.0,4.118683650669202,0.0013416360715515405
10.0,4.0,4.0,3.0,10,20.0,10.0,56.5,4.684318645459809,0.001525888220225218
10.0,4.0,4.0,3.0,10,20.0,10.0,57.0,4.3314735146746814,0.0014109510715428393
10.0,4.0,4.0,3.0,10,20.0,10.0,57.5,3.222765930612011,0.001049796340142297
10.0,4.0,4.0,3.0,10,20.0,10.0,58.0,1.795355884106619,0.0005848262259711013
10.0,4.0,4.0,3.0,10,20.0,10.0,58.5,0.5818572179281013,0.0001895364388906461
10.0,4.0,4.0,3.0,10,20.0,10.0,59.0,0.014748090648150363,4.804100552091578e-06
10.0,4.0,4.0,3.0,10,20.0,10.0,59.5,0.2847428794866568,9.275325580654423e-05
10.0,4.0,4.0,3.0,10,20.0,10.0,60.0,1.2947472969397695,0.0004217560328616179
10.0,4.0,4.0,3.0,10,20.0,10.0,60.5,2.712801881284657,0.0008836786623107158
10.0,4.0,4.0,3.0,10,20.0,10.0,61.0,4.094549154756005,0.0013337744067498272
10.0,4.0,4.0,3.0,10,20.0,10.0,61.5,5.02806908139629,0.0016378628275464226
10.0,4.0,4.0,3.0,10,20.0,10.0,62.0,5.254168287164072,0.001711513264417903
10.0,4.0,4.0,3.0,10,20.0,10.0,62.5,4.729789066693219,0.0015406999325317638
10.0,4.0,4.0,3.0,10,20.0,10.0,63.0,3.6238280134257916,0.0011804398667814775
10.0,4.0,4.0,3.0,10,20.0,10.0,63.5,2.2554823606997028,0.0007347096185382616
10.0,4.0,4.0,3.0,10,20.0,10.0,64.0,0.9994173252685842,0.0003255540963666947
10.0,4.0,4.0,3.0,10,20.0,10.0,64.5,0.186957206540245,6.090016942431346e-05
10.0,4.0,4.0,3.0,10,20.0,10.0,65.0,0.028740587878586684,9.362071158158443e-06
10.0,4.0,4.0,3.0,10,20.0,10.0,65.5,0.574681081778435,0.00018719885632074103
10.0,4.0,4.0,3.0,10,20.0,10.0,66.0,1.7153702194621112,0.0005587713836972451
10.0,4.0,4.0,3.0,10,20.0,10.0,66.5,3.2186425726702237,0.0010484531814489312
10.0,4.0,4.0,3.0,10,20.0,10.0,67.0,4.788149501678588,0.0015597104881773978
10.0,4.0,4.0,3.0,10,20.0,10.0,67.5,6.1282924940745165,0.001996253891879516
10.0,4.0,4.0,3.0,10,20.0,10.0,68.0,7.00133212140396,0.0022806412241595233
10.0,4.0,4.0,3.0,10,20.0,10.0,68.5,7.266678521904043,0.0023670761952720607
10.0,4.0,4.0,3.0,10,20.0,10.0,69.0,6.897742944881264,0.00224689768189388
10.0,4.0,4.0,3.0,10,20.0,10.0,69.5,5.976878872301879,0.0019469318283455938
10.0,4.0,4.0,3.0,10,20.0,10.0,70.0,4.672869170862772,0.0015221586237272684
10.0,4.0,4.0,3.0,10,20.0,10.0,70.5,3.2076410879006145,0.0010448695149041275
10.0,4.0,4.0,3.0,10,20.0,10.0,71.0,1.819404398403036,0.0005926598827857133
10.0,4.0,4.0,3.0,10,20.0,10.0,71.5,0.7285399668486384,0.00023731744945555203
10.0,4.0,4.0,3.0,10,20.0,10.0,72.0,0.11082180797124025,3.609952783448568e-05
10.0,4.0,4.0,3.0,10,20.0,10.0,72.5,0.08046544561785773,2.6211127998831915e-05
10.0,4.0,4.0,3.0,10,20.0,10.0,73.0,0.6835047248997929,0.00022264749414597023
10.0,4.0,4.0,3.0,10,20.0,10.0,73.5,1.9004114016215028,0.0006190474198689579
10.0,4.0,4.0,3.0,10,20.0,10.0,74.0,3.6558349473719427,0.0011908659302435126
10.0,4.0,4.0,3.0,10,20.0,10.0,74.5,5.832867816834689,0.001900021105623396
10.0,4.0,4.0,3.0,10,20.0,10.0,75.0,8.289251998185604,0.0027001732665580007
10.0,4.0,4.0,3.0,10,20.0,10.0,75.5,10.87330175414428,0.003541911709546896
10.0,4.0,4.0,3.0,10,20.0,10.0,76.0,13.437876863784957,0.004377306405310465
10.0,4.0,4.0,3.0,10,20.0,10.0,76.5,15.851366413294471,0.005163485901618351
10.0,4.0,4.0,3.0,10,20.0,10.0,77.0,18.005231958453848,0.005865094462447811
10.0,4.0,4.0,3.0,10,20.0,10.0,77.5,19.818144044785264,0.006455639514185104
10.0,4.0,4.0,3.0,10,20.0,10.0,78.0,21.237095752507138,0.006917854376101
10.0,4.0,4.0,3.0,10,20.0,10.0,78.5,22.236087387303776,0.007243269806393552
10.0,4.0,4.0,3.0,10,20.0,10.0,79.0,22.813063380106023,0.007431216215979289
10.0,4.0,4.0,3.0,10,20.0,10.0,79.5,22.985772483345553,0.007487475152679568
10.0,4.0,4.0,3.0,10,20.0,10.0,80.0,22.787145726462686,0.00742277369842584
10.0,4.0,4.0,3.0,10,20.0,10.0,80.5,22.26067204342912,0.007251278108137992
10.0,4.0,4.0,3.0,10,20.0,10.0,81.0,21.456123004133268,0.006989201167056083
10.0,4.0,4.0,3.0,10,20.0,10.0,81.5,20.42585351350048,0.006653597166047802
10.0,4.0,4.0,3.0,10,20.0,10.0,82.0,19.22179627751293,0.006261382867250885
10.0,4.0,4.0,3.0,10,20.0,10.0,82.5,17.89318035593177,0.005828594336541236
10.0,4.0,4.0,3.0,10,20.0,10.0,83.0,16.484939981793676,0.005369868626191542
10.0,4.0,4.0,3.0,10,20.0,10.0,83.5,15.036737747328985,0.004898125583643547
10.0,4.0,4.0,3.0,10,20.0,10.0,84.0,13.582503117628475,0.004424417525150491
10.0,4.0,4.0,3.0,10,20.0,10.0,84.5,12.15037906458856,0.00395791185211033
10.0,4.0,4.0,3.0,10,20.0,10.0,85.0,10.762972312117517,0.0035059725669149516
10.0,4.0,4.0,3.0,10,20.0,10.0,85.5,9.437812491506115,0.0030743098400108945
10.0,4.0,4.0,3.0,10,20.0,10.0,86.0,8.187939273656434,0.002667171264640856
10.0,4.0,4.0,3.0,10,20.0,10.0,86.5,7.022551829962327,0.0022875534147632102
10.0,4.0,4.0,3.0,10,20.0,10.0,87.0,5.947670028963196,0.0019374172258280861
10.0,4.0,4.0,3.0,10,20.0,10.0,87.5,4.966770468594857,0.0016178951784027182
10.0,4.0,4.0,3.0,10,20.0,10.0,88.0,4.081372143012293,0.0013294820755658699
10.0,4.0,4.0,3.0,10,20.0,10.0,88.5,3.2915559982455123,0.0010722042849929728
10.0,4.0,4.0,3.0,10,20.0,10.0,89.0,2.596409860979082,0.0008457646717915978
10.0,4.0,4.0,3.0,10,20.0,10.0,89.5,1.9943954219434858,0.0006496621411022622
10.0,4.0,4.0,3.0,10,20.0,10.0,90.0,1.4836374121811942,0.0004832858355028688
10.0,4.0,4.0,3.0,10,0.0,12.0,-90.0,1.3725824664618873,0.00024767070086940924
10.0,4.0,4.0,3.0,10,0.0,12.0,-89.5,1.3981985592336827,0.0002522929044931232
10.0,4.0,4.0,3.0,10,0.0,12.0,-89.0,1.4240385282849224,0.0002569555046659647
10.0,4.0,4.0,3.0,10,0.0,12.0,-88.5,1.4499311054963515,0.00026162759752884407
10.0,4.0,4.0,3.0,10,0.0,12.0,-88.0,1.4755351668117134,0.00026624763017972383
10.0,4.0,4.0,3.0,10,0.0,12.0,-87.5,1.5003260583397666,0.00027072093333633303
10.0,4.0,4.0,3.0,10,0.0,12.0,-87.0,1.5235831338457302,0.0002749174725836852
10.0,4.0,4.0,3.0,10,0.0,12.0,-86.5,1.5443799707703771,0.00027867008293887307
10.0,4.0,4.0,3.0,10,0.0,12.0,-86.0,1.5615793096412844,0.00028177355571135316
10.0,4.0,4.0,3.0,10,0.0,12.0,-85.5,1.5738353664434543,0.0002839850557503368
10.0,4.0,4.0,3.0,10,0.0,12.0,-85.0,1.5796067610248798,0.0002850264542643803
10.0,4.0,4.0,3.0,10,0.0,12.0,-84.5,1.5771838281292354,0.0002845892568623396
10.0,4.0,4.0,3.0,10,0.0,12.0,-84.0,1.564734447714296,0.0002823428732401548
10.0,4.0,4.0,3.0,10,0.0,12.0,-83.5,1.5403726372160842,0.00027794699406497275
10.0,4.0,4.0,3.0,10,0.0,12.0,-83.0,1.502253852777958,0.00027106878726227584
10.0,4.0,4.0,3.0,10,0.0,12.0,-82.5,1.4487000891214634,0.0002614054712116282
10.0,4.0,4.0,3.0,10,0.0,12.0,-82.0,1.3783562768003632,0.0002487125352860352
10.0,4.0,4.0,3.0,10,0.0,12.0,-81.5,1.290376986050794,0.0002328374289559163
10.0,4.0,4.0,3.0,10,0.0,12.0,-81.0,1.1846389286165437,0.00021375790591580629
10.0,4.0,4.0,3.0,10,0.0,12.0,-80.5,1.0619701476324659,0.00019162337942761862
10.0,4.0,4.0,3.0,10,0.0,12.0,-80.0,0.9243811695972741,0.00016679663170606165
10.0,4.0,4.0,3.0,10,0.0,12.0,-79.5,0.7752770111767155,0.00013989206872285924
10.0,4.0,4.0,3.0,10,0.0,12.0,-79.0,0.6196222759743844,0.00011180551049909211
10.0,4.0,4.0,3.0,10,0.0,12.0,-78.5,0.46402542099905425,8.372939626447545e-05
10.0,4.0,4.0,3.0,10,0.0,12.0,-78.0,0.31670371527892066,5.714646154068012e-05
10.0,4.0,4.0,3.0,10,0.0,12.0,-77.5,0.18728885361147388,3.379466281435989e-05
10.0,4.0,4.0,3.0,10,0.0,12.0,-77.0,0.08643625394935425,1.5596678610754525e-05
10.0,4.0,4.0,3.0,10,0.0,12.0,-76.5,0.025210451162110514,4.549009084058046e-06
10.0,4.0,4.0,3.0,10,0.0,12.0,-76.0,0.014236201096981177,2.5688000463067875e-06
10.0,4.0,4.0,3.0,10,0.0,12.0,-75.5,0.06263086102047304,1.1301200200363946e-05
10.0,4.0,4.0,3.0,10,0.0,12.0,-75.0,0.1767682252263424,3.189630590728915e-05
10.0,4.0,4.0,3.0,10,0.0,12.0,-74.5,0.358965645481009,6.477226336242874e-05
10.0,4.0,4.0,3.0,10,0.0,12.0,-74.0,0.6062313269561982,0.00010938922892062363
10.0,4.0,4.0,3.0,10,0.0,12.0,-73.5,0.9092512091420656,0.00016406656047054073
10.0,4.0,4.0,3.0,10,0.0,12.0,-73.0,1.2518265346541544,0.00022588133156320423
10.0,4.0,4.0,3.0,10,0.0,12.0,-72.5,1.6109839417709757,0.00029068819666352633
10.0,4.0,4.0,3.0,10,0.0,12.0,-72.0,1.957958826035894,0.0003532968302937452
10.0,4.0,4.0,3.0,10,0.0,12.0,-71.5,2.260190074869367,0.0004078318597380409
10.0,4.0,4.0,3.0,10,0.0,12.0,-71.0,2.4843540628399783,0.0004482803233946359
10.0,4.0,4.0,3.0,10,0.0,12.0,-70.5,2.6003087276616,0.00046920334536757163
10.0,4.0,4.0,3.0,10,0.0,12.0,-70.0,2.5856251418145852,0.00046655381859095433
10.0,4.0,4.0,3.0,10,0.0,12.0,-69.5,2.4301768530727745,0.000438504511855399
10.0,4.0,4.0,3.0,10,0.0,12.0,-69.0,2.1400716717492454,0.00038615752700030677
10.0,4.0,4.0,3.0,10,0.0,12.0,-68.5,1.740092353751373,0.0003139846991795078
10.0,4.0,4.0,3.0,10,0.0,12.0,-68.0,1.2738123855370618,0.00022984848926077867
10.0,4.0,4.0,3.0,10,0.0,12.0,-67.5,0.800716556788143,0.00014448241592991828
10.0,4.0,4.0,3.0,10,0.0,12.0,-67.0,0.3900110042287744,7.037413133588562e-05
10.0,4.0,4.0,3.0,10,0.0,12.0,-66.5,0.11134914101708084,2.0091994813247788e-05
10.0,4.0,4.0,3.0,10,0.0,12.0,-66.0,0.023377962350200947,4.218352238680373e-06
10.0,4.0,4.0,3.0,10,0.0,12.0,-65.5,0.1617206153513369,2.9181094125691224e-05
10.0,4.0,4.0,3.0,10,0.0,12.0,-65.0,0.5286040095320254,9.538204714260196e-05
10.0,4.0,4.0,3.0,10,0.0,12.0,-64.5,1.0866327970244922,0.00019607354239375706
10.0,4.0,4.0,3.0,10,0.0,12.0,-64.0,1.7590269203599707,0.00031740127887303846
10.0,4.0,4.0,3.0,10,0.0,12.0,-63.5,2.437857804559049,0.0004398904734893496
10.0,4.0,4.0,3.0,10,0.0,12.0,-63.0,3.0004273631961675,0.0005414013118396356
10.0,4.0,4.0,3.0,10,0.0,12.0,-62.5,3.332081336381144,0.000601245418836414
10.0,4.0,4.0,3.0,10,0.0,12.0,-62.0,3.351759959948944,0.0006047962572088038
10.0,4.0,4.0,3.0,10,0.0,12.0,-61.5,3.034945618266075,0.0005476298340849984
10.0,4.0,4.0,3.0,10,0.0,12.0,-61.0,2.427924484335838,0.00043809809128882176
10.0,4.0,4.0,3.0,10,0.0,12.0,-60.5,1.6479304454196275,0.00029735487548022667
10.0,4.0,4.0,3.0,10,0.0,12.0,-60.0,0.8660431985462883,0.00015627004657872777
10.0,4.0,4.0,3.0,10,0.0,12.0,-59.5,0.2735249964346602,4.935523309349808e-05
10.0,4.0,4.0,3.0,10,0.0,12.0,-59.0,0.03695480877875802,6.668177405997878e-06
10.0,4.0,4.0,3.0,10,0.0,12.0,-58.5,0.2519269251575509,4.545804689060434e-05
10.0,4.0,4.0,3.0,10,0.0,12.0,-58.0,0.9078086625337117,0.00016380626534200923
10.0,4.0,4.0,3.0,10,0.0,12.0,-57.5,1.8757619253541211,0.0003384651065186162
10.0,4.0,4.0,3.0,10,0.0,12.0,-57.0,2.928141129338424,0.0005283578826539878
10.0,4.0,4.0,3.0,10,0.0,12.0,-56.5,3.7897092270176236,0.0006838204357703591
10.0,4.0,4.0,3.0,10,0.0,12.0,-56.0,4.211360269451974,0.0007599037398731892
10.0,4.0,4.0,3.0,10,0.0,12.0,-55.5,4.0478674357194055,0.0007304028641829668
10.0,4.0,4.0,3.0,10,0.0,12.0,-55.0,3.315857877523682,0.000598318035219085
10.0,4.0,4.0,3.0,10,0.0,12.0,-54.5,2.2096270431673424,0.00039870819554611576
10.0,4.0,4.0,3.0,10,0.0,12.0,-54.0,1.061842673778271,0.00019160037786699664
10.0,4.0,4.0,3.0,10,0.0,12.0,-53.5,0.252383722218704,4.554047199150374e-05
10.0,4.0,4.0,3.0,10,0.0,12.0,-53.0,0.08736201743565679,1.576372466962113e-05
10.0,4.0,4.0,3.0,10,0.0,12.0,-52.5,0.6854772023225167,0.00012368846555853457
10.0,4.0,4.0,3.0,10,0.0,12.0,-52.0,1.913624994383735,0.00034529717167518486
10.0,4.0,4.0,3.0,10,0.0,12.0,-51.5,3.403714001791598,0.0006141709172169105
10.0,4.0,4.0,3.0,10,0.0,12.0,-51.0,4.658226629925316,0.0008405369312461521
10.0,4.0,4.0,3.0,10,0.0,12.0,-50.5,5.219392320317239,0.0009417944536458765
10.0,4.0,4.0,3.0,10,0.0,12.0,-50.0,4.847160711492328,0.0008746284612949364
10.0,4.0,4.0,3.0,10,0.0,12.0,-49.5,3.637369720154296,0.0006563320819869995
10.0,4.0,4.0,3.0,10,0.0,12.0,-49.0,2.023055760342625,0.0003650430122085975
10.0,4.0,4.0,3.0,10,0.0,12.0,-48.5,0.639661622624294,0.00011542143824916876
10.0,4.0,4.0,3.0,10,0.0,12.0,-48.0,0.08859514411352815,1.598623177286019e-05
10.0,4.0,4.0,3.0,10,0.0,12.0,-47.5,0.6831896092241502,0.0001232756890588923
10.0,4.0,4.0,3.0,10,0.0,12.0,-47.0,2.2836196754738203,0.0004120595296555747
10.0,4.0,4.0,3.0,10,0.0,12.0,-46.5,4.306646081347367,0.0007770972451026966
10.0,4.0,4.0,3.0,10,0.0,12.0,-46.0,5.932394605242511,0.0010704495836244261
10.0,4.0,4.0,3.0,10,0.0,12.0,-45.5,6.444260502778671,0.001162811382417264
10.0,4.0,4.0,3.0,10,0.0,12.0,-45.0,5.565508358870171,0.0010042481159540629
10.0,4.0,4.0,3.0,10,0.0,12.0,-44.5,3.634866496067825,0.0006558803967301366
10.0,4.0,4.0,3.0,10,0.0,12.0,-44.0,1.5142833136550904,0.00027323940001547554
10.0,4.0,4.0,3.0,10,0.0,12.0,-43.5,0.23451208326037312,4.2315688450515865e-05
10.0,4.0,4.0,3.0,10,0.0,12.0,-43.0,0.5142782933898499,9.27970948762841e-05
10.0,4.0,4.0,3.0,10,0.0,12.0,-42.5,2.3738083517366677,0.0004283333005992486
10.0,4.0,4.0,3.0,10,0.0,12.0,-42.0,5.050793631722351,0.0009113722703597996
10.0,4.0,4.0,3.0,10,0.0,12.0,-41.5,7.304103530928277,0.0013179626615738677
10.0,4.0,4.0,3.0,10,0.0,12.0,-41.0,8.001617545482995,0.0014438230663743974
10.0,4.0,4.0,3.0,10,0.0,12.0,-40.5,6.722212168274042,0.0012129653698702062
10.0,4.0,4.0,3.0,10,0.0,12.0,-40.0,4.052860265429648,0.0007313037773622273
10.0,4.0,4.0,3.0,10,0.0,12.0,-39.5,1.3788113675861813,0.0002487946525042256
10.0,4.0,4.0,3.0,10,0.0,12.0,-39.0,0.21330004998847715,3.848815948545635e-05
10.0,4.0,4.0,3.0,10,0.0,12.0,-38.5,1.3769425830820488,0.00024845744641335555
10.0,4.0,4.0,3.0,10,0.0,12.0,-38.0,4.468046930622376,0.0008062206401901345
10.0,4.0,4.0,3.0,10,0.0,12.0,-37.5,7.963965947450819,0.0014370291593405126
10.0,4.0,4.0,3.0,10,0.0,12.0,-37.0,9.978321939074215,0.001800502373108039
10.0,4.0,4.0,3.0,10,0.0,12.0,-36.5,9.318344839837271,0.001681415181831935
10.0,4.0,4.0,3.0,10,0.0,12.0,-36.0,6.257113274460694,0.0011290422746690354
10.0,4.0,4.0,3.0,10,0.0,12.0,-35.5,2.522171103356557,0.00045510408310190585
10.0,4.0,4.0,3.0,10,0.0,12.0,-35.0,0.4059488382749618,7.324997641260049e-05
10.0,4.0,4.0,3.0,10,0.0,12.0,-34.5,1.428684030622217,0.00025779374560804376
10.0,4.0,4.0,3.0,10,0.0,12.0,-34.0,5.32312760034786,0.0009605125927288382
10.0,4.0,4.0,3.0,10,0.0,12.0,-33.5,10.017023909740704,0.00180748581084982
10.0,4.0,4.0,3.0,10,0.0,12.0,-33.0,12.751901648268815,0.002300970976837266
10.0,4.0,4.0,3.0,10,0.0,12.0,-32.5,11.768366705779464,0.002123500555578132
10.0,4.0,4.0,3.0,10,0.0,12.0,-32.0,7.542198058610677,0.001360924771308721
10.0,4.0,4.0,3.0,10,0.0,12.0,-31.5,2.7081944077692732,0.0004886703884479899
10.0,4.0,4.0,3.0,10,0.0,12.0,-31.0,0.5555465372614997,0.00010024359454612745
10.0,4.0,4.0,3.0,10,0.0,12.0,-30.5,2.9146360235031765,0.000525921002459712
10.0,4.0,4.0,3.0,10,0.0,12.0,-30.0,8.777562574045524,0.001583835673089093
10.0,4.0,4.0,3.0,10,0.0,12.0,-29.5,14.680711758899326,0.00264900817213618
10.0,4.0,4.0,3.0,10,0.0,12.0,-29.0,16.810769095743517,0.003033358698533405
10.0,4.0,4.0,3.0,10,0.0,12.0,-28.5,13.59807938447805,0.0024536564715946407
10.0,4.0,4.0,3.0,10,0.0,12.0,-28.0,7.05182952477897,0.0012724419869034492
10.0,4.0,4.0,3.0,10,0.0,12.0,-27.5,1.7382274969239422,0.0003136482018041177
10.0,4.0,4.0,3.0,10,0.0,12.0,-27.0,1.8257647320786219,0.0003294435430041372
10.0,4.0,4.0,3.0,10,0.0,12.0,-26.5,8.06361501843198,0.0014550099771448576
10.0,4.0,4.0,3.0,10,0.0,12.0,-26.0,16.863682289649013,0.0030429064292818494
10.0,4.0,4.0,3.0,10,0.0,12.0,-25.5,22.4248168007191,0.004046365322018647
10.0,4.0,4.0,3.0,10,0.0,12.0,-25.0,20.736373976393434,0.0037417003362006348
10.0,4.0,4.0,3.0,10,0.0,12.0,-24.5,12.7488237930161,0.0023004156043286983
10.0,4.0,4.0,3.0,10,0.0,12.0,-24.0,4.242787057195038,0.0007655744334282821
10.0,4.0,4.0,3.0,10,0.0,12.0,-23.5,2.0597495418769847,0.00037166408949336705
10.0,4.0,4.0,3.0,10,0.0,12.0,-23.0,9.058559509234458,0.001634539153266713
10.0,4.0,4.0,3.0,10,0.0,12.0,-22.5,21.46382300744362,0.0038729622572649417
10.0,4.0,4.0,3.0,10,0.0,12.0,-22.0,30.960002973304007,0.005586466258076824
10.0,4.0,4.0,3.0,10,0.0,12.0,-21.5,30.56244567888791,0.005514730463580199
10.0,4.0,4.0,3.0,10,0.0,12.0,-21.0,20.22703984754447,0.003649795373292357
10.0,4.0,4.0,3.0,10,0.0,12.0,-20.5,7.779315065796173,0.0014037104958772922
10.0,4.0,4.0,3.0,10,0.0,12.0,-20.0,3.7745750272043908,0.0006810895995791442
10.0,4.0,4.0,3.0,10,0.0,12.0,-19.5,13.49133216623689,0.002434394854166438
10.0,4.0,4.0,3.0,10,0.0,12.0,-19.0,32.01609602884039,0.005777029166782954
10.0,4.0,4.0,3.0,10,0.0,12.0,-18.5,46.80591389806739,0.008445724598136167
10.0,4.0,4.0,3.0,10,0.0,12.0,-18.0,46.777448217458506,0.008440588210895772
10.0,4.0,4.0,3.0,10,0.0,12.0,-17.5,31.554615294592026,0.005693758937356491
10.0,4.0,4.0,3.0,10,0.0,12.0,-17.0,13.380315965132011,0.0024143629354968226
10.0,4.0,4.0,3.0,10,0.0,12.0,-16.5,8.986106586158616,0.0016214656464453075
10.0,4.0,4.0,3.0,10,0.0,12.0,-16.0,26.498312944688024,0.00478139266617978
10.0,4.0,4.0,3.0,10,0.0,12.0,-15.5,57.37262981567569,0.01035239760405618
10.0,4.0,4.0,3.0,10,0.0,12.0,-15.0,80.8674829967361,0.014591841787819311
10.0,4.0,4.0,3.0,10,0.0,12.0,-14.5,79.46103677840233,0.014338060664177421
10.0,4.0,4.0,3.0,10,0.0,12.0,-14.0,54.254772054676984,0.009789806986919575
10.0,4.0,4.0,3.0,10,0.0,12.0,-13.5,27.491127343422004,0.004960537485508211
10.0,4.0,4.0,3.0,10,0.0,12.0,-13.0,27.757549299741743,0.005008611036104262
10.0,4.0,4.0,3.0,10,0.0,12.0,-12.5,67.11067736053705,0.012109544529262377
10.0,4.0,4.0,3.0,10,0.0,12.0,-12.0,127.83538670154499,0.023066796053352285
10.0,4.0,4.0,3.0,10,0.0,12.0,-11.5,171.85577846094378,0.031009897139074188
10.0,4.0,4.0,3.0,10,0.0,12.0,-11.0,169.38828030142358,0.030564658318460624
10.0,4.0,4.0,3.0,10,0.0,12.0,-10.5,126.68949278300278,0.022860029351269233
10.0,4.0,4.0,3.0,10,0.0,12.0,-10.0,89.49334748686074,0.016148304846378306
10.0,4.0,4.0,3.0,10,0.0,12.0,-9.5,114.20639524216101,0.020607561763707108
10.0,4.0,4.0,3.0,10,0.0,12.0,-9.0,223.99636601918897,0.04041821771713103
10.0,4.0,4.0,3.0,10,0.0,12.0,-8.5,382.8963264499963,0.06909034892208855
10.0,4.0,4.0,3.0,10,0.0,12.0,-8.0,513.2164466970487,0.09260549377321899
10.0,4.0,4.0,3.0,10,0.0,12.0,-7.5,551.7102416416718,0.0995513679964512
10.0,4.0,4.0,3.0,10,0.0,12.0,-7.0,507.8667822394134,0.09164019283282883
10.0,4.0,4.0,3.0,10,0.0,12.0,-6.5,478.46176075195075,0.08633430960990472
10.0,4.0,4.0,3.0,10,0.0,12.0,-6.0,597.4890427337407,0.1078117589226592
10.0,4.0,4.0,3.0,10,0.0,12.0,-5.5,946.3594590872458,0.1707624250153143
10.0,4.0,4.0,3.0,10,0.0,12.0,-5.0,1484.0734112614377,0.2677882829555884
10.0,4.0,4.0,3.0,10,0.0,12.0,-4.5,2052.670678991952,0.3703867695691124
10.0,4.0,4.0,3.0,10,0.0,12.0,-4.0,2466.904821298215,0.44513175783454384
10.0,4.0,4.0,3.0,10,0.0,12.0,-3.5,2637.1482824455443,0.4758507261814733
10.0,4.0,4.0,3.0,10,0.0,12.0,-3.0,2643.2017119444954,0.47694301547067963
10.0,4.0,4.0,3.0,10,0.0,12.0,-2.5,2700.3230158449014,0.48725006347491034
10.0,4.0,4.0,3.0,10,0.0,12.0,-2.0,3026.8294150935994,0.5461653350277527
10.0,4.0,4.0,3.0,10,0.0,12.0,-1.5,3691.5069419950055,0.6661006780488257
10.0,4.0,4.0,3.0,10,0.0,12.0,-1.0,4540.635440766939,0.8193186125319437
10.0,4.0,4.0,3.0,10,0.0,12.0,-0.5,5259.925655342843,0.9491083453351994
10.0,4.0,4.0,3.0,10,0.0,12.0,0.0,5541.965447037745,1.0
10.0,4.0,4.0,3.0,10,0.0,12.0,0.5,5259.925655342832,0.9491083453351974
10.0,4.0,4.0,3.0,10,0.0,12.0,1.0,4540.635440766948,0.8193186125319454
10.0,4.0,4.0,3.0,10,0.0,12.0,1.5,3691.506941994992,0.6661006780488232
10.0,4.0,4.0,3.0,10,0.0,12.0,2.0,3026.8294150935862,0.5461653350277503
10.0,4.0,4.0,3.0,10,0.0,12.0,2.5,2700.3230158449064,0.4872500634749113
10.0,4.0,4.0,3.0,10,0.0,12.0,3.0,2643.2017119444945,0.47694301547067947
10.0,4.0,4.0,3.0,10,0.0,12.0,3.5,2637.148282445557,0.47585072618147556
10.0,4.0,4.0,3.0,10,0.0,12.0,4.0,2466.904821298246,0.44513175783454945
10.0,4.0,4.0,3.0,10,0.0,12.0,4.5,2052.67067899194,0.37038676956911015
10.0,4.0,4.0,3.0,10,0.0,12.0,5.0,1484.0734112614396,0.2677882829555887
10.0,4.0,4.0,3.0,10,0.0,12.0,5.5,946.3594590872364,0.1707624250153126
10.0,4.0,4.0,3.0,10,0.0,12.0,6.0,597.4890427337372,0.10781175892265857
10.0,4.0,4.0,3.0,10,0.0,12.0,6.5,478.4617607519526,0.08633430960990505
10.0,4.0,4.0,3.0,10,0.0,12.0,7.0,507.86678223941163,0.09164019283282851
10.0,4.0,4.0,3.0,10,0.0,12.0,7.5,551.7102416416731,0.09955136799645144
10.0,4.0,4.0,3.0,10,0.0,12.0,8.0,513.2164466970487,0.09260549377321899
10.0,4.0,4.0,3.0,10,0.0,12.0,8.5,382.89632645000063,0.06909034892208933
10.0,4.0,4.0,3.0,10,0.0,12.0,9.0,223.99636601918587,0.040418217717130465
10.0,4.0,4.0,3.0,10,0.0,12.0,9.5,114.20639524216062,0.02060756176370704
10.0,4.0,4.0,3.0,10,0.0,12.0,10.0,89.49334748686132,0.01614830484637841
10.0,4.0,4.0,3.0,10,0.0,12.0,10.5,126.68949278300254,0.022860029351269188
10.0,4.0,4.0,3.0,10,0.0,12.0,11.0,169.38828030142344,0.0305646583184606
10.0,4.0,4.0,3.0,10,0.0,12.0,11.5,171.85577846094293,0.031009897139074035
10.0,4.0,4.0,3.0,10,0.0,12.0,12.0,127.83538670154446,0.023066796053352188
10.0,4.0,4.0,3.0,10,0.0,12.0,12.5,67.1106773605365,0.012109544529262276
10.0,4.0,4.0,3.0,10,0.0,12.0,13.0,27.757549299741612,0.005008611036104239
10.0,4.0,4.0,3.0,10,0.0,12.0,13.5,27.491127343422477,0.004960537485508296
10.0,4.0,4.0,3.0,10,0.0,12.0,14.0,54.25477205467692,0.009789806986919563
10.0,4.0,4.0,3.0,10,0.0,12.0,14.5,79.46103677840217,0.014338060664177392
10.0,4.0,4.0,3.0,10,0.0,12.0,15.0,80.86748299673556,0.014591841787819214
10.0,4.0,4.0,3.0,10,0.0,12.0,15.5,57.3726298156755,0.010352397604056146
10.0,4.0,4.0,3.0,10,0.0,12.0,16.0,26.49831294468831,0.0047813926661798315
10.0,4.0,4.0,3.0,10,0.0,12.0,16.5,8.986106586158554,0.0016214656464452965
10.0,4.0,4.0,3.0,10,0.0,12.0,17.0,13.380315965132105,0.0024143629354968395
10.0,4.0,4.0,3.0,10,0.0,12.0,17.5,31.554615294592505,0.005693758937356578
10.0,4.0,4.0,3.0,10,0.0,12.0,18.0,46.77744821745926,0.008440588210895907
10.0,4.0,4.0,3.0,10,0.0,12.0,18.5,46.80591389806767,0.00844572459813622
10.0,4.0,4.0,3.0,10,0.0,12.0,19.0,32.0160960288407,0.0057770291667830105
10.0,4.0,4.0,3.0,10,0.0,12.0,19.5,13.491332166236969,0.0024343948541664523
10.0,4.0,4.0,3.0,10,0.0,12.0,20.0,3.7745750272044054,0.0006810895995791468
10.0,4.0,4.0,3.0,10,0.0,12.0,20.5,7.779315065796193,0.001403710495877296
10.0,4.0,4.0,3.0,10,0.0,12.0,21.0,20.227039847544482,0.0036497953732923588
10.0,4.0,4.0,3.0,10,0.0,12.0,21.5,30.562445678887702,0.005514730463580161
10.0,4.0,4.0,3.0,10,0.0,12.0,22.0,30.96000297330382,0.00558646625807679
10.0,4.0,4.0,3.0,10,0.0,12.0,22.5,21.463823007443306,0.0038729622572648854
10.0,4.0,4.0,3.0,10,0.0,12.0,23.0,9.058559509234465,0.0016345391532667144
10.0,4.0,4.0,3.0,10,0.0,12.0,23.5,2.0597495418769918,0.00037166408949336835
10.0,4.0,4.0,3.0,10,0.0,12.0,24.0,4.242787057195056,0.0007655744334282852
10.0,4.0,4.0,3.0,10,0.0,12.0,24.5,12.748823793016165,0.00230041560432871
10.0,4.0,4.0,3.0,10,0.0,12.0,25.0,20.736373976393775,0.0037417003362006963
10.0,4.0,4.0,3.0,10,0.0,12.0,25.5,22.424816800718983,0.004046365322018626
10.0,4.0,4.0,3.0,10,0.0,12.0,26.0,16.86368228964885,0.00304290642928182
10.0,4.0,4.0,3.0,10,0.0,12.0,26.5,8.063615018432051,0.0014550099771448704
10.0,4.0,4.0,3.0,10,0.0,12.0,27.0,1.8257647320786194,0.00032944354300413673
10.0,4.0,4.0,3.0,10,0.0,12.0,27.5,1.7382274969239293,0.0003136482018041154
10.0,4.0,4.0,3.0,10,0.0,12.0,28.0,7.0518295247790785,0.0012724419869034687
10.0,4.0,4.0,3.0,10,0.0,12.0,28.5,13.59807938447801,0.0024536564715946334
10.0,4.0,4.0,3.0,10,0.0,12.0,29.0,16.81076909574334,0.003033358698533373
10.0,4.0,4.0,3.0,10,0.0,12.0,29.5,14.680711758899335,0.0026490081721361816
10.0,4.0,4.0,3.0,10,0.0,12.0,30.0,8.777562574045486,0.0015838356730890862
10.0,4.0,4.0,3.0,10,0.0,12.0,30.5,2.9146360235031468,0.0005259210024597065
10.0,4.0,4.0,3.0,10,0.0,12.0,31.0,0.5555465372615027,0.000100243594546128
10.0,4.0,4.0,3.0,10,0.0,12.0,31.5,2.708194407769268,0.000488670388447989
10.0,4.0,4.0,3.0,10,0.0,12.0,32.0,7.542198058610667,0.0013609247713087193
10.0,4.0,4.0,3.0,10,0.0,12.0,32.5,11.768366705779446,0.002123500555578129
10.0,4.0,4.0,3.0,10,0.0,12.0,33.0,12.7519016482689,0.002300970976837281
10.0,4.0,4.0,3.0,10,0.0,12.0,33.5,10.017023909740704,0.00180748581084982
10.0,4.0,4.0,3.0,10,0.0,12.0,34.0,5.323127600347839,0.0009605125927288345
10.0,4.0,4.0,3.0,10,0.0,12.0,34.5,1.428684030622199,0.0002577937456080405
10.0,4.0,4.0,3.0,10,0.0,12.0,35.0,0.4059488382749597,7.324997641260011e-05
10.0,4.0,4.0,3.0,10,0.0,12.0,35.5,2.522171103356539,0.00045510408310190265
10.0,4.0,4.0,3.0,10,0.0,12.0,36.0,6.257113274460729,0.0011290422746690419
10.0,4.0,4.0,3.0,10,0.0,12.0,36.5,9.318344839837339,0.0016814151818319472
10.0,4.0,4.0,3.0,10,0.0,12.0,37.0,9.978321939074341,0.0018005023731080619
10.0,4.0,4.0,3.0,10,0.0,12.0,37.5,7.963965947450794,0.001437029159340508
10.0,4.0,4.0,3.0,10,0.0,12.0,38.0,4.468046930622378,0.0008062206401901348
10.0,4.0,4.0,3.0,10,0.0,12.0,38.5,1.3769425830820456,0.000248457446413355
10.0,4.0,4.0,3.0,10,0.0,12.0,39.0,0.21330004998847515,3.848815948545599e-05
10.0,4.0,4.0,3.0,10,0.0,12.0,39.5,1.378811367586189,0.000248794652504227
10.0,4.0,4.0,3.0,10,0.0,12.0,40.0,4.0528602654296755,0.0007313037773622323
10.0,4.0,4.0,3.0,10,0.0,12.0,40.5,6.722212168273982,0.0012129653698701955
10.0,4.0,4.0,3.0,10,0.0,12.0,41.0,8.00161754548302,0.0014438230663744017
10.0,4.0,4.0,3.0,10,0.0,12.0,41.5,7.304103530928255,0.0013179626615738638
10.0,4.0,4.0,3.0,10,0.0,12.0,42.0,5.050793631722422,0.0009113722703598121
10.0,4.0,4.0,3.0,10,0.0,12.0,42.5,2.3738083517366197,0.0004283333005992399
10.0,4.0,4.0,3.0,10,0.0,12.0,43.0,0.5142782933898422,9.279709487628272e-05
10.0,4.0,4.0,3.0,10,0.0,12.0,43.5,0.23451208326037157,4.231568845051559e-05
10.0,4.0,4.0,3.0,10,0.0,12.0,44.0,1.5142833136550948,0.00027323940001547635
10.0,4.0,4.0,3.0,10,0.0,12.0,44.5,3.6348664960678345,0.0006558803967301383
10.0,4.0,4.0,3.0,10,0.0,12.0,45.0,5.565508358870058,0.0010042481159540423
10.0,4.0,4.0,3.0,10,0.0,12.0,45.5,6.444260502778723,0.0011628113824172733
10.0,4.0,4.0,3.0,10,0.0,12.0,46.0,5.932394605242498,0.0010704495836244238
10.0,4.0,4.0,3.0,10,0.0,12.0,46.5,4.3066460813473535,0.0007770972451026942
10.0,4.0,4.0,3.0,10,0.0,12.0,47.0,2.283619675473842,0.00041205952965557867
10.0,4.0,4.0,3.0,10,0.0,12.0,47.5,0.683189609224149,0.00012327568905889209
10.0,4.0,4.0,3.0,10,0.0,12.0,48.0,0.08859514411352779,1.5986231772860126e-05
10.0,4.0,4.0,3.0,10,0.0,12.0,48.5,0.6396616226242959,0.0001154214382491691
10.0,4.0,4.0,3.0,10,0.0,12.0,49.0,2.0230557603426416,0.00036504301220860046
10.0,4.0,4.0,3.0,10,0.0,12.0,49.5,3.637369720154281,0.0006563320819869969
10.0,4.0,4.0,3.0,10,0.0,12.0,50.0,4.847160711492375,0.000874628461294945
10.0,4.0,4.0,3.0,10,0.0,12.0,50.5,5.219392320317211,0.0009417944536458714
10.0,4.0,4.0,3.0,10,0.0,12.0,51.0,4.658226629925351,0.0008405369312461584
10.0,4.0,4.0,3.0,10,0.0,12.0,51.5,3.4037140017915632,0.0006141709172169044
10.0,4.0,4.0,3.0,10,0.0,12.0,52.0,1.9136249943837318,0.00034529717167518427
10.0,4.0,4.0,3.0,10,0.0,12.0,52.5,0.6854772023225216,0.00012368846555853543
10.0,4.0,4.0,3.0,10,0.0,12.0,53.0,0.08736201743565856,1.5763724669621448e-05
10.0,4.0,4.0,3.0,10,0.0,12.0,53.5,0.25238372221870353,4.554047199150366e-05
10.0,4.0,4.0,3.0,10,0.0,12.0,54.0,1.0618426737782873,0.0001916003778669996
10.0,4.0,4.0,3.0,10,0.0,12.0,54.5,2.209627043167339,0.00039870819554611517
10.0,4.0,4.0,3.0,10,0.0,12.0,55.0,3.3158578775236327,0.0005983180352190762
10.0,4.0,4.0,3.0,10,0.0,12.0,55.5,4.047867435719374,0.0007304028641829611
10.0,4.0,4.0,3.0,10,0.0,12.0,56.0,4.211360269452012,0.000759903739873196
10.0,4.0,4.0,3.0,10,0.0,12.0,56.5,3.789709227017607,0.000683820435770356
10.0,4.0,4.0,3.0,10,0.0,12.0,57.0,2.928141129338471,0.0005283578826539962
10.0,4.0,4.0,3.0,10,0.0,12.0,57.5,1.8757619253540938,0.0003384651065186113
10.0,4.0,4.0,3.0,10,0.0,12.0,58.0,0.9078086625337092,0.00016380626534200876
10.0,4.0,4.0,3.0,10,0.0,12.0,58.5,0.25192692515755527,4.545804689060513e-05
10.0,4.0,4.0,3.0,10,0.0,12.0,59.0,0.036954808778757675,6.668177405997815e-06
10.0,4.0,4.0,3.0,10,0.0,12.0,59.5,0.2735249964346618,4.935523309349837e-05
10.0,4.0,4.0,3.0,10,0.0,12.0,60.0,0.8660431985462784,0.00015627004657872598
10.0,4.0,4.0,3.0,10,0.0,12.0,60.5,1.6479304454195915,0.00029735487548022017
10.0,4.0,4.0,3.0,10,0.0,12.0,61.0,2.427924484335833,0.0004380980912888209
10.0,4.0,4.0,3.0,10,0.0,12.0,61.5,3.0349456182660464,0.0005476298340849933
10.0,4.0,4.0,3.0,10,0.0,12.0,62.0,3.3517599599489456,0.0006047962572088042
10.0,4.0,4.0,3.0,10,0.0,12.0,62.5,3.3320813363811657,0.000601245418836418
10.0,4.0,4.0,3.0,10,0.0,12.0,63.0,3.000427363196134,0.0005414013118396295
10.0,4.0,4.0,3.0,10,0.0,12.0,63.5,2.4378578045589663,0.00043989047348933467
10.0,4.0,4.0,3.0,10,0.0,12.0,64.0,1.7590269203599882,0.0003174012788730416
10.0,4.0,4.0,3.0,10,0.0,12.0,64.5,1.0866327970244858,0.00019607354239375592
10.0,4.0,4.0,3.0,10,0.0,12.0,65.0,0.528604009532019,9.53820471426008e-05
10.0,4.0,4.0,3.0,10,0.0,12.0,65.5,0.16172061535133675,2.91810941256912e-05
10.0,4.0,4.0,3.0,10,0.0,12.0,66.0,0.023377962350200922,4.218352238680368e-06
10.0,4.0,4.0,3.0,10,0.0,12.0,66.5,0.11134914101707924,2.00919948132475e-05
10.0,4.0,4.0,3.0,10,0.0,12.0,67.0,0.3900110042287755,7.037413133588583e-05
10.0,4.0,4.0,3.0,10,0.0,12.0,67.5,0.800716556788143,0.00014448241592991828
10.0,4.0,4.0,3.0,10,0.0,12.0,68.0,1.2738123855370487,0.00022984848926077631
10.0,4.0,4.0,3.0,10,0.0,12.0,68.5,1.740092353751393,0.00031398469917951144
10.0,4.0,4.0,3.0,10,0.0,12.0,69.0,2.1400716717492885,0.00038615752700031457
10.0,4.0,4.0,3.0,10,0.0,12.0,69.5,2.430176853072725,0.00043850451185539
10.0,4.0,4.0,3.0,10,0.0,12.0,70.0,2.5856251418146083,0.00046655381859095845
10.0,4.0,4.0,3.0,10,0.0,12.0,70.5,2.600308727661601,0.0004692033453675718
10.0,4.0,4.0,3.0,10,0.0,12.0,71.0,2.4843540628400165,0.0004482803233946428
10.0,4.0,4.0,3.0,10,0.0,12.0,71.5,2.2601900748693198,0.0004078318597380324
10.0,4.0,4.0,3.0,10,0.0,12.0,72.0,1.9579588260359064,0.0003532968302937474
10.0,4.0,4.0,3.0,10,0.0,12.0,72.5,1.6109839417709904,0.000290688196663529
10.0,4.0,4.0,3.0,10,0.0,12.0,73.0,1.251826534654139,0.00022588133156320147
10.0,4.0,4.0,3.0,10,0.0,12.0,73.5,0.9092512091420603,0.00016406656047053978
10.0,4.0,4.0,3.0,10,0.0,12.0,74.0,0.6062313269562077,0.00010938922892062535
10.0,4.0,4.0,3.0,10,0.0,12.0,74.5,0.358965645481003,6.477226336242766e-05
10.0,4.0,4.0,3.0,10,0.0,12.0,75.0,0.17676822522634136,3.189630590728896e-05
10.0,4.0,4.0,3.0,10,0.0,12.0,75.5,0.0626308610204719,1.130120020036374e-05
10.0,4.0,4.0,3.0,10,0.0,12.0,76.0,0.0142362010969809,2.5688000463067376e-06
10.0,4.0,4.0,3.0,10,0.0,12.0,76.5,0.025210451162110487,4.549009084058041e-06
10.0,4.0,4.0,3.0,10,0.0,12.0,77.0,0.08643625394935353,1.5596678610754397e-05
10.0,4.0,4.0,3.0,10,0.0,12.0,77.5,0.18728885361147382,3.379466281435988e-05
10.0,4.0,4.0,3.0,10,0.0,12.0,78.0,0.316703715278924,5.7146461540680726e-05
10.0,4.0,4.0,3.0,10,0.0,12.0,78.5,0.46402542099905436,8.372939626447548e-05
10.0,4.0,4.0,3.0,10,0.0,12.0,79.0,0.6196222759743926,0.00011180551049909359
10.0,4.0,4.0,3.0,10,0.0,12.0,79.5,0.7752770111767187,0.00013989206872285978
10.0,4.0,4.0,3.0,10,0.0,12.0,80.0,0.9243811695972713,0.00016679663170606114
10.0,4.0,4.0,3.0,10,0.0,12.0,80.5,1.0619701476324295,0.00019162337942761203
10.0,4.0,4.0,3.0,10,0.0,12.0,81.0,1.1846389286165615,0.00021375790591580948
10.0,4.0,4.0,3.0,10,0.0,12.0,81.5,1.290376986050796,0.0002328374289559167
10.0,4.0,4.0,3.0,10,0.0,12.0,82.0,1.378356276800362,0.000248712535286035
10.0,4.0,4.0,3.0,10,0.0,12.0,82.5,1.448700089121479,0.000261405471211631
10.0,4.0,4.0,3.0,10,0.0,12.0,83.0,1.5022538527779792,0.00027106878726227963
10.0,4.0,4.0,3.0,10,0.0,12.0,83.5,1.5403726372160653,0.00027794699406496934
10.0,4.0,4.0,3.0,10,0.0,12.0,84.0,1.5647344477142964,0.00028234287324015487
10.0,4.0,4.0,3.0,10,0.0,12.0,84.5,1.577183828129237,0.00028458925686233985
10.0,4.0,4.0,3.0,10,0.0,12.0,85.0,1.5796067610248574,0.00028502645426437624
10.0,4.0,4.0,3.0,10,0.0,12.0,85.5,1.5738353664434488,0.0002839850557503358
10.0,4.0,4.0,3.0,10,0.0,12.0,86.0,1.5615793096412849,0.00028177355571135326
10.0,4.0,4.0,3.0,10,0.0,12.0,86.5,1.5443799707703623,0.00027867008293887036
10.0,4.0,4.0,3.0,10,0.0,12.0,87.0,1.5235831338457417,0.0002749174725836873
10.0,4.0,4.0,3.0,10,0.0,12.0,87.5,1.5003260583397764,0.0002707209333363348
10.0,4.0,4.0,3.0,10,0.0,12.0,88.0,1.475535166811701,0.00026624763017972156
10.0,4.0,4.0,3.0,10,0.0,12.0,88.5,1.4499311054963637,0.00026162759752884623
10.0,4.0,4.0,3.0,10,0.0,12.0,89.0,1.4240385282849346,0.0002569555046659669
10.0,4.0,4.0,3.0,10,0.0,12.0,89.5,1.3981985592336754,0.0002522929044931219
10.0,4.0,4.0,3.0,10,0.0,12.0,90.0,1.3725824664618997,0.00024767070086941146
10.0,4.0,4.0,3.0,10,20.0,12.0,-90.0,1.3305757434048584,0.0002399303885297344
10.0,4.0,4.0,3.0,10,20.0,12.0,-89.5,1.3559033025305784,0.00024449747246438775
10.0,4.0,4.0,3.0,10,20.0,12.0,-89.0,1.3814715726306053,0.00024910796157749497
10.0,4.0,4.0,3.0,10,20.0,12.0,-88.5,1.4071141447345603,0.000253731848882144
10.0,4.0,4.0,3.0,10,20.0,12.0,-88.0,1.4324994529190023,0.00025830934616918644
10.0,4.0,4.0,3.0,10,20.0,12.0,-87.5,1.4571171861982788,0.0002627484337894851
10.0,4.0,4.0,3.0,10,20.0,12.0,-87.0,1.4802658429006554,0.00026692261644994014
10.0,4.0,4.0,3.0,10,20.0,12.0,-86.5,1.5010428578453534,0.0002706691429388517
10.0,4.0,4.0,3.0,10,20.0,12.0,-86.0,1.5183392987554263,0.0002737880497792214
10.0,4.0,4.0,3.0,10,20.0,12.0,-85.5,1.53084172265239,0.00027604249597518605
10.0,4.0,4.0,3.0,10,20.0,12.0,-85.0,1.537044368426025,0.0002771609615850974
10.0,4.0,4.0,3.0,10,20.0,12.0,-84.5,1.5352753810821806,0.00027684197649701313
10.0,4.0,4.0,3.0,10,20.0,12.0,-84.0,1.5237411347662193,0.0002747621127886123
10.0,4.0,4.0,3.0,10,20.0,12.0,-83.5,1.5005928371768973,0.0002705879948836852
10.0,4.0,4.0,3.0,10,20.0,12.0,-83.0,1.4640193222909064,0.0002639930320039028
10.0,4.0,4.0,3.0,10,20.0,12.0,-82.5,1.4123691138134598,0.00025467942873925585
10.0,4.0,4.0,3.0,10,20.0,12.0,-82.0,1.3443032986344552,0.00024240575130117067
10.0,4.0,4.0,3.0,10,20.0,12.0,-81.5,1.2589783240298713,0.00022701988964719157
10.0,4.0,4.0,3.0,10,20.0,12.0,-81.0,1.1562543944258912,0.00020849663573748554
10.0,4.0,4.0,3.0,10,20.0,12.0,-80.5,1.036920635586996,0.0001869782853054667
10.0,4.0,4.0,3.0,10,20.0,12.0,-80.0,0.9029226792978033,0.00016281567609361823
10.0,4.0,4.0,3.0,10,20.0,12.0,-79.5,0.7575720402691648,0.00013660594284991277
10.0,4.0,4.0,3.0,10,20.0,12.0,-79.0,0.6057100845872184,0.0001092220842381388
10.0,4.0,4.0,3.0,10,20.0,12.0,-78.5,0.45379328634980526,8.182833637676266e-05
10.0,4.0,4.0,3.0,10,20.0,12.0,-78.0,0.30986191084250475,5.5874525766389844e-05
10.0,4.0,4.0,3.0,10,20.0,12.0,-77.5,0.1833526251303331,3.3062279094984234e-05
10.0,4.0,4.0,3.0,10,20.0,12.0,-77.0,0.08471842504718816,1.5276488195391835e-05
10.0,4.0,4.0,3.0,10,20.0,12.0,-76.5,0.024828357610569233,4.477067553339942e-06
10.0,4.0,4.0,3.0,10,20.0,12.0,-76.0,0.014136301037995729,2.5490681137327713e-06
10.0,4.0,4.0,3.0,10,20.0,12.0,-75.5,0.0616334843009987,1.1113794842628805e-05
10.0,4.0,4.0,3.0,10,20.0,12.0,-75.0,0.17363342632032558,3.1309706076693994e-05
10.0,4.0,4.0,3.0,10,20.0,12.0,-74.5,0.3524789891332161,6.355926840729131e-05
10.0,4.0,4.0,3.0,10,20.0,12.0,-74.0,0.595305731553857,0.00010734596371056401
10.0,4.0,4.0,3.0,10,20.0,12.0,-73.5,0.8930378851446251,0.00016103324280226754
10.0,4.0,4.0,3.0,10,20.0,12.0,-73.0,1.2298249048820782,0.00022176292384289923
10.0,4.0,4.0,3.0,10,20.0,12.0,-72.5,1.5831376737385194,0.0002854725400180145
10.0,4.0,4.0,3.0,10,20.0,12.0,-72.0,1.9247233113420248,0.0003470675113322096
10.0,4.0,4.0,3.0,10,20.0,12.0,-71.5,2.2225564769509445,0.0004007730049847011
10.0,4.0,4.0,3.0,10,20.0,12.0,-71.0,2.4438170002658532,0.0004406708639291246
10.0,4.0,4.0,3.0,10,20.0,12.0,-70.5,2.558769174913272,0.00046139912390395045
10.0,4.0,4.0,3.0,10,20.0,12.0,-70.0,2.545227306955286,0.0004589572443967653
10.0,4.0,4.0,3.0,10,20.0,12.0,-69.5,2.3930872672843275,0.0004315232414772672
10.0,4.0,4.0,3.0,10,20.0,12.0,-69.0,2.108219571466552,0.00038015569079410965
10.0,4.0,4.0,3.0,10,20.0,12.0,-68.5,1.7149011343831837,0.00030923222334547265
10.0,4.0,4.0,3.0,10,20.0,12.0,-68.0,1.2559604422388786,0.00022647570300149427
10.0,4.0,4.0,3.0,10,20.0,12.0,-67.5,0.7899699337013134,0.00014244795462357485
10.0,4.0,4.0,3.0,10,20.0,12.0,-67.0,0.3851678227059193,6.945374271930053e-05
10.0,4.0,4.0,3.0,10,20.0,12.0,-66.5,0.11032530555526719,1.98939395654402e-05
10.0,4.0,4.0,3.0,10,20.0,12.0,-66.0,0.02344491338122962,4.227603880865886e-06
10.0,4.0,4.0,3.0,10,20.0,12.0,-65.5,0.15988038677004807,2.8829747953965122e-05
10.0,4.0,4.0,3.0,10,20.0,12.0,-65.0,0.5220579945763644,9.413787835424906e-05
10.0,4.0,4.0,3.0,10,20.0,12.0,-64.5,1.0732736838486787,0.00019353349348275254
10.0,4.0,4.0,3.0,10,20.0,12.0,-64.0,1.7378646395151836,0.0003133730193397138
10.0,4.0,4.0,3.0,10,20.0,12.0,-63.5,2.409286405623473,0.0004344442819177101
10.0,4.0,4.0,3.0,10,20.0,12.0,-63.0,2.966255227203559,0.0005348773060600999
10.0,4.0,4.0,3.0,10,20.0,12.0,-62.5,3.2952833707909526,0.0005942079008942792
10.0,4.0,4.0,3.0,10,20.0,12.0,-62.0,3.315963955644478,0.0005979370390388176
10.0,4.0,4.0,3.0,10,20.0,12.0,-61.5,3.003726958180609,0.0005416342359205518
10.0,4.0,4.0,3.0,10,20.0,12.0,-61.0,2.4040404647159526,0.0004334983300270462
10.0,4.0,4.0,3.0,10,20.0,12.0,-60.5,1.6326619079786988,0.0002944027860575805
10.0,4.0,4.0,3.0,10,20.0,12.0,-60.0,0.8588127339810001,0.0001548617385817229
10.0,4.0,4.0,3.0,10,20.0,12.0,-59.5,0.27191936785971177,4.9032698741667283e-05
10.0,4.0,4.0,3.0,10,20.0,12.0,-59.0,0.037196194679557405,6.707244954320772e-06
10.0,4.0,4.0,3.0,10,20.0,12.0,-58.5,0.24972713870358396,4.5030979793939166e-05
10.0,4.0,4.0,3.0,10,20.0,12.0,-58.0,0.8994281285961037,0.00016218553616227532
10.0,4.0,4.0,3.0,10,20.0,12.0,-57.5,1.8590129888738562,0.00033521857805776266
10.0,4.0,4.0,3.0,10,20.0,12.0,-57.0,2.9030536545174064,0.0005234807523761472
10.0,4.0,4.0,3.0,10,20.0,12.0,-56.5,3.7586340368649074,0.0006777596309537445
10.0,4.0,4.0,3.0,10,20.0,12.0,-56.0,4.178420529548912,0.0007534558374932333
10.0,4.0,4.0,3.0,10,20.0,12.0,-55.5,4.017852080370255,0.0007245020176238972
10.0,4.0,4.0,3.0,10,20.0,12.0,-55.0,3.29283491754413,0.0005937663940189894
10.0,4.0,4.0,3.0,10,20.0,12.0,-54.5,2.1956779673136504,0.0003959262525225875
10.0,4.0,4.0,3.0,10,20.0,12.0,-54.0,1.0563301689128037,0.00019047822651146304
10.0,4.0,4.0,3.0,10,20.0,12.0,-53.5,0.25204006765373915,4.544804882920682e-05
10.0,4.0,4.0,3.0,10,20.0,12.0,-53.0,0.08724463142169897,1.573201557137696e-05
10.0,4.0,4.0,3.0,10,20.0,12.0,-52.5,0.6805464949008602,0.0001227166403291552
10.0,4.0,4.0,3.0,10,20.0,12.0,-52.0,1.9004545251459168,0.0003426913461044586
10.0,4.0,4.0,3.0,10,20.0,12.0,-51.5,3.381741426349176,0.0006097980805322513
10.0,4.0,4.0,3.0,10,20.0,12.0,-51.0,4.6300567852502095,0.0008348952165301884
10.0,4.0,4.0,3.0,10,20.0,12.0,-50.5,5.189963593141744,0.000935858020507131
10.0,4.0,4.0,3.0,10,20.0,12.0,-50.0,4.821996197348969,0.0008695058713142443
10.0,4.0,4.0,3.0,10,20.0,12.0,-49.5,3.6205099926078996,0.0006528530025501044
10.0,4.0,4.0,3.0,10,20.0,12.0,-49.0,2.0154543147796433,0.0003634281920483443
10.0,4.0,4.0,3.0,10,20.0,12.0,-48.5,0.638714541353743,0.00011517347195466323
10.0,4.0,4.0,3.0,10,20.0,12.0,-48.0,0.08907772506533013,1.6062560354195824e-05
10.0,4.0,4.0,3.0,10,20.0,12.0,-47.5,0.6793138480664546,0.00012249436855292238
10.0,4.0,4.0,3.0,10,20.0,12.0,-47.0,2.2714268213593534,0.00040958534113287614
10.0,4.0,4.0,3.0,10,20.0,12.0,-46.5,4.285734653265717,0.000772806798553303
10.0,4.0,4.0,3.0,10,20.0,12.0,-46.0,5.906188344086699,0.0010650081899887247
10.0,4.0,4.0,3.0,10,20.0,12.0,-45.5,6.418603191751458,0.0011574072090584733
10.0,4.0,4.0,3.0,10,20.0,12.0,-45.0,5.546112244712008,0.001000079005121604
10.0,4.0,4.0,3.0,10,20.0,12.0,-44.5,3.624711589886505,0.0006536106376358919
10.0,4.0,4.0,3.0,10,20.0,12.0,-44.0,1.5121751907489807,0.0002726765333275978
10.0,4.0,4.0,3.0,10,20.0,12.0,-43.5,0.23554906330707903,4.247437889741115e-05
10.0,4.0,4.0,3.0,10,20.0,12.0,-43.0,0.5121137563496126,9.234472606419502e-05
10.0,4.0,4.0,3.0,10,20.0,12.0,-42.5,2.3637044811548855,0.000426224916051551
10.0,4.0,4.0,3.0,10,20.0,12.0,-42.0,5.031994957830444,0.0009073730009705771
10.0,4.0,4.0,3.0,10,20.0,12.0,-41.5,7.280297218225973,0.0013127885044041485
10.0,4.0,4.0,3.0,10,20.0,12.0,-41.0,7.979143370678859,0.001438804952330264
10.0,4.0,4.0,3.0,10,20.0,12.0,-40.5,6.7068349827368365,0.0012093813758359154
10.0,4.0,4.0,3.0,10,20.0,12.0,-40.0,4.046733137096732,0.0007297098708377254
10.0,4.0,4.0,3.0,10,20.0,12.0,-39.5,1.3792633975649788,0.0002487097818390897
10.0,4.0,4.0,3.0,10,20.0,12.0,-39.0,0.21419620229993974,3.862401542651666e-05
10.0,4.0,4.0,3.0,10,20.0,12.0,-38.5,1.371990980011752,0.00024739841420162533
10.0,4.0,4.0,3.0,10,20.0,12.0,-38.0,4.454299737250838,0.0008032025774434277
10.0,4.0,4.0,3.0,10,20.0,12.0,-37.5,7.943541445665422,0.001432385187244947
10.0,4.0,4.0,3.0,10,20.0,12.0,-37.0,9.957278048741378,0.001795503640266039
10.0,4.0,4.0,3.0,10,20.0,12.0,-36.5,9.303230213755192,0.0016775652576199644
10.0,4.0,4.0,3.0,10,20.0,12.0,-36.0,6.251124806201269,0.0011272073844227383
10.0,4.0,4.0,3.0,10,20.0,12.0,-35.5,2.523195190783763,0.00045498439713920235
10.0,4.0,4.0,3.0,10,20.0,12.0,-35.0,0.40775413013451434,7.35265221485479e-05
10.0,4.0,4.0,3.0,10,20.0,12.0,-34.5,1.4246718486323582,0.00025689786685501704
10.0,4.0,4.0,3.0,10,20.0,12.0,-34.0,5.310422736046771,0.0009575793010147734
10.0,4.0,4.0,3.0,10,20.0,12.0,-33.5,9.998348878122412,0.0018029095621757633
10.0,4.0,4.0,3.0,10,20.0,12.0,-33.0,12.733945676605908,0.0022961943721342536
10.0,4.0,4.0,3.0,10,20.0,12.0,-32.5,11.7575489031069,0.002120129793784643
10.0,4.0,4.0,3.0,10,20.0,12.0,-32.0,7.54047553269039,0.0013597040478340312
10.0,4.0,4.0,3.0,10,20.0,12.0,-31.5,2.711685456151122,0.000488973099268956
10.0,4.0,4.0,3.0,10,20.0,12.0,-31.0,0.5570139721477201,0.0001004411657256769
10.0,4.0,4.0,3.0,10,20.0,12.0,-30.5,2.908324877793623,0.0005244312632019745
10.0,4.0,4.0,3.0,10,20.0,12.0,-30.0,8.76318954037169,0.001580184729507227
10.0,4.0,4.0,3.0,10,20.0,12.0,-29.5,14.663804655697609,0.0026441879508208753
10.0,4.0,4.0,3.0,10,20.0,12.0,-29.0,16.798943606561508,0.0030291977637420405
10.0,4.0,4.0,3.0,10,20.0,12.0,-28.5,13.595690323651846,0.002451584795418289
10.0,4.0,4.0,3.0,10,20.0,12.0,-28.0,7.056745959928558,0.0012724775784568915
10.0,4.0,4.0,3.0,10,20.0,12.0,-27.5,1.7431797968463505,0.0003143314523863739
10.0,4.0,4.0,3.0,10,20.0,12.0,-27.0,1.82352668374874,0.00032881966163503696
10.0,4.0,4.0,3.0,10,20.0,12.0,-26.5,8.052402238831643,0.0014520150448682264
10.0,4.0,4.0,3.0,10,20.0,12.0,-26.0,16.848740301551533,0.0030381771401027428
10.0,4.0,4.0,3.0,10,20.0,12.0,-25.5,22.414762351009855,0.00404184629573777
10.0,4.0,4.0,3.0,10,20.0,12.0,-25.0,20.736744898486123,0.00373926496480696
10.0,4.0,4.0,3.0,10,20.0,12.0,-24.5,12.757624931612288,0.002300464232667888
10.0,4.0,4.0,3.0,10,20.0,12.0,-24.0,4.251644789567151,0.0007666596894671322
10.0,4.0,4.0,3.0,10,20.0,12.0,-23.5,2.060186010037968,0.00037149424396317913
10.0,4.0,4.0,3.0,10,20.0,12.0,-23.0,9.04880794980122,0.0016316876494164028
10.0,4.0,4.0,3.0,10,20.0,12.0,-22.5,21.450770963452488,0.0038680186656292444
10.0,4.0,4.0,3.0,10,20.0,12.0,-22.0,30.9542731910353,0.0055816971188545434
10.0,4.0,4.0,3.0,10,20.0,12.0,-21.5,30.56999911965462,0.005512404538026083
10.0,4.0,4.0,3.0,10,20.0,12.0,-21.0,20.243863070774054,0.0036503881541418348
10.0,4.0,4.0,3.0,10,20.0,12.0,-20.5,7.7938928562401895,0.0014054004444509416
10.0,4.0,4.0,3.0,10,20.0,12.0,-20.0,3.776900377161634,0.0006810534307589289
10.0,4.0,4.0,3.0,10,20.0,12.0,-19.5,13.481611706493453,0.0024310140559670288
10.0,4.0,4.0,3.0,10,20.0,12.0,-19.0,32.005772695692364,0.005771304276464081
10.0,4.0,4.0,3.0,10,20.0,12.0,-18.5,46.809231292232504,0.008440674727756755
10.0,4.0,4.0,3.0,10,20.0,12.0,-18.0,46.7995922564362,0.008438936609791564
10.0,4.0,4.0,3.0,10,20.0,12.0,-17.5,31.58616839375374,0.005695640922692684
10.0,4.0,4.0,3.0,10,20.0,12.0,-17.0,13.403644936202316,0.002416955031081687
10.0,4.0,4.0,3.0,10,20.0,12.0,-16.5,8.989804693486287,0.0016210481392026244
10.0,4.0,4.0,3.0,10,20.0,12.0,-16.0,26.488303333656734,0.004776390176837875
10.0,4.0,4.0,3.0,10,20.0,12.0,-15.5,57.36976167324938,0.010344957268571478
10.0,4.0,4.0,3.0,10,20.0,12.0,-15.0,80.89166438085161,0.014586443920922402
10.0,4.0,4.0,3.0,10,20.0,12.0,-14.5,79.51369799752302,0.014337968017636418
10.0,4.0,4.0,3.0,10,20.0,12.0,-14.0,54.31480650488792,0.009794085524426913
10.0,4.0,4.0,3.0,10,20.0,12.0,-13.5,27.530162276332284,0.004964258941279391
10.0,4.0,4.0,3.0,10,20.0,12.0,-13.0,27.764459462223115,0.005006507580728026
10.0,4.0,4.0,3.0,10,20.0,12.0,-12.5,67.10540321190531,0.012100495251684398
10.0,4.0,4.0,3.0,10,20.0,12.0,-12.0,127.8579410615789,0.02305543718767637
10.0,4.0,4.0,3.0,10,20.0,12.0,-11.5,171.93547917109777,0.031003531008317427
10.0,4.0,4.0,3.0,10,20.0,12.0,-11.0,169.51648733206497,0.03056733663556852
10.0,4.0,4.0,3.0,10,20.0,12.0,-10.5,126.82053663452831,0.022868371664741326
10.0,4.0,4.0,3.0,10,20.0,12.0,-10.0,89.57866457169595,0.016152890131352807
10.0,4.0,4.0,3.0,10,20.0,12.0,-9.5,114.23916881804202,0.020599690243629204
10.0,4.0,4.0,3.0,10,20.0,12.0,-9.0,224.0303903151726,0.04039732338216255
10.0,4.0,4.0,3.0,10,20.0,12.0,-8.5,383.0174997242223,0.06906599491086479
10.0,4.0,4.0,3.0,10,20.0,12.0,-8.0,513.4810990320851,0.09259128629399405
10.0,4.0,4.0,3.0,10,20.0,12.0,-7.5,552.0953720246871,0.09955424016402353
10.0,4.0,4.0,3.0,10,20.0,12.0,-7.0,508.2767399003633,0.0916528324594705
10.0,4.0,4.0,3.0,10,20.0,12.0,-6.5,478.7987328847087,0.08633733673410149
10.0,4.0,4.0,3.0,10,20.0,12.0,-6.0,597.7445596875798,0.10778573497843938
10.0,4.0,4.0,3.0,10,20.0,12.0,-5.5,946.6589099596408,0.17070222510635474
10.0,4.0,4.0,3.0,10,20.0,12.0,-5.0,1484.629310928549,0.2677094401873026
10.0,4.0,4.0,3.0,10,20.0,12.0,-4.5,2053.66235830348,0.37031789432427537
10.0,4.0,4.0,3.0,10,20.0,12.0,-4.0,2468.360447199828,0.4450965561814563
10.0,4.0,4.0,3.0,10,20.0,12.0,-3.5,2638.915041946016,0.4758510851031016
10.0,4.0,4.0,3.0,10,20.0,12.0,-3.0,2645.037951404256,0.47695517260246384
10.0,4.0,4.0,3.0,10,20.0,12.0,-2.5,2702.0630609714312,0.4872379819518899
10.0,4.0,4.0,3.0,10,20.0,12.0,-2.0,3028.514640413107,0.5461039688600506
10.0,4.0,4.0,3.0,10,20.0,12.0,-1.5,3693.388764978729,0.665994555939435
10.0,4.0,4.0,3.0,10,20.0,12.0,-1.0,4543.034508453713,0.8192032961070063
10.0,4.0,4.0,3.0,10,20.0,12.0,-0.5,5263.026614026171,0.9490327977228183
10.0,4.0,4.0,3.0,10,20.0,12.0,0.0,5545.674108054725,1.0
10.0,4.0,4.0,3.0,10,20.0,12.0,0.5,5263.88106815758,0.9491868735150052
10.0,4.0,4.0,3.0,10,20.0,12.0,1.0,4544.374044882793,0.8194448422929126
10.0,4.0,4.0,3.0,10,20.0,12.0,1.5,3694.6816725829212,0.666227693981628
10.0,4.0,4.0,3.0,10,20.0,12.0,2.0,3029.3547525500744,0.5462554584933393
10.0,4.0,4.0,3.0,10,20.0,12.0,2.5,2702.3667670758305,0.4872927464581486
10.0,4.0,4.0,3.0,10,20.0,12.0,3.0,2645.04102267194,0.47695572641569267
10.0,4.0,4.0,3.0,10,20.0,12.0,3.5,2638.9872152941803,0.47586409945388347
10.0,4.0,4.0,3.0,10,20.0,12.0,4.0,2468.764492390446,0.4451694139049261
10.0,4.0,4.0,3.0,10,20.0,12.0,4.5,2054.407109103026,0.3704521883316467
10.0,4.0,4.0,3.0,10,20.0,12.0,5.0,1485.4944155881408,0.26786543649049954
10.0,4.0,4.0,3.0,10,20.0,12.0,5.5,947.3555851748652,0.1708278500892964
10.0,4.0,4.0,3.0,10,20.0,12.0,6.0,598.0968981401551,0.10784926890519203
10.0,4.0,4.0,3.0,10,20.0,12.0,6.5,478.83143711804036,0.08634323398530926
10.0,4.0,4.0,3.0,10,20.0,12.0,7.0,508.1681792610907,0.09163325672581625
10.0,4.0,4.0,3.0,10,20.0,12.0,7.5,552.0448466356936,0.09954512938902864
10.0,4.0,4.0,3.0,10,20.0,12.0,8.0,513.5863449255369,0.09261026431026421
10.0,4.0,4.0,3.0,10,20.0,12.0,8.5,383.23772636681684,0.06910570633968365
10.0,4.0,4.0,3.0,10,20.0,12.0,9.0,224.24384370622988,0.04043581345332401
10.0,4.0,4.0,3.0,10,20.0,12.0,9.5,114.34179700210791,0.02061819623263365
10.0,4.0,4.0,3.0,10,20.0,12.0,10.0,89.55235237979588,0.016148145497718123
10.0,4.0,4.0,3.0,10,20.0,12.0,10.5,126.73117037936927,0.02285225707643019
10.0,4.0,4.0,3.0,10,20.0,12.0,11.0,169.45534923450913,0.030556312169225094
10.0,4.0,4.0,3.0,10,20.0,12.0,11.5,171.95331691992075,0.031006747524195466
10.0,4.0,4.0,3.0,10,20.0,12.0,12.0,127.93795337562813,0.023069865066504124
10.0,4.0,4.0,3.0,10,20.0,12.0,12.5,67.18730751174067,0.01211526429476906
10.0,4.0,4.0,3.0,10,20.0,12.0,13.0,27.79470747950334,0.005011961925265923
10.0,4.0,4.0,3.0,10,20.0,12.0,13.5,27.49918506769215,0.004958673108423627
10.0,4.0,4.0,3.0,10,20.0,12.0,14.0,54.25726637320468,0.009783709845913879
10.0,4.0,4.0,3.0,10,20.0,12.0,14.5,79.47727314121909,0.014331399860980578
10.0,4.0,4.0,3.0,10,20.0,12.0,15.0,80.90117306855203,0.01458815853442387
10.0,4.0,4.0,3.0,10,20.0,12.0,15.5,57.41276918872023,0.010352712415129474
10.0,4.0,4.0,3.0,10,20.0,12.0,16.0,26.529378201462315,0.004783796826959259
10.0,4.0,4.0,3.0,10,20.0,12.0,16.5,8.999258481748372,0.0016227528531973315
10.0,4.0,4.0,3.0,10,20.0,12.0,17.0,13.378268076889778,0.002412379057301389
10.0,4.0,4.0,3.0,10,20.0,12.0,17.5,31.548228421386113,0.0056887995592031625
10.0,4.0,4.0,3.0,10,20.0,12.0,18.0,46.777662699038636,0.008434982256006925
10.0,4.0,4.0,3.0,10,20.0,12.0,18.5,46.81688029167856,0.008442054000915801
10.0,4.0,4.0,3.0,10,20.0,12.0,19.0,32.03359763356432,0.005776321689555763
10.0,4.0,4.0,3.0,10,20.0,12.0,19.5,13.506659416243327,0.0024355306772581168
10.0,4.0,4.0,3.0,10,20.0,12.0,20.0,3.780666556874053,0.0006817325510316022
10.0,4.0,4.0,3.0,10,20.0,12.0,20.5,7.775089987883982,0.0014020098975147453
10.0,4.0,4.0,3.0,10,20.0,12.0,21.0,20.217509452256472,0.003645636050429266
10.0,4.0,4.0,3.0,10,20.0,12.0,21.5,30.55503758438733,0.0055097066630742245
10.0,4.0,4.0,3.0,10,20.0,12.0,22.0,30.95974458886326,0.005582683725301542
10.0,4.0,4.0,3.0,10,20.0,12.0,22.5,21.470427209259906,0.003871563094209869
10.0,4.0,4.0,3.0,10,20.0,12.0,23.0,9.067021894337453,0.001634972001179839
10.0,4.0,4.0,3.0,10,20.0,12.0,23.5,2.063819498698336,0.000372149437288566
10.0,4.0,4.0,3.0,10,20.0,12.0,24.0,4.238989987999831,0.0007643777664185096
10.0,4.0,4.0,3.0,10,20.0,12.0,24.5,12.738531314248387,0.002297021257658562
10.0,4.0,4.0,3.0,10,20.0,12.0,25.0,20.724751990629322,0.003737102394914982
10.0,4.0,4.0,3.0,10,20.0,12.0,25.5,22.41745048944255,0.004042331022820596
10.0,4.0,4.0,3.0,10,20.0,12.0,26.0,16.863068187404757,0.003040760754930093
10.0,4.0,4.0,3.0,10,20.0,12.0,26.5,8.06770380266355,0.001454774234018862
10.0,4.0,4.0,3.0,10,20.0,12.0,27.0,1.82938995956247,0.0003298769318062527
10.0,4.0,4.0,3.0,10,20.0,12.0,27.5,1.7364390749354377,0.00031311596049493325
10.0,4.0,4.0,3.0,10,20.0,12.0,28.0,7.043001222217861,0.0012699991173279307
10.0,4.0,4.0,3.0,10,20.0,12.0,28.5,13.584866079993525,0.0024496329599069666
10.0,4.0,4.0,3.0,10,20.0,12.0,29.0,16.798380160743953,0.0030290961627812596
10.0,4.0,4.0,3.0,10,20.0,12.0,29.5,14.673642455133555,0.0026459619099905383
10.0,4.0,4.0,3.0,10,20.0,12.0,30.0,8.776840830729915,0.0015826463401414327
10.0,4.0,4.0,3.0,10,20.0,12.0,30.5,2.9172607688512735,0.0005260425895950403
10.0,4.0,4.0,3.0,10,20.0,12.0,31.0,0.5563992634994298,0.00010033032101386856
10.0,4.0,4.0,3.0,10,20.0,12.0,31.5,2.7031911743689667,0.00048744140418254293
10.0,4.0,4.0,3.0,10,20.0,12.0,32.0,7.53074116476834,0.0013579487395103936
10.0,4.0,4.0,3.0,10,20.0,12.0,32.5,11.753646088259567,0.002119426035364785
10.0,4.0,4.0,3.0,10,20.0,12.0,33.0,12.738934406885837,0.0022970939436169494
10.0,4.0,4.0,3.0,10,20.0,12.0,33.5,10.009665614310835,0.0018049502042993216
10.0,4.0,4.0,3.0,10,20.0,12.0,34.0,5.321843906860579,0.0009596387748661523
10.0,4.0,4.0,3.0,10,20.0,12.0,34.5,1.4303523262992768,0.0002579221747310727
10.0,4.0,4.0,3.0,10,20.0,12.0,35.0,0.4057301630661811,7.316155893056984e-05
10.0,4.0,4.0,3.0,10,20.0,12.0,35.5,2.5163044408132396,0.00045374185207862713
10.0,4.0,4.0,3.0,10,20.0,12.0,36.0,6.245014839825476,0.0011261056308294432
10.0,4.0,4.0,3.0,10,20.0,12.0,36.5,9.302864531406524,0.0016774993175121358
10.0,4.0,4.0,3.0,10,20.0,12.0,37.0,9.964092239299998,0.0017967323800776197
10.0,4.0,4.0,3.0,10,20.0,12.0,37.5,7.954831887806865,0.0014344210880067757
10.0,4.0,4.0,3.0,10,20.0,12.0,38.0,4.465012685897534,0.0008051343441570788
10.0,4.0,4.0,3.0,10,20.0,12.0,38.5,1.3777121952949425,0.00024843006791435985
10.0,4.0,4.0,3.0,10,20.0,12.0,39.0,0.21357961169726222,3.8512831359320585e-05
10.0,4.0,4.0,3.0,10,20.0,12.0,39.5,1.3746038307988089,0.0002478695653612764
10.0,4.0,4.0,3.0,10,20.0,12.0,40.0,4.042515209771395,0.0007289492911060007
10.0,4.0,4.0,3.0,10,20.0,12.0,40.5,6.70719608476578,0.0012094464900171506
10.0,4.0,4.0,3.0,10,20.0,12.0,41.0,7.985684832562734,0.0014399845135082954
10.0,4.0,4.0,3.0,10,20.0,12.0,41.5,7.2913690306499825,0.0013147849816958683
10.0,4.0,4.0,3.0,10,20.0,12.0,42.0,5.04371534995684,0.0009094864306272842
10.0,4.0,4.0,3.0,10,20.0,12.0,42.5,2.372062457094591,0.00042773203236903644
10.0,4.0,4.0,3.0,10,20.0,12.0,43.0,0.5150102480450389,9.286702355932177e-05
10.0,4.0,4.0,3.0,10,20.0,12.0,43.5,0.23376145312970592,4.215203572640211e-05
10.0,4.0,4.0,3.0,10,20.0,12.0,44.0,1.5088478872911442,0.0002720765515412531
10.0,4.0,4.0,3.0,10,20.0,12.0,44.5,3.623725981990879,0.0006534329121012821
10.0,4.0,4.0,3.0,10,20.0,12.0,45.0,5.550196321712344,0.0010008154488650983
10.0,4.0,4.0,3.0,10,20.0,12.0,45.5,6.42809085947694,0.0011591180322227308
10.0,4.0,4.0,3.0,10,20.0,12.0,46.0,5.91895894719817,0.0010673109944562506
10.0,4.0,4.0,3.0,10,20.0,12.0,46.5,4.298277683323325,0.000775068566881772
10.0,4.0,4.0,3.0,10,20.0,12.0,47.0,2.2804743154464515,0.00041121679186561166
10.0,4.0,4.0,3.0,10,20.0,12.0,47.5,0.6832786292102325,0.00012320930078055172
10.0,4.0,4.0,3.0,10,20.0,12.0,48.0,0.08868515594588973,1.5991772004251097e-05
10.0,4.0,4.0,3.0,10,20.0,12.0,48.5,0.6366134570818065,0.00011479460290628464
10.0,4.0,4.0,3.0,10,20.0,12.0,49.0,2.015041202267204,0.00036335369929879033
10.0,4.0,4.0,3.0,10,20.0,12.0,49.5,3.624505942970902,0.0006535735552340781
10.0,4.0,4.0,3.0,10,20.0,12.0,50.0,4.831370013293674,0.0008711961646423522
10.0,4.0,4.0,3.0,10,20.0,12.0,50.5,5.203604829010589,0.0009383178181084779
10.0,4.0,4.0,3.0,10,20.0,12.0,51.0,4.645273746143744,0.0008376391500172702
10.0,4.0,4.0,3.0,10,20.0,12.0,51.5,3.3953359758637123,0.0006122494596161377
10.0,4.0,4.0,3.0,10,20.0,12.0,52.0,1.909930627519364,0.00034440008379600163
10.0,4.0,4.0,3.0,10,20.0,12.0,52.5,0.684999880925972,0.00012351967814535925
10.0,4.0,4.0,3.0,10,20.0,12.0,53.0,0.08763715434228325,1.5802795590710257e-05
10.0,4.0,4.0,3.0,10,20.0,12.0,53.5,0.2508070305265835,4.522570667510066e-05
10.0,4.0,4.0,3.0,10,20.0,12.0,54.0,1.0565045082291842,0.00019050966350415022
10.0,4.0,4.0,3.0,10,20.0,12.0,54.5,2.1998614493665007,0.00039668062105765415
10.0,4.0,4.0,3.0,10,20.0,12.0,55.0,3.302365697710212,0.0005954849912499805
10.0,4.0,4.0,3.0,10,20.0,12.0,55.5,4.032420669500168,0.0007271290362416616
10.0,4.0,4.0,3.0,10,20.0,12.0,56.0,4.196219692900226,0.000756665395610877
10.0,4.0,4.0,3.0,10,20.0,12.0,56.5,3.776954715425521,0.0006810632290743056
10.0,4.0,4.0,3.0,10,20.0,12.0,57.0,2.919113397294988,0.0005263766569072582
10.0,4.0,4.0,3.0,10,20.0,12.0,57.5,1.8707569434146438,0.0003373362565062186
10.0,4.0,4.0,3.0,10,20.0,12.0,58.0,0.9060777596185222,0.00016338460247826393
10.0,4.0,4.0,3.0,10,20.0,12.0,58.5,0.25194646991393943,4.5431171216498965e-05
10.0,4.0,4.0,3.0,10,20.0,12.0,59.0,0.03686391521805592,6.647328079468917e-06
10.0,4.0,4.0,3.0,10,20.0,12.0,59.5,0.2716012629997796,4.897533784130891e-05
10.0,4.0,4.0,3.0,10,20.0,12.0,60.0,0.8610958717030482,0.0001552734356410095
10.0,4.0,4.0,3.0,10,20.0,12.0,60.5,1.6395283003064571,0.00029564093893024666
10.0,4.0,4.0,3.0,10,20.0,12.0,61.0,2.4164273608237643,0.0004357319441678088
10.0,4.0,4.0,3.0,10,20.0,12.0,61.5,3.021358711820844,0.0005448136065969906
10.0,4.0,4.0,3.0,10,20.0,12.0,62.0,3.337466927871497,0.000601814470674367
10.0,4.0,4.0,3.0,10,20.0,12.0,62.5,3.31852996814959,0.000598399744285306
10.0,4.0,4.0,3.0,10,20.0,12.0,63.0,2.9888397468300147,0.0005389497631115616
10.0,4.0,4.0,3.0,10,20.0,12.0,63.5,2.429019920107091,0.00043800264364238423
10.0,4.0,4.0,3.0,10,20.0,12.0,64.0,1.753187209416152,0.00031613599632004404
10.0,4.0,4.0,3.0,10,20.0,12.0,64.5,1.0835126351952378,0.00019537978865752446
10.0,4.0,4.0,3.0,10,20.0,12.0,65.0,0.5275009465021222,9.511935541541504e-05
10.0,4.0,4.0,3.0,10,20.0,12.0,65.5,0.161671255351876,2.915267868284203e-05
10.0,4.0,4.0,3.0,10,20.0,12.0,66.0,0.0233424664460502,4.209130574792848e-06
10.0,4.0,4.0,3.0,10,20.0,12.0,66.5,0.11038249126874092,1.9904251335003195e-05
10.0,4.0,4.0,3.0,10,20.0,12.0,67.0,0.3873949874664064,6.985534669333359e-05
10.0,4.0,4.0,3.0,10,20.0,12.0,67.5,0.7960379943819131,0.00014354215175134806
10.0,4.0,4.0,3.0,10,20.0,12.0,68.0,1.266984737144543,0.0002284636118996483
10.0,4.0,4.0,3.0,10,20.0,12.0,68.5,1.7313274052104002,0.00031219422048182774
10.0,4.0,4.0,3.0,10,20.0,12.0,69.0,2.129814406028481,0.00038404968711289156
10.0,4.0,4.0,3.0,10,20.0,12.0,69.5,2.419019485961227,0.0004361993580632084
10.0,4.0,4.0,3.0,10,20.0,12.0,70.0,2.5742160541769143,0.00046418451643922523
10.0,4.0,4.0,3.0,10,20.0,12.0,70.5,2.589269449573633,0.00046689895567662186
10.0,4.0,4.0,3.0,10,20.0,12.0,71.0,2.4742135410299095,0.00044615199032995426
10.0,4.0,4.0,3.0,10,20.0,12.0,71.5,2.251341121184572,0.00040596347302749864
10.0,4.0,4.0,3.0,10,20.0,12.0,72.0,1.9506376523409366,0.0003517404042022167
10.0,4.0,4.0,3.0,10,20.0,12.0,72.5,1.6052705307593553,0.00028946355293900264
10.0,4.0,4.0,3.0,10,20.0,12.0,73.0,1.247661509548694,0.00022497923340582675
10.0,4.0,4.0,3.0,10,20.0,12.0,73.5,0.9064638584309302,0.00016345422409772535
10.0,4.0,4.0,3.0,10,20.0,12.0,74.0,0.6045733641359694,0.00010901710997728238
10.0,4.0,4.0,3.0,10,20.0,12.0,74.5,0.3581458992326649,6.45811297696851e-05
10.0,4.0,4.0,3.0,10,20.0,12.0,75.0,0.17648449549631112,3.182381294998548e-05
10.0,4.0,4.0,3.0,10,20.0,12.0,75.5,0.06259639301347705,1.1287427243977414e-05
10.0,4.0,4.0,3.0,10,20.0,12.0,76.0,0.014199422445368481,2.560450211948942e-06
10.0,4.0,4.0,3.0,10,20.0,12.0,76.5,0.02496764908638706,4.502184693854115e-06
10.0,4.0,4.0,3.0,10,20.0,12.0,77.0,0.08583766198371538,1.5478309816121695e-05
10.0,4.0,4.0,3.0,10,20.0,12.0,77.5,0.18623914701391914,3.35827788263683e-05
10.0,4.0,4.0,3.0,10,20.0,12.0,78.0,0.315158195619084,5.6829555700241655e-05
10.0,4.0,4.0,3.0,10,20.0,12.0,78.5,0.4619832438252416,8.330515548222378e-05
10.0,4.0,4.0,3.0,10,20.0,12.0,79.0,0.6171179932860338,0.00011127916665526931
10.0,4.0,4.0,3.0,10,20.0,12.0,79.5,0.7723715169070078,0.00013927459527150887
10.0,4.0,4.0,3.0,10,20.0,12.0,80.0,0.9211529003914506,0.00016610296285775913
10.0,4.0,4.0,3.0,10,20.0,12.0,80.5,1.0585071424532886,0.00019087077996809745
10.0,4.0,4.0,3.0,10,20.0,12.0,81.0,1.1810321177351462,0.00021296457287668148
10.0,4.0,4.0,3.0,10,20.0,12.0,81.5,1.2867148807577347,0.00023202136578650848
10.0,4.0,4.0,3.0,10,20.0,12.0,82.0,1.3747210744972074,0.0002478907068304854
10.0,4.0,4.0,3.0,10,20.0,12.0,82.5,1.445165095997399,0.0002605932241669939
10.0,4.0,4.0,3.0,10,20.0,12.0,83.0,1.4988820547699109,0.00027027950535226796
10.0,4.0,4.0,3.0,10,20.0,12.0,83.5,1.5372162131581488,0.000277191948752532
10.0,4.0,4.0,3.0,10,20.0,12.0,84.0,1.5618350089405701,0.0002816312279641726
10.0,4.0,4.0,3.0,10,20.0,12.0,84.5,1.5745731786294892,0.0002839281840132881
10.0,4.0,4.0,3.0,10,20.0,12.0,85.0,1.5773079945771447,0.0002844213280196557
10.0,4.0,4.0,3.0,10,20.0,12.0,85.5,1.5718641461158842,0.000283439689294554
10.0,4.0,4.0,3.0,10,20.0,12.0,86.0,1.5599452061364627,0.00028129045734417486
10.0,4.0,4.0,3.0,10,20.0,12.0,86.5,1.5430877660501863,0.00027825071145254517
10.0,4.0,4.0,3.0,10,20.0,12.0,87.0,1.522634023244152,0.00027456247763146173
10.0,4.0,4.0,3.0,10,20.0,12.0,87.5,1.4997187068295663,0.000270430371061892
10.0,4.0,4.0,3.0,10,20.0,12.0,88.0,1.475266592854192,0.00026602114803527037
10.0,4.0,4.0,3.0,10,20.0,12.0,88.5,1.449997379119156,0.00026146458498402036
10.0,4.0,4.0,3.0,10,20.0,12.0,89.0,1.4244352791976267,0.00025685520848200017
10.0,4.0,4.0,3.0,10,20.0,12.0,89.5,1.3989212966161568,0.0002522545085338347
10.0,4.0,4.0,3.0,10,20.0,12.0,90.0,1.3736267153569903,0.00024769337119213123
