2026-05-30 11:17:37 [INFO] D11_scaled_deep_groove: Starting D11 mode=smoke
2026-05-30 11:17:38 [INFO] D11_scaled_deep_groove: Prepared 10 D11 single-wavelength tasks; workers=1; task_timeout_s=None (not enforced)
2026-05-30 11:17:38 [INFO] D11_scaled_deep_groove: >>> task=1/10 case=scaled_inner_wall_film_3um pol=Ez wl=8.1014 res=24 pml=4
2026-05-30 11:17:38 [INFO] D11_scaled_deep_groove: [single ref] wl=8.1014 um, f=0.123435, res=24, comp=Ez
Using MPI version 4.1, 16 processes
-----------
Initializing structure...
Splitting into 16 chunks by voxels
time for choose_chunkdivision = 0.000495177 s
Working in 2D dimensions.
Computational cell is 50 x 49 x 0 with resolution 24
time for set_epsilon = 0.124573 s
-----------
field decay(t = 20.010416666666664): 1.9111708910067478e-10 / 1.9111708910067478e-10 = 1.0
field decay(t = 40.010416666666664): 7.26610522027444e-11 / 1.9111708910067478e-10 = 0.38019128767950583
on time step 4356 (time=45.375), 0.000918437 s/step
field decay(t = 60.02083333333333): 2.2144713518604825e-10 / 2.2144713518604825e-10 = 1.0
field decay(t = 80.02083333333333): 7.60034006093378e-10 / 7.60034006093378e-10 = 1.0
on time step 8725 (time=90.8854), 0.000915613 s/step
field decay(t = 100.03125): 2.6791413295867036e-09 / 2.6791413295867036e-09 = 1.0
field decay(t = 120.04166666666666): 9.250320027868942e-09 / 9.250320027868942e-09 = 1.0
on time step 13062 (time=136.062), 0.000922455 s/step
field decay(t = 140.04166666666666): 3.104266453705295e-08 / 3.104266453705295e-08 = 1.0
field decay(t = 160.05208333333331): 9.967146010509074e-08 / 9.967146010509074e-08 = 1.0
field decay(t = 180.0625): 3.072337573187993e-07 / 3.072337573187993e-07 = 1.0
on time step 17398 (time=181.229), 0.000922757 s/step
field decay(t = 200.07291666666666): 8.938923416722502e-07 / 8.938923416722502e-07 = 1.0
field decay(t = 220.08333333333331): 2.3383689517352945e-06 / 2.3383689517352945e-06 = 1.0
on time step 21713 (time=226.177), 0.000927053 s/step
field decay(t = 240.09375): 5.699747294648301e-06 / 5.699747294648301e-06 = 1.0
field decay(t = 260.10416666666663): 1.4863428406950644e-05 / 1.4863428406950644e-05 = 1.0
on time step 26016 (time=271), 0.000929713 s/step
field decay(t = 280.1145833333333): 3.704061660142078e-05 / 3.704061660142078e-05 = 1.0
field decay(t = 300.125): 8.823770927168415e-05 / 8.823770927168415e-05 = 1.0
on time step 30319 (time=315.823), 0.000929739 s/step
field decay(t = 320.13541666666663): 0.00020096662314850736 / 0.00020096662314850736 = 1.0
field decay(t = 340.1458333333333): 0.00043761750595512183 / 0.00043761750595512183 = 1.0
field decay(t = 360.15625): 0.0009110383048306585 / 0.0009110383048306585 = 1.0
on time step 34608 (time=360.5), 0.000932773 s/step
field decay(t = 380.16666666666663): 0.0018131890495631763 / 0.0018131890495631763 = 1.0
field decay(t = 400.1770833333333): 0.0034499732625790855 / 0.0034499732625790855 = 1.0
on time step 38890 (time=405.104), 0.000934176 s/step
field decay(t = 420.1875): 0.006275543206378942 / 0.006275543206378942 = 1.0
field decay(t = 440.19791666666663): 0.010913058497430813 / 0.010913058497430813 = 1.0
on time step 43165 (time=449.635), 0.000935776 s/step
field decay(t = 460.2083333333333): 0.018142697351559437 / 0.018142697351559437 = 1.0
field decay(t = 480.21875): 0.02883506435427086 / 0.02883506435427086 = 1.0
on time step 47450 (time=494.271), 0.000933779 s/step
field decay(t = 500.22916666666663): 0.04381333958616929 / 0.04381333958616929 = 1.0
field decay(t = 520.2291666666666): 0.063644104144541 / 0.063644104144541 = 1.0
on time step 51719 (time=538.74), 0.000937059 s/step
field decay(t = 540.2395833333333): 0.08670173356967253 / 0.08670173356967253 = 1.0
field decay(t = 560.25): 0.11127470208868778 / 0.11127470208868778 = 1.0
field decay(t = 580.2604166666666): 0.14251060262369883 / 0.14251060262369883 = 1.0
on time step 55981 (time=583.135), 0.000938675 s/step
field decay(t = 600.2708333333333): 0.17448590530135338 / 0.17448590530135338 = 1.0
field decay(t = 620.28125): 0.20423782279786878 / 0.20423782279786878 = 1.0
on time step 60237 (time=627.469), 0.000939933 s/step
field decay(t = 640.2916666666666): 0.22854708350782987 / 0.22854708350782987 = 1.0
field decay(t = 660.3020833333333): 0.24450057967756345 / 0.24450057967756345 = 1.0
on time step 64486 (time=671.729), 0.000941544 s/step
field decay(t = 680.3125): 0.2500627969509618 / 0.2500627969509618 = 1.0
field decay(t = 700.3229166666666): 0.24983963625582134 / 0.2500627969509618 = 0.9991075813841105
on time step 68738 (time=716.021), 0.000940839 s/step
field decay(t = 720.3333333333333): 0.2420954696985989 / 0.2500627969509618 = 0.9681386941619896
field decay(t = 740.34375): 0.22427183972420733 / 0.2500627969509618 = 0.8968620780810823
on time step 72985 (time=760.26), 0.000941905 s/step
field decay(t = 760.3541666666666): 0.19862143209265923 / 0.2500627969509618 = 0.7942862133610766
field decay(t = 780.3645833333333): 0.16816738045327076 / 0.2500627969509618 = 0.6725005978648195
field decay(t = 800.375): 0.13612017360425532 / 0.2500627969509618 = 0.5443439618527061
on time step 77229 (time=804.469), 0.000942694 s/step
field decay(t = 820.3854166666666): 0.10533391785620762 / 0.2500627969509618 = 0.4212298636204728
field decay(t = 840.3958333333333): 0.07792519533196987 / 0.2500627969509618 = 0.31162250555507975
on time step 81473 (time=848.677), 0.000942544 s/step
field decay(t = 860.40625): 0.056313475756715296 / 0.2500627969509618 = 0.22519733620254825
field decay(t = 880.4166666666666): 0.040377690950646423 / 0.2500627969509618 = 0.1614702044565415
on time step 85717 (time=892.885), 0.000942595 s/step
field decay(t = 900.4270833333333): 0.02637843551557635 / 0.2500627969509618 = 0.1054872449529118
field decay(t = 920.4375): 0.016448139974324007 / 0.2500627969509618 = 0.06577603775882562
on time step 89968 (time=937.167), 0.00094104 s/step
field decay(t = 940.4479166666666): 0.0098050038217849 / 0.2500627969509618 = 0.039210166171610474
field decay(t = 960.4583333333333): 0.005587853729566293 / 0.2500627969509618 = 0.02234580192535434
field decay(t = 980.46875): 0.003044486775059864 / 0.2500627969509618 = 0.012174888916630404
on time step 94279 (time=982.073), 0.000927915 s/step
field decay(t = 1000.4791666666666): 0.001585805299313103 / 0.2500627969509618 = 0.006341628257577576
field decay(t = 1020.4895833333333): 0.0007896755407242995 / 0.2500627969509618 = 0.0031579089346871446
on time step 98593 (time=1027.01), 0.000927347 s/step
field decay(t = 1040.4895833333333): 0.00037591979716990263 / 0.2500627969509618 = 0.0015033015776577986
field decay(t = 1060.5): 0.00017107401894805852 / 0.2500627969509618 = 0.000684124232128807
on time step 102911 (time=1071.99), 0.000926472 s/step
field decay(t = 1080.5104166666665): 7.442694952834191e-05 / 0.2500627969509618 = 0.0002976330363246209
field decay(t = 1100.5208333333333): 3.0958433836171696e-05 / 0.2500627969509618 = 0.0001238026376320295
on time step 107210 (time=1116.77), 0.000930471 s/step
field decay(t = 1120.53125): 1.2314193688986034e-05 / 0.2500627969509618 = 4.9244405161959746e-05
field decay(t = 1140.5416666666665): 4.6826769321139275e-06 / 0.2500627969509618 = 1.8726003984639977e-05
field decay(t = 1160.5520833333333): 1.7023796374902975e-06 / 0.2500627969509618 = 6.8078085114921765e-06
on time step 111530 (time=1161.77), 0.000926125 s/step
field decay(t = 1180.5625): 6.293758555699007e-07 / 0.2500627969509618 = 2.5168712149265596e-06
field decay(t = 1200.5729166666665): 2.3605403696892287e-07 / 0.2500627969509618 = 9.439790318558019e-07
on time step 115837 (time=1206.64), 0.000928779 s/step
field decay(t = 1220.5833333333333): 7.888359921060714e-08 / 0.2500627969509618 = 3.1545515835398937e-07
field decay(t = 1240.59375): 2.423001994107967e-08 / 0.2500627969509618 = 9.689574073600106e-08
on time step 120162 (time=1251.69), 0.00092492 s/step
field decay(t = 1260.6041666666665): 7.14180171665077e-09 / 0.2500627969509618 = 2.8560032934652423e-08
field decay(t = 1280.6145833333333): 2.0135643798566507e-09 / 0.2500627969509618 = 8.052234896226958e-09
on time step 124473 (time=1296.59), 0.000927892 s/step
field decay(t = 1300.625): 5.475258778234521e-10 / 0.2500627969509618 = 2.1895535221531728e-09
field decay(t = 1320.6354166666665): 1.4679374496429183e-10 / 0.2500627969509618 = 5.870275257021884e-10
field decay(t = 1340.6458333333333): 3.902720867292272e-11 / 0.2500627969509618 = 1.5606963190360578e-10
on time step 128854 (time=1342.23), 0.000913034 s/step
/home/gyh/miniforge3/envs/meep_mpi/lib/python3.11/site-packages/meep/simulation.py:2479: RuntimeWarning: Epsilon < 1 may require adjusting the Courant parameter. See the 'Numerical Stability' entry under the 'Materials' section of the documentation
  warnings.warn(eps_warning, RuntimeWarning)
/home/gyh/miniforge3/envs/meep_mpi/lib/python3.11/site-packages/meep/simulation.py:2479: RuntimeWarning: Epsilon < 1 may require adjusting the Courant parameter. See the 'Numerical Stability' entry under the 'Materials' section of the documentation
  warnings.warn(eps_warning, RuntimeWarning)
/home/gyh/miniforge3/envs/meep_mpi/lib/python3.11/site-packages/meep/simulation.py:2479: RuntimeWarning: Epsilon < 1 may require adjusting the Courant parameter. See the 'Numerical Stability' entry under the 'Materials' section of the documentation
  warnings.warn(eps_warning, RuntimeWarning)
/home/gyh/miniforge3/envs/meep_mpi/lib/python3.11/site-packages/meep/simulation.py:2479: RuntimeWarning: Epsilon < 1 may require adjusting the Courant parameter. See the 'Numerical Stability' entry under the 'Materials' section of the documentation
  warnings.warn(eps_warning, RuntimeWarning)
/home/gyh/miniforge3/envs/meep_mpi/lib/python3.11/site-packages/meep/simulation.py:2479: RuntimeWarning: Epsilon < 1 may require adjusting the Courant parameter. See the 'Numerical Stability' entry under the 'Materials' section of the documentation
  warnings.warn(eps_warning, RuntimeWarning)
/home/gyh/miniforge3/envs/meep_mpi/lib/python3.11/site-packages/meep/simulation.py:2479: RuntimeWarning: Epsilon < 1 may require adjusting the Courant parameter. See the 'Numerical Stability' entry under the 'Materials' section of the documentation
  warnings.warn(eps_warning, RuntimeWarning)
/home/gyh/miniforge3/envs/meep_mpi/lib/python3.11/site-packages/meep/simulation.py:2479: RuntimeWarning: Epsilon < 1 may require adjusting the Courant parameter. See the 'Numerical Stability' entry under the 'Materials' section of the documentation
  warnings.warn(eps_warning, RuntimeWarning)
/home/gyh/miniforge3/envs/meep_mpi/lib/python3.11/site-packages/meep/simulation.py:2479: RuntimeWarning: Epsilon < 1 may require adjusting the Courant parameter. See the 'Numerical Stability' entry under the 'Materials' section of the documentation
  warnings.warn(eps_warning, RuntimeWarning)
/home/gyh/miniforge3/envs/meep_mpi/lib/python3.11/site-packages/meep/simulation.py:2479: RuntimeWarning: Epsilon < 1 may require adjusting the Courant parameter. See the 'Numerical Stability' entry under the 'Materials' section of the documentation
  warnings.warn(eps_warning, RuntimeWarning)
/home/gyh/miniforge3/envs/meep_mpi/lib/python3.11/site-packages/meep/simulation.py:2479: RuntimeWarning: Epsilon < 1 may require adjusting the Courant parameter. See the 'Numerical Stability' entry under the 'Materials' section of the documentation
  warnings.warn(eps_warning, RuntimeWarning)
/home/gyh/miniforge3/envs/meep_mpi/lib/python3.11/site-packages/meep/simulation.py:2479: RuntimeWarning: Epsilon < 1 may require adjusting the Courant parameter. See the 'Numerical Stability' entry under the 'Materials' section of the documentation
  warnings.warn(eps_warning, RuntimeWarning)
/home/gyh/miniforge3/envs/meep_mpi/lib/python3.11/site-packages/meep/simulation.py:2479: RuntimeWarning: Epsilon < 1 may require adjusting the Courant parameter. See the 'Numerical Stability' entry under the 'Materials' section of the documentation
  warnings.warn(eps_warning, RuntimeWarning)
/home/gyh/miniforge3/envs/meep_mpi/lib/python3.11/site-packages/meep/simulation.py:2479: RuntimeWarning: Epsilon < 1 may require adjusting the Courant parameter. See the 'Numerical Stability' entry under the 'Materials' section of the documentation
  warnings.warn(eps_warning, RuntimeWarning)
/home/gyh/miniforge3/envs/meep_mpi/lib/python3.11/site-packages/meep/simulation.py:2479: RuntimeWarning: Epsilon < 1 may require adjusting the Courant parameter. See the 'Numerical Stability' entry under the 'Materials' section of the documentation
  warnings.warn(eps_warning, RuntimeWarning)
field decay(t = 1360.65625): 1.8362674594445667e-10 / 0.2500627969509618 = 7.343225309139709e-10
run 0 finished at t = 1360.65625 (130623 timesteps)
-----------
Initializing structure...
Splitting into 16 chunks by voxels
/home/gyh/miniforge3/envs/meep_mpi/lib/python3.11/site-packages/meep/simulation.py:2479: RuntimeWarning: Epsilon < 1 may require adjusting the Courant parameter. See the 'Numerical Stability' entry under the 'Materials' section of the documentation
  warnings.warn(eps_warning, RuntimeWarning)
/home/gyh/miniforge3/envs/meep_mpi/lib/python3.11/site-packages/meep/simulation.py:2479: RuntimeWarning: Epsilon < 1 may require adjusting the Courant parameter. See the 'Numerical Stability' entry under the 'Materials' section of the documentation
  warnings.warn(eps_warning, RuntimeWarning)
time for choose_chunkdivision = 0.000688603 s
Working in 2D dimensions.
Computational cell is 50 x 49 x 0 with resolution 24
     block, center = (0,-4,0)
          size (50,25,1e+20)
          axes (1,0,0), (0,1,0), (0,0,1)
          dielectric constant epsilon diagonal = (1,1,1)
     prism, center = (2.72978,1,5e+19)
          height 1e+20, axis (0,0,1), sidewall angle: 0 radians, 4 vertices:
          (-10,8.5,0)
          (10,8.5,0)
          (15.4596,-6.5,0)
          (-4.54045,-6.5,0)
          dielectric constant epsilon diagonal = (0.969194,0.969194,0.969194)
     prism, center = (2.18382,2.5,5e+19)
          height 1e+20, axis (0,0,1), sidewall angle: 0 radians, 4 vertices:
          (-7,8.5,0)
          (7,8.5,0)
          (11.3676,-3.5,0)
          (-2.63236,-3.5,0)
          dielectric constant epsilon diagonal = (1,1,1)
time for set_epsilon = 1.58366 s
time for set_conductivity = 0.0659687 s
time for set_conductivity = 0.0657137 s
time for set_conductivity = 0.0674709 s
lorentzian susceptibility: frequency=15.6714, gamma=1.42115
lorentzian susceptibility: frequency=2.02365, gamma=1.3413
lorentzian susceptibility: frequency=1.24613, gamma=2.0309
lorentzian susceptibility: frequency=0.626693, gamma=1.83572
drude susceptibility: frequency=1e-10, gamma=0.0661375
-----------
2026-05-30 11:19:43 [INFO] D11_scaled_deep_groove: [single struct] 3 geometry objects
on time step 418 (time=4.35417), 0.00957967 s/step
on time step 827 (time=8.61458), 0.00979156 s/step
on time step 1237 (time=12.8854), 0.00975779 s/step
on time step 1647 (time=17.1562), 0.00975874 s/step
field decay(t = 20.010416666666664): 1.9111708910067478e-10 / 1.9111708910067478e-10 = 1.0
on time step 2057 (time=21.4271), 0.00977007 s/step
on time step 2468 (time=25.7083), 0.00975297 s/step
on time step 2879 (time=29.9896), 0.00974608 s/step
on time step 3290 (time=34.2708), 0.00974549 s/step
on time step 3701 (time=38.5521), 0.0097416 s/step
field decay(t = 40.010416666666664): 7.916429199845265e-11 / 1.9111708910067478e-10 = 0.4142188036191325
on time step 4112 (time=42.8333), 0.0097455 s/step
on time step 4523 (time=47.1146), 0.00973268 s/step
on time step 4934 (time=51.3958), 0.00974731 s/step
on time step 5345 (time=55.6771), 0.00974468 s/step
on time step 5756 (time=59.9583), 0.00973502 s/step
field decay(t = 60.02083333333333): 2.3644306989708916e-10 / 2.3644306989708916e-10 = 1.0
on time step 6167 (time=64.2396), 0.00975004 s/step
on time step 6578 (time=68.5208), 0.0097445 s/step
on time step 6988 (time=72.7917), 0.00976265 s/step
on time step 7398 (time=77.0625), 0.00977431 s/step
field decay(t = 80.02083333333333): 7.940893491212332e-10 / 7.940893491212332e-10 = 1.0
on time step 7808 (time=81.3333), 0.00977442 s/step
on time step 8217 (time=85.5938), 0.00978328 s/step
on time step 8626 (time=89.8542), 0.00978645 s/step
on time step 9036 (time=94.125), 0.00977431 s/step
on time step 9445 (time=98.3854), 0.00979135 s/step
field decay(t = 100.03125): 2.765584692314216e-09 / 2.765584692314216e-09 = 1.0
on time step 9852 (time=102.625), 0.00983643 s/step
on time step 10260 (time=106.875), 0.00981732 s/step
on time step 10667 (time=111.115), 0.00983551 s/step
on time step 11074 (time=115.354), 0.00984122 s/step
on time step 11482 (time=119.604), 0.00982431 s/step
field decay(t = 120.04166666666666): 9.587473243047672e-09 / 9.587473243047672e-09 = 1.0
on time step 11890 (time=123.854), 0.00982121 s/step
on time step 12297 (time=128.094), 0.00983374 s/step
on time step 12704 (time=132.333), 0.00983319 s/step
on time step 13111 (time=136.573), 0.009831 s/step
field decay(t = 140.04166666666666): 3.21941066320774e-08 / 3.21941066320774e-08 = 1.0
on time step 13518 (time=140.812), 0.00984626 s/step
on time step 13926 (time=145.062), 0.00981982 s/step
on time step 14333 (time=149.302), 0.00983573 s/step
on time step 14741 (time=153.552), 0.009814 s/step
on time step 15149 (time=157.802), 0.00981762 s/step
field decay(t = 160.05208333333331): 1.0343236613452947e-07 / 1.0343236613452947e-07 = 1.0
on time step 15557 (time=162.052), 0.00981407 s/step
on time step 15964 (time=166.292), 0.00983151 s/step
on time step 16371 (time=170.531), 0.00983937 s/step
on time step 16779 (time=174.781), 0.00982471 s/step
on time step 17187 (time=179.031), 0.00982246 s/step
field decay(t = 180.0625): 3.192557896818665e-07 / 3.192557896818665e-07 = 1.0
on time step 17595 (time=183.281), 0.00982605 s/step
on time step 18001 (time=187.51), 0.00987081 s/step
on time step 18401 (time=191.677), 0.0100195 s/step
on time step 18801 (time=195.844), 0.0100043 s/step
on time step 19201 (time=200.01), 0.0100118 s/step
field decay(t = 200.07291666666666): 9.458509542313009e-07 / 9.458509542313009e-07 = 1.0
on time step 19602 (time=204.188), 0.00999527 s/step
on time step 20002 (time=208.354), 0.0100043 s/step
on time step 20403 (time=212.531), 0.0099849 s/step
on time step 20805 (time=216.719), 0.0099745 s/step
field decay(t = 220.08333333333331): 2.6799757986998274e-06 / 2.6799757986998274e-06 = 1.0
on time step 21206 (time=220.896), 0.00999305 s/step
on time step 21606 (time=225.062), 0.010017 s/step
on time step 22007 (time=229.24), 0.00999979 s/step
on time step 22407 (time=233.406), 0.0100123 s/step
on time step 22807 (time=237.573), 0.0100047 s/step
field decay(t = 240.09375): 7.100505847226749e-06 / 7.100505847226749e-06 = 1.0
on time step 23207 (time=241.74), 0.010006 s/step
on time step 23607 (time=245.906), 0.010009 s/step
on time step 24006 (time=250.062), 0.0100266 s/step
on time step 24405 (time=254.219), 0.0100411 s/step
on time step 24806 (time=258.396), 0.00997784 s/step
field decay(t = 260.10416666666663): 1.6935701479610764e-05 / 1.6935701479610764e-05 = 1.0
on time step 25206 (time=262.562), 0.0100137 s/step
on time step 25606 (time=266.729), 0.0100086 s/step
on time step 26006 (time=270.896), 0.0100186 s/step
on time step 26406 (time=275.062), 0.0100081 s/step
on time step 26807 (time=279.24), 0.00999674 s/step
field decay(t = 280.1145833333333): 3.889605356631504e-05 / 3.889605356631504e-05 = 1.0
on time step 27208 (time=283.417), 0.00998453 s/step
on time step 27608 (time=287.583), 0.0100186 s/step
on time step 28009 (time=291.76), 0.00998775 s/step
on time step 28408 (time=295.917), 0.0100306 s/step
on time step 28809 (time=300.094), 0.00999087 s/step
field decay(t = 300.125): 9.294447523536255e-05 / 9.294447523536255e-05 = 1.0
on time step 29211 (time=304.281), 0.00997445 s/step
on time step 29611 (time=308.448), 0.0100026 s/step
on time step 30011 (time=312.615), 0.0100016 s/step
on time step 30411 (time=316.781), 0.0100137 s/step
field decay(t = 320.13541666666663): 0.00021232421822853063 / 0.00021232421822853063 = 1.0
on time step 30811 (time=320.948), 0.0100232 s/step
on time step 31211 (time=325.115), 0.0100079 s/step
on time step 31612 (time=329.292), 0.00999302 s/step
on time step 32012 (time=333.458), 0.0100013 s/step
on time step 32413 (time=337.635), 0.00998039 s/step
field decay(t = 340.1458333333333): 0.0004637859966633181 / 0.0004637859966633181 = 1.0
on time step 32813 (time=341.802), 0.0100045 s/step
on time step 33213 (time=345.969), 0.0100033 s/step
on time step 33614 (time=350.146), 0.0100002 s/step
on time step 34015 (time=354.323), 0.00998675 s/step
on time step 34415 (time=358.49), 0.0100004 s/step
field decay(t = 360.15625): 0.0009688021160096604 / 0.0009688021160096604 = 1.0
on time step 34816 (time=362.667), 0.00999864 s/step
on time step 35215 (time=366.823), 0.0100255 s/step
on time step 35615 (time=370.99), 0.0100002 s/step
on time step 36016 (time=375.167), 0.00999353 s/step
on time step 36416 (time=379.333), 0.0100088 s/step
field decay(t = 380.16666666666663): 0.0019354266709050404 / 0.0019354266709050404 = 1.0
on time step 36816 (time=383.5), 0.0100137 s/step
on time step 37217 (time=387.677), 0.00999093 s/step
on time step 37617 (time=391.844), 0.010009 s/step
on time step 38017 (time=396.01), 0.0100108 s/step
field decay(t = 400.1770833333333): 0.003697708913530719 / 0.003697708913530719 = 1.0
on time step 38418 (time=400.188), 0.00997533 s/step
on time step 38818 (time=404.354), 0.0100201 s/step
on time step 39220 (time=408.542), 0.00996515 s/step
on time step 39620 (time=412.708), 0.0100051 s/step
on time step 40020 (time=416.875), 0.0100022 s/step
field decay(t = 420.1875): 0.006756272685168165 / 0.006756272685168165 = 1.0
on time step 40420 (time=421.042), 0.0100129 s/step
on time step 40820 (time=425.208), 0.0100161 s/step
on time step 41220 (time=429.375), 0.0100148 s/step
on time step 41620 (time=433.542), 0.0100178 s/step
on time step 42020 (time=437.708), 0.0100147 s/step
field decay(t = 440.19791666666663): 0.01180702373653094 / 0.01180702373653094 = 1.0
on time step 42420 (time=441.875), 0.0100212 s/step
on time step 42820 (time=446.042), 0.0100138 s/step
on time step 43221 (time=450.219), 0.00998831 s/step
on time step 43621 (time=454.385), 0.0100038 s/step
on time step 44020 (time=458.542), 0.010026 s/step
field decay(t = 460.2083333333333): 0.019735753071992705 / 0.019735753071992705 = 1.0
on time step 44420 (time=462.708), 0.0100068 s/step
on time step 44818 (time=466.854), 0.0100537 s/step
on time step 45218 (time=471.021), 0.0100076 s/step
on time step 45618 (time=475.188), 0.0100204 s/step
on time step 46018 (time=479.354), 0.0100152 s/step
field decay(t = 480.21875): 0.031554726134808475 / 0.031554726134808475 = 1.0
on time step 46419 (time=483.531), 0.00999813 s/step
on time step 46819 (time=487.698), 0.0100202 s/step
on time step 47219 (time=491.865), 0.0100032 s/step
on time step 47620 (time=496.042), 0.00999431 s/step
on time step 48021 (time=500.219), 0.00998712 s/step
field decay(t = 500.22916666666663): 0.04826093891124811 / 0.04826093891124811 = 1.0
on time step 48422 (time=504.396), 0.0099948 s/step
on time step 48822 (time=508.562), 0.0100178 s/step
on time step 49221 (time=512.719), 0.0100321 s/step
on time step 49621 (time=516.885), 0.0100131 s/step
field decay(t = 520.2291666666666): 0.07061378583285348 / 0.07061378583285348 = 1.0
on time step 50022 (time=521.062), 0.00998881 s/step
on time step 50423 (time=525.24), 0.00999606 s/step
on time step 50823 (time=529.406), 0.0100004 s/step
on time step 51223 (time=533.573), 0.0100038 s/step
on time step 51624 (time=537.75), 0.00998677 s/step
field decay(t = 540.2395833333333): 0.09884912363617143 / 0.09884912363617143 = 1.0
on time step 52024 (time=541.917), 0.0100134 s/step
on time step 52423 (time=546.073), 0.0100308 s/step
on time step 52822 (time=550.229), 0.0100339 s/step
on time step 53222 (time=554.396), 0.0100114 s/step
on time step 53622 (time=558.562), 0.0100139 s/step
field decay(t = 560.25): 0.13239530793069218 / 0.13239530793069218 = 1.0
on time step 54021 (time=562.719), 0.0100284 s/step
on time step 54422 (time=566.896), 0.00999986 s/step
on time step 54823 (time=571.073), 0.00999168 s/step
on time step 55223 (time=575.24), 0.0100083 s/step
on time step 55623 (time=579.406), 0.0100145 s/step
field decay(t = 580.2604166666666): 0.16968215450131846 / 0.16968215450131846 = 1.0
on time step 56023 (time=583.573), 0.0100159 s/step
on time step 56423 (time=587.74), 0.0100098 s/step
on time step 56822 (time=591.896), 0.0100421 s/step
on time step 57221 (time=596.052), 0.0100349 s/step
on time step 57620 (time=600.208), 0.0100311 s/step
field decay(t = 600.2708333333333): 0.20517210422049667 / 0.20517210422049667 = 1.0
on time step 58019 (time=604.365), 0.0100444 s/step
on time step 58418 (time=608.521), 0.0100487 s/step
on time step 58817 (time=612.677), 0.0100387 s/step
on time step 59216 (time=616.833), 0.0100363 s/step
field decay(t = 620.28125): 0.2374199034407013 / 0.2374199034407013 = 1.0
on time step 59615 (time=620.99), 0.0100351 s/step
on time step 60014 (time=625.146), 0.0100393 s/step
on time step 60413 (time=629.302), 0.0100359 s/step
on time step 60812 (time=633.458), 0.0100331 s/step
on time step 61211 (time=637.615), 0.0100395 s/step
field decay(t = 640.2916666666666): 0.26910284199554857 / 0.26910284199554857 = 1.0
on time step 61613 (time=641.802), 0.00996899 s/step
on time step 62013 (time=645.969), 0.0100103 s/step
on time step 62431 (time=650.323), 0.00959164 s/step
on time step 62848 (time=654.667), 0.00960054 s/step
on time step 63266 (time=659.021), 0.00958974 s/step
field decay(t = 660.3020833333333): 0.2919743090963144 / 0.2919743090963144 = 1.0
on time step 63683 (time=663.365), 0.00959655 s/step
on time step 64100 (time=667.708), 0.00961461 s/step
on time step 64517 (time=672.052), 0.00959551 s/step
on time step 64934 (time=676.396), 0.00959485 s/step
field decay(t = 680.3125): 0.3032899634927868 / 0.3032899634927868 = 1.0
on time step 65351 (time=680.74), 0.00959422 s/step
on time step 65768 (time=685.083), 0.00960521 s/step
on time step 66185 (time=689.427), 0.00960673 s/step
on time step 66602 (time=693.771), 0.00960692 s/step
on time step 67019 (time=698.115), 0.00959977 s/step
field decay(t = 700.3229166666666): 0.3042087604815933 / 0.3042087604815933 = 1.0
on time step 67436 (time=702.458), 0.0096044 s/step
on time step 67853 (time=706.802), 0.00960416 s/step
on time step 68270 (time=711.146), 0.00960916 s/step
on time step 68688 (time=715.5), 0.00959165 s/step
on time step 69105 (time=719.844), 0.00960992 s/step
field decay(t = 720.3333333333333): 0.29974706209641694 / 0.3042087604815933 = 0.9853334322847473
on time step 69523 (time=724.198), 0.00958977 s/step
on time step 69940 (time=728.542), 0.00959737 s/step
on time step 70357 (time=732.885), 0.00960742 s/step
on time step 70775 (time=737.24), 0.00958898 s/step
field decay(t = 740.34375): 0.28300234158512916 / 0.3042087604815933 = 0.9302899138641102
on time step 71192 (time=741.583), 0.00960698 s/step
on time step 71609 (time=745.927), 0.00960583 s/step
on time step 72026 (time=750.271), 0.00959511 s/step
on time step 72442 (time=754.604), 0.00961822 s/step
on time step 72858 (time=758.938), 0.00961619 s/step
field decay(t = 760.3541666666666): 0.25589004638846874 / 0.3042087604815933 = 0.8411659348118998
on time step 73275 (time=763.281), 0.00960786 s/step
on time step 73693 (time=767.635), 0.00957779 s/step
on time step 74111 (time=771.99), 0.00959162 s/step
on time step 74528 (time=776.333), 0.00959931 s/step
field decay(t = 780.3645833333333): 0.22159673109236364 / 0.3042087604815933 = 0.7284363893451115
on time step 74945 (time=780.677), 0.00959241 s/step
on time step 75363 (time=785.031), 0.00957175 s/step
on time step 75785 (time=789.427), 0.0094936 s/step
on time step 76208 (time=793.833), 0.00947277 s/step
on time step 76631 (time=798.24), 0.00947436 s/step
field decay(t = 800.375): 0.18380230528439362 / 0.3042087604815933 = 0.60419793629025
on time step 77054 (time=802.646), 0.0094595 s/step
on time step 77477 (time=807.052), 0.00946725 s/step
on time step 77899 (time=811.448), 0.00948478 s/step
on time step 78322 (time=815.854), 0.0094747 s/step
on time step 78745 (time=820.26), 0.0094769 s/step
field decay(t = 820.3854166666666): 0.14602376206511394 / 0.3042087604815933 = 0.4800116927400234
on time step 79168 (time=824.667), 0.00946678 s/step
on time step 79591 (time=829.073), 0.00946352 s/step
on time step 80014 (time=833.479), 0.00947179 s/step
on time step 80437 (time=837.885), 0.00947218 s/step
field decay(t = 840.3958333333333): 0.11111472664386925 / 0.3042087604815933 = 0.3652581420336593
on time step 80860 (time=842.292), 0.0094753 s/step
on time step 81283 (time=846.698), 0.00947323 s/step
on time step 81706 (time=851.104), 0.00947143 s/step
on time step 82129 (time=855.51), 0.00946578 s/step
on time step 82552 (time=859.917), 0.00947211 s/step
field decay(t = 860.40625): 0.08097928952162815 / 0.3042087604815933 = 0.2661964415272911
on time step 82974 (time=864.312), 0.00948581 s/step
on time step 83396 (time=868.708), 0.00948696 s/step
on time step 83819 (time=873.115), 0.00946682 s/step
on time step 84242 (time=877.521), 0.00945898 s/step
field decay(t = 880.4166666666666): 0.05651559356167257 / 0.3042087604815933 = 0.18577898109246643
on time step 84665 (time=881.927), 0.00947346 s/step
on time step 85088 (time=886.333), 0.00946899 s/step
on time step 85512 (time=890.75), 0.00945518 s/step
on time step 85935 (time=895.156), 0.00947658 s/step
on time step 86358 (time=899.562), 0.00946149 s/step
field decay(t = 900.4270833333333): 0.037764690364031524 / 0.3042087604815933 = 0.12414070621847377
on time step 86777 (time=903.927), 0.0095511 s/step
on time step 87200 (time=908.333), 0.00946925 s/step
on time step 87625 (time=912.76), 0.00942495 s/step
on time step 88050 (time=917.188), 0.00942118 s/step
field decay(t = 920.4375): 0.024155190135910762 / 0.3042087604815933 = 0.07940333505738181
on time step 88475 (time=921.615), 0.00942124 s/step
on time step 88900 (time=926.042), 0.00942376 s/step
on time step 89325 (time=930.469), 0.00942162 s/step
on time step 89750 (time=934.896), 0.00943349 s/step
on time step 90176 (time=939.333), 0.00940754 s/step
field decay(t = 940.4479166666666): 0.014785347815570674 / 0.3042087604815933 = 0.048602636532110284
on time step 90600 (time=943.75), 0.00943659 s/step
on time step 91025 (time=948.177), 0.00943334 s/step
on time step 91450 (time=952.604), 0.00942214 s/step
on time step 91875 (time=957.031), 0.00941764 s/step
field decay(t = 960.4583333333333): 0.009226587972541831 / 0.3042087604815933 = 0.03032979049628685
on time step 92299 (time=961.448), 0.00943455 s/step
on time step 92724 (time=965.875), 0.00942001 s/step
on time step 93150 (time=970.312), 0.00941096 s/step
on time step 93575 (time=974.74), 0.00942852 s/step
on time step 94000 (time=979.167), 0.00941935 s/step
field decay(t = 980.46875): 0.00544988001970326 / 0.3042087604815933 = 0.017914934504435532
on time step 94425 (time=983.594), 0.00941672 s/step
on time step 94851 (time=988.031), 0.00940163 s/step
on time step 95277 (time=992.469), 0.00939507 s/step
on time step 95706 (time=996.938), 0.00932985 s/step
field decay(t = 1000.4791666666666): 0.002952578061176226 / 0.3042087604815933 = 0.009705762767982079
on time step 96135 (time=1001.41), 0.00933579 s/step
on time step 96564 (time=1005.88), 0.00933853 s/step
on time step 96993 (time=1010.34), 0.00933008 s/step
on time step 97422 (time=1014.81), 0.0093437 s/step
on time step 97851 (time=1019.28), 0.00934293 s/step
field decay(t = 1020.4895833333333): 0.0015258192634267779 / 0.3042087604815933 = 0.005015697973362935
on time step 98280 (time=1023.75), 0.00933071 s/step
on time step 98709 (time=1028.22), 0.00933999 s/step
on time step 99129 (time=1032.59), 0.0095334 s/step
on time step 99529 (time=1036.76), 0.0100085 s/step
field decay(t = 1040.4895833333333): 0.0007544911993795735 / 0.3042087604815933 = 0.0024801757785842117
on time step 99932 (time=1040.96), 0.00994859 s/step
on time step 100334 (time=1045.15), 0.00995044 s/step
on time step 100736 (time=1049.33), 0.00995186 s/step
on time step 101139 (time=1053.53), 0.00994899 s/step
on time step 101541 (time=1057.72), 0.00995069 s/step
field decay(t = 1060.5): 0.0003574189370045559 / 0.3042087604815933 = 0.0011749133602816878
on time step 101945 (time=1061.93), 0.0099181 s/step
on time step 102347 (time=1066.11), 0.00995584 s/step
on time step 102750 (time=1070.31), 0.00993148 s/step
on time step 103153 (time=1074.51), 0.00993901 s/step
on time step 103555 (time=1078.7), 0.00995936 s/step
field decay(t = 1080.5104166666665): 0.00016265219604691134 / 0.3042087604815933 = 0.0005346729521839425
on time step 103958 (time=1082.9), 0.00993519 s/step
on time step 104361 (time=1087.09), 0.00992802 s/step
on time step 104764 (time=1091.29), 0.00994987 s/step
on time step 105166 (time=1095.48), 0.00995268 s/step
on time step 105569 (time=1099.68), 0.00993957 s/step
field decay(t = 1100.5208333333333): 7.133243238378892e-05 / 0.3042087604815933 = 0.00023448513537500514
on time step 105970 (time=1103.85), 0.00998382 s/step
on time step 106373 (time=1108.05), 0.00993059 s/step
on time step 106774 (time=1112.23), 0.00998509 s/step
on time step 107177 (time=1116.43), 0.00993309 s/step
field decay(t = 1120.53125): 3.03422310687623e-05 / 0.3042087604815933 = 9.97414769407938e-05
on time step 107579 (time=1120.61), 0.00996831 s/step
on time step 107982 (time=1124.81), 0.00993672 s/step
on time step 108385 (time=1129.01), 0.00993426 s/step
on time step 108788 (time=1133.21), 0.00993745 s/step
on time step 109191 (time=1137.41), 0.00992803 s/step
field decay(t = 1140.5416666666665): 1.257522578063347e-05 / 0.3042087604815933 = 4.133748732523552e-05
on time step 109594 (time=1141.6), 0.00994495 s/step
on time step 109997 (time=1145.8), 0.00993906 s/step
on time step 110400 (time=1150), 0.0099335 s/step
on time step 110803 (time=1154.2), 0.00992803 s/step
on time step 111206 (time=1158.4), 0.00993807 s/step
field decay(t = 1160.5520833333333): 5.11578052814502e-06 / 0.3042087604815933 = 1.6816677205634122e-05
on time step 111609 (time=1162.59), 0.00992605 s/step
on time step 112012 (time=1166.79), 0.0099378 s/step
on time step 112414 (time=1170.98), 0.00995343 s/step
on time step 112817 (time=1175.18), 0.00992874 s/step
on time step 113221 (time=1179.39), 0.00991045 s/step
field decay(t = 1180.5625): 2.040236842450886e-06 / 0.3042087604815933 = 6.706699830803637e-06
on time step 113624 (time=1183.58), 0.00994758 s/step
on time step 114027 (time=1187.78), 0.00993332 s/step
on time step 114430 (time=1191.98), 0.00992995 s/step
on time step 114833 (time=1196.18), 0.00992905 s/step
on time step 115236 (time=1200.38), 0.00993549 s/step
field decay(t = 1200.5729166666665): 7.926984810851896e-07 / 0.3042087604815933 = 2.6057713782807163e-06
on time step 115638 (time=1204.56), 0.00995564 s/step
on time step 116041 (time=1208.76), 0.00993286 s/step
on time step 116441 (time=1212.93), 0.010021 s/step
on time step 116839 (time=1217.07), 0.010067 s/step
field decay(t = 1220.5833333333333): 2.94762925169508e-07 / 0.3042087604815933 = 9.689494960725932e-07
on time step 117235 (time=1221.2), 0.0101057 s/step
on time step 117633 (time=1225.34), 0.0100509 s/step
on time step 118030 (time=1229.48), 0.0100922 s/step
on time step 118428 (time=1233.62), 0.0100552 s/step
on time step 118825 (time=1237.76), 0.0100897 s/step
field decay(t = 1240.59375): 1.0210546507948911e-07 / 0.3042087604815933 = 3.356427504515183e-07
on time step 119222 (time=1241.9), 0.0100761 s/step
on time step 119622 (time=1246.06), 0.0100017 s/step
on time step 120024 (time=1250.25), 0.00995692 s/step
on time step 120423 (time=1254.41), 0.0100274 s/step
on time step 120821 (time=1258.55), 0.0100681 s/step
field decay(t = 1260.6041666666665): 3.18419293643191e-08 / 0.3042087604815933 = 1.0467130964246428e-07
on time step 121218 (time=1262.69), 0.0100997 s/step
on time step 121617 (time=1266.84), 0.0100369 s/step
on time step 122016 (time=1271), 0.0100303 s/step
on time step 122414 (time=1275.15), 0.0100657 s/step
on time step 122811 (time=1279.28), 0.0101 s/step
field decay(t = 1280.6145833333333): 1.1333242754005283e-08 / 0.3042087604815933 = 3.725482045968568e-08
on time step 123210 (time=1283.44), 0.0100309 s/step
on time step 123608 (time=1287.58), 0.010061 s/step
on time step 124006 (time=1291.73), 0.0100581 s/step
on time step 124404 (time=1295.88), 0.0100729 s/step
on time step 124800 (time=1300), 0.0101135 s/step
field decay(t = 1300.625): 3.0492454115990423e-09 / 0.3042087604815933 = 1.0023529259222442e-08
on time step 125197 (time=1304.14), 0.0100835 s/step
on time step 125593 (time=1308.26), 0.0101013 s/step
on time step 125990 (time=1312.4), 0.0100885 s/step
on time step 126389 (time=1316.55), 0.0100318 s/step
field decay(t = 1320.6354166666665): 1.4700053380602589e-09 / 0.3042087604815933 = 4.832225527407861e-09
on time step 126785 (time=1320.68), 0.0101016 s/step
on time step 127181 (time=1324.8), 0.0101224 s/step
on time step 127578 (time=1328.94), 0.0100959 s/step
on time step 127974 (time=1333.06), 0.0101031 s/step
on time step 128372 (time=1337.21), 0.0100756 s/step
field decay(t = 1340.6458333333333): 1.4692214550689831e-09 / 0.3042087604815933 = 4.829648734451489e-09
on time step 128768 (time=1341.33), 0.0101025 s/step
on time step 129159 (time=1345.41), 0.0102531 s/step
on time step 129557 (time=1349.55), 0.0100582 s/step
on time step 129956 (time=1353.71), 0.0100287 s/step
on time step 130355 (time=1357.86), 0.0100254 s/step
2026-05-30 11:41:07 [INFO] D11_scaled_deep_groove: Checkpointed 1 completed spectra row(s) to /mnt/c/Users/admin/Meep_Simulation/meep_sim/results/diagnostics_v2/tables/D11_thickness_3um_quick_spectra_checkpoint.csv
2026-05-30 11:41:07 [INFO] D11_scaled_deep_groove: >>> task=2/10 case=scaled_inner_wall_film_3um pol=Ez wl=9.0016 res=24 pml=4
2026-05-30 11:41:07 [INFO] D11_scaled_deep_groove: [single ref] wl=9.0016 um, f=0.111091, res=24, comp=Ez
field decay(t = 1360.65625): 2.3980525637479626e-09 / 0.3042087604815933 = 7.882917506884426e-09
run 0 finished at t = 1360.65625 (130623 timesteps)
-----------
Initializing structure...
Splitting into 16 chunks by voxels
time for choose_chunkdivision = 0.000497668 s
Working in 2D dimensions.
Computational cell is 50 x 49 x 0 with resolution 24
time for set_epsilon = 0.0874622 s
-----------
field decay(t = 20.010416666666664): 2.336339622469258e-10 / 2.336339622469258e-10 = 1.0
field decay(t = 40.010416666666664): 6.206022014337268e-11 / 2.336339622469258e-10 = 0.26563013162350835
on time step 4630 (time=48.2292), 0.000864057 s/step
field decay(t = 60.02083333333333): 1.7544024799056252e-10 / 2.336339622469258e-10 = 0.7509192854639051
field decay(t = 80.02083333333333): 4.654062105258008e-10 / 4.654062105258008e-10 = 1.0
on time step 9394 (time=97.8542), 0.000839734 s/step
field decay(t = 100.03125): 1.308569720553828e-09 / 1.308569720553828e-09 = 1.0
field decay(t = 120.04166666666666): 4.41318578021305e-09 / 4.41318578021305e-09 = 1.0
field decay(t = 140.04166666666666): 1.1872497155211753e-08 / 1.1872497155211753e-08 = 1.0
on time step 13994 (time=145.771), 0.000869614 s/step
field decay(t = 160.05208333333331): 3.926817227271598e-08 / 3.926817227271598e-08 = 1.0
field decay(t = 180.0625): 9.960735538949478e-08 / 9.960735538949478e-08 = 1.0
on time step 18221 (time=189.802), 0.000946323 s/step
field decay(t = 200.07291666666666): 3.072683435265855e-07 / 3.072683435265855e-07 = 1.0
field decay(t = 220.08333333333331): 7.337391914933132e-07 / 7.337391914933132e-07 = 1.0
on time step 22439 (time=233.74), 0.000948469 s/step
field decay(t = 240.09375): 2.088327141070617e-06 / 2.088327141070617e-06 = 1.0
field decay(t = 260.10416666666663): 4.679889802766637e-06 / 4.679889802766637e-06 = 1.0
on time step 26651 (time=277.615), 0.000949905 s/step
field decay(t = 280.1145833333333): 1.0762744382429434e-05 / 1.0762744382429434e-05 = 1.0
field decay(t = 300.125): 2.5839547436994246e-05 / 2.5839547436994246e-05 = 1.0
field decay(t = 320.13541666666663): 5.268819690183144e-05 / 5.268819690183144e-05 = 1.0
on time step 30742 (time=320.229), 0.000977774 s/step
field decay(t = 340.1458333333333): 0.0001233043074061984 / 0.0001233043074061984 = 1.0
field decay(t = 360.15625): 0.0002356625310834473 / 0.0002356625310834473 = 1.0
on time step 34834 (time=362.854), 0.000977614 s/step
field decay(t = 380.16666666666663): 0.0005085513740424195 / 0.0005085513740424195 = 1.0
field decay(t = 400.1770833333333): 0.0009110124227557341 / 0.0009110124227557341 = 1.0
on time step 38926 (time=405.479), 0.000977743 s/step
field decay(t = 420.1875): 0.001813088320621944 / 0.001813088320621944 = 1.0
field decay(t = 440.19791666666663): 0.003044225870914104 / 0.003044225870914104 = 1.0
on time step 43025 (time=448.177), 0.000975912 s/step
field decay(t = 460.2083333333333): 0.005108336475695059 / 0.005108336475695059 = 1.0
field decay(t = 480.21875): 0.008793194368871852 / 0.008793194368871852 = 1.0
on time step 47119 (time=490.823), 0.000977163 s/step
field decay(t = 500.22916666666663): 0.013445201638276309 / 0.013445201638276309 = 1.0
field decay(t = 520.2291666666666): 0.021954214810842063 / 0.021954214810842063 = 1.0
on time step 51212 (time=533.458), 0.000977396 s/step
field decay(t = 540.2395833333333): 0.03146342471770198 / 0.03146342471770198 = 1.0
field decay(t = 560.25): 0.04737894478260073 / 0.04737894478260073 = 1.0
on time step 55287 (time=575.906), 0.000981707 s/step
field decay(t = 580.2604166666666): 0.06364176902612932 / 0.06364176902612932 = 1.0
field decay(t = 600.2708333333333): 0.08837977939715415 / 0.08837977939715415 = 1.0
on time step 59479 (time=619.573), 0.000954226 s/step
field decay(t = 620.28125): 0.1112700648585019 / 0.1112700648585019 = 1.0
field decay(t = 640.2916666666666): 0.13611330061110455 / 0.13611330061110455 = 1.0
field decay(t = 660.3020833333333): 0.168158320583739 / 0.168158320583739 = 1.0
on time step 63669 (time=663.219), 0.000954755 s/step
field decay(t = 680.3125): 0.19280065499342086 / 0.19280065499342086 = 1.0
field decay(t = 700.3229166666666): 0.21966650282225628 / 0.21966650282225628 = 1.0
on time step 67863 (time=706.906), 0.000953778 s/step
field decay(t = 720.3333333333333): 0.23605955244411064 / 0.23605955244411064 = 1.0
field decay(t = 740.34375): 0.24803520280225239 / 0.24803520280225239 = 1.0
on time step 72046 (time=750.479), 0.000956451 s/step
field decay(t = 760.3541666666666): 0.25005056375969037 / 0.25005056375969037 = 1.0
field decay(t = 780.3645833333333): 0.24915382189046467 / 0.25005056375969037 = 0.9964137578586405
on time step 76231 (time=794.073), 0.000955893 s/step
field decay(t = 800.375): 0.2392673687059638 / 0.25005056375969037 = 0.9568759418431477
field decay(t = 820.3854166666666): 0.22425996118472222 / 0.25005056375969037 = 0.8968584505981996
on time step 80418 (time=837.688), 0.0009554 s/step
field decay(t = 840.3958333333333): 0.20422870050540204 / 0.25005056375969037 = 0.816749610297519
field decay(t = 860.40625): 0.1744772810495592 / 0.25005056375969037 = 0.6977679971049359
field decay(t = 880.4166666666666): 0.1489263770396124 / 0.25005056375969037 = 0.5955850480814641
on time step 84602 (time=881.271), 0.000956099 s/step
field decay(t = 900.4270833333333): 0.11733593094711671 / 0.25005056375969037 = 0.4692488158510281
field decay(t = 920.4375): 0.09387102147254424 / 0.25005056375969037 = 0.37540815769869024
on time step 88791 (time=924.906), 0.000954966 s/step
field decay(t = 940.4479166666666): 0.06820683032629712 / 0.25005056375969037 = 0.27277215176306063
field decay(t = 960.4583333333333): 0.05114426816886496 / 0.25005056375969037 = 0.20453570429865883
on time step 92983 (time=968.573), 0.000954394 s/step
field decay(t = 980.46875): 0.035249292466995485 / 0.25005056375969037 = 0.14096865824654414
field decay(t = 1000.4791666666666): 0.024085954564991133 / 0.25005056375969037 = 0.09632433617761725
on time step 97127 (time=1011.74), 0.000965288 s/step
field decay(t = 1020.4895833333333): 0.016447454682847105 / 0.25005056375969037 = 0.06577651509977732
field decay(t = 1040.4895833333333): 0.009804554827660935 / 0.25005056375969037 = 0.03921028883215614
on time step 101230 (time=1054.48), 0.000975093 s/step
field decay(t = 1060.5): 0.0062752359063276125 / 0.25005056375969037 = 0.025095867859583756
field decay(t = 1080.5104166666665): 0.0034497801552094134 / 0.25005056375969037 = 0.013796330243529482
on time step 105325 (time=1097.14), 0.000976803 s/step
field decay(t = 1100.5208333333333): 0.0020694684936770646 / 0.25005056375969037 = 0.00827620007154199
field decay(t = 1120.53125): 0.001049220521281262 / 0.25005056375969037 = 0.0041960334162238055
on time step 109419 (time=1139.78), 0.000977252 s/step
field decay(t = 1140.5416666666665): 0.0005899287432028579 / 0.25005056375969037 = 0.0023592378050777177
field decay(t = 1160.5520833333333): 0.0002954411509747192 / 0.25005056375969037 = 0.0011815256343858964
field decay(t = 1180.5625): 0.000145375246267537 / 0.25005056375969037 = 0.0005813833973485821
on time step 113505 (time=1182.34), 0.000979157 s/step
field decay(t = 1200.5729166666665): 7.443683333293752e-05 / 0.25005056375969037 = 0.0002976871246108231
field decay(t = 1220.5833333333333): 3.096489749087453e-05 / 0.25005056375969037 = 0.00012383454380304122
on time step 117598 (time=1224.98), 0.000977416 s/step
field decay(t = 1240.59375): 1.4862695841808072e-05 / 0.25005056375969037 = 5.9438761578205355e-05
field decay(t = 1260.6041666666665): 5.701144314699609e-06 / 0.25005056375969037 = 2.279996585082152e-05
on time step 121689 (time=1267.59), 0.000977762 s/step
field decay(t = 1280.6145833333333): 2.564802315292047e-06 / 0.25005056375969037 = 1.025713470399105e-05
field decay(t = 1300.625): 9.066687992885053e-07 / 0.25005056375969037 = 3.625941832148213e-06
on time step 125782 (time=1310.23), 0.00097744 s/step
field decay(t = 1320.6354166666665): 3.825155823968051e-07 / 0.25005056375969037 = 1.5297529293491995e-06
field decay(t = 1340.6458333333333): 1.37064999244229e-07 / 0.25005056375969037 = 5.481491310531677e-07
on time step 129869 (time=1352.8), 0.00097873 s/step
field decay(t = 1360.65625): 4.945871067694714e-08 / 0.25005056375969037 = 1.9779483770522168e-07
field decay(t = 1380.6666666666665): 1.9017671070777484e-08 / 0.25005056375969037 = 7.605530171511353e-08
on time step 133961 (time=1395.43), 0.00097759 s/step
field decay(t = 1400.6770833333333): 5.5570104950140876e-09 / 0.25005056375969037 = 2.2223547155664964e-08
field decay(t = 1420.6875): 2.0232381313267306e-09 / 0.25005056375969037 = 8.0913160158725e-09
on time step 138060 (time=1438.12), 0.000976002 s/step
field decay(t = 1440.6979166666665): 5.53496645504776e-10 / 0.25005056375969037 = 2.213538882626598e-09
field decay(t = 1460.7083333333333): 1.898056151829545e-10 / 0.25005056375969037 = 7.590689352149035e-10
field decay(t = 1480.71875): 4.8446214156896746e-11 / 0.25005056375969037 = 1.9374567058947204e-10
on time step 142149 (time=1480.72), 0.000978344 s/step
field decay(t = 1500.7291666666665): 1.6938004558021095e-11 / 0.25005056375969037 = 6.773831781598887e-11
run 0 finished at t = 1500.7291666666665 (144070 timesteps)
-----------
Initializing structure...
Splitting into 16 chunks by voxels
time for choose_chunkdivision = 0.000653586 s
Working in 2D dimensions.
Computational cell is 50 x 49 x 0 with resolution 24
     block, center = (0,-4,0)
          size (50,25,1e+20)
          axes (1,0,0), (0,1,0), (0,0,1)
          dielectric constant epsilon diagonal = (1,1,1)
     prism, center = (2.72978,1,5e+19)
          height 1e+20, axis (0,0,1), sidewall angle: 0 radians, 4 vertices:
          (-10,8.5,0)
          (10,8.5,0)
          (15.4596,-6.5,0)
          (-4.54045,-6.5,0)
          dielectric constant epsilon diagonal = (1.69684,1.69684,1.69684)
     prism, center = (2.18382,2.5,5e+19)
          height 1e+20, axis (0,0,1), sidewall angle: 0 radians, 4 vertices:
          (-7,8.5,0)
          (7,8.5,0)
          (11.3676,-3.5,0)
          (-2.63236,-3.5,0)
          dielectric constant epsilon diagonal = (1,1,1)
time for set_epsilon = 1.39275 s
time for set_conductivity = 0.0455913 s
time for set_conductivity = 0.0452579 s
time for set_conductivity = 0.0454693 s
lorentzian susceptibility: frequency=15.6714, gamma=1.42115
lorentzian susceptibility: frequency=2.02365, gamma=1.3413
lorentzian susceptibility: frequency=1.24613, gamma=2.0309
lorentzian susceptibility: frequency=0.626693, gamma=1.83572
drude susceptibility: frequency=1e-10, gamma=0.0661375
-----------
2026-05-30 11:43:28 [INFO] D11_scaled_deep_groove: [single struct] 3 geometry objects
on time step 716 (time=7.45833), 0.00558696 s/step
on time step 1648 (time=17.1667), 0.00429521 s/step
field decay(t = 20.010416666666664): 2.336339622469258e-10 / 2.336339622469258e-10 = 1.0
on time step 2592 (time=27), 0.0042436 s/step
on time step 2986 (time=31.1042), 0.0101562 s/step
on time step 3381 (time=35.2188), 0.0101404 s/step
on time step 3775 (time=39.3229), 0.0101598 s/step
field decay(t = 40.010416666666664): 4.5456094689406984e-11 / 2.336339622469258e-10 = 0.19456115991118111
on time step 4169 (time=43.4271), 0.0101721 s/step
on time step 4563 (time=47.5312), 0.0101621 s/step
on time step 4958 (time=51.6458), 0.0101461 s/step
on time step 5352 (time=55.75), 0.0101704 s/step
on time step 5746 (time=59.8542), 0.0101755 s/step
field decay(t = 60.02083333333333): 1.1019714908140326e-10 / 2.336339622469258e-10 = 0.47166579730791364
on time step 6140 (time=63.9583), 0.0101778 s/step
on time step 6536 (time=68.0833), 0.0101102 s/step
on time step 6930 (time=72.1875), 0.0101618 s/step
on time step 7325 (time=76.3021), 0.0101453 s/step
field decay(t = 80.02083333333333): 2.950375752872176e-10 / 2.950375752872176e-10 = 1.0
on time step 7717 (time=80.3854), 0.0102177 s/step
on time step 8117 (time=84.5521), 0.0100116 s/step
on time step 8520 (time=88.75), 0.00993232 s/step
on time step 8924 (time=92.9583), 0.00991251 s/step
on time step 9328 (time=97.1667), 0.0099124 s/step
field decay(t = 100.03125): 7.04203078217595e-10 / 7.04203078217595e-10 = 1.0
on time step 9731 (time=101.365), 0.00992648 s/step
on time step 10135 (time=105.573), 0.00991753 s/step
on time step 10538 (time=109.771), 0.00994339 s/step
on time step 10940 (time=113.958), 0.00995848 s/step
on time step 11342 (time=118.146), 0.00996548 s/step
field decay(t = 120.04166666666666): 2.325101070289387e-09 / 2.325101070289387e-09 = 1.0
on time step 11745 (time=122.344), 0.00993817 s/step
on time step 12150 (time=126.562), 0.00989915 s/step
on time step 12554 (time=130.771), 0.00990597 s/step
on time step 12958 (time=134.979), 0.00991198 s/step
on time step 13362 (time=139.188), 0.00991318 s/step
field decay(t = 140.04166666666666): 5.991630362258889e-09 / 5.991630362258889e-09 = 1.0
on time step 13766 (time=143.396), 0.00990527 s/step
on time step 14171 (time=147.615), 0.00987919 s/step
on time step 14577 (time=151.844), 0.0098683 s/step
on time step 14983 (time=156.073), 0.0098743 s/step
field decay(t = 160.05208333333331): 1.9244145732512266e-08 / 1.9244145732512266e-08 = 1.0
on time step 15388 (time=160.292), 0.00988038 s/step
on time step 15793 (time=164.51), 0.0098863 s/step
on time step 16198 (time=168.729), 0.0099011 s/step
on time step 16602 (time=172.938), 0.00991932 s/step
on time step 17006 (time=177.146), 0.00992265 s/step
field decay(t = 180.0625): 4.7228298764365635e-08 / 4.7228298764365635e-08 = 1.0
on time step 17408 (time=181.333), 0.00995072 s/step
on time step 17813 (time=185.552), 0.0098981 s/step
on time step 18218 (time=189.771), 0.00988382 s/step
on time step 18623 (time=193.99), 0.00988378 s/step
on time step 19028 (time=198.208), 0.00988263 s/step
field decay(t = 200.07291666666666): 1.417790877053646e-07 / 1.417790877053646e-07 = 1.0
on time step 19434 (time=202.438), 0.00987332 s/step
on time step 19838 (time=206.646), 0.00991258 s/step
on time step 20243 (time=210.865), 0.00988116 s/step
on time step 20648 (time=215.083), 0.00987794 s/step
on time step 21053 (time=219.302), 0.00988489 s/step
field decay(t = 220.08333333333331): 3.316346165651261e-07 / 3.316346165651261e-07 = 1.0
on time step 21458 (time=223.521), 0.00989495 s/step
on time step 21862 (time=227.729), 0.0099147 s/step
on time step 22266 (time=231.938), 0.00991011 s/step
on time step 22671 (time=236.156), 0.00989954 s/step
field decay(t = 240.09375): 9.096402161996588e-07 / 9.096402161996588e-07 = 1.0
on time step 23074 (time=240.354), 0.0099398 s/step
on time step 23478 (time=244.562), 0.00991222 s/step
on time step 23881 (time=248.76), 0.0099352 s/step
on time step 24284 (time=252.958), 0.00993116 s/step
on time step 24688 (time=257.167), 0.00992012 s/step
field decay(t = 260.10416666666663): 2.0237902519328754e-06 / 2.0237902519328754e-06 = 1.0
on time step 25091 (time=261.365), 0.0099257 s/step
on time step 25494 (time=265.562), 0.0099422 s/step
on time step 25897 (time=269.76), 0.00993062 s/step
on time step 26301 (time=273.969), 0.0099246 s/step
on time step 26704 (time=278.167), 0.00994137 s/step
field decay(t = 280.1145833333333): 4.312837082525826e-06 / 4.312837082525826e-06 = 1.0
on time step 27109 (time=282.385), 0.00989987 s/step
on time step 27513 (time=286.594), 0.00991774 s/step
on time step 27918 (time=290.812), 0.00989535 s/step
on time step 28323 (time=295.031), 0.00988088 s/step
on time step 28728 (time=299.25), 0.00988594 s/step
field decay(t = 300.125): 1.0652477752472964e-05 / 1.0652477752472964e-05 = 1.0
on time step 29133 (time=303.469), 0.0098976 s/step
on time step 29538 (time=307.688), 0.00989736 s/step
on time step 29943 (time=311.906), 0.0098869 s/step
on time step 30348 (time=316.125), 0.00987764 s/step
field decay(t = 320.13541666666663): 2.125249836671165e-05 / 2.125249836671165e-05 = 1.0
on time step 30753 (time=320.344), 0.00989736 s/step
on time step 31158 (time=324.562), 0.00989788 s/step
on time step 31563 (time=328.781), 0.00988737 s/step
on time step 31968 (time=333), 0.00989802 s/step
on time step 32373 (time=337.219), 0.00990013 s/step
field decay(t = 340.1458333333333): 4.832574522672777e-05 / 4.832574522672777e-05 = 1.0
on time step 32778 (time=341.438), 0.00989873 s/step
on time step 33183 (time=345.656), 0.00988575 s/step
on time step 33588 (time=349.875), 0.00988797 s/step
on time step 33993 (time=354.094), 0.00988288 s/step
on time step 34397 (time=358.302), 0.00992439 s/step
field decay(t = 360.15625): 9.016449135325517e-05 / 9.016449135325517e-05 = 1.0
on time step 34801 (time=362.51), 0.009911 s/step
on time step 35206 (time=366.729), 0.0098894 s/step
on time step 35610 (time=370.938), 0.00991754 s/step
on time step 36014 (time=375.146), 0.00991286 s/step
on time step 36419 (time=379.365), 0.00989515 s/step
field decay(t = 380.16666666666663): 0.00018863686462286048 / 0.00018863686462286048 = 1.0
on time step 36824 (time=383.583), 0.00989232 s/step
on time step 37229 (time=387.802), 0.00989131 s/step
on time step 37634 (time=392.021), 0.00989652 s/step
on time step 38037 (time=396.219), 0.00993717 s/step
field decay(t = 400.1770833333333): 0.00032937080846668086 / 0.00032937080846668086 = 1.0
on time step 38441 (time=400.427), 0.00991431 s/step
on time step 38846 (time=404.646), 0.00989631 s/step
on time step 39249 (time=408.844), 0.00993982 s/step
on time step 39652 (time=413.042), 0.00994646 s/step
on time step 40056 (time=417.25), 0.00992359 s/step
field decay(t = 420.1875): 0.000630499746078562 / 0.000630499746078562 = 1.0
on time step 40460 (time=421.458), 0.00991641 s/step
on time step 40865 (time=425.677), 0.00989992 s/step
on time step 41268 (time=429.875), 0.00992988 s/step
on time step 41671 (time=434.073), 0.00993186 s/step
on time step 42074 (time=438.271), 0.0099417 s/step
field decay(t = 440.19791666666663): 0.0010351453394376695 / 0.0010351453394376695 = 1.0
on time step 42476 (time=442.458), 0.00995452 s/step
on time step 42880 (time=446.667), 0.00992264 s/step
on time step 43284 (time=450.875), 0.00991938 s/step
on time step 43688 (time=455.083), 0.0099055 s/step
on time step 44092 (time=459.292), 0.00990747 s/step
field decay(t = 460.2083333333333): 0.001640454572054873 / 0.001640454572054873 = 1.0
on time step 44496 (time=463.5), 0.00991386 s/step
on time step 44900 (time=467.708), 0.00990837 s/step
on time step 45304 (time=471.917), 0.00991309 s/step
on time step 45707 (time=476.115), 0.00994873 s/step
field decay(t = 480.21875): 0.0027972730978560504 / 0.0027972730978560504 = 1.0
on time step 46110 (time=480.312), 0.00992747 s/step
on time step 46514 (time=484.521), 0.00990397 s/step
on time step 46918 (time=488.729), 0.00992244 s/step
on time step 47322 (time=492.938), 0.00991685 s/step
on time step 47726 (time=497.146), 0.00991671 s/step
field decay(t = 500.22916666666663): 0.0041447603900244875 / 0.0041447603900244875 = 1.0
on time step 48130 (time=501.354), 0.00991583 s/step
on time step 48534 (time=505.562), 0.00990726 s/step
on time step 48938 (time=509.771), 0.00991242 s/step
on time step 49342 (time=513.979), 0.00990917 s/step
on time step 49745 (time=518.177), 0.0099435 s/step
field decay(t = 520.2291666666666): 0.006495161225310252 / 0.006495161225310252 = 1.0
on time step 50148 (time=522.375), 0.00994428 s/step
on time step 50552 (time=526.583), 0.00992302 s/step
on time step 50955 (time=530.781), 0.00993686 s/step
on time step 51358 (time=534.979), 0.00992654 s/step
on time step 51762 (time=539.188), 0.00991657 s/step
field decay(t = 540.2395833333333): 0.00899466286860169 / 0.00899466286860169 = 1.0
on time step 52165 (time=543.385), 0.00993426 s/step
on time step 52568 (time=547.583), 0.00993398 s/step
on time step 52971 (time=551.781), 0.00993514 s/step
on time step 53375 (time=555.99), 0.00992031 s/step
on time step 53777 (time=560.177), 0.00995292 s/step
field decay(t = 560.25): 0.012950892389485363 / 0.012950892389485363 = 1.0
on time step 54179 (time=564.365), 0.00995096 s/step
on time step 54582 (time=568.562), 0.00994564 s/step
on time step 54984 (time=572.75), 0.00995748 s/step
on time step 55386 (time=576.938), 0.0099697 s/step
field decay(t = 580.2604166666666): 0.016755923492563687 / 0.016755923492563687 = 1.0
on time step 55789 (time=581.135), 0.00994576 s/step
on time step 56191 (time=585.323), 0.00996302 s/step
on time step 56593 (time=589.51), 0.00995074 s/step
on time step 56996 (time=593.708), 0.0099485 s/step
on time step 57399 (time=597.906), 0.00994612 s/step
field decay(t = 600.2708333333333): 0.022049221683660716 / 0.022049221683660716 = 1.0
on time step 57801 (time=602.094), 0.00995283 s/step
on time step 58204 (time=606.292), 0.0099351 s/step
on time step 58607 (time=610.49), 0.00993379 s/step
on time step 59009 (time=614.677), 0.00995367 s/step
on time step 59417 (time=618.927), 0.00982445 s/step
field decay(t = 620.28125): 0.02676622917749249 / 0.02676622917749249 = 1.0
on time step 59827 (time=623.198), 0.00975676 s/step
on time step 60236 (time=627.458), 0.00978589 s/step
on time step 60646 (time=631.729), 0.00976855 s/step
on time step 61056 (time=636), 0.00976016 s/step
on time step 61467 (time=640.281), 0.00973487 s/step
field decay(t = 640.2916666666666): 0.031364925899733935 / 0.031364925899733935 = 1.0
on time step 61877 (time=644.552), 0.00976306 s/step
on time step 62287 (time=648.823), 0.0097666 s/step
on time step 62700 (time=653.125), 0.00970451 s/step
on time step 63111 (time=657.406), 0.00974694 s/step
field decay(t = 660.3020833333333): 0.036624641847714835 / 0.036624641847714835 = 1.0
on time step 63521 (time=661.677), 0.00976032 s/step
on time step 63932 (time=665.958), 0.00974002 s/step
on time step 64341 (time=670.219), 0.00978453 s/step
on time step 64752 (time=674.5), 0.00974966 s/step
on time step 65162 (time=678.771), 0.0097677 s/step
field decay(t = 680.3125): 0.040047667234592625 / 0.040047667234592625 = 1.0
on time step 65572 (time=683.042), 0.00976278 s/step
on time step 65983 (time=687.323), 0.00974478 s/step
on time step 66392 (time=691.583), 0.00978788 s/step
on time step 66802 (time=695.854), 0.00977393 s/step
on time step 67211 (time=700.115), 0.009794 s/step
field decay(t = 700.3229166666666): 0.042872104596234195 / 0.042872104596234195 = 1.0
on time step 67620 (time=704.375), 0.00978622 s/step
on time step 68029 (time=708.635), 0.00979021 s/step
on time step 68439 (time=712.906), 0.00976404 s/step
on time step 68848 (time=717.167), 0.00979782 s/step
field decay(t = 720.3333333333333): 0.043715528047501416 / 0.043715528047501416 = 1.0
on time step 69258 (time=721.438), 0.00977353 s/step
on time step 69668 (time=725.708), 0.00976395 s/step
on time step 70077 (time=729.969), 0.0097834 s/step
on time step 70487 (time=734.24), 0.0097789 s/step
on time step 70898 (time=738.521), 0.00973674 s/step
field decay(t = 740.34375): 0.04371511221213382 / 0.043715528047501416 = 0.9999904876965653
on time step 71306 (time=742.771), 0.00981735 s/step
on time step 71717 (time=747.052), 0.00974893 s/step
on time step 72126 (time=751.312), 0.00979212 s/step
on time step 72537 (time=755.594), 0.00974161 s/step
on time step 72948 (time=759.875), 0.00975012 s/step
field decay(t = 760.3541666666666): 0.042446166097509175 / 0.043715528047501416 = 0.9709631335434643
on time step 73359 (time=764.156), 0.009734 s/step
on time step 73770 (time=768.438), 0.0097345 s/step
on time step 74181 (time=772.719), 0.00975114 s/step
on time step 74591 (time=776.99), 0.00976217 s/step
field decay(t = 780.3645833333333): 0.040013325770123266 / 0.043715528047501416 = 0.9153115050250491
on time step 75001 (time=781.26), 0.00976964 s/step
on time step 75411 (time=785.531), 0.00976832 s/step
on time step 75822 (time=789.812), 0.00975306 s/step
on time step 76232 (time=794.083), 0.00977653 s/step
on time step 76643 (time=798.365), 0.00975598 s/step
field decay(t = 800.375): 0.03654244337670761 / 0.043715528047501416 = 0.835914491001927
on time step 77053 (time=802.635), 0.00977014 s/step
on time step 77458 (time=806.854), 0.00989765 s/step
on time step 77862 (time=811.062), 0.00990121 s/step
on time step 78270 (time=815.312), 0.00981731 s/step
on time step 78677 (time=819.552), 0.00984553 s/step
field decay(t = 820.3854166666666): 0.03119189666850277 / 0.043715528047501416 = 0.7135198420709814
on time step 79083 (time=823.781), 0.00985836 s/step
on time step 79491 (time=828.031), 0.00981403 s/step
on time step 79895 (time=832.24), 0.00992146 s/step
on time step 80300 (time=836.458), 0.00988518 s/step
field decay(t = 840.3958333333333): 0.026506192221522982 / 0.043715528047501416 = 0.6063335708245655
on time step 80708 (time=840.708), 0.00982171 s/step
on time step 81112 (time=844.917), 0.00990732 s/step
on time step 81517 (time=849.135), 0.0099013 s/step
on time step 81921 (time=853.344), 0.00990191 s/step
on time step 82324 (time=857.542), 0.00993569 s/step
field decay(t = 860.40625): 0.020664727357290632 / 0.043715528047501416 = 0.4727090871425888
on time step 82727 (time=861.74), 0.00993335 s/step
on time step 83129 (time=865.927), 0.00996903 s/step
on time step 83534 (time=870.146), 0.00989974 s/step
on time step 83939 (time=874.365), 0.0098866 s/step
on time step 84346 (time=878.604), 0.00984461 s/step
field decay(t = 880.4166666666666): 0.0163236716082121 / 0.043715528047501416 = 0.3734067123808902
on time step 84751 (time=882.823), 0.00987758 s/step
on time step 85155 (time=887.031), 0.00992129 s/step
on time step 85557 (time=891.219), 0.00995732 s/step
on time step 85964 (time=895.458), 0.00984931 s/step
on time step 86370 (time=899.688), 0.0098683 s/step
field decay(t = 900.4270833333333): 0.011609608751654382 / 0.043715528047501416 = 0.2655717377824957
on time step 86773 (time=903.885), 0.00993767 s/step
on time step 87177 (time=908.094), 0.00990196 s/step
on time step 87579 (time=912.281), 0.00996888 s/step
on time step 87985 (time=916.51), 0.00987522 s/step
field decay(t = 920.4375): 0.008517538303532335 / 0.043715528047501416 = 0.19484011022987424
on time step 88387 (time=920.698), 0.0099653 s/step
on time step 88792 (time=924.917), 0.00990064 s/step
on time step 89194 (time=929.104), 0.00996652 s/step
on time step 89597 (time=933.302), 0.0099333 s/step
on time step 89999 (time=937.49), 0.00997231 s/step
field decay(t = 940.4479166666666): 0.005967345651387877 / 0.043715528047501416 = 0.1365040276970632
on time step 90403 (time=941.698), 0.00992388 s/step
on time step 90807 (time=945.906), 0.00991297 s/step
on time step 91210 (time=950.104), 0.00994957 s/step
on time step 91615 (time=954.323), 0.00990024 s/step
on time step 92022 (time=958.562), 0.00984586 s/step
field decay(t = 960.4583333333333): 0.0037612584253583054 / 0.043715528047501416 = 0.08603941421618679
on time step 92430 (time=962.812), 0.00981689 s/step
on time step 92837 (time=967.052), 0.00984014 s/step
on time step 93245 (time=971.302), 0.00981114 s/step
on time step 93655 (time=975.573), 0.00976747 s/step
on time step 94065 (time=979.844), 0.0097662 s/step
field decay(t = 980.46875): 0.002479789380483939 / 0.043715528047501416 = 0.05672559594360597
on time step 94476 (time=984.125), 0.00975287 s/step
on time step 94887 (time=988.406), 0.00973393 s/step
on time step 95295 (time=992.656), 0.00981885 s/step
on time step 95703 (time=996.906), 0.0098062 s/step
field decay(t = 1000.4791666666666): 0.0014081741467325897 / 0.043715528047501416 = 0.032212218624065654
on time step 96116 (time=1001.21), 0.0096932 s/step
on time step 96526 (time=1005.48), 0.00975964 s/step
on time step 96933 (time=1009.72), 0.00983341 s/step
on time step 97339 (time=1013.95), 0.00986745 s/step
on time step 97747 (time=1018.2), 0.00980642 s/step
field decay(t = 1020.4895833333333): 0.0008646037068470138 / 0.043715528047501416 = 0.019777954092365827
on time step 98158 (time=1022.48), 0.00975037 s/step
on time step 98570 (time=1026.77), 0.00971171 s/step
on time step 98979 (time=1031.03), 0.0097959 s/step
on time step 99393 (time=1035.34), 0.00968506 s/step
on time step 99805 (time=1039.64), 0.00971272 s/step
field decay(t = 1040.4895833333333): 0.0004510506278539087 / 0.043715528047501416 = 0.010317858390359504
on time step 100218 (time=1043.94), 0.00969622 s/step
on time step 100630 (time=1048.23), 0.00971092 s/step
on time step 101040 (time=1052.5), 0.00977501 s/step
on time step 101441 (time=1056.68), 0.00998228 s/step
field decay(t = 1060.5): 0.00026015086345190807 / 0.043715528047501416 = 0.005950994419402355
on time step 101851 (time=1060.95), 0.00977451 s/step
on time step 102263 (time=1065.24), 0.00973245 s/step
on time step 102671 (time=1069.49), 0.00980799 s/step
on time step 103080 (time=1073.75), 0.00978087 s/step
on time step 103489 (time=1078.01), 0.00979604 s/step
field decay(t = 1080.5104166666665): 0.00014648502702884462 / 0.043715528047501416 = 0.0033508694409380936
on time step 103900 (time=1082.29), 0.00974921 s/step
on time step 104311 (time=1086.57), 0.00973987 s/step
on time step 104722 (time=1090.85), 0.00974923 s/step
on time step 105133 (time=1095.14), 0.00975487 s/step
on time step 105543 (time=1099.41), 0.00976814 s/step
field decay(t = 1100.5208333333333): 7.001682255644378e-05 / 0.043715528047501416 = 0.0016016465014528315
on time step 105953 (time=1103.68), 0.00976963 s/step
on time step 106364 (time=1107.96), 0.00974737 s/step
on time step 106776 (time=1112.25), 0.00972834 s/step
on time step 107185 (time=1116.51), 0.00978383 s/step
field decay(t = 1120.53125): 3.8267024072405275e-05 / 0.043715528047501416 = 0.0008753645622403146
on time step 107597 (time=1120.8), 0.00973124 s/step
on time step 108013 (time=1125.14), 0.00963319 s/step
on time step 108429 (time=1129.47), 0.00963385 s/step
on time step 108840 (time=1133.75), 0.00973868 s/step
on time step 109247 (time=1137.99), 0.00984266 s/step
field decay(t = 1140.5416666666665): 1.7899546118601827e-05 / 0.043715528047501416 = 0.0004094551048120048
on time step 109653 (time=1142.22), 0.00986778 s/step
on time step 110059 (time=1146.45), 0.0098554 s/step
on time step 110466 (time=1150.69), 0.00983537 s/step
on time step 110872 (time=1154.92), 0.00986024 s/step
on time step 111279 (time=1159.16), 0.00984995 s/step
field decay(t = 1160.5520833333333): 9.757784093259899e-06 / 0.043715528047501416 = 0.00022321093966100704
on time step 111686 (time=1163.4), 0.00983698 s/step
on time step 112092 (time=1167.62), 0.00985602 s/step
on time step 112497 (time=1171.84), 0.0098824 s/step
on time step 112904 (time=1176.08), 0.00983226 s/step
on time step 113312 (time=1180.33), 0.00982454 s/step
field decay(t = 1180.5625): 5.265814766085282e-06 / 0.043715528047501416 = 0.00012045639161360313
on time step 113719 (time=1184.57), 0.00984708 s/step
on time step 114125 (time=1188.8), 0.00986407 s/step
on time step 114533 (time=1193.05), 0.0098111 s/step
on time step 114941 (time=1197.3), 0.00981398 s/step
field decay(t = 1200.5729166666665): 2.5307549791858494e-06 / 0.043715528047501416 = 5.789144251982783e-05
on time step 115347 (time=1201.53), 0.0098534 s/step
on time step 115755 (time=1205.78), 0.00981791 s/step
on time step 116161 (time=1210.01), 0.00985561 s/step
on time step 116569 (time=1214.26), 0.00980586 s/step
on time step 116976 (time=1218.5), 0.0098485 s/step
field decay(t = 1220.5833333333333): 1.3874633569162966e-06 / 0.043715528047501416 = 3.1738455850485784e-05
on time step 117383 (time=1222.74), 0.00984361 s/step
on time step 117789 (time=1226.97), 0.00985512 s/step
on time step 118195 (time=1231.2), 0.00986378 s/step
on time step 118601 (time=1235.43), 0.00986835 s/step
on time step 119008 (time=1239.67), 0.00985108 s/step
field decay(t = 1240.59375): 6.46787114098235e-07 / 0.043715528047501416 = 1.479536318068569e-05
on time step 119414 (time=1243.9), 0.00986133 s/step
on time step 119820 (time=1248.12), 0.00986936 s/step
on time step 120226 (time=1252.35), 0.00985265 s/step
on time step 120631 (time=1256.57), 0.0098819 s/step
field decay(t = 1260.6041666666665): 3.454275568316729e-07 / 0.043715528047501416 = 7.901713012738411e-06
on time step 121037 (time=1260.8), 0.009876 s/step
on time step 121442 (time=1265.02), 0.00989356 s/step
on time step 121847 (time=1269.24), 0.00988531 s/step
on time step 122253 (time=1273.47), 0.00986833 s/step
on time step 122659 (time=1277.7), 0.00986599 s/step
field decay(t = 1280.6145833333333): 1.6626370965668552e-07 / 0.043715528047501416 = 3.803310107017875e-06
on time step 123064 (time=1281.92), 0.00989393 s/step
on time step 123470 (time=1286.15), 0.00986592 s/step
on time step 123875 (time=1290.36), 0.00987917 s/step
on time step 124280 (time=1294.58), 0.00988882 s/step
on time step 124685 (time=1298.8), 0.00988226 s/step
field decay(t = 1300.625): 7.774324385777345e-08 / 0.043715528047501416 = 1.7783896782236606e-06
on time step 125092 (time=1303.04), 0.00985249 s/step
on time step 125497 (time=1307.26), 0.00989014 s/step
on time step 125903 (time=1311.49), 0.00986019 s/step
on time step 126309 (time=1315.72), 0.00986478 s/step
on time step 126716 (time=1319.96), 0.00984732 s/step
field decay(t = 1320.6354166666665): 3.834281668310926e-08 / 0.043715528047501416 = 8.770983308595939e-07
on time step 127121 (time=1324.18), 0.0098841 s/step
on time step 127526 (time=1328.4), 0.00989087 s/step
on time step 127932 (time=1332.62), 0.00986475 s/step
on time step 128337 (time=1336.84), 0.0098859 s/step
field decay(t = 1340.6458333333333): 1.5228861135534555e-08 / 0.043715528047501416 = 3.4836274009973825e-07
on time step 128742 (time=1341.06), 0.00988194 s/step
on time step 129148 (time=1345.29), 0.00987363 s/step
on time step 129553 (time=1349.51), 0.00988786 s/step
on time step 129959 (time=1353.74), 0.00986445 s/step
on time step 130365 (time=1357.97), 0.00985343 s/step
field decay(t = 1360.65625): 7.046533167303488e-09 / 0.043715528047501416 = 1.6119062223488884e-07
on time step 130771 (time=1362.2), 0.00987056 s/step
on time step 131177 (time=1366.43), 0.00986159 s/step
on time step 131583 (time=1370.66), 0.00986756 s/step
on time step 131989 (time=1374.89), 0.00986677 s/step
on time step 132394 (time=1379.1), 0.0098908 s/step
field decay(t = 1380.6666666666665): 2.5751628713547417e-09 / 0.043715528047501416 = 5.890728046465692e-08
on time step 132799 (time=1383.32), 0.0098906 s/step
on time step 133205 (time=1387.55), 0.00986418 s/step
on time step 133610 (time=1391.77), 0.00988521 s/step
on time step 134015 (time=1395.99), 0.0098811 s/step
on time step 134420 (time=1400.21), 0.00987939 s/step
field decay(t = 1400.6770833333333): 1.1082466404410596e-09 / 0.043715528047501416 = 2.5351326861174723e-08
on time step 134825 (time=1404.43), 0.00988629 s/step
on time step 135230 (time=1408.65), 0.00987673 s/step
on time step 135635 (time=1412.86), 0.00988726 s/step
on time step 136040 (time=1417.08), 0.00987824 s/step
field decay(t = 1420.6875): 4.124181911066861e-10 / 0.043715528047501416 = 9.434134952197107e-09
on time step 136445 (time=1421.3), 0.00988992 s/step
on time step 136850 (time=1425.52), 0.00987765 s/step
on time step 137255 (time=1429.74), 0.00987814 s/step
on time step 137661 (time=1433.97), 0.00987405 s/step
on time step 138073 (time=1438.26), 0.0097217 s/step
field decay(t = 1440.6979166666665): 1.524562862517696e-10 / 0.043715528047501416 = 3.4874629922372247e-09
on time step 138482 (time=1442.52), 0.00979736 s/step
on time step 138889 (time=1446.76), 0.00984285 s/step
on time step 139296 (time=1451), 0.00983389 s/step
on time step 139702 (time=1455.23), 0.00985411 s/step
on time step 140109 (time=1459.47), 0.00984642 s/step
field decay(t = 1460.7083333333333): 6.075141709782162e-11 / 0.043715528047501416 = 1.3896988052348118e-09
on time step 140521 (time=1463.76), 0.0097188 s/step
on time step 140932 (time=1468.04), 0.00974236 s/step
on time step 141343 (time=1472.32), 0.00975472 s/step
on time step 141752 (time=1476.58), 0.00978789 s/step
field decay(t = 1480.71875): 1.790637083907724e-11 / 0.043715528047501416 = 4.096112214318932e-10
on time step 142162 (time=1480.85), 0.00977176 s/step
on time step 142572 (time=1485.12), 0.00975678 s/step
on time step 142982 (time=1489.4), 0.00975735 s/step
on time step 143393 (time=1493.68), 0.00975467 s/step
on time step 143802 (time=1497.94), 0.00979207 s/step
2026-05-30 12:06:56 [INFO] D11_scaled_deep_groove: Checkpointed 2 completed spectra row(s) to /mnt/c/Users/admin/Meep_Simulation/meep_sim/results/diagnostics_v2/tables/D11_thickness_3um_quick_spectra_checkpoint.csv
2026-05-30 12:06:56 [INFO] D11_scaled_deep_groove: >>> task=3/10 case=scaled_inner_wall_film_3um pol=Ez wl=10.009 res=24 pml=4
2026-05-30 12:06:56 [INFO] D11_scaled_deep_groove: [single ref] wl=10.009 um, f=0.0999101, res=24, comp=Ez
field decay(t = 1500.7291666666665): 6.8276522712659185e-12 / 0.043715528047501416 = 1.5618368520785045e-10
run 0 finished at t = 1500.7291666666665 (144070 timesteps)
-----------
Initializing structure...
Splitting into 16 chunks by voxels
time for choose_chunkdivision = 0.000495929 s
Working in 2D dimensions.
Computational cell is 50 x 49 x 0 with resolution 24
time for set_epsilon = 0.122115 s
-----------
field decay(t = 20.010416666666664): 2.8620255289198833e-10 / 2.8620255289198833e-10 = 1.0
field decay(t = 40.010416666666664): 5.452418623381255e-11 / 2.8620255289198833e-10 = 0.19050908415338194
on time step 5069 (time=52.8021), 0.000789145 s/step
field decay(t = 60.02083333333333): 1.1489321784701532e-10 / 2.8620255289198833e-10 = 0.4014402271609909
field decay(t = 80.02083333333333): 2.879243497488553e-10 / 2.879243497488553e-10 = 1.0
field decay(t = 100.03125): 7.711342597478302e-10 / 7.711342597478302e-10 = 1.0
on time step 10287 (time=107.156), 0.000766712 s/step
field decay(t = 120.04166666666666): 2.0859287788575395e-09 / 2.0859287788575395e-09 = 1.0
field decay(t = 140.04166666666666): 5.697974442910339e-09 / 5.697974442910339e-09 = 1.0
field decay(t = 160.05208333333331): 1.5084423552457186e-08 / 1.5084423552457186e-08 = 1.0
on time step 15493 (time=161.385), 0.000768353 s/step
field decay(t = 180.0625): 3.9232342022662704e-08 / 3.9232342022662704e-08 = 1.0
field decay(t = 200.07291666666666): 9.98087587456717e-08 / 9.98087587456717e-08 = 1.0
on time step 20689 (time=215.51), 0.000769878 s/step
field decay(t = 220.08333333333331): 2.46756031212108e-07 / 2.46756031212108e-07 = 1.0
field decay(t = 240.09375): 5.927117821082613e-07 / 5.927117821082613e-07 = 1.0
field decay(t = 260.10416666666663): 1.3839976528841446e-06 / 1.3839976528841446e-06 = 1.0
on time step 25464 (time=265.25), 0.000837798 s/step
field decay(t = 280.1145833333333): 3.1412180355795217e-06 / 3.1412180355795217e-06 = 1.0
field decay(t = 300.125): 6.930102732023386e-06 / 6.930102732023386e-06 = 1.0
on time step 30112 (time=313.667), 0.0008607 s/step
field decay(t = 320.13541666666663): 1.4860047186976182e-05 / 1.4860047186976182e-05 = 1.0
field decay(t = 340.1458333333333): 3.095635463171417e-05 / 3.095635463171417e-05 = 1.0
field decay(t = 360.15625): 6.268334313227175e-05 / 6.268334313227175e-05 = 1.0
on time step 34765 (time=362.135), 0.000859801 s/step
field decay(t = 380.16666666666663): 0.0001232816253728794 / 0.0001232816253728794 = 1.0
field decay(t = 400.1770833333333): 0.00023565497010352203 / 0.00023565497010352203 = 1.0
on time step 39416 (time=410.583), 0.000860138 s/step
field decay(t = 420.1875): 0.0004375758894755346 / 0.0004375758894755346 = 1.0
field decay(t = 440.19791666666663): 0.0007895848165344317 / 0.0007895848165344317 = 1.0
on time step 44077 (time=459.135), 0.000858311 s/step
field decay(t = 460.2083333333333): 0.0013841762569804011 / 0.0013841762569804011 = 1.0
field decay(t = 480.21875): 0.002357814486051738 / 0.002357814486051738 = 1.0
field decay(t = 500.22916666666663): 0.003902192859997883 / 0.003902192859997883 = 1.0
on time step 48745 (time=507.76), 0.000857039 s/step
field decay(t = 520.2291666666666): 0.006274954089004014 / 0.006274954089004014 = 1.0
field decay(t = 540.2395833333333): 0.009804123964599568 / 0.009804123964599568 = 1.0
on time step 53413 (time=556.385), 0.000857033 s/step
field decay(t = 560.25): 0.014883340417198871 / 0.014883340417198871 = 1.0
field decay(t = 580.2604166666666): 0.021953342149198977 / 0.021953342149198977 = 1.0
field decay(t = 600.2708333333333): 0.03146155803786605 / 0.03146155803786605 = 1.0
on time step 57744 (time=601.5), 0.000923662 s/step
field decay(t = 620.28125): 0.043810276687998605 / 0.043810276687998605 = 1.0
field decay(t = 640.2916666666666): 0.05927230210125304 / 0.05927230210125304 = 1.0
on time step 61956 (time=645.375), 0.000949888 s/step
field decay(t = 660.3020833333333): 0.07791761895759121 / 0.07791761895759121 = 1.0
field decay(t = 680.3125): 0.09951980275542106 / 0.09951980275542106 = 1.0
on time step 66155 (time=689.115), 0.000952793 s/step
field decay(t = 700.3229166666666): 0.12350527047971546 / 0.12350527047971546 = 1.0
field decay(t = 720.3333333333333): 0.148919941401281 / 0.148919941401281 = 1.0
on time step 70369 (time=733.01), 0.000949424 s/step
field decay(t = 740.34375): 0.17447160497597922 / 0.17447160497597922 = 1.0
field decay(t = 760.3541666666666): 0.19860114144896512 / 0.19860114144896512 = 1.0
on time step 74580 (time=776.875), 0.000949935 s/step
field decay(t = 780.3645833333333): 0.21965904919387197 / 0.21965904919387197 = 1.0
field decay(t = 800.375): 0.23605013155752083 / 0.23605013155752083 = 1.0
field decay(t = 820.3854166666666): 0.24646693264194156 / 0.24646693264194156 = 1.0
on time step 78781 (time=820.635), 0.000952391 s/step
field decay(t = 840.3958333333333): 0.2500418052046788 / 0.2500418052046788 = 1.0
field decay(t = 860.40625): 0.24981617201531855 / 0.2500418052046788 = 0.9990976181395926
on time step 82999 (time=864.573), 0.000948414 s/step
field decay(t = 880.4166666666666): 0.24447930901485332 / 0.2500418052046788 = 0.9777537352792981
field decay(t = 900.4270833333333): 0.2324692576331893 / 0.2500418052046788 = 0.9297215617320272
on time step 87220 (time=908.542), 0.000947703 s/step
field decay(t = 920.4375): 0.2147707749362006 / 0.2500418052046788 = 0.8589394671838732
field decay(t = 940.4479166666666): 0.19279489159432217 / 0.2500418052046788 = 0.771050630659559
on time step 91432 (time=952.417), 0.000949874 s/step
field decay(t = 960.4583333333333): 0.1681519510919449 / 0.2500418052046788 = 0.6724953491449135
field decay(t = 980.46875): 0.14249857895535226 / 0.2500418052046788 = 0.5698990168412279
on time step 95640 (time=996.25), 0.000950716 s/step
field decay(t = 1000.4791666666666): 0.11733145608921042 / 0.2500418052046788 = 0.4692473564297196
field decay(t = 1020.4895833333333): 0.09386765513439244 / 0.2500418052046788 = 0.3754078445304553
on time step 99851 (time=1040.11), 0.000949903 s/step
field decay(t = 1040.4895833333333): 0.07296469187940235 / 0.2500418052046788 = 0.29180997081538046
field decay(t = 1060.5): 0.0551073889008951 / 0.2500418052046788 = 0.2203927013556209
field decay(t = 1080.5104166666665): 0.04043864276855222 / 0.2500418052046788 = 0.16172752686475778
on time step 104052 (time=1083.88), 0.000952209 s/step
field decay(t = 1100.5208333333333): 0.028832882097439297 / 0.2500418052046788 = 0.1153122457816097
field decay(t = 1120.53125): 0.01997443048851206 / 0.2500418052046788 = 0.07988436362536026
on time step 108257 (time=1127.68), 0.000951478 s/step
field decay(t = 1140.5416666666665): 0.013444712078171283 / 0.2500418052046788 = 0.0537698568731966
field decay(t = 1160.5520833333333): 0.00879305996634419 / 0.2500418052046788 = 0.03516635931798037
on time step 112474 (time=1171.6), 0.00094874 s/step
field decay(t = 1180.5625): 0.005587307829227516 / 0.2500418052046788 = 0.022345494684994246
field decay(t = 1200.5729166666665): 0.0034497874112853154 / 0.2500418052046788 = 0.013796842525838408
on time step 116675 (time=1215.36), 0.000952246 s/step
field decay(t = 1220.5833333333333): 0.002069400075414817 / 0.2500418052046788 = 0.00827621634598603
field decay(t = 1240.59375): 0.0012062344289379703 / 0.2500418052046788 = 0.004824131020613025
on time step 120896 (time=1259.33), 0.000947858 s/step
field decay(t = 1260.6041666666665): 0.0006830665699569968 / 0.2500418052046788 = 0.0027318094644127743
field decay(t = 1280.6145833333333): 0.00037589399099451597 / 0.2500418052046788 = 0.0015033245768115348
field decay(t = 1300.625): 0.00020094847161235206 / 0.2500418052046788 = 0.0008036594978502096
on time step 125109 (time=1303.22), 0.000949458 s/step
field decay(t = 1320.6354166666665): 0.00010439500065735613 / 0.2500418052046788 = 0.00041751018623426055
field decay(t = 1340.6458333333333): 5.268572888396681e-05 / 0.2500418052046788 = 0.00021070768082497013
on time step 129293 (time=1346.8), 0.000956037 s/step
field decay(t = 1360.65625): 2.5840435331418832e-05 / 0.2500418052046788 = 0.00010334445998046772
field decay(t = 1380.6666666666665): 1.231218909233006e-05 / 0.2500418052046788 = 4.924052232886244e-05
on time step 133439 (time=1389.99), 0.000964803 s/step
field decay(t = 1400.6770833333333): 5.699621702505345e-06 / 0.2500418052046788 = 2.2794675065794533e-05
field decay(t = 1420.6875): 2.565387576936127e-06 / 0.2500418052046788 = 1.0259834649794487e-05
on time step 137594 (time=1433.27), 0.000962935 s/step
field decay(t = 1440.6979166666665): 1.1210423794391415e-06 / 0.2500418052046788 = 4.483419796627531e-06
field decay(t = 1460.7083333333333): 4.7641839521490335e-07 / 0.2500418052046788 = 1.9053549658422824e-06
on time step 141760 (time=1476.67), 0.000960219 s/step
field decay(t = 1480.71875): 1.9642760957842011e-07 / 0.2500418052046788 = 7.855790731379048e-07
field decay(t = 1500.7291666666665): 7.894655550322761e-08 / 0.2500418052046788 = 3.1573342481111776e-07
on time step 145923 (time=1520.03), 0.000960935 s/step
field decay(t = 1520.7395833333333): 3.0803649339930455e-08 / 0.2500418052046788 = 1.2319399675872304e-07
field decay(t = 1540.75): 1.1722327466737811e-08 / 0.2500418052046788 = 4.688147030910359e-08
field decay(t = 1560.7604166666665): 4.3254872232776256e-09 / 0.2500418052046788 = 1.7299056130781314e-08
on time step 150093 (time=1563.47), 0.000959291 s/step
field decay(t = 1580.7708333333333): 1.553287775693036e-09 / 0.2500418052046788 = 6.212112308266005e-09
field decay(t = 1600.78125): 5.42554272574316e-10 / 0.2500418052046788 = 2.16985424549384e-09
on time step 154262 (time=1606.9), 0.000959567 s/step
field decay(t = 1620.7916666666665): 1.8879859684725187e-10 / 0.2500418052046788 = 7.550681242790798e-10
field decay(t = 1640.8020833333333): 6.654092650400778e-11 / 0.2500418052046788 = 2.6611920534463755e-10
on time step 158413 (time=1650.14), 0.000963699 s/step
field decay(t = 1660.8125): 2.3789437438637656e-11 / 0.2500418052046788 = 9.514184005816204e-11
field decay(t = 1680.8229166666665): 2.809167036861304e-10 / 0.2500418052046788 = 1.1234789456754166e-09
run 0 finished at t = 1680.8229166666665 (161359 timesteps)
-----------
Initializing structure...
Splitting into 16 chunks by voxels
time for choose_chunkdivision = 0.00082425 s
Working in 2D dimensions.
Computational cell is 50 x 49 x 0 with resolution 24
     block, center = (0,-4,0)
          size (50,25,1e+20)
          axes (1,0,0), (0,1,0), (0,0,1)
          dielectric constant epsilon diagonal = (1,1,1)
     prism, center = (2.72978,1,5e+19)
          height 1e+20, axis (0,0,1), sidewall angle: 0 radians, 4 vertices:
          (-10,8.5,0)
          (10,8.5,0)
          (15.4596,-6.5,0)
          (-4.54045,-6.5,0)
          dielectric constant epsilon diagonal = (2.70559,2.70559,2.70559)
     prism, center = (2.18382,2.5,5e+19)
          height 1e+20, axis (0,0,1), sidewall angle: 0 radians, 4 vertices:
          (-7,8.5,0)
          (7,8.5,0)
          (11.3676,-3.5,0)
          (-2.63236,-3.5,0)
          dielectric constant epsilon diagonal = (1,1,1)
time for set_epsilon = 1.18589 s
time for set_conductivity = 0.0465513 s
time for set_conductivity = 0.0459212 s
time for set_conductivity = 0.0459275 s
lorentzian susceptibility: frequency=15.6714, gamma=1.42115
lorentzian susceptibility: frequency=2.02365, gamma=1.3413
lorentzian susceptibility: frequency=1.24613, gamma=2.0309
lorentzian susceptibility: frequency=0.626693, gamma=1.83572
drude susceptibility: frequency=1e-10, gamma=0.0661375
-----------
2026-05-30 12:09:26 [INFO] D11_scaled_deep_groove: [single struct] 3 geometry objects
on time step 749 (time=7.80208), 0.00534104 s/step
on time step 1532 (time=15.9583), 0.00511014 s/step
field decay(t = 20.010416666666664): 2.8620255289198833e-10 / 2.8620255289198833e-10 = 1.0
on time step 2316 (time=24.125), 0.00510748 s/step
on time step 3099 (time=32.2812), 0.00511156 s/step
field decay(t = 40.010416666666664): 5.596064368790668e-11 / 2.8620255289198833e-10 = 0.1955281080564854
on time step 4257 (time=44.3438), 0.00345578 s/step
on time step 4821 (time=50.2188), 0.00709558 s/step
on time step 5356 (time=55.7917), 0.00748512 s/step
field decay(t = 60.02083333333333): 1.887692505145494e-10 / 2.8620255289198833e-10 = 0.6595652226267533
on time step 5891 (time=61.3646), 0.00748458 s/step
on time step 6425 (time=66.9271), 0.00749409 s/step
on time step 6960 (time=72.5), 0.00748144 s/step
on time step 7495 (time=78.0729), 0.0074902 s/step
field decay(t = 80.02083333333333): 3.5510953996994444e-10 / 3.5510953996994444e-10 = 1.0
on time step 8108 (time=84.4583), 0.00653913 s/step
on time step 8513 (time=88.6771), 0.00989135 s/step
on time step 8923 (time=92.9479), 0.00975901 s/step
on time step 9335 (time=97.2396), 0.00971301 s/step
field decay(t = 100.03125): 9.668879746465794e-10 / 9.668879746465794e-10 = 1.0
on time step 9745 (time=101.51), 0.00976721 s/step
on time step 10157 (time=105.802), 0.00973105 s/step
on time step 10568 (time=110.083), 0.00974802 s/step
on time step 10980 (time=114.375), 0.00973152 s/step
on time step 11392 (time=118.667), 0.00973088 s/step
field decay(t = 120.04166666666666): 2.5100117807501086e-09 / 2.5100117807501086e-09 = 1.0
on time step 11803 (time=122.948), 0.00973697 s/step
on time step 12214 (time=127.229), 0.00974875 s/step
on time step 12626 (time=131.521), 0.00972709 s/step
on time step 13037 (time=135.802), 0.0097352 s/step
field decay(t = 140.04166666666666): 6.65995255270779e-09 / 6.65995255270779e-09 = 1.0
on time step 13449 (time=140.094), 0.00973201 s/step
on time step 13862 (time=144.396), 0.00970485 s/step
on time step 14271 (time=148.656), 0.0097827 s/step
on time step 14681 (time=152.927), 0.00977484 s/step
on time step 15092 (time=157.208), 0.0097522 s/step
field decay(t = 160.05208333333331): 1.7203425165771857e-08 / 1.7203425165771857e-08 = 1.0
on time step 15502 (time=161.479), 0.00977771 s/step
on time step 15912 (time=165.75), 0.00975685 s/step
on time step 16322 (time=170.021), 0.00975846 s/step
on time step 16733 (time=174.302), 0.00975609 s/step
on time step 17143 (time=178.573), 0.00978006 s/step
field decay(t = 180.0625): 4.5411197205719225e-08 / 4.5411197205719225e-08 = 1.0
on time step 17552 (time=182.833), 0.00978165 s/step
on time step 17962 (time=187.104), 0.00977759 s/step
on time step 18372 (time=191.375), 0.00976407 s/step
on time step 18782 (time=195.646), 0.00977575 s/step
on time step 19191 (time=199.906), 0.00978421 s/step
field decay(t = 200.07291666666666): 1.165099962356007e-07 / 1.165099962356007e-07 = 1.0
on time step 19601 (time=204.177), 0.00975668 s/step
on time step 20011 (time=208.448), 0.00975626 s/step
on time step 20421 (time=212.719), 0.00976906 s/step
on time step 20831 (time=216.99), 0.00976877 s/step
field decay(t = 220.08333333333331): 2.8620212882312576e-07 / 2.8620212882312576e-07 = 1.0
on time step 21242 (time=221.271), 0.00975202 s/step
on time step 21652 (time=225.542), 0.00975995 s/step
on time step 22062 (time=229.812), 0.00975748 s/step
on time step 22472 (time=234.083), 0.00975789 s/step
on time step 22882 (time=238.354), 0.00977073 s/step
field decay(t = 240.09375): 6.934907566772826e-07 / 6.934907566772826e-07 = 1.0
on time step 23292 (time=242.625), 0.00976856 s/step
on time step 23702 (time=246.896), 0.00976173 s/step
on time step 24113 (time=251.177), 0.00975444 s/step
on time step 24523 (time=255.448), 0.00976982 s/step
on time step 24933 (time=259.719), 0.00975879 s/step
field decay(t = 260.10416666666663): 1.6264162496663134e-06 / 1.6264162496663134e-06 = 1.0
on time step 25343 (time=263.99), 0.0097767 s/step
on time step 25753 (time=268.26), 0.00976424 s/step
on time step 26163 (time=272.531), 0.00976535 s/step
on time step 26572 (time=276.792), 0.00979403 s/step
field decay(t = 280.1145833333333): 3.7133807136770518e-06 / 3.7133807136770518e-06 = 1.0
on time step 26981 (time=281.052), 0.00978057 s/step
on time step 27391 (time=285.323), 0.00975969 s/step
on time step 27802 (time=289.604), 0.00974727 s/step
on time step 28213 (time=293.885), 0.0097474 s/step
on time step 28622 (time=298.146), 0.00979075 s/step
field decay(t = 300.125): 8.23716765317227e-06 / 8.23716765317227e-06 = 1.0
on time step 29033 (time=302.427), 0.00975442 s/step
on time step 29444 (time=306.708), 0.00974826 s/step
on time step 29854 (time=310.979), 0.00976267 s/step
on time step 30264 (time=315.25), 0.00977388 s/step
on time step 30673 (time=319.51), 0.00978623 s/step
field decay(t = 320.13541666666663): 1.776948059281541e-05 / 1.776948059281541e-05 = 1.0
on time step 31083 (time=323.781), 0.00975969 s/step
on time step 31493 (time=328.052), 0.00977898 s/step
on time step 31905 (time=332.344), 0.00973211 s/step
on time step 32315 (time=336.615), 0.00977654 s/step
field decay(t = 340.1458333333333): 3.723569900715741e-05 / 3.723569900715741e-05 = 1.0
on time step 32725 (time=340.885), 0.00976385 s/step
on time step 33135 (time=345.156), 0.00977613 s/step
on time step 33545 (time=349.427), 0.00977665 s/step
on time step 33947 (time=353.615), 0.00997195 s/step
on time step 34347 (time=357.781), 0.0100216 s/step
field decay(t = 360.15625): 7.585591888498238e-05 / 7.585591888498238e-05 = 1.0
on time step 34746 (time=361.938), 0.0100276 s/step
on time step 35146 (time=366.104), 0.0100092 s/step
on time step 35547 (time=370.281), 0.00998195 s/step
on time step 35947 (time=374.448), 0.0100031 s/step
on time step 36347 (time=378.615), 0.0100009 s/step
field decay(t = 380.16666666666663): 0.0001500998457194552 / 0.0001500998457194552 = 1.0
on time step 36748 (time=382.792), 0.00998518 s/step
on time step 37149 (time=386.969), 0.00998998 s/step
on time step 37549 (time=391.135), 0.010024 s/step
on time step 37949 (time=395.302), 0.0100002 s/step
on time step 38350 (time=399.479), 0.00999697 s/step
field decay(t = 400.1770833333333): 0.000288747703708603 / 0.000288747703708603 = 1.0
on time step 38751 (time=403.656), 0.0100004 s/step
on time step 39151 (time=407.823), 0.0100024 s/step
on time step 39552 (time=412), 0.00998952 s/step
on time step 39953 (time=416.177), 0.00999231 s/step
field decay(t = 420.1875): 0.000539753862379821 / 0.000539753862379821 = 1.0
on time step 40354 (time=420.354), 0.00999329 s/step
on time step 40755 (time=424.531), 0.00998409 s/step
on time step 41157 (time=428.719), 0.00997085 s/step
on time step 41558 (time=432.896), 0.00997665 s/step
on time step 41959 (time=437.073), 0.00998123 s/step
field decay(t = 440.19791666666663): 0.0009807192350767234 / 0.0009807192350767234 = 1.0
on time step 42361 (time=441.26), 0.00995774 s/step
on time step 42762 (time=445.438), 0.00997563 s/step
on time step 43163 (time=449.615), 0.00998712 s/step
on time step 43565 (time=453.802), 0.00995731 s/step
on time step 43968 (time=458), 0.00994205 s/step
field decay(t = 460.2083333333333): 0.0017313979324607054 / 0.0017313979324607054 = 1.0
on time step 44370 (time=462.188), 0.0099584 s/step
on time step 44773 (time=466.385), 0.00994866 s/step
on time step 45177 (time=470.594), 0.00992378 s/step
on time step 45580 (time=474.792), 0.00994746 s/step
on time step 45983 (time=478.99), 0.00994864 s/step
field decay(t = 480.21875): 0.0029710005062739734 / 0.0029710005062739734 = 1.0
on time step 46385 (time=483.177), 0.00995629 s/step
on time step 46788 (time=487.375), 0.00993631 s/step
on time step 47191 (time=491.573), 0.00994194 s/step
on time step 47595 (time=495.781), 0.00991346 s/step
on time step 47998 (time=499.979), 0.00993809 s/step
field decay(t = 500.22916666666663): 0.004953999837897132 / 0.004953999837897132 = 1.0
on time step 48402 (time=504.188), 0.00990552 s/step
on time step 48805 (time=508.385), 0.00992735 s/step
on time step 49209 (time=512.594), 0.0099228 s/step
on time step 49612 (time=516.792), 0.00993387 s/step
field decay(t = 520.2291666666666): 0.008028963563362667 / 0.008028963563362667 = 1.0
on time step 50015 (time=520.99), 0.00993414 s/step
on time step 50417 (time=525.177), 0.00996548 s/step
on time step 50821 (time=529.385), 0.00991972 s/step
on time step 51225 (time=533.594), 0.00991224 s/step
on time step 51629 (time=537.802), 0.00992553 s/step
field decay(t = 540.2395833333333): 0.01264572710031328 / 0.01264572710031328 = 1.0
on time step 52032 (time=542), 0.00993536 s/step
on time step 52435 (time=546.198), 0.00992813 s/step
on time step 52838 (time=550.396), 0.00993423 s/step
on time step 53241 (time=554.594), 0.00992619 s/step
on time step 53644 (time=558.792), 0.00992978 s/step
field decay(t = 560.25): 0.019358122105452544 / 0.019358122105452544 = 1.0
on time step 54048 (time=563), 0.00992055 s/step
on time step 54451 (time=567.198), 0.00992674 s/step
on time step 54852 (time=571.375), 0.00998769 s/step
on time step 55253 (time=575.552), 0.00998726 s/step
on time step 55654 (time=579.729), 0.0099869 s/step
field decay(t = 580.2604166666666): 0.02879961467280266 / 0.02879961467280266 = 1.0
on time step 56056 (time=583.917), 0.00997415 s/step
on time step 56458 (time=588.104), 0.00997041 s/step
on time step 56859 (time=592.281), 0.00997619 s/step
on time step 57264 (time=596.5), 0.00990094 s/step
field decay(t = 600.2708333333333): 0.04164215632632017 / 0.04164215632632017 = 1.0
on time step 57669 (time=600.719), 0.0098894 s/step
on time step 58074 (time=604.938), 0.00989278 s/step
on time step 58479 (time=609.156), 0.00989183 s/step
on time step 58884 (time=613.375), 0.00989318 s/step
on time step 59289 (time=617.594), 0.00989256 s/step
field decay(t = 620.28125): 0.05851883105663353 / 0.05851883105663353 = 1.0
on time step 59691 (time=621.781), 0.00995127 s/step
on time step 60093 (time=625.969), 0.00997546 s/step
on time step 60494 (time=630.146), 0.00998682 s/step
on time step 60894 (time=634.312), 0.0100167 s/step
on time step 61293 (time=638.469), 0.0100349 s/step
field decay(t = 640.2916666666666): 0.07992840809158339 / 0.07992840809158339 = 1.0
on time step 61695 (time=642.656), 0.00996928 s/step
on time step 62095 (time=646.823), 0.0100153 s/step
on time step 62496 (time=651), 0.00998805 s/step
on time step 62896 (time=655.167), 0.0100094 s/step
on time step 63296 (time=659.333), 0.010017 s/step
field decay(t = 660.3020833333333): 0.10610613115666981 / 0.10610613115666981 = 1.0
on time step 63696 (time=663.5), 0.0100191 s/step
on time step 64096 (time=667.667), 0.0100229 s/step
on time step 64497 (time=671.844), 0.00998914 s/step
on time step 64900 (time=676.042), 0.0099283 s/step
on time step 65301 (time=680.219), 0.00997689 s/step
field decay(t = 680.3125): 0.13690581458596915 / 0.13690581458596915 = 1.0
on time step 65706 (time=684.438), 0.00989711 s/step
on time step 66110 (time=688.646), 0.00991508 s/step
on time step 66515 (time=692.865), 0.00989398 s/step
on time step 66917 (time=697.052), 0.00995584 s/step
field decay(t = 700.3229166666666): 0.1716947632840394 / 0.1716947632840394 = 1.0
on time step 67318 (time=701.229), 0.00997754 s/step
on time step 67720 (time=705.417), 0.00997201 s/step
on time step 68121 (time=709.594), 0.00998975 s/step
on time step 68522 (time=713.771), 0.00999002 s/step
on time step 68924 (time=717.958), 0.00995112 s/step
field decay(t = 720.3333333333333): 0.20928883926028544 / 0.20928883926028544 = 1.0
on time step 69327 (time=722.156), 0.00992611 s/step
on time step 69729 (time=726.344), 0.00996358 s/step
on time step 70132 (time=730.542), 0.00992729 s/step
on time step 70535 (time=734.74), 0.00994421 s/step
on time step 70938 (time=738.938), 0.0099466 s/step
field decay(t = 740.34375): 0.24797445417106898 / 0.24797445417106898 = 1.0
on time step 71342 (time=743.146), 0.00991221 s/step
on time step 71746 (time=747.354), 0.0099199 s/step
on time step 72150 (time=751.562), 0.00992234 s/step
on time step 72552 (time=755.75), 0.00996688 s/step
on time step 72951 (time=759.906), 0.0100393 s/step
field decay(t = 760.3541666666666): 0.2855878646491537 / 0.2855878646491537 = 1.0
on time step 73352 (time=764.083), 0.00999811 s/step
on time step 73752 (time=768.25), 0.0100027 s/step
on time step 74153 (time=772.427), 0.00999687 s/step
on time step 74554 (time=776.604), 0.00998535 s/step
field decay(t = 780.3645833333333): 0.3197154320559722 / 0.3197154320559722 = 1.0
on time step 74955 (time=780.781), 0.00999788 s/step
on time step 75355 (time=784.948), 0.0100005 s/step
on time step 75756 (time=789.125), 0.00998729 s/step
on time step 76158 (time=793.312), 0.00997453 s/step
on time step 76560 (time=797.5), 0.00997446 s/step
field decay(t = 800.375): 0.3479192789152785 / 0.3479192789152785 = 1.0
on time step 76962 (time=801.688), 0.00997395 s/step
on time step 77363 (time=805.865), 0.00998666 s/step
on time step 77765 (time=810.052), 0.00996936 s/step
on time step 78166 (time=814.229), 0.00998833 s/step
on time step 78568 (time=818.417), 0.00995505 s/step
field decay(t = 820.3854166666666): 0.36805687422703665 / 0.36805687422703665 = 1.0
on time step 78972 (time=822.625), 0.00992136 s/step
on time step 79377 (time=826.844), 0.0099003 s/step
on time step 79782 (time=831.062), 0.00989242 s/step
on time step 80187 (time=835.281), 0.00989679 s/step
on time step 80592 (time=839.5), 0.00987888 s/step
field decay(t = 840.3958333333333): 0.3785052996349113 / 0.3785052996349113 = 1.0
on time step 80995 (time=843.698), 0.00993551 s/step
on time step 81400 (time=847.917), 0.0098967 s/step
on time step 81805 (time=852.135), 0.00989034 s/step
on time step 82210 (time=856.354), 0.00987883 s/step
field decay(t = 860.40625): 0.3798010591262872 / 0.3798010591262872 = 1.0
on time step 82614 (time=860.562), 0.00991895 s/step
on time step 83018 (time=864.771), 0.00990314 s/step
on time step 83422 (time=868.979), 0.00992021 s/step
on time step 83828 (time=873.208), 0.00985857 s/step
on time step 84234 (time=877.438), 0.00987241 s/step
field decay(t = 880.4166666666666): 0.3767378917208836 / 0.3798010591262872 = 0.9919348107863358
on time step 84639 (time=881.656), 0.00988989 s/step
on time step 85045 (time=885.885), 0.00986956 s/step
on time step 85452 (time=890.125), 0.00983131 s/step
on time step 85860 (time=894.375), 0.00982645 s/step
on time step 86265 (time=898.594), 0.00988402 s/step
field decay(t = 900.4270833333333): 0.3636232564168786 / 0.3798010591262872 = 0.9574045350304583
on time step 86672 (time=902.833), 0.00985145 s/step
on time step 87080 (time=907.083), 0.00982761 s/step
on time step 87487 (time=911.323), 0.00983493 s/step
on time step 87894 (time=915.562), 0.00983759 s/step
on time step 88299 (time=919.781), 0.00989562 s/step
field decay(t = 920.4375): 0.3412401325354355 / 0.3798010591262872 = 0.8984707239111994
on time step 88704 (time=924), 0.00989881 s/step
on time step 89099 (time=928.115), 0.0101416 s/step
on time step 89494 (time=932.229), 0.0101279 s/step
on time step 89888 (time=936.333), 0.0101774 s/step
on time step 90282 (time=940.438), 0.0101744 s/step
field decay(t = 940.4479166666666): 0.31137631600364035 / 0.3798010591262872 = 0.8198405679013786
on time step 90674 (time=944.521), 0.0102295 s/step
on time step 91067 (time=948.615), 0.0101971 s/step
on time step 91460 (time=952.708), 0.0101995 s/step
on time step 91853 (time=956.802), 0.0101835 s/step
field decay(t = 960.4583333333333): 0.2762985534585013 / 0.3798010591262872 = 0.7274823142781958
on time step 92246 (time=960.896), 0.0101892 s/step
on time step 92639 (time=964.99), 0.0101869 s/step
on time step 93032 (time=969.083), 0.0102038 s/step
on time step 93423 (time=973.156), 0.0102308 s/step
on time step 93814 (time=977.229), 0.0102307 s/step
field decay(t = 980.46875): 0.2384314708557036 / 0.3798010591262872 = 0.6277798998354637
on time step 94206 (time=981.312), 0.0102153 s/step
on time step 94599 (time=985.406), 0.0101829 s/step
on time step 94992 (time=989.5), 0.010184 s/step
on time step 95385 (time=993.594), 0.0102025 s/step
on time step 95778 (time=997.688), 0.0101931 s/step
field decay(t = 1000.4791666666666): 0.20012070191750073 / 0.3798010591262872 = 0.5269092781833419
on time step 96172 (time=1001.79), 0.0101592 s/step
on time step 96568 (time=1005.92), 0.0101185 s/step
on time step 96959 (time=1009.99), 0.0102303 s/step
on time step 97351 (time=1014.07), 0.0102293 s/step
on time step 97746 (time=1018.19), 0.0101312 s/step
field decay(t = 1020.4895833333333): 0.1633904906562187 / 0.3798010591262872 = 0.4302001975246991
on time step 98140 (time=1022.29), 0.0101687 s/step
on time step 98536 (time=1026.42), 0.010113 s/step
on time step 98933 (time=1030.55), 0.0100797 s/step
on time step 99332 (time=1034.71), 0.0100304 s/step
on time step 99736 (time=1038.92), 0.00992262 s/step
field decay(t = 1040.4895833333333): 0.12978808106647347 / 0.3798010591262872 = 0.34172648534747185
on time step 100140 (time=1043.12), 0.0099141 s/step
on time step 100541 (time=1047.3), 0.00997586 s/step
on time step 100936 (time=1051.42), 0.0101383 s/step
on time step 101334 (time=1055.56), 0.0100703 s/step
on time step 101733 (time=1059.72), 0.0100428 s/step
field decay(t = 1060.5): 0.10032589066948612 / 0.3798010591262872 = 0.26415379383164617
on time step 102131 (time=1063.86), 0.0100575 s/step
on time step 102530 (time=1068.02), 0.0100415 s/step
on time step 102928 (time=1072.17), 0.0100562 s/step
on time step 103326 (time=1076.31), 0.010051 s/step
on time step 103725 (time=1080.47), 0.0100488 s/step
field decay(t = 1080.5104166666665): 0.07548300008656424 / 0.3798010591262872 = 0.19874352183274316
on time step 104123 (time=1084.61), 0.0100652 s/step
on time step 104520 (time=1088.75), 0.0100906 s/step
on time step 104917 (time=1092.89), 0.0100958 s/step
on time step 105309 (time=1096.97), 0.0102174 s/step
field decay(t = 1100.5208333333333): 0.0552962852235408 / 0.3798010591262872 = 0.1455927620390187
on time step 105702 (time=1101.06), 0.0101908 s/step
on time step 106105 (time=1105.26), 0.00993751 s/step
on time step 106514 (time=1109.52), 0.00979035 s/step
on time step 106923 (time=1113.78), 0.00978716 s/step
on time step 107333 (time=1118.05), 0.00977011 s/step
field decay(t = 1120.53125): 0.039454551457413015 / 0.3798010591262872 = 0.10388215227249809
on time step 107742 (time=1122.31), 0.00978962 s/step
on time step 108152 (time=1126.58), 0.00977718 s/step
on time step 108561 (time=1130.84), 0.0097956 s/step
on time step 108970 (time=1135.1), 0.00978019 s/step
on time step 109379 (time=1139.36), 0.00978022 s/step
field decay(t = 1140.5416666666665): 0.0274341525136867 / 0.3798010591262872 = 0.07223295421239097
on time step 109788 (time=1143.62), 0.00979382 s/step
on time step 110179 (time=1147.7), 0.0102427 s/step
on time step 110570 (time=1151.77), 0.0102436 s/step
on time step 110962 (time=1155.85), 0.0102304 s/step
on time step 111352 (time=1159.92), 0.0102639 s/step
field decay(t = 1160.5520833333333): 0.01859961924912469 / 0.3798010591262872 = 0.048972004690856205
on time step 111742 (time=1163.98), 0.0102701 s/step
on time step 112132 (time=1168.04), 0.0102635 s/step
on time step 112523 (time=1172.11), 0.0102531 s/step
on time step 112912 (time=1176.17), 0.0102954 s/step
on time step 113302 (time=1180.23), 0.0102666 s/step
field decay(t = 1180.5625): 0.012305793391948367 / 0.3798010591262872 = 0.03240062947759338
on time step 113692 (time=1184.29), 0.0102772 s/step
on time step 114082 (time=1188.35), 0.0102757 s/step
on time step 114473 (time=1192.43), 0.0102426 s/step
on time step 114866 (time=1196.52), 0.0101935 s/step
field decay(t = 1200.5729166666665): 0.007952094837142666 / 0.3798010591262872 = 0.02093752675528618
on time step 115257 (time=1200.59), 0.0102554 s/step
on time step 115647 (time=1204.66), 0.0102744 s/step
on time step 116038 (time=1208.73), 0.0102553 s/step
on time step 116428 (time=1212.79), 0.0102819 s/step
on time step 116820 (time=1216.88), 0.0102069 s/step
field decay(t = 1220.5833333333333): 0.005025766163929304 / 0.3798010591262872 = 0.013232628090850565
on time step 117211 (time=1220.95), 0.0102355 s/step
on time step 117612 (time=1225.12), 0.00997901 s/step
on time step 118015 (time=1229.32), 0.00994783 s/step
on time step 118417 (time=1233.51), 0.00995464 s/step
on time step 118819 (time=1237.7), 0.00995291 s/step
field decay(t = 1240.59375): 0.0031110500102370527 / 0.3798010591262872 = 0.008191262071237672
on time step 119221 (time=1241.89), 0.00995238 s/step
on time step 119623 (time=1246.07), 0.00995849 s/step
on time step 120025 (time=1250.26), 0.00995405 s/step
on time step 120428 (time=1254.46), 0.00992926 s/step
on time step 120832 (time=1258.67), 0.00991711 s/step
field decay(t = 1260.6041666666665): 0.0018902453498094518 / 0.3798010591262872 = 0.00497693543603555
on time step 121236 (time=1262.88), 0.00992227 s/step
on time step 121639 (time=1267.07), 0.0099334 s/step
on time step 122042 (time=1271.27), 0.00994573 s/step
on time step 122443 (time=1275.45), 0.00997667 s/step
on time step 122844 (time=1279.62), 0.00997929 s/step
field decay(t = 1280.6145833333333): 0.0011299139268192376 / 0.3798010591262872 = 0.0029750152077473047
on time step 123245 (time=1283.8), 0.00998105 s/step
on time step 123646 (time=1287.98), 0.00997667 s/step
on time step 124047 (time=1292.16), 0.00997594 s/step
on time step 124448 (time=1296.33), 0.00998511 s/step
on time step 124851 (time=1300.53), 0.00992816 s/step
field decay(t = 1300.625): 0.0006667633344056002 / 0.3798010591262872 = 0.0017555594393008145
on time step 125258 (time=1304.77), 0.00984766 s/step
on time step 125662 (time=1308.98), 0.00990951 s/step
on time step 126066 (time=1313.19), 0.00992111 s/step
on time step 126468 (time=1317.38), 0.00995423 s/step
field decay(t = 1320.6354166666665): 0.00038976070312138236 / 0.3798010591262872 = 0.0010262233181181927
on time step 126869 (time=1321.55), 0.00997655 s/step
on time step 127271 (time=1325.74), 0.00996675 s/step
on time step 127674 (time=1329.94), 0.00993694 s/step
on time step 128082 (time=1334.19), 0.00981556 s/step
on time step 128489 (time=1338.43), 0.00983339 s/step
field decay(t = 1340.6458333333333): 0.0002268870987879332 / 0.3798010591262872 = 0.0005973840602495298
on time step 128898 (time=1342.69), 0.00979482 s/step
on time step 129304 (time=1346.92), 0.00985285 s/step
on time step 129711 (time=1351.16), 0.00985145 s/step
on time step 130120 (time=1355.42), 0.00979232 s/step
on time step 130527 (time=1359.66), 0.00983481 s/step
field decay(t = 1360.65625): 0.00013214317014898253 / 0.3798010591262872 = 0.0003479273345181583
on time step 130934 (time=1363.9), 0.00984583 s/step
on time step 131341 (time=1368.14), 0.00983634 s/step
on time step 131748 (time=1372.38), 0.00984876 s/step
on time step 132155 (time=1376.61), 0.00983394 s/step
field decay(t = 1380.6666666666665): 7.754694191046326e-05 / 0.3798010591262872 = 0.00020417779268140014
on time step 132561 (time=1380.84), 0.00985229 s/step
on time step 132967 (time=1385.07), 0.00985812 s/step
on time step 133373 (time=1389.3), 0.00986227 s/step
on time step 133776 (time=1393.5), 0.00993585 s/step
on time step 134176 (time=1397.67), 0.0100043 s/step
field decay(t = 1400.6770833333333): 4.61053829114144e-05 / 0.3798010591262872 = 0.00012139350800515793
on time step 134577 (time=1401.84), 0.00997533 s/step
on time step 134978 (time=1406.02), 0.00998686 s/step
on time step 135380 (time=1410.21), 0.00996087 s/step
on time step 135781 (time=1414.39), 0.009976 s/step
on time step 136183 (time=1418.57), 0.00996887 s/step
field decay(t = 1420.6875): 2.797825227421152e-05 / 0.3798010591262872 = 7.366554569008851e-05
on time step 136585 (time=1422.76), 0.00996438 s/step
on time step 136986 (time=1426.94), 0.00998338 s/step
on time step 137388 (time=1431.12), 0.00995403 s/step
on time step 137790 (time=1435.31), 0.00995866 s/step
on time step 138193 (time=1439.51), 0.00993468 s/step
field decay(t = 1440.6979166666665): 1.7409565324408033e-05 / 0.3798010591262872 = 4.5838643432058465e-05
on time step 138595 (time=1443.7), 0.00995562 s/step
on time step 138998 (time=1447.9), 0.00993986 s/step
on time step 139402 (time=1452.1), 0.00991851 s/step
on time step 139805 (time=1456.3), 0.00993991 s/step
on time step 140207 (time=1460.49), 0.00995182 s/step
field decay(t = 1460.7083333333333): 1.1170220034863913e-05 / 0.3798010591262872 = 2.94107132311859e-05
on time step 140609 (time=1464.68), 0.00996366 s/step
on time step 141011 (time=1468.86), 0.00996283 s/step
on time step 141413 (time=1473.05), 0.00997543 s/step
on time step 141815 (time=1477.24), 0.00995597 s/step
field decay(t = 1480.71875): 7.396132167068525e-06 / 0.3798010591262872 = 1.947370074239115e-05
on time step 142218 (time=1481.44), 0.00994965 s/step
on time step 142621 (time=1485.64), 0.00992674 s/step
on time step 143024 (time=1489.83), 0.00994614 s/step
on time step 143428 (time=1494.04), 0.0099174 s/step
on time step 143831 (time=1498.24), 0.00994394 s/step
field decay(t = 1500.7291666666665): 5.062117157584549e-06 / 0.3798010591262872 = 1.3328338707716322e-05
on time step 144233 (time=1502.43), 0.00996309 s/step
on time step 144636 (time=1506.62), 0.00994058 s/step
on time step 145038 (time=1510.81), 0.00995916 s/step
on time step 145440 (time=1515), 0.00995377 s/step
on time step 145841 (time=1519.18), 0.00997638 s/step
field decay(t = 1520.7395833333333): 3.570603790978577e-06 / 0.3798010591262872 = 9.401247587862359e-06
on time step 146244 (time=1523.38), 0.00994354 s/step
on time step 146646 (time=1527.56), 0.00996853 s/step
on time step 147049 (time=1531.76), 0.00994847 s/step
on time step 147450 (time=1535.94), 0.00998058 s/step
on time step 147850 (time=1540.1), 0.010006 s/step
field decay(t = 1540.75): 2.5889876058533234e-06 / 0.3798010591262872 = 6.816694012937079e-06
on time step 148252 (time=1544.29), 0.00995399 s/step
on time step 148654 (time=1548.48), 0.00997297 s/step
on time step 149056 (time=1552.67), 0.00995272 s/step
on time step 149458 (time=1556.85), 0.00995832 s/step
field decay(t = 1560.7604166666665): 1.922175674355339e-06 / 0.3798010591262872 = 5.061006619563424e-06
on time step 149860 (time=1561.04), 0.00996472 s/step
on time step 150262 (time=1565.23), 0.00996126 s/step
on time step 150664 (time=1569.42), 0.00997274 s/step
on time step 151066 (time=1573.6), 0.00997228 s/step
on time step 151468 (time=1577.79), 0.00995108 s/step
field decay(t = 1580.7708333333333): 1.4534192241124946e-06 / 0.3798010591262872 = 3.826790866397294e-06
on time step 151869 (time=1581.97), 0.00997917 s/step
on time step 152272 (time=1586.17), 0.00994801 s/step
on time step 152673 (time=1590.34), 0.00998912 s/step
on time step 153073 (time=1594.51), 0.0100135 s/step
on time step 153474 (time=1598.69), 0.00998139 s/step
field decay(t = 1600.78125): 1.1165037245853953e-06 / 0.3798010591262872 = 2.9397067168634406e-06
on time step 153877 (time=1602.89), 0.00994452 s/step
on time step 154279 (time=1607.07), 0.00996871 s/step
on time step 154681 (time=1611.26), 0.00995898 s/step
on time step 155084 (time=1615.46), 0.00994649 s/step
on time step 155485 (time=1619.64), 0.0099844 s/step
field decay(t = 1620.7916666666665): 8.667330528354594e-07 / 0.3798010591262872 = 2.282071184396732e-06
on time step 155887 (time=1623.82), 0.00996183 s/step
on time step 156289 (time=1628.01), 0.00996472 s/step
on time step 156692 (time=1632.21), 0.00994077 s/step
on time step 157095 (time=1636.41), 0.00992993 s/step
on time step 157496 (time=1640.58), 0.00997896 s/step
field decay(t = 1640.8020833333333): 6.783625399112611e-07 / 0.3798010591262872 = 1.7860996529914878e-06
on time step 157899 (time=1644.78), 0.00994979 s/step
on time step 158301 (time=1648.97), 0.00996268 s/step
on time step 158704 (time=1653.17), 0.00994287 s/step
on time step 159107 (time=1657.36), 0.0099479 s/step
field decay(t = 1660.8125): 5.347627434287e-07 / 0.3798010591262872 = 1.4080075096654396e-06
on time step 159510 (time=1661.56), 0.00994366 s/step
on time step 159912 (time=1665.75), 0.0099671 s/step
on time step 160314 (time=1669.94), 0.00995076 s/step
on time step 160716 (time=1674.12), 0.00995448 s/step
on time step 161117 (time=1678.3), 0.009992 s/step
2026-05-30 12:35:38 [INFO] D11_scaled_deep_groove: Checkpointed 3 completed spectra row(s) to /mnt/c/Users/admin/Meep_Simulation/meep_sim/results/diagnostics_v2/tables/D11_thickness_3um_quick_spectra_checkpoint.csv
2026-05-30 12:35:38 [INFO] D11_scaled_deep_groove: >>> task=4/10 case=scaled_inner_wall_film_3um pol=Ez wl=10.985 res=24 pml=4
2026-05-30 12:35:38 [INFO] D11_scaled_deep_groove: [single ref] wl=10.985 um, f=0.0910332, res=24, comp=Ez
field decay(t = 1680.8229166666665): 4.2254832778087655e-07 / 0.3798010591262872 = 1.1125517363035459e-06
run 0 finished at t = 1680.8229166666665 (161359 timesteps)
-----------
Initializing structure...
Splitting into 16 chunks by voxels
time for choose_chunkdivision = 0.00047918 s
Working in 2D dimensions.
Computational cell is 50 x 49 x 0 with resolution 24
time for set_epsilon = 0.102392 s
-----------
field decay(t = 20.010416666666664): 3.4215899527749997e-10 / 3.4215899527749997e-10 = 1.0
field decay(t = 40.010416666666664): 5.622223159762893e-11 / 3.4215899527749997e-10 = 0.1643160997478123
on time step 4968 (time=51.75), 0.000805192 s/step
field decay(t = 60.02083333333333): 9.536770325750524e-11 / 3.4215899527749997e-10 = 0.27872335543936094
field decay(t = 80.02083333333333): 2.285759686154867e-10 / 3.4215899527749997e-10 = 0.6680402145502723
field decay(t = 100.03125): 5.964151573381866e-10 / 5.964151573381866e-10 = 1.0
on time step 10265 (time=106.927), 0.000755195 s/step
field decay(t = 120.04166666666666): 1.2666050335759306e-09 / 1.2666050335759306e-09 = 1.0
field decay(t = 140.04166666666666): 3.4827566743399767e-09 / 3.4827566743399767e-09 = 1.0
field decay(t = 160.05208333333331): 8.314636924569397e-09 / 8.314636924569397e-09 = 1.0
on time step 15533 (time=161.802), 0.000759415 s/step
field decay(t = 180.0625): 1.9172982532611296e-08 / 1.9172982532611296e-08 = 1.0
field decay(t = 200.07291666666666): 4.982421775386784e-08 / 4.982421775386784e-08 = 1.0
on time step 20754 (time=216.188), 0.000766293 s/step
field decay(t = 220.08333333333331): 9.989276725805586e-08 / 9.989276725805586e-08 = 1.0
field decay(t = 240.09375): 2.469629928024308e-07 / 2.469629928024308e-07 = 1.0
field decay(t = 260.10416666666663): 5.924276049680474e-07 / 5.924276049680474e-07 = 1.0
on time step 25982 (time=270.646), 0.000765164 s/step
field decay(t = 280.1145833333333): 1.122172155466413e-06 / 1.122172155466413e-06 = 1.0
field decay(t = 300.125): 2.5659225188819756e-06 / 2.5659225188819756e-06 = 1.0
field decay(t = 320.13541666666663): 5.6974368877367064e-06 / 5.6974368877367064e-06 = 1.0
on time step 31174 (time=324.729), 0.000770531 s/step
field decay(t = 340.1458333333333): 1.0183441580175604e-05 / 1.0183441580175604e-05 = 1.0
field decay(t = 360.15625): 2.1527234032401157e-05 / 2.1527234032401157e-05 = 1.0
on time step 35660 (time=371.458), 0.000891749 s/step
field decay(t = 380.16666666666663): 4.4113297618509755e-05 / 4.4113297618509755e-05 = 1.0
field decay(t = 400.1770833333333): 7.442808346771345e-05 / 7.442808346771345e-05 = 1.0
on time step 40141 (time=418.135), 0.000892814 s/step
field decay(t = 420.1875): 0.0001453657848894825 / 0.0001453657848894825 = 1.0
field decay(t = 440.19791666666663): 0.0002573688391239173 / 0.0002573688391239173 = 1.0
field decay(t = 460.2083333333333): 0.00043760586106006893 / 0.00043760586106006893 = 1.0
on time step 44633 (time=464.927), 0.000890645 s/step
field decay(t = 480.21875): 0.0007895463807686414 / 0.0007895463807686414 = 1.0
field decay(t = 500.22916666666663): 0.0012060940091880867 / 0.0012060940091880867 = 1.0
on time step 49119 (time=511.656), 0.000891799 s/step
field decay(t = 520.2291666666666): 0.002069441575294599 / 0.002069441575294599 = 1.0
field decay(t = 540.2395833333333): 0.0034495037711865665 / 0.0034495037711865665 = 1.0
on time step 53600 (time=558.333), 0.000892681 s/step
field decay(t = 560.25): 0.004965973079908204 / 0.004965973079908204 = 1.0
field decay(t = 580.2604166666666): 0.007871720306013954 / 0.007871720306013954 = 1.0
field decay(t = 600.2708333333333): 0.012122676510326214 / 0.012122676510326214 = 1.0
on time step 58093 (time=605.135), 0.000890398 s/step
field decay(t = 620.28125): 0.016446154958839037 / 0.016446154958839037 = 1.0
field decay(t = 640.2916666666666): 0.02408416850059759 / 0.02408416850059759 = 1.0
on time step 62404 (time=650.042), 0.000927933 s/step
field decay(t = 660.3020833333333): 0.034265962041660145 / 0.034265962041660145 = 1.0
field decay(t = 680.3125): 0.04380904400109354 / 0.04380904400109354 = 1.0
on time step 66718 (time=694.979), 0.000927256 s/step
field decay(t = 700.3229166666666): 0.059270916392994234 / 0.059270916392994234 = 1.0
field decay(t = 720.3333333333333): 0.07411679414371922 / 0.07411679414371922 = 1.0
on time step 71023 (time=739.823), 0.000929235 s/step
field decay(t = 740.34375): 0.09386546191900416 / 0.09386546191900416 = 1.0
field decay(t = 760.3541666666666): 0.11732729191339991 / 0.11732729191339991 = 1.0
field decay(t = 780.3645833333333): 0.13610375322840024 / 0.13610375322840024 = 1.0
on time step 75343 (time=784.823), 0.000925988 s/step
field decay(t = 800.375): 0.16176782753914182 / 0.16176782753914182 = 1.0
field decay(t = 820.3854166666666): 0.1868111332398371 / 0.1868111332398371 = 1.0
on time step 79656 (time=829.75), 0.000927636 s/step
field decay(t = 840.3958333333333): 0.20421482540558392 / 0.20421482540558392 = 1.0
field decay(t = 860.40625): 0.22424540523010542 / 0.22424540523010542 = 1.0
on time step 83982 (time=874.812), 0.00092483 s/step
field decay(t = 880.4166666666666): 0.23925016095915422 / 0.23925016095915422 = 1.0
field decay(t = 900.4270833333333): 0.24646138062061798 / 0.24646138062061798 = 1.0
on time step 88328 (time=920.083), 0.000920431 s/step
field decay(t = 920.4375): 0.2500345829123351 / 0.2500345829123351 = 1.0
field decay(t = 940.4479166666666): 0.2498089767001411 / 0.2500345829123351 = 0.9990976999678757
field decay(t = 960.4583333333333): 0.24600142774924894 / 0.2500345829123351 = 0.983869610691013
on time step 92685 (time=965.469), 0.000918184 s/step
field decay(t = 980.46875): 0.2360433947779766 / 0.2500345829123351 = 0.9440429880883159
field decay(t = 1000.4791666666666): 0.2196515986141974 / 0.2500345829123351 = 0.8784848721954982
on time step 97027 (time=1010.7), 0.000921292 s/step
field decay(t = 1020.4895833333333): 0.20421487109698558 / 0.2500345829123351 = 0.8167465024971589
field decay(t = 1040.4895833333333): 0.18069543294076026 / 0.2500345829123351 = 0.722681762002955
on time step 101378 (time=1056.02), 0.000919518 s/step
field decay(t = 1060.5): 0.15534818526985258 / 0.2500345829123351 = 0.621306794685755
field decay(t = 1080.5104166666665): 0.13610462929001646 / 0.2500345829123351 = 0.5443432172650143
field decay(t = 1100.5208333333333): 0.1112622234206451 / 0.2500345829123351 = 0.44498733785019995
on time step 105725 (time=1101.3), 0.000920329 s/step
field decay(t = 1120.53125): 0.08837385584897578 / 0.2500345829123351 = 0.3534465305543779
field decay(t = 1140.5416666666665): 0.07296315051350873 / 0.2500345829123351 = 0.2918122351862439
on time step 110069 (time=1146.55), 0.000920873 s/step
field decay(t = 1160.5520833333333): 0.05510523042325119 / 0.2500345829123351 = 0.220390434720671
field decay(t = 1180.5625): 0.040437777746886734 / 0.2500345829123351 = 0.16172873878436514
on time step 114424 (time=1191.92), 0.000918559 s/step
field decay(t = 1200.5729166666665): 0.031461502072520665 / 0.2500345829123351 = 0.12582860221200448
field decay(t = 1220.5833333333333): 0.021952416389940044 / 0.2500345829123351 = 0.08779752038395747
on time step 118773 (time=1237.22), 0.000919904 s/step
field decay(t = 1240.59375): 0.016333864737746707 / 0.2500345829123351 = 0.06532642223925296
field decay(t = 1260.6041666666665): 0.010911896505810472 / 0.2500345829123351 = 0.04364154901578676
field decay(t = 1280.6145833333333): 0.0070342159124715375 / 0.2500345829123351 = 0.028132971969472766
on time step 123123 (time=1282.53), 0.000919699 s/step
field decay(t = 1300.625): 0.004966115886969678 / 0.2500345829123351 = 0.019861716043939624
field decay(t = 1320.6354166666665): 0.003044141772830944 / 0.2500345829123351 = 0.012174882919688969
on time step 127451 (time=1327.61), 0.00092429 s/step
field decay(t = 1340.6458333333333): 0.001812980864676106 / 0.2500345829123351 = 0.007250920426922531
field decay(t = 1360.65625): 0.0012062060136253203 / 0.2500345829123351 = 0.004824156720945396
on time step 131773 (time=1372.64), 0.000925562 s/step
field decay(t = 1380.6666666666665): 0.0006830714691945164 / 0.2500345829123351 = 0.002731907967443083
field decay(t = 1400.6770833333333): 0.0003758558813235908 / 0.2500345829123351 = 0.0015032155830034522
on time step 136109 (time=1417.8), 0.00092253 s/step
field decay(t = 1420.6875): 0.0002356580972480408 / 0.2500345829123351 = 0.0009425020111344563
field decay(t = 1440.6979166666665): 0.0001232780872349487 / 0.2500345829123351 = 0.0004930441453299736
field decay(t = 1460.7083333333333): 6.607022431753628e-05 / 0.2500345829123351 = 0.0002642443439142226
on time step 140447 (time=1462.99), 0.000922189 s/step
field decay(t = 1480.71875): 3.703199875915577e-05 / 0.2500345829123351 = 0.00014810750708088889
field decay(t = 1500.7291666666665): 1.7895674733286158e-05 / 0.2500345829123351 = 7.157279814992865e-05
on time step 144779 (time=1508.11), 0.000923607 s/step
field decay(t = 1520.7395833333333): 1.001996223811961e-05 / 0.2500345829123351 = 4.007430540771522e-05
field decay(t = 1540.75): 4.68224427069217e-06 / 0.2500345829123351 = 1.872638663081985e-05
on time step 149111 (time=1553.24), 0.000923467 s/step
field decay(t = 1560.7604166666665): 2.0903130783326907e-06 / 0.2500345829123351 = 8.360095847483536e-06
field decay(t = 1580.7708333333333): 1.1212957834219846e-06 / 0.2500345829123351 = 4.484562776722464e-06
on time step 153446 (time=1598.4), 0.000922833 s/step
field decay(t = 1600.78125): 4.76138029714699e-07 / 0.2500345829123351 = 1.9042886954627323e-06
field decay(t = 1620.7916666666665): 1.9655130188345145e-07 / 0.2500345829123351 = 7.860964655131907e-07
field decay(t = 1640.8020833333333): 9.950892085634604e-08 / 0.2500345829123351 = 3.9798063010841575e-07
on time step 157780 (time=1643.54), 0.000923024 s/step
field decay(t = 1660.8125): 3.912577024362325e-08 / 0.2500345829123351 = 1.5648143463954815e-07
field decay(t = 1680.8229166666665): 1.496043538092199e-08 / 0.2500345829123351 = 5.983346466183553e-08
on time step 162118 (time=1688.73), 0.000922262 s/step
field decay(t = 1700.8333333333333): 7.131911821835231e-09 / 0.2500345829123351 = 2.8523701556659298e-08
field decay(t = 1720.84375): 2.5815546812073638e-09 / 0.2500345829123351 = 1.0324790479533327e-08
on time step 166449 (time=1733.84), 0.000923741 s/step
field decay(t = 1740.8541666666665): 1.000518484820461e-09 / 0.2500345829123351 = 4.001520402364716e-09
field decay(t = 1760.8645833333333): 4.226723726113697e-10 / 0.2500345829123351 = 1.6904556469277026e-09
on time step 170789 (time=1779.05), 0.000921827 s/step
field decay(t = 1780.875): 1.49149717816089e-10 / 0.2500345829123351 = 5.965163541732247e-10
field decay(t = 1800.8854166666665): 6.539978970126734e-11 / 0.2500345829123351 = 2.615629763671421e-10
field decay(t = 1820.8958333333333): 2.337947540331266e-11 / 0.2500345829123351 = 9.350496691695549e-11
on time step 175103 (time=1823.99), 0.000927326 s/step
field decay(t = 1840.90625): 3.2979761278552853e-10 / 0.2500345829123351 = 1.3190079905912825e-09
run 0 finished at t = 1840.90625 (176727 timesteps)
-----------
Initializing structure...
Splitting into 16 chunks by voxels
time for choose_chunkdivision = 0.00069786 s
Working in 2D dimensions.
Computational cell is 50 x 49 x 0 with resolution 24
     block, center = (0,-4,0)
          size (50,25,1e+20)
          axes (1,0,0), (0,1,0), (0,0,1)
          dielectric constant epsilon diagonal = (1,1,1)
     prism, center = (2.72978,1,5e+19)
          height 1e+20, axis (0,0,1), sidewall angle: 0 radians, 4 vertices:
          (-10,8.5,0)
          (10,8.5,0)
          (15.4596,-6.5,0)
          (-4.54045,-6.5,0)
          dielectric constant epsilon diagonal = (2.30448,2.30448,2.30448)
     prism, center = (2.18382,2.5,5e+19)
          height 1e+20, axis (0,0,1), sidewall angle: 0 radians, 4 vertices:
          (-7,8.5,0)
          (7,8.5,0)
          (11.3676,-3.5,0)
          (-2.63236,-3.5,0)
          dielectric constant epsilon diagonal = (1,1,1)
time for set_epsilon = 1.38711 s
time for set_conductivity = 0.0602702 s
time for set_conductivity = 0.0598356 s
time for set_conductivity = 0.0610815 s
lorentzian susceptibility: frequency=15.6714, gamma=1.42115
lorentzian susceptibility: frequency=2.02365, gamma=1.3413
lorentzian susceptibility: frequency=1.24613, gamma=2.0309
lorentzian susceptibility: frequency=0.626693, gamma=1.83572
drude susceptibility: frequency=1e-10, gamma=0.0661375
-----------
2026-05-30 12:38:19 [INFO] D11_scaled_deep_groove: [single struct] 3 geometry objects
on time step 779 (time=8.11458), 0.0051379 s/step
on time step 1595 (time=16.6146), 0.00490232 s/step
field decay(t = 20.010416666666664): 3.4215899527749997e-10 / 3.4215899527749997e-10 = 1.0
on time step 2411 (time=25.1146), 0.00490213 s/step
on time step 3227 (time=33.6146), 0.00490596 s/step
field decay(t = 40.010416666666664): 8.492034903588023e-11 / 3.4215899527749997e-10 = 0.24818973111318493
on time step 4042 (time=42.1042), 0.00490901 s/step
on time step 4957 (time=51.6354), 0.00437289 s/step
field decay(t = 60.02083333333333): 1.4850242154528865e-10 / 3.4215899527749997e-10 = 0.4340158335596271
on time step 5817 (time=60.5938), 0.00465377 s/step
on time step 6375 (time=66.4062), 0.00718085 s/step
on time step 6931 (time=72.1979), 0.00720248 s/step
on time step 7485 (time=77.9688), 0.00723153 s/step
field decay(t = 80.02083333333333): 2.6498758418923947e-10 / 3.4215899527749997e-10 = 0.7744574535424023
on time step 8040 (time=83.75), 0.0072172 s/step
on time step 8630 (time=89.8958), 0.00678357 s/step
on time step 9237 (time=96.2188), 0.00660427 s/step
field decay(t = 100.03125): 5.464929490474066e-10 / 5.464929490474066e-10 = 1.0
on time step 9646 (time=100.479), 0.00978199 s/step
on time step 10053 (time=104.719), 0.00984455 s/step
on time step 10459 (time=108.948), 0.00986618 s/step
on time step 10865 (time=113.177), 0.00985684 s/step
on time step 11271 (time=117.406), 0.00986054 s/step
field decay(t = 120.04166666666666): 1.3904590908832625e-09 / 1.3904590908832625e-09 = 1.0
on time step 11678 (time=121.646), 0.00983897 s/step
on time step 12084 (time=125.875), 0.00986727 s/step
on time step 12490 (time=130.104), 0.00986814 s/step
on time step 12896 (time=134.333), 0.00986755 s/step
on time step 13302 (time=138.562), 0.0098679 s/step
field decay(t = 140.04166666666666): 3.6980495592467836e-09 / 3.6980495592467836e-09 = 1.0
on time step 13708 (time=142.792), 0.0098542 s/step
on time step 14114 (time=147.021), 0.00987445 s/step
on time step 14520 (time=151.25), 0.00986102 s/step
on time step 14926 (time=155.479), 0.00985434 s/step
on time step 15331 (time=159.698), 0.00987792 s/step
field decay(t = 160.05208333333331): 7.621343794447882e-09 / 7.621343794447882e-09 = 1.0
on time step 15736 (time=163.917), 0.00988915 s/step
on time step 16141 (time=168.135), 0.00989156 s/step
on time step 16546 (time=172.354), 0.00989295 s/step
on time step 16952 (time=176.583), 0.00987131 s/step
field decay(t = 180.0625): 1.9588311355796864e-08 / 1.9588311355796864e-08 = 1.0
on time step 17357 (time=180.802), 0.00988505 s/step
on time step 17762 (time=185.021), 0.00988374 s/step
on time step 18167 (time=189.24), 0.00989069 s/step
on time step 18572 (time=193.458), 0.00988804 s/step
on time step 18977 (time=197.677), 0.00989067 s/step
field decay(t = 200.07291666666666): 5.021437145492073e-08 / 5.021437145492073e-08 = 1.0
on time step 19382 (time=201.896), 0.00989737 s/step
on time step 19787 (time=206.115), 0.00987953 s/step
on time step 20192 (time=210.333), 0.00989499 s/step
on time step 20597 (time=214.552), 0.00988842 s/step
on time step 21002 (time=218.771), 0.00988528 s/step
field decay(t = 220.08333333333331): 9.92992840033327e-08 / 9.92992840033327e-08 = 1.0
on time step 21407 (time=222.99), 0.00988966 s/step
on time step 21813 (time=227.219), 0.00986782 s/step
on time step 22219 (time=231.448), 0.00985744 s/step
on time step 22625 (time=235.677), 0.00985609 s/step
on time step 23030 (time=239.896), 0.00988428 s/step
field decay(t = 240.09375): 2.4657250481650434e-07 / 2.4657250481650434e-07 = 1.0
on time step 23436 (time=244.125), 0.00986968 s/step
on time step 23842 (time=248.354), 0.00986221 s/step
on time step 24248 (time=252.583), 0.00986657 s/step
on time step 24654 (time=256.812), 0.00985426 s/step
field decay(t = 260.10416666666663): 5.892397952270539e-07 / 5.892397952270539e-07 = 1.0
on time step 25060 (time=261.042), 0.00986318 s/step
on time step 25466 (time=265.271), 0.00985951 s/step
on time step 25872 (time=269.5), 0.00986523 s/step
on time step 26277 (time=273.719), 0.0098808 s/step
on time step 26682 (time=277.938), 0.00988208 s/step
field decay(t = 280.1145833333333): 1.110501930638666e-06 / 1.110501930638666e-06 = 1.0
on time step 27087 (time=282.156), 0.00988067 s/step
on time step 27492 (time=286.375), 0.00988385 s/step
on time step 27898 (time=290.604), 0.00987299 s/step
on time step 28303 (time=294.823), 0.00987871 s/step
on time step 28708 (time=299.042), 0.0098766 s/step
field decay(t = 300.125): 2.5258137721649614e-06 / 2.5258137721649614e-06 = 1.0
on time step 29113 (time=303.26), 0.00989639 s/step
on time step 29518 (time=307.479), 0.00988755 s/step
on time step 29923 (time=311.698), 0.00988627 s/step
on time step 30330 (time=315.938), 0.0098483 s/step
field decay(t = 320.13541666666663): 5.596559792006801e-06 / 5.596559792006801e-06 = 1.0
on time step 30739 (time=320.198), 0.00979871 s/step
on time step 31148 (time=324.458), 0.0097949 s/step
on time step 31557 (time=328.719), 0.0097944 s/step
on time step 31966 (time=332.979), 0.00979516 s/step
on time step 32375 (time=337.24), 0.00979086 s/step
field decay(t = 340.1458333333333): 9.959857274947837e-06 / 9.959857274947837e-06 = 1.0
on time step 32784 (time=341.5), 0.00980168 s/step
on time step 33193 (time=345.76), 0.00979573 s/step
on time step 33602 (time=350.021), 0.00979308 s/step
on time step 34011 (time=354.281), 0.00979502 s/step
on time step 34420 (time=358.542), 0.00978985 s/step
field decay(t = 360.15625): 2.0961334462862867e-05 / 2.0961334462862867e-05 = 1.0
on time step 34829 (time=362.802), 0.00978909 s/step
on time step 35238 (time=367.062), 0.0097894 s/step
on time step 35647 (time=371.323), 0.00980248 s/step
on time step 36056 (time=375.583), 0.00978335 s/step
on time step 36465 (time=379.844), 0.00979717 s/step
field decay(t = 380.16666666666663): 4.076963767015907e-05 / 4.076963767015907e-05 = 1.0
on time step 36874 (time=384.104), 0.00979872 s/step
on time step 37283 (time=388.365), 0.00980098 s/step
on time step 37691 (time=392.615), 0.00980408 s/step
on time step 38100 (time=396.875), 0.00978406 s/step
field decay(t = 400.1770833333333): 7.188631646826333e-05 / 7.188631646826333e-05 = 1.0
on time step 38509 (time=401.135), 0.00978911 s/step
on time step 38917 (time=405.385), 0.00981629 s/step
on time step 39325 (time=409.635), 0.00980556 s/step
on time step 39734 (time=413.896), 0.00979621 s/step
on time step 40142 (time=418.146), 0.00980909 s/step
field decay(t = 420.1875): 0.00013972207037841048 / 0.00013972207037841048 = 1.0
on time step 40551 (time=422.406), 0.00979487 s/step
on time step 40959 (time=426.656), 0.00980955 s/step
on time step 41366 (time=430.896), 0.00982921 s/step
on time step 41774 (time=435.146), 0.00981048 s/step
on time step 42182 (time=439.396), 0.0098176 s/step
field decay(t = 440.19791666666663): 0.00022565106726589844 / 0.00022565106726589844 = 1.0
on time step 42590 (time=443.646), 0.00981653 s/step
on time step 42998 (time=447.896), 0.0098119 s/step
on time step 43406 (time=452.146), 0.00982053 s/step
on time step 43814 (time=456.396), 0.00981345 s/step
field decay(t = 460.2083333333333): 0.00041683523391594906 / 0.00041683523391594906 = 1.0
on time step 44222 (time=460.646), 0.00981602 s/step
on time step 44630 (time=464.896), 0.00981229 s/step
on time step 45038 (time=469.146), 0.00981726 s/step
on time step 45447 (time=473.406), 0.00979284 s/step
on time step 45856 (time=477.667), 0.00979425 s/step
field decay(t = 480.21875): 0.0007481473116987448 / 0.0007481473116987448 = 1.0
on time step 46265 (time=481.927), 0.0098017 s/step
on time step 46674 (time=486.188), 0.00980128 s/step
on time step 47083 (time=490.448), 0.00980294 s/step
on time step 47492 (time=494.708), 0.00979917 s/step
on time step 47901 (time=498.969), 0.00979937 s/step
field decay(t = 500.22916666666663): 0.001138398240647934 / 0.001138398240647934 = 1.0
on time step 48310 (time=503.229), 0.00980175 s/step
on time step 48719 (time=507.49), 0.0098001 s/step
on time step 49128 (time=511.75), 0.00979797 s/step
on time step 49537 (time=516.01), 0.00979485 s/step
field decay(t = 520.2291666666666): 0.001942115341008729 / 0.001942115341008729 = 1.0
on time step 49945 (time=520.26), 0.00981392 s/step
on time step 50353 (time=524.51), 0.00982581 s/step
on time step 50761 (time=528.76), 0.00982591 s/step
on time step 51168 (time=533), 0.00983303 s/step
on time step 51575 (time=537.24), 0.00983238 s/step
field decay(t = 540.2395833333333): 0.0032190118754888857 / 0.0032190118754888857 = 1.0
on time step 51983 (time=541.49), 0.00982425 s/step
on time step 52391 (time=545.74), 0.00982542 s/step
on time step 52798 (time=549.979), 0.00983145 s/step
on time step 53205 (time=554.219), 0.00984137 s/step
on time step 53612 (time=558.458), 0.00985114 s/step
field decay(t = 560.25): 0.004613494721140755 / 0.004613494721140755 = 1.0
on time step 54018 (time=562.688), 0.00986135 s/step
on time step 54424 (time=566.917), 0.00986423 s/step
on time step 54830 (time=571.146), 0.00985376 s/step
on time step 55236 (time=575.375), 0.00986015 s/step
on time step 55642 (time=579.604), 0.00986333 s/step
field decay(t = 580.2604166666666): 0.007268469850499437 / 0.007268469850499437 = 1.0
on time step 56048 (time=583.833), 0.0098707 s/step
on time step 56454 (time=588.062), 0.00987253 s/step
on time step 56866 (time=592.354), 0.00971718 s/step
on time step 57284 (time=596.708), 0.00956954 s/step
field decay(t = 600.2708333333333): 0.01112459208709418 / 0.01112459208709418 = 1.0
on time step 57703 (time=601.073), 0.0095622 s/step
on time step 58121 (time=605.427), 0.00958341 s/step
on time step 58540 (time=609.792), 0.00955737 s/step
on time step 58958 (time=614.146), 0.00957261 s/step
on time step 59376 (time=618.5), 0.00957468 s/step
field decay(t = 620.28125): 0.015019400261518321 / 0.015019400261518321 = 1.0
on time step 59789 (time=622.802), 0.00969712 s/step
on time step 60202 (time=627.104), 0.00969117 s/step
on time step 60614 (time=631.396), 0.00971976 s/step
on time step 61027 (time=635.698), 0.00970668 s/step
on time step 61439 (time=639.99), 0.00971387 s/step
field decay(t = 640.2916666666666): 0.021850201619819383 / 0.021850201619819383 = 1.0
on time step 61851 (time=644.281), 0.0097094 s/step
on time step 62256 (time=648.5), 0.00989193 s/step
on time step 62657 (time=652.677), 0.00999679 s/step
on time step 63057 (time=656.844), 0.010002 s/step
field decay(t = 660.3020833333333): 0.029473959503487437 / 0.029473959503487437 = 1.0
on time step 63458 (time=661.021), 0.0099987 s/step
on time step 63859 (time=665.198), 0.00998698 s/step
on time step 64258 (time=669.354), 0.0100378 s/step
on time step 64659 (time=673.531), 0.00999794 s/step
on time step 65059 (time=677.698), 0.0100019 s/step
field decay(t = 680.3125): 0.03927273095766751 / 0.03927273095766751 = 1.0
on time step 65460 (time=681.875), 0.00998427 s/step
on time step 65860 (time=686.042), 0.0100004 s/step
on time step 66261 (time=690.219), 0.00999729 s/step
on time step 66662 (time=694.396), 0.00998096 s/step
on time step 67063 (time=698.573), 0.00998183 s/step
field decay(t = 700.3229166666666): 0.05275659610514552 / 0.05275659610514552 = 1.0
on time step 67463 (time=702.74), 0.0100022 s/step
on time step 67864 (time=706.917), 0.009985 s/step
on time step 68265 (time=711.094), 0.00998364 s/step
on time step 68666 (time=715.271), 0.00999153 s/step
on time step 69067 (time=719.448), 0.00998695 s/step
field decay(t = 720.3333333333333): 0.06458852928105022 / 0.06458852928105022 = 1.0
on time step 69468 (time=723.625), 0.00998804 s/step
on time step 69869 (time=727.802), 0.00998127 s/step
on time step 70270 (time=731.979), 0.00999301 s/step
on time step 70671 (time=736.156), 0.00999894 s/step
on time step 71072 (time=740.333), 0.00999448 s/step
field decay(t = 740.34375): 0.08247292256690764 / 0.08247292256690764 = 1.0
on time step 71473 (time=744.51), 0.00997995 s/step
on time step 71874 (time=748.688), 0.0099997 s/step
on time step 72275 (time=752.865), 0.00998823 s/step
on time step 72676 (time=757.042), 0.00999652 s/step
field decay(t = 760.3541666666666): 0.10229728738109795 / 0.10229728738109795 = 1.0
on time step 73077 (time=761.219), 0.0099995 s/step
on time step 73478 (time=765.396), 0.00999968 s/step
on time step 73879 (time=769.573), 0.0099872 s/step
on time step 74280 (time=773.75), 0.0099884 s/step
on time step 74681 (time=777.927), 0.00999397 s/step
field decay(t = 780.3645833333333): 0.11796853379187694 / 0.11796853379187694 = 1.0
on time step 75083 (time=782.115), 0.00997411 s/step
on time step 75484 (time=786.292), 0.0099816 s/step
on time step 75885 (time=790.469), 0.00998531 s/step
on time step 76286 (time=794.646), 0.00999597 s/step
on time step 76686 (time=798.812), 0.0100029 s/step
field decay(t = 800.375): 0.1390848900191707 / 0.1390848900191707 = 1.0
on time step 77087 (time=802.99), 0.00999981 s/step
on time step 77487 (time=807.156), 0.010002 s/step
on time step 77888 (time=811.333), 0.00999805 s/step
on time step 78289 (time=815.51), 0.00998637 s/step
on time step 78690 (time=819.688), 0.00999556 s/step
field decay(t = 820.3854166666666): 0.15928910658224651 / 0.15928910658224651 = 1.0
on time step 79091 (time=823.865), 0.00998181 s/step
on time step 79492 (time=828.042), 0.009984 s/step
on time step 79893 (time=832.219), 0.00999907 s/step
on time step 80294 (time=836.396), 0.00998737 s/step
field decay(t = 840.3958333333333): 0.17301994582308738 / 0.17301994582308738 = 1.0
on time step 80695 (time=840.573), 0.00999865 s/step
on time step 81095 (time=844.74), 0.0100006 s/step
on time step 81496 (time=848.917), 0.00999889 s/step
on time step 81897 (time=853.094), 0.0100001 s/step
on time step 82299 (time=857.281), 0.00997451 s/step
field decay(t = 860.40625): 0.1883456025793918 / 0.1883456025793918 = 1.0
on time step 82700 (time=861.458), 0.00998412 s/step
on time step 83101 (time=865.635), 0.00999724 s/step
on time step 83502 (time=869.812), 0.00999259 s/step
on time step 83903 (time=873.99), 0.00998771 s/step
on time step 84304 (time=878.167), 0.00999592 s/step
field decay(t = 880.4166666666666): 0.19915939599730736 / 0.19915939599730736 = 1.0
on time step 84705 (time=882.344), 0.00998321 s/step
on time step 85107 (time=886.531), 0.00997403 s/step
on time step 85508 (time=890.708), 0.00998474 s/step
on time step 85909 (time=894.885), 0.00998346 s/step
on time step 86310 (time=899.062), 0.00999932 s/step
field decay(t = 900.4270833333333): 0.2037578158065182 / 0.2037578158065182 = 1.0
on time step 86711 (time=903.24), 0.00999703 s/step
on time step 87112 (time=907.417), 0.00999115 s/step
on time step 87513 (time=911.594), 0.00999996 s/step
on time step 87914 (time=915.771), 0.00999846 s/step
on time step 88315 (time=919.948), 0.00999786 s/step
field decay(t = 920.4375): 0.20508786489099856 / 0.20508786489099856 = 1.0
on time step 88716 (time=924.125), 0.00998238 s/step
on time step 89117 (time=928.302), 0.00997864 s/step
on time step 89518 (time=932.479), 0.00998713 s/step
on time step 89919 (time=936.656), 0.00998811 s/step
field decay(t = 940.4479166666666): 0.20411669644990754 / 0.20508786489099856 = 0.9952646225967237
on time step 90320 (time=940.833), 0.00999014 s/step
on time step 90721 (time=945.01), 0.00999764 s/step
on time step 91121 (time=949.177), 0.0100001 s/step
on time step 91522 (time=953.354), 0.00998589 s/step
on time step 91923 (time=957.531), 0.00999952 s/step
field decay(t = 960.4583333333333): 0.19992887111081986 / 0.20508786489099856 = 0.9748449583649397
on time step 92324 (time=961.708), 0.0100001 s/step
on time step 92725 (time=965.885), 0.009997 s/step
on time step 93126 (time=970.062), 0.00999537 s/step
on time step 93527 (time=974.24), 0.00999305 s/step
on time step 93928 (time=978.417), 0.00999999 s/step
field decay(t = 980.46875): 0.1896005839462925 / 0.20508786489099856 = 0.9244846546482048
on time step 94329 (time=982.594), 0.00999681 s/step
on time step 94729 (time=986.76), 0.0100016 s/step
on time step 95130 (time=990.938), 0.0100003 s/step
on time step 95530 (time=995.104), 0.0100009 s/step
on time step 95931 (time=999.281), 0.0099985 s/step
field decay(t = 1000.4791666666666): 0.17465986831358174 / 0.20508786489099856 = 0.8516343392936052
on time step 96332 (time=1003.46), 0.00999463 s/step
on time step 96733 (time=1007.64), 0.00999136 s/step
on time step 97134 (time=1011.81), 0.00999953 s/step
on time step 97535 (time=1015.99), 0.00998893 s/step
on time step 97936 (time=1020.17), 0.0099982 s/step
field decay(t = 1020.4895833333333): 0.1611315598247462 / 0.20508786489099856 = 0.7856708631219378
on time step 98337 (time=1024.34), 0.00999928 s/step
on time step 98737 (time=1028.51), 0.0100017 s/step
on time step 99138 (time=1032.69), 0.00998967 s/step
on time step 99539 (time=1036.86), 0.00999745 s/step
field decay(t = 1040.4895833333333): 0.14107521857577998 / 0.20508786489099856 = 0.6878769675171155
on time step 99940 (time=1041.04), 0.0099961 s/step
on time step 100341 (time=1045.22), 0.00997552 s/step
on time step 100741 (time=1049.39), 0.010025 s/step
on time step 101142 (time=1053.56), 0.00997957 s/step
on time step 101543 (time=1057.74), 0.00998078 s/step
field decay(t = 1060.5): 0.11998266849206994 / 0.20508786489099856 = 0.5850305602227568
on time step 101944 (time=1061.92), 0.00998836 s/step
on time step 102345 (time=1066.09), 0.00998575 s/step
on time step 102746 (time=1070.27), 0.00998808 s/step
on time step 103147 (time=1074.45), 0.0099962 s/step
on time step 103548 (time=1078.62), 0.00998599 s/step
field decay(t = 1080.5104166666665): 0.1042518123708318 / 0.20508786489099856 = 0.5083275523212465
on time step 103948 (time=1082.79), 0.0100045 s/step
on time step 104349 (time=1086.97), 0.00998714 s/step
on time step 104750 (time=1091.15), 0.0099856 s/step
on time step 105151 (time=1095.32), 0.0099863 s/step
on time step 105551 (time=1099.49), 0.0100026 s/step
field decay(t = 1100.5208333333333): 0.08426753197949667 / 0.20508786489099856 = 0.41088502249649794
on time step 105952 (time=1103.67), 0.00999139 s/step
on time step 106353 (time=1107.84), 0.00999361 s/step
on time step 106753 (time=1112.01), 0.0100004 s/step
on time step 107154 (time=1116.19), 0.00998765 s/step
on time step 107556 (time=1120.38), 0.00997441 s/step
field decay(t = 1120.53125): 0.06691697686610944 / 0.20508786489099856 = 0.32628442887966536
on time step 107957 (time=1124.55), 0.00998564 s/step
on time step 108358 (time=1128.73), 0.00999961 s/step
on time step 108759 (time=1132.91), 0.00999898 s/step
on time step 109160 (time=1137.08), 0.0099889 s/step
field decay(t = 1140.5416666666665): 0.054146269978624435 / 0.20508786489099856 = 0.26401498697839804
on time step 109561 (time=1141.26), 0.00999366 s/step
on time step 109962 (time=1145.44), 0.00999234 s/step
on time step 110362 (time=1149.6), 0.010001 s/step
on time step 110763 (time=1153.78), 0.00999828 s/step
on time step 111164 (time=1157.96), 0.00999868 s/step
field decay(t = 1160.5520833333333): 0.04040584104564274 / 0.20508786489099856 = 0.19701722023932472
on time step 111565 (time=1162.14), 0.00998718 s/step
on time step 111966 (time=1166.31), 0.00999779 s/step
on time step 112366 (time=1170.48), 0.0100034 s/step
on time step 112768 (time=1174.67), 0.00997249 s/step
on time step 113169 (time=1178.84), 0.00997728 s/step
field decay(t = 1180.5625): 0.031829029078277164 / 0.20508786489099856 = 0.15519703759748957
on time step 113570 (time=1183.02), 0.0099856 s/step
on time step 113972 (time=1187.21), 0.00997192 s/step
on time step 114373 (time=1191.39), 0.00998761 s/step
on time step 114774 (time=1195.56), 0.00998518 s/step
on time step 115175 (time=1199.74), 0.0099967 s/step
field decay(t = 1200.5729166666665): 0.02257513772752307 / 0.20508786489099856 = 0.11007544371053574
on time step 115577 (time=1203.93), 0.00996751 s/step
on time step 115978 (time=1208.1), 0.0099851 s/step
on time step 116379 (time=1212.28), 0.00999916 s/step
on time step 116780 (time=1216.46), 0.00998981 s/step
field decay(t = 1220.5833333333333): 0.015552715068316007 / 0.20508786489099856 = 0.07583439944914375
on time step 117181 (time=1220.64), 0.00999981 s/step
on time step 117582 (time=1224.81), 0.00998889 s/step
on time step 117983 (time=1228.99), 0.00999371 s/step
on time step 118384 (time=1233.17), 0.00998636 s/step
on time step 118785 (time=1237.34), 0.00997934 s/step
field decay(t = 1240.59375): 0.011538673025395092 / 0.20508786489099856 = 0.056262095426892964
on time step 119186 (time=1241.52), 0.00999932 s/step
on time step 119587 (time=1245.7), 0.00998852 s/step
on time step 119988 (time=1249.88), 0.00999801 s/step
on time step 120389 (time=1254.05), 0.00999896 s/step
on time step 120790 (time=1258.23), 0.0099871 s/step
field decay(t = 1260.6041666666665): 0.007555499625896713 / 0.20508786489099856 = 0.03684030564125459
on time step 121191 (time=1262.41), 0.00998524 s/step
on time step 121591 (time=1266.57), 0.010004 s/step
on time step 121992 (time=1270.75), 0.00999633 s/step
on time step 122392 (time=1274.92), 0.0100006 s/step
on time step 122793 (time=1279.09), 0.00999596 s/step
field decay(t = 1280.6145833333333): 0.004805707801512197 / 0.20508786489099856 = 0.023432433723303746
on time step 123193 (time=1283.26), 0.0100039 s/step
on time step 123594 (time=1287.44), 0.00998548 s/step
on time step 123995 (time=1291.61), 0.00998706 s/step
on time step 124397 (time=1295.8), 0.00996377 s/step
on time step 124800 (time=1300), 0.00994434 s/step
field decay(t = 1300.625): 0.003357980721286583 / 0.20508786489099856 = 0.01637337598239323
on time step 125203 (time=1304.2), 0.00993996 s/step
on time step 125605 (time=1308.39), 0.00995413 s/step
on time step 126008 (time=1312.58), 0.00993995 s/step
on time step 126411 (time=1316.78), 0.00993548 s/step
field decay(t = 1320.6354166666665): 0.0020299531059757964 / 0.20508786489099856 = 0.009897967912702633
on time step 126814 (time=1320.98), 0.00993834 s/step
on time step 127218 (time=1325.19), 0.00991929 s/step
on time step 127622 (time=1329.4), 0.00992056 s/step
on time step 128026 (time=1333.6), 0.0099174 s/step
on time step 128430 (time=1337.81), 0.00992275 s/step
field decay(t = 1340.6458333333333): 0.0011921450688347547 / 0.20508786489099856 = 0.005812850357910565
on time step 128834 (time=1342.02), 0.0099233 s/step
on time step 129238 (time=1346.23), 0.00991978 s/step
on time step 129641 (time=1350.43), 0.00992602 s/step
on time step 130045 (time=1354.64), 0.00991206 s/step
on time step 130451 (time=1358.86), 0.00987609 s/step
field decay(t = 1360.65625): 0.0007845971890720848 / 0.20508786489099856 = 0.003825663646598923
on time step 130859 (time=1363.11), 0.00980483 s/step
on time step 131272 (time=1367.42), 0.0097042 s/step
on time step 131683 (time=1371.7), 0.00974184 s/step
on time step 132094 (time=1375.98), 0.00974349 s/step
on time step 132506 (time=1380.27), 0.00970906 s/step
field decay(t = 1380.6666666666665): 0.0004378644261582329 / 0.20508786489099856 = 0.0021350089455119733
on time step 132915 (time=1384.53), 0.0097934 s/step
on time step 133326 (time=1388.81), 0.00973985 s/step
on time step 133735 (time=1393.07), 0.00978436 s/step
on time step 134147 (time=1397.36), 0.00971149 s/step
field decay(t = 1400.6770833333333): 0.00026766731554873707 / 0.20508786489099856 = 0.001305134829362033
on time step 134558 (time=1401.65), 0.00975436 s/step
on time step 134969 (time=1405.93), 0.00974652 s/step
on time step 135381 (time=1410.22), 0.00971594 s/step
on time step 135792 (time=1414.5), 0.0097328 s/step
on time step 136200 (time=1418.75), 0.00980763 s/step
field decay(t = 1420.6875): 0.00014720157052044278 / 0.20508786489099856 = 0.0007177488078033209
on time step 136606 (time=1422.98), 0.00985324 s/step
on time step 137013 (time=1427.22), 0.00984673 s/step
on time step 137420 (time=1431.46), 0.00983072 s/step
on time step 137826 (time=1435.69), 0.00985445 s/step
on time step 138233 (time=1439.93), 0.00984997 s/step
field decay(t = 1440.6979166666665): 7.585162981719418e-05 / 0.20508786489099856 = 0.0003698494294506811
on time step 138639 (time=1444.16), 0.00986382 s/step
on time step 139045 (time=1448.39), 0.00985935 s/step
on time step 139452 (time=1452.62), 0.00984029 s/step
on time step 139859 (time=1456.86), 0.00984053 s/step
field decay(t = 1460.7083333333333): 4.526475113043238e-05 / 0.20508786489099856 = 0.00022070906610925024
on time step 140266 (time=1461.1), 0.00984954 s/step
on time step 140673 (time=1465.34), 0.00984872 s/step
on time step 141081 (time=1469.59), 0.0098269 s/step
on time step 141488 (time=1473.83), 0.00984164 s/step
on time step 141895 (time=1478.07), 0.00985014 s/step
field decay(t = 1480.71875): 2.217969505349428e-05 / 0.20508786489099856 = 0.0001081472814848528
on time step 142302 (time=1482.31), 0.00984721 s/step
on time step 142708 (time=1486.54), 0.00985542 s/step
on time step 143115 (time=1490.78), 0.00983684 s/step
on time step 143522 (time=1495.02), 0.00984708 s/step
on time step 143930 (time=1499.27), 0.00982383 s/step
field decay(t = 1500.7291666666665): 1.0555890143023998e-05 / 0.20508786489099856 = 5.147008648529405e-05
on time step 144337 (time=1503.51), 0.00984384 s/step
on time step 144744 (time=1507.75), 0.00984539 s/step
on time step 145152 (time=1512), 0.00981843 s/step
on time step 145558 (time=1516.23), 0.00985643 s/step
on time step 145964 (time=1520.46), 0.00985452 s/step
field decay(t = 1520.7395833333333): 5.933576186117643e-06 / 0.20508786489099856 = 2.8931873610714407e-05
on time step 146371 (time=1524.7), 0.00984224 s/step
on time step 146778 (time=1528.94), 0.00984294 s/step
on time step 147185 (time=1533.18), 0.00983328 s/step
on time step 147592 (time=1537.42), 0.00982969 s/step
field decay(t = 1540.75): 2.6843142337247397e-06 / 0.20508786489099856 = 1.3088605877053801e-05
on time step 147999 (time=1541.66), 0.00984507 s/step
on time step 148406 (time=1545.9), 0.00983783 s/step
on time step 148812 (time=1550.12), 0.00986425 s/step
on time step 149220 (time=1554.38), 0.00980946 s/step
on time step 149627 (time=1558.61), 0.00985117 s/step
field decay(t = 1560.7604166666665): 1.1796100137979653e-06 / 0.20508786489099856 = 5.7517299447478874e-06
on time step 150034 (time=1562.85), 0.0098387 s/step
on time step 150440 (time=1567.08), 0.00985379 s/step
on time step 150847 (time=1571.32), 0.00983374 s/step
on time step 151254 (time=1575.56), 0.0098432 s/step
on time step 151663 (time=1579.82), 0.00978589 s/step
field decay(t = 1580.7708333333333): 6.253776873221076e-07 / 0.20508786489099856 = 3.0493159000630652e-06
on time step 152074 (time=1584.1), 0.00975286 s/step
on time step 152480 (time=1588.33), 0.00985227 s/step
on time step 152886 (time=1592.56), 0.00987062 s/step
on time step 153292 (time=1596.79), 0.00987429 s/step
field decay(t = 1600.78125): 2.6161761293586357e-07 / 0.20508786489099856 = 1.2756367280673081e-06
on time step 153698 (time=1601.02), 0.00987087 s/step
on time step 154104 (time=1605.25), 0.00986664 s/step
on time step 154512 (time=1609.5), 0.00982773 s/step
on time step 154919 (time=1613.74), 0.00983577 s/step
on time step 155326 (time=1617.98), 0.00984174 s/step
field decay(t = 1620.7916666666665): 1.1707970807306505e-07 / 0.20508786489099856 = 5.708758445327389e-07
on time step 155734 (time=1622.23), 0.00980791 s/step
on time step 156142 (time=1626.48), 0.00980574 s/step
on time step 156555 (time=1630.78), 0.00970046 s/step
on time step 156964 (time=1635.04), 0.00978512 s/step
on time step 157375 (time=1639.32), 0.00973293 s/step
field decay(t = 1640.8020833333333): 5.30708182498547e-08 / 0.20508786489099856 = 2.5877112855049285e-07
on time step 157785 (time=1643.59), 0.00977955 s/step
on time step 158195 (time=1647.86), 0.00976784 s/step
on time step 158607 (time=1652.16), 0.00971308 s/step
on time step 159019 (time=1656.45), 0.00971067 s/step
on time step 159432 (time=1660.75), 0.00969483 s/step
field decay(t = 1660.8125): 2.0588693272299425e-08 / 0.20508786489099856 = 1.0038962219067442e-07
on time step 159845 (time=1665.05), 0.0096927 s/step
on time step 160258 (time=1669.35), 0.00970739 s/step
on time step 160670 (time=1673.65), 0.00971832 s/step
on time step 161084 (time=1677.96), 0.00968336 s/step
field decay(t = 1680.8229166666665): 9.762956810348518e-09 / 0.20508786489099856 = 4.7603776145104435e-08
on time step 161486 (time=1682.15), 0.00995932 s/step
on time step 161886 (time=1686.31), 0.0100241 s/step
on time step 162287 (time=1690.49), 0.00999852 s/step
on time step 162688 (time=1694.67), 0.00998645 s/step
on time step 163088 (time=1698.83), 0.010018 s/step
field decay(t = 1700.8333333333333): 3.6983794399588504e-09 / 0.20508786489099856 = 1.8033146144090433e-08
on time step 163488 (time=1703), 0.0100186 s/step
on time step 163888 (time=1707.17), 0.0100151 s/step
on time step 164288 (time=1711.33), 0.0100119 s/step
on time step 164688 (time=1715.5), 0.0100122 s/step
on time step 165086 (time=1719.65), 0.0100567 s/step
field decay(t = 1720.84375): 1.3388139415374327e-09 / 0.20508786489099856 = 6.5280017530485985e-09
on time step 165484 (time=1723.79), 0.010069 s/step
on time step 165882 (time=1727.94), 0.010069 s/step
on time step 166279 (time=1732.07), 0.0100876 s/step
on time step 166677 (time=1736.22), 0.0100721 s/step
on time step 167074 (time=1740.35), 0.0100758 s/step
field decay(t = 1740.8541666666665): 6.18300093565684e-10 / 0.20508786489099856 = 3.0148058437992033e-09
on time step 167472 (time=1744.5), 0.0100706 s/step
on time step 167871 (time=1748.66), 0.0100434 s/step
on time step 168270 (time=1752.81), 0.010037 s/step
on time step 168669 (time=1756.97), 0.0100333 s/step
field decay(t = 1760.8645833333333): 2.2126467466673111e-10 / 0.20508786489099856 = 1.0788774595919185e-09
on time step 169068 (time=1761.12), 0.0100361 s/step
on time step 169467 (time=1765.28), 0.0100349 s/step
on time step 169867 (time=1769.45), 0.0100237 s/step
on time step 170267 (time=1773.61), 0.0100155 s/step
on time step 170667 (time=1777.78), 0.0100223 s/step
field decay(t = 1780.875): 8.089698105902716e-11 / 0.20508786489099856 = 3.944503547395299e-10
on time step 171066 (time=1781.94), 0.0100289 s/step
on time step 171466 (time=1786.1), 0.0100216 s/step
on time step 171865 (time=1790.26), 0.0100272 s/step
on time step 172279 (time=1794.57), 0.00967239 s/step
on time step 172695 (time=1798.91), 0.00961715 s/step
field decay(t = 1800.8854166666665): 3.849369807836082e-11 / 0.20508786489099856 = 1.876936897208409e-10
on time step 173113 (time=1803.26), 0.00958692 s/step
on time step 173529 (time=1807.59), 0.00963621 s/step
on time step 173945 (time=1811.93), 0.00961799 s/step
on time step 174360 (time=1816.25), 0.00964628 s/step
on time step 174762 (time=1820.44), 0.00996566 s/step
field decay(t = 1820.8958333333333): 1.4709690374339267e-11 / 0.20508786489099856 = 7.172384569002788e-11
on time step 175164 (time=1824.62), 0.00996367 s/step
on time step 175567 (time=1828.82), 0.00994801 s/step
on time step 175969 (time=1833.01), 0.00996705 s/step
on time step 176371 (time=1837.2), 0.00995449 s/step
2026-05-30 13:06:49 [INFO] D11_scaled_deep_groove: Checkpointed 4 completed spectra row(s) to /mnt/c/Users/admin/Meep_Simulation/meep_sim/results/diagnostics_v2/tables/D11_thickness_3um_quick_spectra_checkpoint.csv
2026-05-30 13:06:49 [INFO] D11_scaled_deep_groove: >>> task=5/10 case=scaled_inner_wall_film_3um pol=Ez wl=12.345 res=24 pml=4
2026-05-30 13:06:49 [INFO] D11_scaled_deep_groove: [single ref] wl=12.345 um, f=0.0810045, res=24, comp=Ez
field decay(t = 1840.90625): 2.9282188920173335e-10 / 0.20508786489099856 = 1.4277874966291361e-09
run 0 finished at t = 1840.90625 (176727 timesteps)
-----------
Initializing structure...
Splitting into 16 chunks by voxels
time for choose_chunkdivision = 0.000658569 s
Working in 2D dimensions.
Computational cell is 50 x 49 x 0 with resolution 24
time for set_epsilon = 0.139054 s
-----------
field decay(t = 20.010416666666664): 4.283817394690116e-10 / 4.283817394690116e-10 = 1.0
field decay(t = 40.010416666666664): 5.1963283829777956e-11 / 4.283817394690116e-10 = 0.12130135120649066
on time step 4681 (time=48.7604), 0.000854533 s/step
field decay(t = 60.02083333333333): 8.090830092548821e-11 / 4.283817394690116e-10 = 0.188869630684482
field decay(t = 80.02083333333333): 1.4827043644364836e-10 / 4.283817394690116e-10 = 0.3461175460640147
on time step 9162 (time=95.4375), 0.000892694 s/step
field decay(t = 100.03125): 3.756344409499983e-10 / 4.283817394690116e-10 = 0.8768684711341929
field decay(t = 120.04166666666666): 7.729145644232849e-10 / 7.729145644232849e-10 = 1.0
field decay(t = 140.04166666666666): 1.660003051701223e-09 / 1.660003051701223e-09 = 1.0
on time step 13539 (time=141.031), 0.000913875 s/step
field decay(t = 160.05208333333331): 3.4659124593660768e-09 / 3.4659124593660768e-09 = 1.0
field decay(t = 180.0625): 9.20469872911357e-09 / 9.20469872911357e-09 = 1.0
on time step 17901 (time=186.469), 0.000917041 s/step
field decay(t = 200.07291666666666): 1.9283054556536088e-08 / 1.9283054556536088e-08 = 1.0
field decay(t = 220.08333333333331): 3.9528227246865024e-08 / 3.9528227246865024e-08 = 1.0
on time step 22261 (time=231.885), 0.000917605 s/step
field decay(t = 240.09375): 7.951347834578859e-08 / 7.951347834578859e-08 = 1.0
field decay(t = 260.10416666666663): 1.942348231128875e-07 / 1.942348231128875e-07 = 1.0
on time step 26591 (time=276.99), 0.000923962 s/step
field decay(t = 280.1145833333333): 3.8347591823829864e-07 / 3.8347591823829864e-07 = 1.0
field decay(t = 300.125): 7.341905186648199e-07 / 7.341905186648199e-07 = 1.0
field decay(t = 320.13541666666663): 1.3827291914045891e-06 / 1.3827291914045891e-06 = 1.0
on time step 30860 (time=321.458), 0.000937069 s/step
field decay(t = 340.1458333333333): 3.004863733677525e-06 / 3.004863733677525e-06 = 1.0
field decay(t = 360.15625): 5.69797135424753e-06 / 5.69797135424753e-06 = 1.0
on time step 35126 (time=365.896), 0.000937773 s/step
field decay(t = 380.16666666666663): 1.0185254365854628e-05 / 1.0185254365854628e-05 = 1.0
field decay(t = 400.1770833333333): 1.789605126439047e-05 / 1.789605126439047e-05 = 1.0
on time step 39401 (time=410.427), 0.000935875 s/step
field decay(t = 420.1875): 3.37247782904601e-05 / 3.37247782904601e-05 = 1.0
field decay(t = 440.19791666666663): 6.266147826505943e-05 / 6.266147826505943e-05 = 1.0
on time step 43669 (time=454.885), 0.000937365 s/step
field decay(t = 460.2083333333333): 0.00010439999897714058 / 0.00010439999897714058 = 1.0
field decay(t = 480.21875): 0.00017104494660825207 / 0.00017104494660825207 = 1.0
on time step 47943 (time=499.406), 0.000936095 s/step
field decay(t = 500.22916666666663): 0.0002758260060570879 / 0.0002758260060570879 = 1.0
field decay(t = 520.2291666666666): 0.0005084740323234977 / 0.0005084740323234977 = 1.0
field decay(t = 540.2395833333333): 0.0007895579840863984 / 0.0007895579840863984 = 1.0
on time step 52214 (time=543.896), 0.000936654 s/step
field decay(t = 560.25): 0.0012061160420329994 / 0.0012061160420329994 = 1.0
field decay(t = 580.2604166666666): 0.001812968204990026 / 0.001812968204990026 = 1.0
on time step 56479 (time=588.323), 0.000938032 s/step
field decay(t = 600.2708333333333): 0.0030439663588475675 / 0.0030439663588475675 = 1.0
field decay(t = 620.28125): 0.004405919700800306 / 0.004405919700800306 = 1.0
on time step 60755 (time=632.865), 0.000935509 s/step
field decay(t = 640.2916666666666): 0.0062746708511723205 / 0.0062746708511723205 = 1.0
field decay(t = 660.3020833333333): 0.008792281672890416 / 0.008792281672890416 = 1.0
on time step 65039 (time=677.49), 0.000933902 s/step
field decay(t = 680.3125): 0.013444036093278315 / 0.013444036093278315 = 1.0
field decay(t = 700.3229166666666): 0.01814001022114239 / 0.01814001022114239 = 1.0
field decay(t = 720.3333333333333): 0.02408361536847362 / 0.02408361536847362 = 1.0
on time step 69328 (time=722.167), 0.000932729 s/step
field decay(t = 740.34375): 0.03145982357149882 / 0.03145982357149882 = 1.0
field decay(t = 760.3541666666666): 0.043807664277508436 / 0.043807664277508436 = 1.0
on time step 73607 (time=766.74), 0.000934928 s/step
field decay(t = 780.3645833333333): 0.05510331292067335 / 0.05510331292067335 = 1.0
field decay(t = 800.375): 0.06820035464738973 / 0.06820035464738973 = 1.0
on time step 77878 (time=811.229), 0.000936706 s/step
field decay(t = 820.3854166666666): 0.08305174712956942 / 0.08305174712956942 = 1.0
field decay(t = 840.3958333333333): 0.10527113071665793 / 0.10527113071665793 = 1.0
on time step 82158 (time=855.812), 0.000934639 s/step
field decay(t = 860.40625): 0.12349720707735226 / 0.12349720707735226 = 1.0
field decay(t = 880.4166666666666): 0.1424908760192114 / 0.1424908760192114 = 1.0
on time step 86434 (time=900.354), 0.000935668 s/step
field decay(t = 900.4270833333333): 0.1617616746169477 / 0.1617616746169477 = 1.0
field decay(t = 920.4375): 0.1843068677424338 / 0.1843068677424338 = 1.0
field decay(t = 940.4479166666666): 0.20420791661290402 / 0.20420791661290402 = 1.0
on time step 90709 (time=944.885), 0.000935718 s/step
field decay(t = 960.4583333333333): 0.21964596821111992 / 0.21964596821111992 = 1.0
field decay(t = 980.46875): 0.23245432563630733 / 0.23245432563630733 = 1.0
on time step 94991 (time=989.49), 0.000934217 s/step
field decay(t = 1000.4791666666666): 0.2420592990426364 / 0.2420592990426364 = 1.0
field decay(t = 1020.4895833333333): 0.249128485668725 / 0.249128485668725 = 1.0
on time step 99137 (time=1032.68), 0.000964802 s/step
field decay(t = 1040.4895833333333): 0.25002778818516386 / 0.25002778818516386 = 1.0
field decay(t = 1060.5): 0.2491301081097768 / 0.25002778818516386 = 0.996409678772496
on time step 103231 (time=1075.32), 0.000977219 s/step
field decay(t = 1080.5104166666665): 0.2444654762739583 / 0.25002778818516386 = 0.9777532251451736
field decay(t = 1100.5208333333333): 0.23603766334255644 / 0.25002778818516386 = 0.9440457201011325
on time step 107324 (time=1117.96), 0.000977386 s/step
field decay(t = 1120.53125): 0.21964439350220352 / 0.25002778818516386 = 0.8784799285571442
field decay(t = 1140.5416666666665): 0.20420966683902894 / 0.25002778818516386 = 0.8167478835904302
on time step 111411 (time=1160.53), 0.000978737 s/step
field decay(t = 1160.5520833333333): 0.18680663416336468 / 0.25002778818516386 = 0.747143489606926
field decay(t = 1180.5625): 0.16814277964748056 / 0.25002778818516386 = 0.672496368775452
field decay(t = 1200.5729166666665): 0.142489803676357 / 0.25002778818516386 = 0.5698958692176762
on time step 115500 (time=1203.12), 0.00097827 s/step
field decay(t = 1220.5833333333333): 0.12349854894810895 / 0.25002778818516386 = 0.49393929308629186
field decay(t = 1240.59375): 0.10531781356579548 / 0.25002778818516386 = 0.4212244340129103
on time step 119594 (time=1245.77), 0.000977227 s/step
field decay(t = 1260.6041666666665): 0.08837162787327017 / 0.25002778818516386 = 0.35344722486535984
field decay(t = 1280.6145833333333): 0.06819973299204864 / 0.25002778818516386 = 0.272768612989296
on time step 123688 (time=1288.42), 0.000977179 s/step
field decay(t = 1300.625): 0.05510404954890241 / 0.25002778818516386 = 0.22039170105401978
field decay(t = 1320.6354166666665): 0.043807327173448374 / 0.25002778818516386 = 0.17520983364059456
on time step 127777 (time=1331.01), 0.000978324 s/step
field decay(t = 1340.6458333333333): 0.03426757324102677 / 0.25002778818516386 = 0.13705505891868758
field decay(t = 1360.65625): 0.025604970623168036 / 0.25002778818516386 = 0.10240849950728549
on time step 131873 (time=1373.68), 0.000976786 s/step
field decay(t = 1380.6666666666665): 0.018140199408883288 / 0.25002778818516386 = 0.07255273320039589
field decay(t = 1400.6770833333333): 0.013443946018952147 / 0.25002778818516386 = 0.05376980741434997
on time step 135962 (time=1416.27), 0.000978363 s/step
field decay(t = 1420.6875): 0.009803702831477353 / 0.25002778818516386 = 0.039210452976598725
field decay(t = 1440.6979166666665): 0.006992437960551919 / 0.25002778818516386 = 0.02796664327316093
on time step 140047 (time=1458.82), 0.000979313 s/step
field decay(t = 1460.7083333333333): 0.004405922374513624 / 0.25002778818516386 = 0.017621730794381608
field decay(t = 1480.71875): 0.0030439865782740405 / 0.25002778818516386 = 0.012174593073709654
field decay(t = 1500.7291666666665): 0.0020693417682976435 / 0.25002778818516386 = 0.008276447123409917
on time step 144139 (time=1501.45), 0.000977651 s/step
field decay(t = 1520.7395833333333): 0.0013841292124731892 / 0.25002778818516386 = 0.005535901519266892
field decay(t = 1540.75): 0.0007895360038719984 / 0.25002778818516386 = 0.0031577930181396047
on time step 148232 (time=1544.08), 0.000977444 s/step
field decay(t = 1560.7604166666665): 0.0005085168626755219 / 0.25002778818516386 = 0.0020338413836582356
field decay(t = 1580.7708333333333): 0.0003222539501648005 / 0.25002778818516386 = 0.001288872538944143
on time step 152326 (time=1586.73), 0.000977212 s/step
field decay(t = 1600.78125): 0.0002009492008889539 / 0.25002778818516386 = 0.0008037074692679213
field decay(t = 1620.7916666666665): 0.00010438924874575034 / 0.25002778818516386 = 0.00041751058753694396
on time step 156394 (time=1629.1), 0.00098337 s/step
field decay(t = 1640.8020833333333): 6.267621932613631e-05 / 0.25002778818516386 = 0.00025067701386743453
field decay(t = 1660.8125): 3.702758454354875e-05 / 0.25002778818516386 = 0.00014809387713387727
on time step 160471 (time=1671.57), 0.000981316 s/step
field decay(t = 1680.8229166666665): 2.1528661526691886e-05 / 0.25002778818516386 = 8.610507529166453e-05
field decay(t = 1700.8333333333333): 1.0182267395474495e-05 / 0.25002778818516386 = 4.072454293733855e-05
on time step 164549 (time=1714.05), 0.00098099 s/step
field decay(t = 1720.84375): 5.70015016499238e-06 / 0.25002778818516386 = 2.279806659238613e-05
field decay(t = 1740.8541666666665): 3.1392828038840196e-06 / 0.25002778818516386 = 1.2555735611111959e-05
on time step 168621 (time=1756.47), 0.000982413 s/step
field decay(t = 1760.8645833333333): 1.7020269956305768e-06 / 0.25002778818516386 = 6.807351326765733e-06
field decay(t = 1780.875): 7.336987335788471e-07 / 0.25002778818516386 = 2.9344687600703387e-06
on time step 172697 (time=1798.93), 0.000981577 s/step
field decay(t = 1800.8854166666665): 3.8313694785639654e-07 / 0.25002778818516386 = 1.5323774634708027e-06
field decay(t = 1820.8958333333333): 1.9666376236043613e-07 / 0.25002778818516386 = 7.86567620295038e-07
field decay(t = 1840.90625): 9.944206855136428e-08 / 0.25002778818516386 = 3.9772406608548714e-07
on time step 176769 (time=1841.34), 0.000982379 s/step
field decay(t = 1860.9166666666665): 4.3184200675266295e-08 / 0.25002778818516386 = 1.7271760466594711e-07
field decay(t = 1880.9270833333333): 1.900530021675853e-08 / 0.25002778818516386 = 7.60127518413422e-08
on time step 180837 (time=1883.72), 0.000983424 s/step
field decay(t = 1900.9375): 9.130025077808613e-09 / 0.25002778818516386 = 3.6516041453149045e-08
field decay(t = 1920.9479166666665): 4.328547191499135e-09 / 0.25002778818516386 = 1.731226446035482e-08
on time step 184930 (time=1926.35), 0.000977337 s/step
field decay(t = 1940.9583333333333): 1.8521670237805225e-09 / 0.25002778818516386 = 7.407844692882126e-09
field decay(t = 1960.96875): 7.165702482911875e-10 / 0.25002778818516386 = 2.865962433585641e-09
on time step 189014 (time=1968.9), 0.000979444 s/step
field decay(t = 1980.9791666666665): 3.2429105953199237e-10 / 0.25002778818516386 = 1.2970200707924157e-09
field decay(t = 2000.9895833333333): 1.458398008378967e-10 / 0.25002778818516386 = 5.832943685839099e-10
on time step 193110 (time=2011.56), 0.000976795 s/step
field decay(t = 2021.0): 6.255325931247092e-11 / 0.25002778818516386 = 2.5018522847606705e-10
field decay(t = 2041.0104166666665): 2.2131585722028766e-11 / 0.25002778818516386 = 8.851650403609822e-11
on time step 197307 (time=2055.28), 0.000953193 s/step
field decay(t = 2061.0104166666665): 4.0953919872416993e-10 / 0.25002778818516386 = 1.6379747295163697e-09
run 0 finished at t = 2061.0104166666665 (197857 timesteps)
-----------
Initializing structure...
Splitting into 16 chunks by voxels
time for choose_chunkdivision = 0.000649606 s
Working in 2D dimensions.
Computational cell is 50 x 49 x 0 with resolution 24
     block, center = (0,-4,0)
          size (50,25,1e+20)
          axes (1,0,0), (0,1,0), (0,0,1)
          dielectric constant epsilon diagonal = (1,1,1)
     prism, center = (2.72978,1,5e+19)
          height 1e+20, axis (0,0,1), sidewall angle: 0 radians, 4 vertices:
          (-10,8.5,0)
          (10,8.5,0)
          (15.4596,-6.5,0)
          (-4.54045,-6.5,0)
          dielectric constant epsilon diagonal = (2.07945,2.07945,2.07945)
     prism, center = (2.18382,2.5,5e+19)
          height 1e+20, axis (0,0,1), sidewall angle: 0 radians, 4 vertices:
          (-7,8.5,0)
          (7,8.5,0)
          (11.3676,-3.5,0)
          (-2.63236,-3.5,0)
          dielectric constant epsilon diagonal = (1,1,1)
time for set_epsilon = 1.69668 s
time for set_conductivity = 0.0682493 s
time for set_conductivity = 0.067241 s
time for set_conductivity = 0.0680899 s
lorentzian susceptibility: frequency=15.6714, gamma=1.42115
lorentzian susceptibility: frequency=2.02365, gamma=1.3413
lorentzian susceptibility: frequency=1.24613, gamma=2.0309
lorentzian susceptibility: frequency=0.626693, gamma=1.83572
drude susceptibility: frequency=1e-10, gamma=0.0661375
-----------
2026-05-30 13:10:00 [INFO] D11_scaled_deep_groove: [single struct] 3 geometry objects
/home/gyh/miniforge3/envs/meep_mpi/lib/python3.11/site-packages/meep/simulation.py:1664: RuntimeWarning: Note: your sources include frequencies outside the range of validity of the material models. This is fine as long as you eventually only look at outputs (fluxes, resonant modes, etc.) at valid frequencies.
  warnings.warn(warn_src, RuntimeWarning)
/home/gyh/miniforge3/envs/meep_mpi/lib/python3.11/site-packages/meep/simulation.py:1664: RuntimeWarning: Note: your sources include frequencies outside the range of validity of the material models. This is fine as long as you eventually only look at outputs (fluxes, resonant modes, etc.) at valid frequencies.
  warnings.warn(warn_src, RuntimeWarning)
/home/gyh/miniforge3/envs/meep_mpi/lib/python3.11/site-packages/meep/simulation.py:1664: RuntimeWarning: Note: your sources include frequencies outside the range of validity of the material models. This is fine as long as you eventually only look at outputs (fluxes, resonant modes, etc.) at valid frequencies.
  warnings.warn(warn_src, RuntimeWarning)
/home/gyh/miniforge3/envs/meep_mpi/lib/python3.11/site-packages/meep/simulation.py:1664: RuntimeWarning: Note: your sources include frequencies outside the range of validity of the material models. This is fine as long as you eventually only look at outputs (fluxes, resonant modes, etc.) at valid frequencies.
  warnings.warn(warn_src, RuntimeWarning)
/home/gyh/miniforge3/envs/meep_mpi/lib/python3.11/site-packages/meep/simulation.py:1664: RuntimeWarning: Note: your sources include frequencies outside the range of validity of the material models. This is fine as long as you eventually only look at outputs (fluxes, resonant modes, etc.) at valid frequencies.
  warnings.warn(warn_src, RuntimeWarning)
/home/gyh/miniforge3/envs/meep_mpi/lib/python3.11/site-packages/meep/simulation.py:1664: RuntimeWarning: Note: your sources include frequencies outside the range of validity of the material models. This is fine as long as you eventually only look at outputs (fluxes, resonant modes, etc.) at valid frequencies.
  warnings.warn(warn_src, RuntimeWarning)
/home/gyh/miniforge3/envs/meep_mpi/lib/python3.11/site-packages/meep/simulation.py:1664: RuntimeWarning: Note: your sources include frequencies outside the range of validity of the material models. This is fine as long as you eventually only look at outputs (fluxes, resonant modes, etc.) at valid frequencies.
  warnings.warn(warn_src, RuntimeWarning)
/home/gyh/miniforge3/envs/meep_mpi/lib/python3.11/site-packages/meep/simulation.py:1664: RuntimeWarning: Note: your sources include frequencies outside the range of validity of the material models. This is fine as long as you eventually only look at outputs (fluxes, resonant modes, etc.) at valid frequencies.
  warnings.warn(warn_src, RuntimeWarning)
/home/gyh/miniforge3/envs/meep_mpi/lib/python3.11/site-packages/meep/simulation.py:1664: RuntimeWarning: Note: your sources include frequencies outside the range of validity of the material models. This is fine as long as you eventually only look at outputs (fluxes, resonant modes, etc.) at valid frequencies.
  warnings.warn(warn_src, RuntimeWarning)
/home/gyh/miniforge3/envs/meep_mpi/lib/python3.11/site-packages/meep/simulation.py:1664: RuntimeWarning: Note: your sources include frequencies outside the range of validity of the material models. This is fine as long as you eventually only look at outputs (fluxes, resonant modes, etc.) at valid frequencies.
  warnings.warn(warn_src, RuntimeWarning)
/home/gyh/miniforge3/envs/meep_mpi/lib/python3.11/site-packages/meep/simulation.py:1664: RuntimeWarning: Note: your sources include frequencies outside the range of validity of the material models. This is fine as long as you eventually only look at outputs (fluxes, resonant modes, etc.) at valid frequencies.
  warnings.warn(warn_src, RuntimeWarning)
/home/gyh/miniforge3/envs/meep_mpi/lib/python3.11/site-packages/meep/simulation.py:1664: RuntimeWarning: Note: your sources include frequencies outside the range of validity of the material models. This is fine as long as you eventually only look at outputs (fluxes, resonant modes, etc.) at valid frequencies.
  warnings.warn(warn_src, RuntimeWarning)
/home/gyh/miniforge3/envs/meep_mpi/lib/python3.11/site-packages/meep/simulation.py:1664: RuntimeWarning: Note: your sources include frequencies outside the range of validity of the material models. This is fine as long as you eventually only look at outputs (fluxes, resonant modes, etc.) at valid frequencies.
  warnings.warn(warn_src, RuntimeWarning)
/home/gyh/miniforge3/envs/meep_mpi/lib/python3.11/site-packages/meep/simulation.py:1664: RuntimeWarning: Note: your sources include frequencies outside the range of validity of the material models. This is fine as long as you eventually only look at outputs (fluxes, resonant modes, etc.) at valid frequencies.
  warnings.warn(warn_src, RuntimeWarning)
/home/gyh/miniforge3/envs/meep_mpi/lib/python3.11/site-packages/meep/simulation.py:1664: RuntimeWarning: Note: your sources include frequencies outside the range of validity of the material models. This is fine as long as you eventually only look at outputs (fluxes, resonant modes, etc.) at valid frequencies.
  warnings.warn(warn_src, RuntimeWarning)
/home/gyh/miniforge3/envs/meep_mpi/lib/python3.11/site-packages/meep/simulation.py:1664: RuntimeWarning: Note: your sources include frequencies outside the range of validity of the material models. This is fine as long as you eventually only look at outputs (fluxes, resonant modes, etc.) at valid frequencies.
  warnings.warn(warn_src, RuntimeWarning)
on time step 517 (time=5.38542), 0.00774424 s/step
on time step 1060 (time=11.0417), 0.00737529 s/step
on time step 1601 (time=16.6771), 0.00739943 s/step
field decay(t = 20.010416666666664): 4.283817394690116e-10 / 4.283817394690116e-10 = 1.0
on time step 2142 (time=22.3125), 0.0074069 s/step
on time step 2687 (time=27.9896), 0.00734744 s/step
on time step 3232 (time=33.6667), 0.00734715 s/step
on time step 3778 (time=39.3542), 0.0073378 s/step
field decay(t = 40.010416666666664): 7.246922189431036e-11 / 4.283817394690116e-10 = 0.16916972694526503
on time step 4323 (time=45.0312), 0.00734414 s/step
on time step 4869 (time=50.7188), 0.00733745 s/step
on time step 5415 (time=56.4062), 0.00733834 s/step
field decay(t = 60.02083333333333): 2.0039652597459514e-10 / 4.283817394690116e-10 = 0.467798945452229
on time step 5960 (time=62.0833), 0.00734187 s/step
on time step 6506 (time=67.7708), 0.00733824 s/step
on time step 7052 (time=73.4583), 0.00733243 s/step
on time step 7598 (time=79.1458), 0.0073373 s/step
field decay(t = 80.02083333333333): 3.12313188434033e-10 / 4.283817394690116e-10 = 0.7290534578368162
on time step 8144 (time=84.8333), 0.00733639 s/step
on time step 8688 (time=90.5), 0.00735796 s/step
on time step 9234 (time=96.1875), 0.00733715 s/step
field decay(t = 100.03125): 6.240249217764182e-10 / 6.240249217764182e-10 = 1.0
on time step 9783 (time=101.906), 0.00728794 s/step
on time step 10483 (time=109.198), 0.00572532 s/step
on time step 10889 (time=113.427), 0.00987109 s/step
on time step 11288 (time=117.583), 0.0100315 s/step
field decay(t = 120.04166666666666): 1.3976380903578707e-09 / 1.3976380903578707e-09 = 1.0
on time step 11679 (time=121.656), 0.0102514 s/step
on time step 12071 (time=125.74), 0.0102247 s/step
on time step 12463 (time=129.823), 0.0102288 s/step
on time step 12854 (time=133.896), 0.0102434 s/step
on time step 13245 (time=137.969), 0.0102321 s/step
field decay(t = 140.04166666666666): 2.8555835110526348e-09 / 2.8555835110526348e-09 = 1.0
on time step 13637 (time=142.052), 0.0102276 s/step
on time step 14028 (time=146.125), 0.0102421 s/step
on time step 14421 (time=150.219), 0.010203 s/step
on time step 14812 (time=154.292), 0.0102511 s/step
on time step 15205 (time=158.385), 0.0102035 s/step
field decay(t = 160.05208333333331): 6.136308352493495e-09 / 6.136308352493495e-09 = 1.0
on time step 15598 (time=162.479), 0.010184 s/step
on time step 15991 (time=166.573), 0.0102047 s/step
on time step 16381 (time=170.635), 0.0102602 s/step
on time step 16773 (time=174.719), 0.0102204 s/step
on time step 17164 (time=178.792), 0.0102314 s/step
field decay(t = 180.0625): 1.5916987588690752e-08 / 1.5916987588690752e-08 = 1.0
on time step 17556 (time=182.875), 0.0102223 s/step
on time step 17948 (time=186.958), 0.0102187 s/step
on time step 18339 (time=191.031), 0.0102421 s/step
on time step 18731 (time=195.115), 0.0102043 s/step
on time step 19122 (time=199.188), 0.0102307 s/step
field decay(t = 200.07291666666666): 3.3932404757781316e-08 / 3.3932404757781316e-08 = 1.0
on time step 19514 (time=203.271), 0.0102048 s/step
on time step 19906 (time=207.354), 0.0102178 s/step
on time step 20298 (time=211.438), 0.0102112 s/step
on time step 20690 (time=215.521), 0.010225 s/step
on time step 21082 (time=219.604), 0.0102143 s/step
field decay(t = 220.08333333333331): 6.881690904218825e-08 / 6.881690904218825e-08 = 1.0
on time step 21473 (time=223.677), 0.0102305 s/step
on time step 21865 (time=227.76), 0.0102216 s/step
on time step 22257 (time=231.844), 0.0102171 s/step
on time step 22648 (time=235.917), 0.0102386 s/step
on time step 23039 (time=239.99), 0.0102355 s/step
field decay(t = 240.09375): 1.3936981841921832e-07 / 1.3936981841921832e-07 = 1.0
on time step 23431 (time=244.073), 0.0102197 s/step
on time step 23823 (time=248.156), 0.0102286 s/step
on time step 24215 (time=252.24), 0.010227 s/step
on time step 24608 (time=256.333), 0.0102042 s/step
field decay(t = 260.10416666666663): 3.390532304258351e-07 / 3.390532304258351e-07 = 1.0
on time step 25001 (time=260.427), 0.0102013 s/step
on time step 25410 (time=264.688), 0.00979346 s/step
on time step 25818 (time=268.938), 0.00980983 s/step
on time step 26225 (time=273.177), 0.00983491 s/step
on time step 26632 (time=277.417), 0.00984079 s/step
field decay(t = 280.1145833333333): 6.827922620813608e-07 / 6.827922620813608e-07 = 1.0
on time step 27040 (time=281.667), 0.00980528 s/step
on time step 27447 (time=285.906), 0.00984258 s/step
on time step 27855 (time=290.156), 0.00981283 s/step
on time step 28261 (time=294.385), 0.00985333 s/step
on time step 28669 (time=298.635), 0.00982334 s/step
field decay(t = 300.125): 1.3114720110941823e-06 / 1.3114720110941823e-06 = 1.0
on time step 29076 (time=302.875), 0.00983205 s/step
on time step 29482 (time=307.104), 0.00986067 s/step
on time step 29890 (time=311.354), 0.00982509 s/step
on time step 30299 (time=315.615), 0.00979968 s/step
on time step 30707 (time=319.865), 0.00982195 s/step
field decay(t = 320.13541666666663): 2.4873706607367755e-06 / 2.4873706607367755e-06 = 1.0
on time step 31114 (time=324.104), 0.00982993 s/step
on time step 31521 (time=328.344), 0.00983706 s/step
on time step 31929 (time=332.594), 0.00981901 s/step
on time step 32335 (time=336.823), 0.0098686 s/step
field decay(t = 340.1458333333333): 5.308384684512642e-06 / 5.308384684512642e-06 = 1.0
on time step 32742 (time=341.062), 0.00984179 s/step
on time step 33148 (time=345.292), 0.00985728 s/step
on time step 33554 (time=349.521), 0.00985544 s/step
on time step 33960 (time=353.75), 0.00986113 s/step
on time step 34366 (time=357.979), 0.00987476 s/step
field decay(t = 360.15625): 1.0380495865334603e-05 / 1.0380495865334603e-05 = 1.0
on time step 34772 (time=362.208), 0.00985413 s/step
on time step 35179 (time=366.448), 0.0098464 s/step
on time step 35584 (time=370.667), 0.00988127 s/step
on time step 35990 (time=374.896), 0.00986479 s/step
on time step 36396 (time=379.125), 0.00986883 s/step
field decay(t = 380.16666666666663): 1.8638701280803885e-05 / 1.8638701280803885e-05 = 1.0
on time step 36803 (time=383.365), 0.00984742 s/step
on time step 37210 (time=387.604), 0.009837 s/step
on time step 37617 (time=391.844), 0.00984243 s/step
on time step 38023 (time=396.073), 0.00985952 s/step
field decay(t = 400.1770833333333): 3.293009790185767e-05 / 3.293009790185767e-05 = 1.0
on time step 38430 (time=400.312), 0.00982983 s/step
on time step 38836 (time=404.542), 0.00987503 s/step
on time step 39242 (time=408.771), 0.00986652 s/step
on time step 39649 (time=413.01), 0.00985066 s/step
on time step 40054 (time=417.229), 0.00988481 s/step
field decay(t = 420.1875): 6.018493998073731e-05 / 6.018493998073731e-05 = 1.0
on time step 40460 (time=421.458), 0.0098527 s/step
on time step 40865 (time=425.677), 0.009883 s/step
on time step 41270 (time=429.896), 0.00987772 s/step
on time step 41676 (time=434.125), 0.00985506 s/step
on time step 42083 (time=438.365), 0.00984139 s/step
field decay(t = 440.19791666666663): 0.00011676187621453852 / 0.00011676187621453852 = 1.0
on time step 42489 (time=442.594), 0.00985535 s/step
on time step 42896 (time=446.833), 0.00984172 s/step
on time step 43303 (time=451.073), 0.00984431 s/step
on time step 43709 (time=455.302), 0.00986815 s/step
on time step 44116 (time=459.542), 0.00985164 s/step
field decay(t = 460.2083333333333): 0.000195533369105111 / 0.000195533369105111 = 1.0
on time step 44522 (time=463.771), 0.00985435 s/step
on time step 44929 (time=468.01), 0.00983754 s/step
on time step 45336 (time=472.25), 0.00984542 s/step
on time step 45742 (time=476.479), 0.0098638 s/step
field decay(t = 480.21875): 0.0003222356882192629 / 0.0003222356882192629 = 1.0
on time step 46148 (time=480.708), 0.0098569 s/step
on time step 46553 (time=484.927), 0.00987875 s/step
on time step 46960 (time=489.167), 0.00985002 s/step
on time step 47366 (time=493.396), 0.0098612 s/step
on time step 47772 (time=497.625), 0.00986985 s/step
field decay(t = 500.22916666666663): 0.0005224870976362254 / 0.0005224870976362254 = 1.0
on time step 48177 (time=501.844), 0.00989747 s/step
on time step 48582 (time=506.062), 0.00988219 s/step
on time step 48987 (time=510.281), 0.00989699 s/step
on time step 49392 (time=514.5), 0.00988983 s/step
on time step 49797 (time=518.719), 0.00987865 s/step
field decay(t = 520.2291666666666): 0.0009707400485776122 / 0.0009707400485776122 = 1.0
on time step 50203 (time=522.948), 0.00987308 s/step
on time step 50609 (time=527.177), 0.00986702 s/step
on time step 51015 (time=531.406), 0.00986448 s/step
on time step 51421 (time=535.635), 0.00987624 s/step
on time step 51827 (time=539.865), 0.00986906 s/step
field decay(t = 540.2395833333333): 0.0015160880756812335 / 0.0015160880756812335 = 1.0
on time step 52234 (time=544.104), 0.00984654 s/step
on time step 52640 (time=548.333), 0.00987102 s/step
on time step 53045 (time=552.552), 0.00989919 s/step
on time step 53451 (time=556.781), 0.00986419 s/step
field decay(t = 560.25): 0.002329860545919188 / 0.002329860545919188 = 1.0
on time step 53857 (time=561.01), 0.00987078 s/step
on time step 54262 (time=565.229), 0.00989727 s/step
on time step 54668 (time=569.458), 0.00986304 s/step
on time step 55072 (time=573.667), 0.00990218 s/step
on time step 55477 (time=577.885), 0.00988102 s/step
field decay(t = 580.2604166666666): 0.0035230656952363504 / 0.0035230656952363504 = 1.0
on time step 55884 (time=582.125), 0.00984897 s/step
on time step 56289 (time=586.344), 0.00988728 s/step
on time step 56691 (time=590.531), 0.00997386 s/step
on time step 57079 (time=594.573), 0.0103132 s/step
on time step 57468 (time=598.625), 0.0102845 s/step
field decay(t = 600.2708333333333): 0.005963500428670061 / 0.005963500428670061 = 1.0
on time step 57857 (time=602.677), 0.0102915 s/step
on time step 58247 (time=606.74), 0.010268 s/step
on time step 58636 (time=610.792), 0.010299 s/step
on time step 59025 (time=614.844), 0.0102834 s/step
on time step 59415 (time=618.906), 0.0102779 s/step
field decay(t = 620.28125): 0.008684954621135919 / 0.008684954621135919 = 1.0
on time step 59805 (time=622.969), 0.0102779 s/step
on time step 60194 (time=627.021), 0.0103051 s/step
on time step 60583 (time=631.073), 0.0102853 s/step
on time step 60972 (time=635.125), 0.0102962 s/step
on time step 61361 (time=639.177), 0.0102997 s/step
field decay(t = 640.2916666666666): 0.012446664386746875 / 0.012446664386746875 = 1.0
on time step 61751 (time=643.24), 0.0102724 s/step
on time step 62140 (time=647.292), 0.0102875 s/step
on time step 62529 (time=651.344), 0.0102834 s/step
on time step 62918 (time=655.396), 0.0102976 s/step
on time step 63308 (time=659.458), 0.0102676 s/step
field decay(t = 660.3020833333333): 0.01755233780822233 / 0.01755233780822233 = 1.0
on time step 63698 (time=663.521), 0.0102775 s/step
on time step 64087 (time=667.573), 0.0102863 s/step
on time step 64474 (time=671.604), 0.0103553 s/step
on time step 64864 (time=675.667), 0.0102713 s/step
on time step 65254 (time=679.729), 0.0102698 s/step
field decay(t = 680.3125): 0.02707195596289205 / 0.02707195596289205 = 1.0
on time step 65644 (time=683.792), 0.0102729 s/step
on time step 66033 (time=687.844), 0.0102977 s/step
on time step 66423 (time=691.906), 0.0102628 s/step
on time step 66812 (time=695.958), 0.010292 s/step
on time step 67202 (time=700.021), 0.0102808 s/step
field decay(t = 700.3229166666666): 0.03676970960829472 / 0.03676970960829472 = 1.0
on time step 67591 (time=704.073), 0.0102916 s/step
on time step 67980 (time=708.125), 0.0103002 s/step
on time step 68369 (time=712.177), 0.0103077 s/step
on time step 68759 (time=716.24), 0.0102755 s/step
on time step 69148 (time=720.292), 0.0102985 s/step
field decay(t = 720.3333333333333): 0.04914510068720302 / 0.04914510068720302 = 1.0
on time step 69538 (time=724.354), 0.0102749 s/step
on time step 69928 (time=728.417), 0.0102741 s/step
on time step 70317 (time=732.469), 0.0102955 s/step
on time step 70706 (time=736.521), 0.0103063 s/step
field decay(t = 740.34375): 0.06463698914283961 / 0.06463698914283961 = 1.0
on time step 71095 (time=740.573), 0.0102859 s/step
on time step 71484 (time=744.625), 0.010283 s/step
on time step 71874 (time=748.688), 0.0102701 s/step
on time step 72263 (time=752.74), 0.0103069 s/step
on time step 72652 (time=756.792), 0.0102881 s/step
field decay(t = 760.3541666666666): 0.09084275997411989 / 0.09084275997411989 = 1.0
on time step 73041 (time=760.844), 0.01029 s/step
on time step 73431 (time=764.906), 0.0102764 s/step
on time step 73821 (time=768.969), 0.0102688 s/step
on time step 74211 (time=773.031), 0.0102605 s/step
on time step 74600 (time=777.083), 0.0102868 s/step
field decay(t = 780.3645833333333): 0.1150797611489853 / 0.1150797611489853 = 1.0
on time step 74990 (time=781.146), 0.0102681 s/step
on time step 75379 (time=785.198), 0.0102862 s/step
on time step 75769 (time=789.26), 0.0102641 s/step
on time step 76159 (time=793.323), 0.0102766 s/step
on time step 76548 (time=797.375), 0.0102937 s/step
field decay(t = 800.375): 0.14345966187725903 / 0.14345966187725903 = 1.0
on time step 76938 (time=801.438), 0.0102607 s/step
on time step 77328 (time=805.5), 0.0102807 s/step
on time step 77718 (time=809.562), 0.0102777 s/step
on time step 78107 (time=813.615), 0.0102833 s/step
on time step 78496 (time=817.667), 0.0102854 s/step
field decay(t = 820.3854166666666): 0.17598748284359744 / 0.17598748284359744 = 1.0
on time step 78885 (time=821.719), 0.0102874 s/step
on time step 79275 (time=825.781), 0.0102649 s/step
on time step 79665 (time=829.844), 0.0102755 s/step
on time step 80054 (time=833.896), 0.0103059 s/step
on time step 80443 (time=837.948), 0.0102861 s/step
field decay(t = 840.3958333333333): 0.22335764243706155 / 0.22335764243706155 = 1.0
on time step 80832 (time=842), 0.010292 s/step
on time step 81221 (time=846.052), 0.0102837 s/step
on time step 81610 (time=850.104), 0.0103 s/step
on time step 82000 (time=854.167), 0.0102804 s/step
on time step 82390 (time=858.229), 0.0102707 s/step
field decay(t = 860.40625): 0.26634595579757303 / 0.26634595579757303 = 1.0
on time step 82781 (time=862.302), 0.0102472 s/step
on time step 83172 (time=866.375), 0.0102536 s/step
on time step 83562 (time=870.438), 0.0102653 s/step
on time step 83954 (time=874.521), 0.0102292 s/step
on time step 84345 (time=878.594), 0.0102415 s/step
field decay(t = 880.4166666666666): 0.30971276627537514 / 0.30971276627537514 = 1.0
on time step 84736 (time=882.667), 0.0102464 s/step
on time step 85127 (time=886.74), 0.0102345 s/step
on time step 85518 (time=890.812), 0.0102427 s/step
on time step 85909 (time=894.885), 0.0102324 s/step
on time step 86300 (time=898.958), 0.0102499 s/step
field decay(t = 900.4270833333333): 0.35440397572614746 / 0.35440397572614746 = 1.0
on time step 86691 (time=903.031), 0.0102426 s/step
on time step 87083 (time=907.115), 0.0102243 s/step
on time step 87474 (time=911.188), 0.0102396 s/step
on time step 87864 (time=915.25), 0.0102679 s/step
on time step 88255 (time=919.323), 0.0102302 s/step
field decay(t = 920.4375): 0.39910335938770525 / 0.39910335938770525 = 1.0
on time step 88647 (time=923.406), 0.0102053 s/step
on time step 89059 (time=927.698), 0.00971654 s/step
on time step 89471 (time=931.99), 0.00971226 s/step
on time step 89884 (time=936.292), 0.00969723 s/step
field decay(t = 940.4479166666666): 0.4560693167409896 / 0.4560693167409896 = 1.0
on time step 90297 (time=940.594), 0.00969643 s/step
on time step 90706 (time=944.854), 0.00978945 s/step
on time step 91107 (time=949.031), 0.00999823 s/step
on time step 91508 (time=953.208), 0.0099947 s/step
on time step 91909 (time=957.385), 0.00999285 s/step
field decay(t = 960.4583333333333): 0.49474222564917725 / 0.49474222564917725 = 1.0
on time step 92310 (time=961.562), 0.0099838 s/step
on time step 92711 (time=965.74), 0.0099993 s/step
on time step 93112 (time=969.917), 0.00999844 s/step
on time step 93512 (time=974.083), 0.0100011 s/step
on time step 93914 (time=978.271), 0.00997333 s/step
field decay(t = 980.46875): 0.5281713678609314 / 0.5281713678609314 = 1.0
on time step 94315 (time=982.448), 0.00998952 s/step
on time step 94716 (time=986.625), 0.0100008 s/step
on time step 95117 (time=990.802), 0.00998475 s/step
on time step 95518 (time=994.979), 0.0099917 s/step
on time step 95919 (time=999.156), 0.00999715 s/step
field decay(t = 1000.4791666666666): 0.5549125605530023 / 0.5549125605530023 = 1.0
on time step 96321 (time=1003.34), 0.00996926 s/step
on time step 96722 (time=1007.52), 0.00998251 s/step
on time step 97123 (time=1011.7), 0.00999487 s/step
on time step 97524 (time=1015.88), 0.00998515 s/step
on time step 97924 (time=1020.04), 0.0100012 s/step
field decay(t = 1020.4895833333333): 0.5781305893291718 / 0.5781305893291718 = 1.0
on time step 98325 (time=1024.22), 0.00998673 s/step
on time step 98725 (time=1028.39), 0.0100019 s/step
on time step 99126 (time=1032.56), 0.00998599 s/step
on time step 99527 (time=1036.74), 0.00998699 s/step
field decay(t = 1040.4895833333333): 0.5851689421484002 / 0.5851689421484002 = 1.0
on time step 99927 (time=1040.91), 0.0100005 s/step
on time step 100326 (time=1045.06), 0.0100418 s/step
on time step 100723 (time=1049.2), 0.0100837 s/step
on time step 101119 (time=1053.32), 0.0101035 s/step
on time step 101515 (time=1057.45), 0.0101026 s/step
field decay(t = 1060.5): 0.585456811080079 / 0.585456811080079 = 1.0
on time step 101911 (time=1061.57), 0.0101152 s/step
on time step 102303 (time=1065.66), 0.0102121 s/step
on time step 102696 (time=1069.75), 0.0101897 s/step
on time step 103089 (time=1073.84), 0.0101786 s/step
on time step 103483 (time=1077.95), 0.010158 s/step
field decay(t = 1080.5104166666665): 0.580112849274771 / 0.585456811080079 = 0.9908721502522976
on time step 103877 (time=1082.05), 0.010167 s/step
on time step 104272 (time=1086.17), 0.0101316 s/step
on time step 104667 (time=1090.28), 0.0101351 s/step
on time step 105062 (time=1094.4), 0.0101346 s/step
on time step 105457 (time=1098.51), 0.0101377 s/step
field decay(t = 1100.5208333333333): 0.5657294075708001 / 0.585456811080079 = 0.9663042548383974
on time step 105852 (time=1102.62), 0.0101448 s/step
on time step 106246 (time=1106.73), 0.0101546 s/step
on time step 106641 (time=1110.84), 0.0101281 s/step
on time step 107037 (time=1114.97), 0.0101259 s/step
on time step 107433 (time=1119.09), 0.0101226 s/step
field decay(t = 1120.53125): 0.5337166939086496 / 0.585456811080079 = 0.9116243654660423
on time step 107829 (time=1123.22), 0.0101258 s/step
on time step 108224 (time=1127.33), 0.0101431 s/step
on time step 108619 (time=1131.45), 0.0101449 s/step
on time step 109014 (time=1135.56), 0.0101466 s/step
on time step 109410 (time=1139.69), 0.010127 s/step
field decay(t = 1140.5416666666665): 0.5015038639569408 / 0.585456811080079 = 0.8566026638783864
on time step 109804 (time=1143.79), 0.0101526 s/step
on time step 110196 (time=1147.88), 0.0102048 s/step
on time step 110590 (time=1151.98), 0.0101718 s/step
on time step 110983 (time=1156.07), 0.0101949 s/step
on time step 111377 (time=1160.18), 0.0101561 s/step
field decay(t = 1160.5520833333333): 0.46380618074770436 / 0.585456811080079 = 0.7922124603727
on time step 111769 (time=1164.26), 0.0102144 s/step
on time step 112163 (time=1168.36), 0.0101681 s/step
on time step 112557 (time=1172.47), 0.0101742 s/step
on time step 112949 (time=1176.55), 0.0102058 s/step
field decay(t = 1180.5625): 0.42218830131965984 / 0.585456811080079 = 0.7211262954491664
on time step 113342 (time=1180.65), 0.0101937 s/step
on time step 113735 (time=1184.74), 0.0101851 s/step
on time step 114129 (time=1188.84), 0.0101653 s/step
on time step 114523 (time=1192.95), 0.0101669 s/step
on time step 114917 (time=1197.05), 0.0101641 s/step
field decay(t = 1200.5729166666665): 0.363370793798847 / 0.585456811080079 = 0.6206619974725087
on time step 115311 (time=1201.16), 0.0101539 s/step
on time step 115706 (time=1205.27), 0.0101393 s/step
on time step 116101 (time=1209.39), 0.0101507 s/step
on time step 116496 (time=1213.5), 0.0101419 s/step
on time step 116890 (time=1217.6), 0.0101619 s/step
field decay(t = 1220.5833333333333): 0.3187551807080754 / 0.585456811080079 = 0.5444554998344292
on time step 117285 (time=1221.72), 0.0101415 s/step
on time step 117679 (time=1225.82), 0.0101624 s/step
on time step 118073 (time=1229.93), 0.0101579 s/step
on time step 118468 (time=1234.04), 0.0101422 s/step
on time step 118863 (time=1238.16), 0.0101313 s/step
field decay(t = 1240.59375): 0.27522883485734784 / 0.585456811080079 = 0.47010954462993165
on time step 119258 (time=1242.27), 0.0101475 s/step
on time step 119653 (time=1246.39), 0.0101433 s/step
on time step 120047 (time=1250.49), 0.0101583 s/step
on time step 120454 (time=1254.73), 0.00985013 s/step
on time step 120882 (time=1259.19), 0.0093646 s/step
field decay(t = 1260.6041666666665): 0.23391698604011105 / 0.585456811080079 = 0.39954610077653674
on time step 121310 (time=1263.65), 0.00936379 s/step
on time step 121738 (time=1268.1), 0.00935856 s/step
on time step 122165 (time=1272.55), 0.00937374 s/step
on time step 122593 (time=1277.01), 0.00936119 s/step
field decay(t = 1280.6145833333333): 0.1905367654018764 / 0.585456811080079 = 0.3254497373604126
on time step 123021 (time=1281.47), 0.00936 s/step
on time step 123448 (time=1285.92), 0.00937353 s/step
on time step 123874 (time=1290.35), 0.00939085 s/step
on time step 124301 (time=1294.8), 0.00937403 s/step
on time step 124729 (time=1299.26), 0.00935853 s/step
field decay(t = 1300.625): 0.15052231660465906 / 0.585456811080079 = 0.2571023408660465
on time step 125157 (time=1303.72), 0.0093629 s/step
on time step 125585 (time=1308.18), 0.0093587 s/step
on time step 126013 (time=1312.64), 0.00934902 s/step
on time step 126441 (time=1317.09), 0.00935761 s/step
field decay(t = 1320.6354166666665): 0.1213761322018199 / 0.585456811080079 = 0.2073186781752515
on time step 126869 (time=1321.55), 0.00935301 s/step
on time step 127297 (time=1326.01), 0.00935191 s/step
on time step 127725 (time=1330.47), 0.00935685 s/step
on time step 128152 (time=1334.92), 0.00938019 s/step
on time step 128579 (time=1339.36), 0.00938955 s/step
field decay(t = 1340.6458333333333): 0.09634070095292206 / 0.585456811080079 = 0.16455646109093527
on time step 129006 (time=1343.81), 0.00937213 s/step
on time step 129433 (time=1348.26), 0.00937833 s/step
on time step 129861 (time=1352.72), 0.0093644 s/step
on time step 130287 (time=1357.16), 0.00940195 s/step
field decay(t = 1360.65625): 0.07504126228193166 / 0.585456811080079 = 0.1281755730939263
on time step 130714 (time=1361.6), 0.00937828 s/step
on time step 131141 (time=1366.05), 0.00937648 s/step
on time step 131568 (time=1370.5), 0.00938876 s/step
on time step 131994 (time=1374.94), 0.00939357 s/step
on time step 132421 (time=1379.39), 0.00938251 s/step
field decay(t = 1380.6666666666665): 0.052855793301800034 / 0.585456811080079 = 0.09028128514601977
on time step 132848 (time=1383.83), 0.00937573 s/step
on time step 133275 (time=1388.28), 0.00937939 s/step
on time step 133702 (time=1392.73), 0.00937518 s/step
on time step 134129 (time=1397.18), 0.00938923 s/step
field decay(t = 1400.6770833333333): 0.03980313382528484 / 0.585456811080079 = 0.06798645616890868
on time step 134556 (time=1401.62), 0.00938199 s/step
on time step 134983 (time=1406.07), 0.00937291 s/step
on time step 135409 (time=1410.51), 0.00939093 s/step
on time step 135836 (time=1414.96), 0.00936788 s/step
on time step 136263 (time=1419.41), 0.00938246 s/step
field decay(t = 1420.6875): 0.0295014616445372 / 0.585456811080079 = 0.05039050035153145
on time step 136689 (time=1423.84), 0.00939261 s/step
on time step 137116 (time=1428.29), 0.00938656 s/step
on time step 137543 (time=1432.74), 0.00937445 s/step
on time step 137970 (time=1437.19), 0.00938613 s/step
field decay(t = 1440.6979166666665): 0.021520331388106582 / 0.585456811080079 = 0.03675818776180063
on time step 138396 (time=1441.62), 0.00939248 s/step
on time step 138823 (time=1446.07), 0.00938114 s/step
on time step 139249 (time=1450.51), 0.00939107 s/step
on time step 139675 (time=1454.95), 0.00940082 s/step
on time step 140102 (time=1459.4), 0.00937386 s/step
field decay(t = 1460.7083333333333): 0.0137828157655213 / 0.585456811080079 = 0.02354198551400247
on time step 140529 (time=1463.84), 0.00938896 s/step
on time step 140955 (time=1468.28), 0.00939525 s/step
on time step 141382 (time=1472.73), 0.0093713 s/step
on time step 141809 (time=1477.18), 0.00937957 s/step
field decay(t = 1480.71875): 0.009682132166099769 / 0.585456811080079 = 0.01653773939060971
on time step 142236 (time=1481.62), 0.00937468 s/step
on time step 142663 (time=1486.07), 0.00938408 s/step
on time step 143090 (time=1490.52), 0.00937834 s/step
on time step 143518 (time=1494.98), 0.00935688 s/step
on time step 143945 (time=1499.43), 0.00937151 s/step
field decay(t = 1500.7291666666665): 0.006690633700304327 / 0.585456811080079 = 0.011428056815943645
on time step 144372 (time=1503.88), 0.00937848 s/step
on time step 144799 (time=1508.32), 0.00937302 s/step
on time step 145226 (time=1512.77), 0.00937133 s/step
on time step 145653 (time=1517.22), 0.00937132 s/step
field decay(t = 1520.7395833333333): 0.0045465481862762246 / 0.585456811080079 = 0.007765813122728102
on time step 146080 (time=1521.67), 0.00937092 s/step
on time step 146508 (time=1526.12), 0.00936212 s/step
on time step 146935 (time=1530.57), 0.00937006 s/step
on time step 147362 (time=1535.02), 0.00937789 s/step
on time step 147789 (time=1539.47), 0.00938035 s/step
field decay(t = 1540.75): 0.002644638113919346 / 0.585456811080079 = 0.004517221533455884
on time step 148216 (time=1543.92), 0.00937795 s/step
on time step 148643 (time=1548.36), 0.00936934 s/step
on time step 149070 (time=1552.81), 0.009372 s/step
on time step 149497 (time=1557.26), 0.00937586 s/step
field decay(t = 1560.7604166666665): 0.0017253405999985867 / 0.585456811080079 = 0.0029469989371472085
on time step 149924 (time=1561.71), 0.00937964 s/step
on time step 150351 (time=1566.16), 0.00937463 s/step
on time step 150777 (time=1570.59), 0.00939207 s/step
on time step 151196 (time=1574.96), 0.00955885 s/step
on time step 151616 (time=1579.33), 0.00952398 s/step
field decay(t = 1580.7708333333333): 0.0011049760237102281 / 0.585456811080079 = 0.0018873741030900556
on time step 152035 (time=1583.7), 0.00955391 s/step
on time step 152454 (time=1588.06), 0.00955028 s/step
on time step 152873 (time=1592.43), 0.00956096 s/step
on time step 153293 (time=1596.8), 0.00954291 s/step
field decay(t = 1600.78125): 0.0006940209018846471 / 0.585456811080079 = 0.0011854348412213087
on time step 153712 (time=1601.17), 0.00956451 s/step
on time step 154130 (time=1605.52), 0.00957644 s/step
on time step 154548 (time=1609.88), 0.00957376 s/step
on time step 154967 (time=1614.24), 0.00956662 s/step
on time step 155387 (time=1618.61), 0.00953864 s/step
field decay(t = 1620.7916666666665): 0.0003664167749703753 / 0.585456811080079 = 0.0006258647402092597
on time step 155804 (time=1622.96), 0.00961339 s/step
on time step 156223 (time=1627.32), 0.00956088 s/step
on time step 156642 (time=1631.69), 0.00956864 s/step
on time step 157060 (time=1636.04), 0.00957176 s/step
on time step 157480 (time=1640.42), 0.00954629 s/step
field decay(t = 1640.8020833333333): 0.00021570715358165863 / 0.585456811080079 = 0.00036844247004951853
on time step 157899 (time=1644.78), 0.00956549 s/step
on time step 158318 (time=1649.15), 0.00955058 s/step
on time step 158737 (time=1653.51), 0.00955811 s/step
on time step 159156 (time=1657.88), 0.00956125 s/step
field decay(t = 1660.8125): 0.00012552517196700054 / 0.585456811080079 = 0.00021440551991431384
on time step 159575 (time=1662.24), 0.00955131 s/step
on time step 159994 (time=1666.6), 0.00954913 s/step
on time step 160412 (time=1670.96), 0.00957088 s/step
on time step 160831 (time=1675.32), 0.00956614 s/step
on time step 161251 (time=1679.7), 0.00953855 s/step
field decay(t = 1680.8229166666665): 7.098330615060787e-05 / 0.585456811080079 = 0.00012124430838827281
on time step 161669 (time=1684.05), 0.00959106 s/step
on time step 162088 (time=1688.42), 0.00955465 s/step
on time step 162506 (time=1692.77), 0.0095805 s/step
on time step 162925 (time=1697.14), 0.00955585 s/step
field decay(t = 1700.8333333333333): 3.796443222093754e-05 / 0.585456811080079 = 6.484582893638033e-05
on time step 163345 (time=1701.51), 0.0095418 s/step
on time step 163764 (time=1705.88), 0.00956632 s/step
on time step 164184 (time=1710.25), 0.00953471 s/step
on time step 164603 (time=1714.61), 0.00954736 s/step
on time step 165024 (time=1719), 0.00950915 s/step
field decay(t = 1720.84375): 1.6305215229772776e-05 / 0.585456811080079 = 2.7850415130865297e-05
on time step 165444 (time=1723.38), 0.00954173 s/step
on time step 165865 (time=1727.76), 0.00951959 s/step
on time step 166286 (time=1732.15), 0.00951796 s/step
on time step 166706 (time=1736.52), 0.00954168 s/step
field decay(t = 1740.8541666666665): 8.00082948690861e-06 / 0.585456811080079 = 1.3665960213441354e-05
on time step 167126 (time=1740.9), 0.00952996 s/step
on time step 167546 (time=1745.27), 0.00953854 s/step
on time step 167966 (time=1749.65), 0.00954444 s/step
on time step 168386 (time=1754.02), 0.0095455 s/step
on time step 168806 (time=1758.4), 0.00953051 s/step
field decay(t = 1760.8645833333333): 3.655232397710586e-06 / 0.585456811080079 = 6.24338521396179e-06
on time step 169226 (time=1762.77), 0.00953385 s/step
on time step 169646 (time=1767.15), 0.0095437 s/step
on time step 170067 (time=1771.53), 0.00951423 s/step
on time step 170487 (time=1775.91), 0.00952571 s/step
on time step 170907 (time=1780.28), 0.00953547 s/step
field decay(t = 1780.875): 1.5094166754903136e-06 / 0.585456811080079 = 2.5781862076310444e-06
on time step 171328 (time=1784.67), 0.00952202 s/step
on time step 171749 (time=1789.05), 0.00952013 s/step
on time step 172170 (time=1793.44), 0.00951997 s/step
on time step 172591 (time=1797.82), 0.00950571 s/step
field decay(t = 1800.8854166666665): 4.7244960312957536e-07 / 0.585456811080079 = 8.069760128983341e-07
on time step 173011 (time=1802.2), 0.009527 s/step
on time step 173431 (time=1806.57), 0.00953814 s/step
on time step 173851 (time=1810.95), 0.00954383 s/step
on time step 174270 (time=1815.31), 0.00955128 s/step
on time step 174690 (time=1819.69), 0.00953847 s/step
field decay(t = 1820.8958333333333): 9.037259370930756e-08 / 0.585456811080079 = 1.543625285400367e-07
on time step 175110 (time=1824.06), 0.00953752 s/step
on time step 175531 (time=1828.45), 0.00952068 s/step
on time step 175951 (time=1832.82), 0.00952505 s/step
on time step 176371 (time=1837.2), 0.00953857 s/step
field decay(t = 1840.90625): 4.1254437467496e-08 / 0.585456811080079 = 7.046538136841867e-08
on time step 176791 (time=1841.57), 0.0095252 s/step
on time step 177212 (time=1845.96), 0.00951489 s/step
on time step 177632 (time=1850.33), 0.00952501 s/step
on time step 178053 (time=1854.72), 0.00952115 s/step
on time step 178474 (time=1859.1), 0.00951559 s/step
field decay(t = 1860.9166666666665): 7.257079079886438e-08 / 0.585456811080079 = 1.2395583999609174e-07
on time step 178894 (time=1863.48), 0.00953285 s/step
on time step 179315 (time=1867.86), 0.00951147 s/step
on time step 179735 (time=1872.24), 0.00954497 s/step
on time step 180156 (time=1876.62), 0.00952365 s/step
field decay(t = 1880.9270833333333): 9.92267555464563e-08 / 0.585456811080079 = 1.6948603836959038e-07
on time step 180576 (time=1881), 0.00952383 s/step
on time step 180996 (time=1885.38), 0.00952457 s/step
on time step 181416 (time=1889.75), 0.00953449 s/step
on time step 181836 (time=1894.12), 0.00952716 s/step
on time step 182257 (time=1898.51), 0.00952003 s/step
field decay(t = 1900.9375): 1.1403717738554271e-07 / 0.585456811080079 = 1.9478324485654446e-07
on time step 182677 (time=1902.89), 0.00954331 s/step
on time step 183097 (time=1907.26), 0.009535 s/step
on time step 183517 (time=1911.64), 0.00953473 s/step
on time step 183937 (time=1916.01), 0.00953332 s/step
on time step 184358 (time=1920.4), 0.0095127 s/step
field decay(t = 1920.9479166666665): 1.1756780900491173e-07 / 0.585456811080079 = 2.0081380347769285e-07
on time step 184778 (time=1924.77), 0.00954495 s/step
on time step 185197 (time=1929.14), 0.0095644 s/step
on time step 185617 (time=1933.51), 0.00954406 s/step
on time step 186037 (time=1937.89), 0.00954096 s/step
field decay(t = 1940.9583333333333): 1.1681056875165282e-07 / 0.585456811080079 = 1.9952038569020156e-07
on time step 186457 (time=1942.26), 0.00954256 s/step
on time step 186876 (time=1946.62), 0.00955704 s/step
on time step 187296 (time=1951), 0.00953611 s/step
on time step 187716 (time=1955.38), 0.009543 s/step
on time step 188136 (time=1959.75), 0.00954063 s/step
field decay(t = 1960.96875): 1.1018201337858259e-07 / 0.585456811080079 = 1.8819836287379336e-07
on time step 188556 (time=1964.12), 0.00953344 s/step
on time step 188976 (time=1968.5), 0.00953383 s/step
on time step 189397 (time=1972.89), 0.00952139 s/step
on time step 189818 (time=1977.27), 0.00951575 s/step
field decay(t = 1980.9791666666665): 9.576449645648322e-08 / 0.585456811080079 = 1.635722646727984e-07
on time step 190238 (time=1981.65), 0.0095324 s/step
on time step 190658 (time=1986.02), 0.00954156 s/step
on time step 191078 (time=1990.4), 0.00952661 s/step
on time step 191499 (time=1994.78), 0.00951291 s/step
on time step 191919 (time=1999.16), 0.00953406 s/step
field decay(t = 2000.9895833333333): 8.347665121097085e-08 / 0.585456811080079 = 1.425837903516215e-07
on time step 192340 (time=2003.54), 0.00952235 s/step
on time step 192760 (time=2007.92), 0.00953207 s/step
on time step 193181 (time=2012.3), 0.00952319 s/step
on time step 193602 (time=2016.69), 0.00952223 s/step
field decay(t = 2021.0): 7.139275261300137e-08 / 0.585456811080079 = 1.219436707573571e-07
on time step 194023 (time=2021.07), 0.00951723 s/step
on time step 194443 (time=2025.45), 0.00954367 s/step
on time step 194864 (time=2029.83), 0.00952197 s/step
on time step 195284 (time=2034.21), 0.00954094 s/step
on time step 195705 (time=2038.59), 0.00950627 s/step
field decay(t = 2041.0104166666665): 6.031266754981428e-08 / 0.585456811080079 = 1.0301813286371467e-07
on time step 196124 (time=2042.96), 0.00955085 s/step
on time step 196544 (time=2047.33), 0.00953909 s/step
on time step 196963 (time=2051.7), 0.00954688 s/step
on time step 197384 (time=2056.08), 0.00952327 s/step
on time step 197804 (time=2060.46), 0.00954481 s/step
2026-05-30 13:41:59 [INFO] D11_scaled_deep_groove: Checkpointed 5 completed spectra row(s) to /mnt/c/Users/admin/Meep_Simulation/meep_sim/results/diagnostics_v2/tables/D11_thickness_3um_quick_spectra_checkpoint.csv
2026-05-30 13:41:59 [INFO] D11_scaled_deep_groove: >>> task=6/10 case=scaled_inner_wall_film_3um pol=Hz wl=8.1014 res=24 pml=4
2026-05-30 13:42:00 [INFO] D11_scaled_deep_groove: [single ref] wl=8.1014 um, f=0.123435, res=24, comp=Hz
field decay(t = 2061.0104166666665): 5.047866036844821e-08 / 0.585456811080079 = 8.62209806310439e-08
run 0 finished at t = 2061.0104166666665 (197857 timesteps)
-----------
Initializing structure...
Splitting into 16 chunks by voxels
time for choose_chunkdivision = 0.000622974 s
Working in 2D dimensions.
Computational cell is 50 x 49 x 0 with resolution 24
time for set_epsilon = 0.132297 s
-----------
field decay(t = 20.010416666666664): 1.6923554008979375e-10 / 1.6923554008979375e-10 = 1.0
on time step 3364 (time=35.0417), 0.00118919 s/step
field decay(t = 40.010416666666664): 4.413289333674316e-11 / 1.6923554008979375e-10 = 0.26077792710282327
field decay(t = 60.02083333333333): 1.7848707883855732e-10 / 1.7848707883855732e-10 = 1.0
on time step 6851 (time=71.3646), 0.00114714 s/step
field decay(t = 80.02083333333333): 6.908541180478997e-10 / 6.908541180478997e-10 = 1.0
field decay(t = 100.03125): 2.558120434015057e-09 / 2.558120434015057e-09 = 1.0
on time step 10311 (time=107.406), 0.00115631 s/step
field decay(t = 120.04166666666666): 9.055271662976689e-09 / 9.055271662976689e-09 = 1.0
field decay(t = 140.04166666666666): 3.064249755213635e-08 / 3.064249755213635e-08 = 1.0
on time step 13769 (time=143.427), 0.00115697 s/step
field decay(t = 160.05208333333331): 9.913344975372662e-08 / 9.913344975372662e-08 = 1.0
on time step 17241 (time=179.594), 0.00115216 s/step
field decay(t = 180.0625): 3.0660137611957e-07 / 3.0660137611957e-07 = 1.0
field decay(t = 200.07291666666666): 8.937773228294496e-07 / 8.937773228294496e-07 = 1.0
on time step 20701 (time=215.635), 0.00115645 s/step
field decay(t = 220.08333333333331): 2.333023217277929e-06 / 2.333023217277929e-06 = 1.0
field decay(t = 240.09375): 5.696974406712786e-06 / 5.696974406712786e-06 = 1.0
on time step 24159 (time=251.656), 0.00115699 s/step
field decay(t = 260.10416666666663): 1.4851277043841392e-05 / 1.4851277043841392e-05 = 1.0
field decay(t = 280.1145833333333): 3.701241100822835e-05 / 3.701241100822835e-05 = 1.0
on time step 27609 (time=287.594), 0.00115976 s/step
field decay(t = 300.125): 8.81850209993989e-05 / 8.81850209993989e-05 = 1.0
field decay(t = 320.13541666666663): 0.00020086582481253467 / 0.00020086582481253467 = 1.0
on time step 31078 (time=323.729), 0.00115327 s/step
field decay(t = 340.1458333333333): 0.0004374023534775846 / 0.0004374023534775846 = 1.0
on time step 34548 (time=359.875), 0.00115296 s/step
field decay(t = 360.15625): 0.0009105840584342647 / 0.0009105840584342647 = 1.0
field decay(t = 380.16666666666663): 0.0018122696998324967 / 0.0018122696998324967 = 1.0
on time step 37999 (time=395.823), 0.00115921 s/step
field decay(t = 400.1770833333333): 0.0034481762919956406 / 0.0034481762919956406 = 1.0
field decay(t = 420.1875): 0.006272200587074164 / 0.006272200587074164 = 1.0
on time step 41459 (time=431.865), 0.00115623 s/step
field decay(t = 440.19791666666663): 0.010907224799739736 / 0.010907224799739736 = 1.0
field decay(t = 460.2083333333333): 0.018133116089755614 / 0.018133116089755614 = 1.0
on time step 44684 (time=465.458), 0.00124038 s/step
field decay(t = 480.21875): 0.028820032939502985 / 0.028820032939502985 = 1.0
on time step 47783 (time=497.74), 0.00129076 s/step
field decay(t = 500.22916666666663): 0.04379054561272308 / 0.04379054561272308 = 1.0
field decay(t = 520.2291666666666): 0.06361068790953502 / 0.06361068790953502 = 1.0
on time step 50914 (time=530.354), 0.00127756 s/step
field decay(t = 540.2395833333333): 0.08655755012961776 / 0.08655755012961776 = 1.0
field decay(t = 560.25): 0.11121712749985505 / 0.11121712749985505 = 1.0
on time step 54025 (time=562.76), 0.00128583 s/step
field decay(t = 580.2604166666666): 0.1424362097074514 / 0.1424362097074514 = 1.0
on time step 57135 (time=595.156), 0.00128648 s/step
field decay(t = 600.2708333333333): 0.17439458550339448 / 0.17439458550339448 = 1.0
field decay(t = 620.28125): 0.20413122444276766 / 0.20413122444276766 = 1.0
on time step 60222 (time=627.312), 0.0012958 s/step
field decay(t = 640.2916666666666): 0.228428211330708 / 0.228428211330708 = 1.0
on time step 63038 (time=656.646), 0.00142094 s/step
field decay(t = 660.3020833333333): 0.2443733782541186 / 0.2443733782541186 = 1.0
field decay(t = 680.3125): 0.249932021102649 / 0.249932021102649 = 1.0
on time step 65855 (time=685.99), 0.00142029 s/step
field decay(t = 700.3229166666666): 0.24970470215501578 / 0.249932021102649 = 0.9990904768959562
on time step 68677 (time=715.385), 0.00141789 s/step
field decay(t = 720.3333333333333): 0.2419645458216842 / 0.249932021102649 = 0.968121430596152
field decay(t = 740.34375): 0.22415119699852287 / 0.249932021102649 = 0.8968486551247559
on time step 71502 (time=744.812), 0.00141616 s/step
field decay(t = 760.3541666666666): 0.19851541900849373 / 0.249932021102649 = 0.7942776525100076
on time step 74329 (time=774.26), 0.00141496 s/step
field decay(t = 780.3645833333333): 0.1680781587127442 / 0.249932021102649 = 0.6724954968603771
field decay(t = 800.375): 0.1360480035375658 / 0.249932021102649 = 0.5443400286900006
on time step 77172 (time=803.875), 0.00140736 s/step
field decay(t = 820.3854166666666): 0.10527782854462985 / 0.249932021102649 = 0.4212258520543529
on time step 80018 (time=833.521), 0.00140573 s/step
field decay(t = 840.3958333333333): 0.07788351057355289 / 0.249932021102649 = 0.31161877629743784
field decay(t = 860.40625): 0.05638777883083881 / 0.249932021102649 = 0.2256124628691732
on time step 82858 (time=863.104), 0.00140875 s/step
field decay(t = 880.4166666666666): 0.040369255145721664 / 0.249932021102649 = 0.16152094064466313
on time step 85708 (time=892.792), 0.00140384 s/step
field decay(t = 900.4270833333333): 0.02636416406219922 / 0.249932021102649 = 0.10548533935702163
field decay(t = 920.4375): 0.01643934125281215 / 0.249932021102649 = 0.06577525032720952
on time step 88532 (time=922.208), 0.00141662 s/step
field decay(t = 940.4479166666666): 0.00979984485191404 / 0.249932021102649 = 0.03921004122912753
on time step 91342 (time=951.479), 0.00142396 s/step
field decay(t = 960.4583333333333): 0.005584937988161239 / 0.249932021102649 = 0.022345828131672102
field decay(t = 980.46875): 0.0030428556565558974 / 0.249932021102649 = 0.012174733125957371
on time step 94191 (time=981.156), 0.0014042 s/step
field decay(t = 1000.4791666666666): 0.0015849231538989414 / 0.249932021102649 = 0.0063414169457222174
on time step 97121 (time=1011.68), 0.00136527 s/step
field decay(t = 1020.4895833333333): 0.0007892214933079788 / 0.249932021102649 = 0.003157744613219606
field decay(t = 1040.4895833333333): 0.00037571060613152796 / 0.249932021102649 = 0.001503251181957276
on time step 100104 (time=1042.75), 0.00134102 s/step
field decay(t = 1060.5): 0.00017099044986249064 / 0.249932021102649 = 0.0006841478299103722
on time step 103102 (time=1073.98), 0.00133428 s/step
field decay(t = 1080.5104166666665): 7.439677077927379e-05 / 0.249932021102649 = 0.0002976680236932044
field decay(t = 1100.5208333333333): 3.094569132720336e-05 / 0.249932021102649 = 0.0001238164329271507
on time step 106097 (time=1105.18), 0.00133573 s/step
field decay(t = 1120.53125): 1.2305806664247393e-05 / 0.249932021102649 = 4.923661486013952e-05
on time step 109090 (time=1136.35), 0.00133677 s/step
field decay(t = 1140.5416666666665): 4.678254990129705e-06 / 0.249932021102649 = 1.871810970635215e-05
field decay(t = 1160.5520833333333): 1.7002841129485401e-06 / 0.249932021102649 = 6.802986289820864e-06
on time step 112086 (time=1167.56), 0.0013352 s/step
field decay(t = 1180.5625): 6.304404234338774e-07 / 0.249932021102649 = 2.522447586557749e-06
on time step 115088 (time=1198.83), 0.00133284 s/step
field decay(t = 1200.5729166666665): 2.360199069969636e-07 / 0.249932021102649 = 9.443364077787712e-07
field decay(t = 1220.5833333333333): 7.865881752055514e-08 / 0.249932021102649 = 3.1472084758698987e-07
on time step 118084 (time=1230.04), 0.00133517 s/step
field decay(t = 1240.59375): 2.4099636290173404e-08 / 0.249932021102649 = 9.642476455738137e-08
field decay(t = 1260.6041666666665): 7.057930611787754e-09 / 0.249932021102649 = 2.8239401180567447e-08
on time step 121075 (time=1261.2), 0.00133746 s/step
field decay(t = 1280.6145833333333): 1.976050456396978e-09 / 0.249932021102649 = 7.90635168586661e-09
on time step 124073 (time=1292.43), 0.00133439 s/step
field decay(t = 1300.625): 5.289359149067713e-10 / 0.249932021102649 = 2.1163191197879094e-09
field decay(t = 1320.6354166666665): 1.3534664078243123e-10 / 0.249932021102649 = 5.415338146161084e-10
on time step 127065 (time=1323.59), 0.001337 s/step
field decay(t = 1340.6458333333333): 3.310959967225297e-11 / 0.249932021102649 = 1.3247442054915645e-10
on time step 130061 (time=1354.8), 0.00133568 s/step
/home/gyh/miniforge3/envs/meep_mpi/lib/python3.11/site-packages/meep/simulation.py:2479: RuntimeWarning: Epsilon < 1 may require adjusting the Courant parameter. See the 'Numerical Stability' entry under the 'Materials' section of the documentation
  warnings.warn(eps_warning, RuntimeWarning)
/home/gyh/miniforge3/envs/meep_mpi/lib/python3.11/site-packages/meep/simulation.py:2479: RuntimeWarning: Epsilon < 1 may require adjusting the Courant parameter. See the 'Numerical Stability' entry under the 'Materials' section of the documentation
  warnings.warn(eps_warning, RuntimeWarning)
/home/gyh/miniforge3/envs/meep_mpi/lib/python3.11/site-packages/meep/simulation.py:2479: RuntimeWarning: Epsilon < 1 may require adjusting the Courant parameter. See the 'Numerical Stability' entry under the 'Materials' section of the documentation
  warnings.warn(eps_warning, RuntimeWarning)
/home/gyh/miniforge3/envs/meep_mpi/lib/python3.11/site-packages/meep/simulation.py:2479: RuntimeWarning: Epsilon < 1 may require adjusting the Courant parameter. See the 'Numerical Stability' entry under the 'Materials' section of the documentation
  warnings.warn(eps_warning, RuntimeWarning)
/home/gyh/miniforge3/envs/meep_mpi/lib/python3.11/site-packages/meep/simulation.py:2479: RuntimeWarning: Epsilon < 1 may require adjusting the Courant parameter. See the 'Numerical Stability' entry under the 'Materials' section of the documentation
  warnings.warn(eps_warning, RuntimeWarning)
/home/gyh/miniforge3/envs/meep_mpi/lib/python3.11/site-packages/meep/simulation.py:2479: RuntimeWarning: Epsilon < 1 may require adjusting the Courant parameter. See the 'Numerical Stability' entry under the 'Materials' section of the documentation
  warnings.warn(eps_warning, RuntimeWarning)
/home/gyh/miniforge3/envs/meep_mpi/lib/python3.11/site-packages/meep/simulation.py:2479: RuntimeWarning: Epsilon < 1 may require adjusting the Courant parameter. See the 'Numerical Stability' entry under the 'Materials' section of the documentation
  warnings.warn(eps_warning, RuntimeWarning)
/home/gyh/miniforge3/envs/meep_mpi/lib/python3.11/site-packages/meep/simulation.py:2479: RuntimeWarning: Epsilon < 1 may require adjusting the Courant parameter. See the 'Numerical Stability' entry under the 'Materials' section of the documentation
  warnings.warn(eps_warning, RuntimeWarning)
/home/gyh/miniforge3/envs/meep_mpi/lib/python3.11/site-packages/meep/simulation.py:2479: RuntimeWarning: Epsilon < 1 may require adjusting the Courant parameter. See the 'Numerical Stability' entry under the 'Materials' section of the documentation
  warnings.warn(eps_warning, RuntimeWarning)
/home/gyh/miniforge3/envs/meep_mpi/lib/python3.11/site-packages/meep/simulation.py:2479: RuntimeWarning: Epsilon < 1 may require adjusting the Courant parameter. See the 'Numerical Stability' entry under the 'Materials' section of the documentation
  warnings.warn(eps_warning, RuntimeWarning)
/home/gyh/miniforge3/envs/meep_mpi/lib/python3.11/site-packages/meep/simulation.py:2479: RuntimeWarning: Epsilon < 1 may require adjusting the Courant parameter. See the 'Numerical Stability' entry under the 'Materials' section of the documentation
  warnings.warn(eps_warning, RuntimeWarning)
/home/gyh/miniforge3/envs/meep_mpi/lib/python3.11/site-packages/meep/simulation.py:2479: RuntimeWarning: Epsilon < 1 may require adjusting the Courant parameter. See the 'Numerical Stability' entry under the 'Materials' section of the documentation
  warnings.warn(eps_warning, RuntimeWarning)
/home/gyh/miniforge3/envs/meep_mpi/lib/python3.11/site-packages/meep/simulation.py:2479: RuntimeWarning: Epsilon < 1 may require adjusting the Courant parameter. See the 'Numerical Stability' entry under the 'Materials' section of the documentation
  warnings.warn(eps_warning, RuntimeWarning)
/home/gyh/miniforge3/envs/meep_mpi/lib/python3.11/site-packages/meep/simulation.py:2479: RuntimeWarning: Epsilon < 1 may require adjusting the Courant parameter. See the 'Numerical Stability' entry under the 'Materials' section of the documentation
  warnings.warn(eps_warning, RuntimeWarning)
/home/gyh/miniforge3/envs/meep_mpi/lib/python3.11/site-packages/meep/simulation.py:2479: RuntimeWarning: Epsilon < 1 may require adjusting the Courant parameter. See the 'Numerical Stability' entry under the 'Materials' section of the documentation
  warnings.warn(eps_warning, RuntimeWarning)
/home/gyh/miniforge3/envs/meep_mpi/lib/python3.11/site-packages/meep/simulation.py:2479: RuntimeWarning: Epsilon < 1 may require adjusting the Courant parameter. See the 'Numerical Stability' entry under the 'Materials' section of the documentation
  warnings.warn(eps_warning, RuntimeWarning)
field decay(t = 1360.65625): 1.5852364891874775e-10 / 0.249932021102649 = 6.342670627772056e-10
run 0 finished at t = 1360.65625 (130623 timesteps)
-----------
Initializing structure...
Splitting into 16 chunks by voxels
time for choose_chunkdivision = 0.000739303 s
Working in 2D dimensions.
Computational cell is 50 x 49 x 0 with resolution 24
     block, center = (0,-4,0)
          size (50,25,1e+20)
          axes (1,0,0), (0,1,0), (0,0,1)
          dielectric constant epsilon diagonal = (1,1,1)
     prism, center = (2.72978,1,5e+19)
          height 1e+20, axis (0,0,1), sidewall angle: 0 radians, 4 vertices:
          (-10,8.5,0)
          (10,8.5,0)
          (15.4596,-6.5,0)
          (-4.54045,-6.5,0)
          dielectric constant epsilon diagonal = (0.969194,0.969194,0.969194)
     prism, center = (2.18382,2.5,5e+19)
          height 1e+20, axis (0,0,1), sidewall angle: 0 radians, 4 vertices:
          (-7,8.5,0)
          (7,8.5,0)
          (11.3676,-3.5,0)
          (-2.63236,-3.5,0)
          dielectric constant epsilon diagonal = (1,1,1)
time for set_epsilon = 1.22873 s
time for set_conductivity = 0.0458154 s
time for set_conductivity = 0.0461133 s
time for set_conductivity = 0.0459503 s
lorentzian susceptibility: frequency=15.6714, gamma=1.42115
lorentzian susceptibility: frequency=2.02365, gamma=1.3413
lorentzian susceptibility: frequency=1.24613, gamma=2.0309
lorentzian susceptibility: frequency=0.626693, gamma=1.83572
drude susceptibility: frequency=1e-10, gamma=0.0661375
-----------
2026-05-30 13:44:51 [INFO] D11_scaled_deep_groove: [single struct] 3 geometry objects
on time step 328 (time=3.41667), 0.0122066 s/step
on time step 668 (time=6.95833), 0.0117899 s/step
on time step 1008 (time=10.5), 0.0117961 s/step
on time step 1348 (time=14.0417), 0.0117886 s/step
on time step 1688 (time=17.5833), 0.0117902 s/step
field decay(t = 20.010416666666664): 1.6923554008979375e-10 / 1.6923554008979375e-10 = 1.0
on time step 2028 (time=21.125), 0.0117866 s/step
on time step 2368 (time=24.6667), 0.0117896 s/step
on time step 2708 (time=28.2083), 0.011791 s/step
on time step 3048 (time=31.75), 0.0117809 s/step
on time step 3387 (time=35.2812), 0.0118132 s/step
on time step 3726 (time=38.8125), 0.0118203 s/step
field decay(t = 40.010416666666664): 4.370667929708015e-11 / 1.6923554008979375e-10 = 0.25825946059492033
on time step 4065 (time=42.3438), 0.0118261 s/step
on time step 4409 (time=45.9271), 0.0116428 s/step
on time step 4816 (time=50.1667), 0.00986049 s/step
on time step 5065 (time=52.7604), 0.0160654 s/step
on time step 5315 (time=55.3646), 0.0160548 s/step
on time step 5589 (time=58.2188), 0.0146442 s/step
field decay(t = 60.02083333333333): 1.921353053543749e-10 / 1.921353053543749e-10 = 1.0
on time step 5815 (time=60.5729), 0.0177006 s/step
on time step 6009 (time=62.5938), 0.0206491 s/step
on time step 6203 (time=64.6146), 0.0206723 s/step
on time step 6397 (time=66.6354), 0.020684 s/step
on time step 6591 (time=68.6562), 0.0206871 s/step
on time step 6785 (time=70.6771), 0.0206567 s/step
on time step 6979 (time=72.6979), 0.0206512 s/step
on time step 7173 (time=74.7188), 0.0206492 s/step
on time step 7367 (time=76.7396), 0.0206514 s/step
on time step 7561 (time=78.7604), 0.0206686 s/step
field decay(t = 80.02083333333333): 7.349996729737625e-10 / 7.349996729737625e-10 = 1.0
on time step 7755 (time=80.7812), 0.0206643 s/step
on time step 7949 (time=82.8021), 0.0206472 s/step
on time step 8143 (time=84.8229), 0.0206978 s/step
on time step 8337 (time=86.8438), 0.0206612 s/step
on time step 8531 (time=88.8646), 0.020677 s/step
on time step 8725 (time=90.8854), 0.0206732 s/step
on time step 8919 (time=92.9062), 0.0206725 s/step
on time step 9113 (time=94.9271), 0.0206681 s/step
on time step 9298 (time=96.8542), 0.0216657 s/step
on time step 9481 (time=98.7604), 0.0218745 s/step
field decay(t = 100.03125): 2.7102238484567607e-09 / 2.7102238484567607e-09 = 1.0
on time step 9664 (time=100.667), 0.0219158 s/step
on time step 9847 (time=102.573), 0.0218988 s/step
on time step 10030 (time=104.479), 0.0219128 s/step
on time step 10213 (time=106.385), 0.021915 s/step
on time step 10396 (time=108.292), 0.0219104 s/step
on time step 10578 (time=110.188), 0.022053 s/step
on time step 10760 (time=112.083), 0.0220804 s/step
on time step 10942 (time=113.979), 0.0220693 s/step
on time step 11124 (time=115.875), 0.0220864 s/step
on time step 11306 (time=117.771), 0.0220676 s/step
on time step 11488 (time=119.667), 0.0220806 s/step
field decay(t = 120.04166666666666): 9.569331472551652e-09 / 9.569331472551652e-09 = 1.0
on time step 11670 (time=121.562), 0.0220739 s/step
on time step 11852 (time=123.458), 0.0220845 s/step
on time step 12034 (time=125.354), 0.0219861 s/step
on time step 12217 (time=127.26), 0.0219652 s/step
on time step 12399 (time=129.156), 0.0220652 s/step
on time step 12581 (time=131.052), 0.0220657 s/step
on time step 12763 (time=132.948), 0.0220774 s/step
on time step 12945 (time=134.844), 0.0220026 s/step
on time step 13128 (time=136.75), 0.0219096 s/step
on time step 13310 (time=138.646), 0.0220394 s/step
field decay(t = 140.04166666666666): 3.2499262917311505e-08 / 3.2499262917311505e-08 = 1.0
on time step 13492 (time=140.542), 0.0220699 s/step
on time step 13674 (time=142.438), 0.0220666 s/step
on time step 13856 (time=144.333), 0.0220671 s/step
on time step 14038 (time=146.229), 0.0220847 s/step
on time step 14221 (time=148.135), 0.0219359 s/step
on time step 14403 (time=150.031), 0.022002 s/step
on time step 14586 (time=151.938), 0.0219329 s/step
on time step 14769 (time=153.844), 0.0218994 s/step
on time step 14952 (time=155.75), 0.0219672 s/step
on time step 15135 (time=157.656), 0.0219112 s/step
on time step 15318 (time=159.562), 0.0218915 s/step
field decay(t = 160.05208333333331): 1.0542912566106972e-07 / 1.0542912566106972e-07 = 1.0
on time step 15500 (time=161.458), 0.0220551 s/step
on time step 15682 (time=163.354), 0.0220877 s/step
on time step 15864 (time=165.25), 0.0220742 s/step
on time step 16046 (time=167.146), 0.0220791 s/step
on time step 16228 (time=169.042), 0.0220781 s/step
on time step 16410 (time=170.938), 0.0220701 s/step
on time step 16592 (time=172.833), 0.0219949 s/step
on time step 16775 (time=174.74), 0.0219178 s/step
on time step 16958 (time=176.646), 0.0219148 s/step
on time step 17141 (time=178.552), 0.0218976 s/step
field decay(t = 180.0625): 3.192934445445116e-07 / 3.192934445445116e-07 = 1.0
on time step 17324 (time=180.458), 0.0219129 s/step
on time step 17507 (time=182.365), 0.0218945 s/step
on time step 17690 (time=184.271), 0.0219081 s/step
on time step 17873 (time=186.177), 0.021921 s/step
on time step 18058 (time=188.104), 0.0216459 s/step
on time step 18243 (time=190.031), 0.0217255 s/step
on time step 18429 (time=191.969), 0.0216033 s/step
on time step 18614 (time=193.896), 0.0216654 s/step
on time step 18799 (time=195.823), 0.0216419 s/step
on time step 18984 (time=197.75), 0.0216454 s/step
on time step 19169 (time=199.677), 0.0216547 s/step
field decay(t = 200.07291666666666): 8.58762457858249e-07 / 8.58762457858249e-07 = 1.0
on time step 19353 (time=201.594), 0.0217475 s/step
on time step 19538 (time=203.521), 0.0217175 s/step
on time step 19721 (time=205.427), 0.0218901 s/step
on time step 19904 (time=207.333), 0.021872 s/step
on time step 20088 (time=209.25), 0.0218278 s/step
on time step 20271 (time=211.156), 0.0218595 s/step
on time step 20455 (time=213.073), 0.0218421 s/step
on time step 20639 (time=214.99), 0.021788 s/step
on time step 20823 (time=216.906), 0.021794 s/step
on time step 21008 (time=218.833), 0.0217185 s/step
field decay(t = 220.08333333333331): 2.2430866002199434e-06 / 2.2430866002199434e-06 = 1.0
on time step 21192 (time=220.75), 0.0217549 s/step
on time step 21376 (time=222.667), 0.0217462 s/step
on time step 21560 (time=224.583), 0.0217657 s/step
on time step 21745 (time=226.51), 0.0217279 s/step
on time step 21929 (time=228.427), 0.0217945 s/step
on time step 22113 (time=230.344), 0.0217942 s/step
on time step 22297 (time=232.26), 0.0217715 s/step
on time step 22481 (time=234.177), 0.0217845 s/step
on time step 22664 (time=236.083), 0.0219075 s/step
on time step 22848 (time=238), 0.0218333 s/step
on time step 23031 (time=239.906), 0.0219167 s/step
field decay(t = 240.09375): 6.139027348744501e-06 / 6.139027348744501e-06 = 1.0
on time step 23214 (time=241.812), 0.0218598 s/step
on time step 23396 (time=243.708), 0.0220093 s/step
on time step 23580 (time=245.625), 0.0217689 s/step
on time step 23765 (time=247.552), 0.0216362 s/step
on time step 23951 (time=249.49), 0.0215839 s/step
on time step 24137 (time=251.427), 0.0215563 s/step
on time step 24324 (time=253.375), 0.0215034 s/step
on time step 24507 (time=255.281), 0.0218649 s/step
on time step 24690 (time=257.188), 0.0219585 s/step
on time step 24874 (time=259.104), 0.0217745 s/step
field decay(t = 260.10416666666663): 1.606558294798917e-05 / 1.606558294798917e-05 = 1.0
on time step 25056 (time=261), 0.0220336 s/step
on time step 25237 (time=262.885), 0.0221513 s/step
on time step 25418 (time=264.771), 0.0221995 s/step
on time step 25599 (time=266.656), 0.022106 s/step
on time step 25780 (time=268.542), 0.0221424 s/step
on time step 25962 (time=270.438), 0.0220772 s/step
on time step 26144 (time=272.333), 0.0219833 s/step
on time step 26327 (time=274.24), 0.0219678 s/step
on time step 26510 (time=276.146), 0.0219189 s/step
on time step 26693 (time=278.052), 0.0219087 s/step
on time step 26880 (time=280), 0.0214663 s/step
field decay(t = 280.1145833333333): 4.019904440461817e-05 / 4.019904440461817e-05 = 1.0
on time step 27067 (time=281.948), 0.021438 s/step
on time step 27254 (time=283.896), 0.0214888 s/step
on time step 27441 (time=285.844), 0.0214691 s/step
on time step 27628 (time=287.792), 0.0215 s/step
on time step 27814 (time=289.729), 0.0215452 s/step
on time step 28001 (time=291.677), 0.021435 s/step
on time step 28187 (time=293.615), 0.0215561 s/step
on time step 28373 (time=295.552), 0.0215841 s/step
on time step 28560 (time=297.5), 0.0214705 s/step
on time step 28746 (time=299.438), 0.0215829 s/step
field decay(t = 300.125): 9.617421399425808e-05 / 9.617421399425808e-05 = 1.0
on time step 28933 (time=301.385), 0.0214851 s/step
on time step 29120 (time=303.333), 0.0214326 s/step
on time step 29307 (time=305.281), 0.0214178 s/step
on time step 29494 (time=307.229), 0.021445 s/step
on time step 29681 (time=309.177), 0.0214589 s/step
on time step 29867 (time=311.115), 0.0215234 s/step
on time step 30053 (time=313.052), 0.0215802 s/step
on time step 30239 (time=314.99), 0.0215801 s/step
on time step 30425 (time=316.927), 0.0215866 s/step
on time step 30611 (time=318.865), 0.0215659 s/step
field decay(t = 320.13541666666663): 0.0002200061238993503 / 0.0002200061238993503 = 1.0
on time step 30797 (time=320.802), 0.0215423 s/step
on time step 30983 (time=322.74), 0.0215863 s/step
on time step 31168 (time=324.667), 0.0216534 s/step
on time step 31351 (time=326.573), 0.0218613 s/step
on time step 31534 (time=328.479), 0.0218647 s/step
on time step 31718 (time=330.396), 0.0218462 s/step
on time step 31902 (time=332.312), 0.0218071 s/step
on time step 32087 (time=334.24), 0.0216369 s/step
on time step 32270 (time=336.146), 0.0219015 s/step
on time step 32453 (time=338.052), 0.0219084 s/step
on time step 32637 (time=339.969), 0.0218266 s/step
field decay(t = 340.1458333333333): 0.00048120858752059994 / 0.00048120858752059994 = 1.0
on time step 32821 (time=341.885), 0.0218466 s/step
on time step 33004 (time=343.792), 0.0218968 s/step
on time step 33188 (time=345.708), 0.0217638 s/step
on time step 33371 (time=347.615), 0.0219095 s/step
on time step 33554 (time=349.521), 0.0218758 s/step
on time step 33738 (time=351.438), 0.0217914 s/step
on time step 33922 (time=353.354), 0.0218389 s/step
on time step 34105 (time=355.26), 0.0219771 s/step
on time step 34289 (time=357.177), 0.0218023 s/step
on time step 34472 (time=359.083), 0.0218585 s/step
field decay(t = 360.15625): 0.0010063569472383703 / 0.0010063569472383703 = 1.0
on time step 34656 (time=361), 0.0218528 s/step
on time step 34840 (time=362.917), 0.0218554 s/step
on time step 35023 (time=364.823), 0.0219491 s/step
on time step 35206 (time=366.729), 0.0218897 s/step
on time step 35389 (time=368.635), 0.0218874 s/step
on time step 35572 (time=370.542), 0.0218743 s/step
on time step 35755 (time=372.448), 0.0218921 s/step
on time step 35941 (time=374.385), 0.0216072 s/step
on time step 36128 (time=376.333), 0.0214502 s/step
on time step 36315 (time=378.281), 0.021424 s/step
field decay(t = 380.16666666666663): 0.002012293943573928 / 0.002012293943573928 = 1.0
on time step 36502 (time=380.229), 0.0214508 s/step
on time step 36689 (time=382.177), 0.0214452 s/step
on time step 36876 (time=384.125), 0.0214428 s/step
on time step 37063 (time=386.073), 0.0214508 s/step
on time step 37250 (time=388.021), 0.0214435 s/step
on time step 37437 (time=389.969), 0.0214488 s/step
on time step 37624 (time=391.917), 0.0214425 s/step
on time step 37811 (time=393.865), 0.021445 s/step
on time step 37998 (time=395.812), 0.0214538 s/step
on time step 38185 (time=397.76), 0.0214363 s/step
on time step 38372 (time=399.708), 0.0214463 s/step
field decay(t = 400.1770833333333): 0.003847206853575205 / 0.003847206853575205 = 1.0
on time step 38559 (time=401.656), 0.0214456 s/step
on time step 38746 (time=403.604), 0.0214407 s/step
on time step 38931 (time=405.531), 0.0216247 s/step
on time step 39114 (time=407.438), 0.0218895 s/step
on time step 39298 (time=409.354), 0.0217409 s/step
on time step 39484 (time=411.292), 0.021525 s/step
on time step 39671 (time=413.24), 0.0214978 s/step
on time step 39854 (time=415.146), 0.021903 s/step
on time step 40038 (time=417.062), 0.0218521 s/step
on time step 40223 (time=418.99), 0.0216875 s/step
field decay(t = 420.1875): 0.007032443493269565 / 0.007032443493269565 = 1.0
on time step 40408 (time=420.917), 0.0216714 s/step
on time step 40591 (time=422.823), 0.0218781 s/step
on time step 40774 (time=424.729), 0.0218708 s/step
on time step 40957 (time=426.635), 0.0219022 s/step
on time step 41140 (time=428.542), 0.0219658 s/step
on time step 41323 (time=430.448), 0.0219641 s/step
on time step 41507 (time=432.365), 0.0218522 s/step
on time step 41691 (time=434.281), 0.0218536 s/step
on time step 41874 (time=436.188), 0.0218622 s/step
on time step 42057 (time=438.094), 0.0218683 s/step
on time step 42241 (time=440.01), 0.021852 s/step
field decay(t = 440.19791666666663): 0.012290404796376896 / 0.012290404796376896 = 1.0
on time step 42424 (time=441.917), 0.0218582 s/step
on time step 42608 (time=443.833), 0.0218542 s/step
on time step 42792 (time=445.75), 0.0218464 s/step
on time step 42976 (time=447.667), 0.0218511 s/step
on time step 43159 (time=449.573), 0.0218632 s/step
on time step 43342 (time=451.479), 0.0218661 s/step
on time step 43526 (time=453.396), 0.0218516 s/step
on time step 43710 (time=455.312), 0.0218059 s/step
on time step 43896 (time=457.25), 0.0216133 s/step
on time step 44082 (time=459.188), 0.0216101 s/step
field decay(t = 460.2083333333333): 0.020535963855238287 / 0.020535963855238287 = 1.0
on time step 44267 (time=461.115), 0.0216984 s/step
on time step 44452 (time=463.042), 0.0216217 s/step
on time step 44637 (time=464.969), 0.0216517 s/step
on time step 44822 (time=466.896), 0.0216693 s/step
on time step 45008 (time=468.833), 0.0216173 s/step
on time step 45194 (time=470.771), 0.0216108 s/step
on time step 45380 (time=472.708), 0.0215945 s/step
on time step 45565 (time=474.635), 0.0216394 s/step
on time step 45750 (time=476.562), 0.0217102 s/step
on time step 45934 (time=478.479), 0.0217699 s/step
field decay(t = 480.21875): 0.03280511339896146 / 0.03280511339896146 = 1.0
on time step 46117 (time=480.385), 0.0219567 s/step
on time step 46300 (time=482.292), 0.0219374 s/step
on time step 46483 (time=484.198), 0.021938 s/step
on time step 46666 (time=486.104), 0.0219432 s/step
on time step 46850 (time=488.021), 0.0218581 s/step
on time step 47033 (time=489.927), 0.0219517 s/step
on time step 47216 (time=491.833), 0.0219805 s/step
on time step 47399 (time=493.74), 0.0219508 s/step
on time step 47582 (time=495.646), 0.0219329 s/step
on time step 47764 (time=497.542), 0.0220076 s/step
on time step 47947 (time=499.448), 0.0218955 s/step
field decay(t = 500.22916666666663): 0.04940427290167274 / 0.04940427290167274 = 1.0
on time step 48132 (time=501.375), 0.0217131 s/step
on time step 48317 (time=503.302), 0.0217134 s/step
on time step 48502 (time=505.229), 0.021717 s/step
on time step 48687 (time=507.156), 0.0217039 s/step
on time step 48872 (time=509.083), 0.0217011 s/step
on time step 49057 (time=511.01), 0.0217108 s/step
on time step 49242 (time=512.938), 0.0217212 s/step
on time step 49427 (time=514.865), 0.0217014 s/step
on time step 49612 (time=516.792), 0.0217005 s/step
on time step 49797 (time=518.719), 0.0217216 s/step
field decay(t = 520.2291666666666): 0.06805973523632856 / 0.06805973523632856 = 1.0
on time step 49982 (time=520.646), 0.0217188 s/step
on time step 50167 (time=522.573), 0.0217008 s/step
on time step 50352 (time=524.5), 0.0217234 s/step
on time step 50537 (time=526.427), 0.0217081 s/step
on time step 50722 (time=528.354), 0.0216984 s/step
on time step 50907 (time=530.281), 0.0216946 s/step
on time step 51092 (time=532.208), 0.0217328 s/step
on time step 51277 (time=534.135), 0.0216727 s/step
on time step 51462 (time=536.062), 0.0216964 s/step
on time step 51647 (time=537.99), 0.0217191 s/step
on time step 51832 (time=539.917), 0.0217055 s/step
field decay(t = 540.2395833333333): 0.09585072478423971 / 0.09585072478423971 = 1.0
on time step 52017 (time=541.844), 0.0217052 s/step
on time step 52202 (time=543.771), 0.0216875 s/step
on time step 52387 (time=545.698), 0.0216929 s/step
on time step 52572 (time=547.625), 0.0217302 s/step
on time step 52757 (time=549.552), 0.0217132 s/step
on time step 52942 (time=551.479), 0.0217293 s/step
on time step 53127 (time=553.406), 0.0217152 s/step
on time step 53312 (time=555.333), 0.0216938 s/step
on time step 53497 (time=557.26), 0.0216922 s/step
on time step 53682 (time=559.188), 0.0217053 s/step
field decay(t = 560.25): 0.12903904060354565 / 0.12903904060354565 = 1.0
on time step 53867 (time=561.115), 0.0217113 s/step
on time step 54052 (time=563.042), 0.0217056 s/step
on time step 54237 (time=564.969), 0.0217056 s/step
on time step 54422 (time=566.896), 0.0217244 s/step
on time step 54604 (time=568.792), 0.021998 s/step
on time step 54788 (time=570.708), 0.0217802 s/step
on time step 54972 (time=572.625), 0.0217422 s/step
on time step 55157 (time=574.552), 0.0217053 s/step
on time step 55342 (time=576.479), 0.0216993 s/step
on time step 55526 (time=578.396), 0.0217418 s/step
field decay(t = 580.2604166666666): 0.16606056676905515 / 0.16606056676905515 = 1.0
on time step 55710 (time=580.312), 0.021752 s/step
on time step 55893 (time=582.219), 0.0219225 s/step
on time step 56075 (time=584.115), 0.0220041 s/step
on time step 56258 (time=586.021), 0.0219365 s/step
on time step 56441 (time=587.927), 0.0219091 s/step
on time step 56625 (time=589.844), 0.0218559 s/step
on time step 56808 (time=591.75), 0.0218755 s/step
on time step 56991 (time=593.656), 0.0219652 s/step
on time step 57174 (time=595.562), 0.0219316 s/step
on time step 57357 (time=597.469), 0.0219736 s/step
on time step 57541 (time=599.385), 0.0218305 s/step
field decay(t = 600.2708333333333): 0.20426474857164584 / 0.20426474857164584 = 1.0
on time step 57728 (time=601.333), 0.0214703 s/step
on time step 57914 (time=603.271), 0.0215363 s/step
on time step 58100 (time=605.208), 0.0215141 s/step
on time step 58286 (time=607.146), 0.0215185 s/step
on time step 58471 (time=609.073), 0.0216878 s/step
on time step 58655 (time=610.99), 0.0217566 s/step
on time step 58839 (time=612.906), 0.0217606 s/step
on time step 59022 (time=614.812), 0.0218707 s/step
on time step 59206 (time=616.729), 0.0217577 s/step
on time step 59390 (time=618.646), 0.0218273 s/step
field decay(t = 620.28125): 0.24015359477128842 / 0.24015359477128842 = 1.0
on time step 59574 (time=620.562), 0.0218071 s/step
on time step 59758 (time=622.479), 0.0217712 s/step
on time step 59941 (time=624.385), 0.0218588 s/step
on time step 60125 (time=626.302), 0.0217459 s/step
on time step 60308 (time=628.208), 0.0219026 s/step
on time step 60492 (time=630.125), 0.0218049 s/step
on time step 60676 (time=632.042), 0.0217972 s/step
on time step 60860 (time=633.958), 0.0218168 s/step
on time step 61044 (time=635.875), 0.0217881 s/step
on time step 61228 (time=637.792), 0.0218093 s/step
on time step 61412 (time=639.708), 0.021826 s/step
field decay(t = 640.2916666666666): 0.26986250770225145 / 0.26986250770225145 = 1.0
on time step 61596 (time=641.625), 0.0218425 s/step
on time step 61780 (time=643.542), 0.021755 s/step
on time step 61964 (time=645.458), 0.0217534 s/step
on time step 62147 (time=647.365), 0.0218649 s/step
on time step 62331 (time=649.281), 0.0218429 s/step
on time step 62515 (time=651.198), 0.0218165 s/step
on time step 62699 (time=653.115), 0.0218164 s/step
on time step 62884 (time=655.042), 0.0216947 s/step
on time step 63068 (time=656.958), 0.0218171 s/step
on time step 63252 (time=658.875), 0.0218486 s/step
field decay(t = 660.3020833333333): 0.2898165592263598 / 0.2898165592263598 = 1.0
on time step 63435 (time=660.781), 0.0218586 s/step
on time step 63619 (time=662.698), 0.0218111 s/step
on time step 63803 (time=664.615), 0.0218139 s/step
on time step 63987 (time=666.531), 0.021845 s/step
on time step 64171 (time=668.448), 0.0218135 s/step
on time step 64355 (time=670.365), 0.0217874 s/step
on time step 64538 (time=672.271), 0.0218836 s/step
on time step 64722 (time=674.188), 0.0218166 s/step
on time step 64905 (time=676.094), 0.0218629 s/step
on time step 65089 (time=678.01), 0.0218476 s/step
on time step 65273 (time=679.927), 0.0217726 s/step
field decay(t = 680.3125): 0.2974643788447185 / 0.2974643788447185 = 1.0
on time step 65457 (time=681.844), 0.0217966 s/step
on time step 65641 (time=683.76), 0.0217858 s/step
on time step 65825 (time=685.677), 0.0218156 s/step
on time step 66009 (time=687.594), 0.0218334 s/step
on time step 66193 (time=689.51), 0.021831 s/step
on time step 66377 (time=691.427), 0.021742 s/step
on time step 66561 (time=693.344), 0.0218351 s/step
on time step 66745 (time=695.26), 0.0218541 s/step
on time step 66929 (time=697.177), 0.021822 s/step
on time step 67113 (time=699.094), 0.0217628 s/step
field decay(t = 700.3229166666666): 0.2973965693271295 / 0.2974643788447185 = 0.9997720415538414
on time step 67297 (time=701.01), 0.0218454 s/step
on time step 67481 (time=702.927), 0.0218445 s/step
on time step 67665 (time=704.844), 0.0217629 s/step
on time step 67849 (time=706.76), 0.0218034 s/step
on time step 68033 (time=708.677), 0.0218262 s/step
on time step 68217 (time=710.594), 0.0218073 s/step
on time step 68400 (time=712.5), 0.0218625 s/step
on time step 68584 (time=714.417), 0.0218155 s/step
on time step 68767 (time=716.323), 0.0218675 s/step
on time step 68951 (time=718.24), 0.0217817 s/step
on time step 69135 (time=720.156), 0.0217701 s/step
field decay(t = 720.3333333333333): 0.2890875785466238 / 0.2974643788447185 = 0.9718393162548464
on time step 69319 (time=722.073), 0.0217959 s/step
on time step 69507 (time=724.031), 0.0213791 s/step
on time step 69691 (time=725.948), 0.0217434 s/step
on time step 69876 (time=727.875), 0.0216891 s/step
on time step 70064 (time=729.833), 0.0213791 s/step
on time step 70252 (time=731.792), 0.0213565 s/step
on time step 70440 (time=733.75), 0.0213581 s/step
on time step 70628 (time=735.708), 0.021332 s/step
on time step 70816 (time=737.667), 0.0213427 s/step
on time step 71004 (time=739.625), 0.0213672 s/step
field decay(t = 740.34375): 0.26856426720314125 / 0.2974643788447185 = 0.9028451347559043
on time step 71192 (time=741.583), 0.021356 s/step
on time step 71380 (time=743.542), 0.021383 s/step
on time step 71568 (time=745.5), 0.0213425 s/step
on time step 71756 (time=747.458), 0.0213659 s/step
on time step 71942 (time=749.396), 0.0215361 s/step
on time step 72126 (time=751.312), 0.0217516 s/step
on time step 72310 (time=753.229), 0.0218455 s/step
on time step 72494 (time=755.146), 0.0217854 s/step
on time step 72678 (time=757.062), 0.0217975 s/step
on time step 72861 (time=758.969), 0.0218926 s/step
field decay(t = 760.3541666666666): 0.23846960466968625 / 0.2974643788447185 = 0.8016744915671784
on time step 73045 (time=760.885), 0.0217976 s/step
on time step 73229 (time=762.802), 0.0217596 s/step
on time step 73413 (time=764.719), 0.0217769 s/step
on time step 73597 (time=766.635), 0.0217663 s/step
on time step 73781 (time=768.552), 0.0218493 s/step
on time step 73964 (time=770.458), 0.0219148 s/step
on time step 74148 (time=772.375), 0.0218375 s/step
on time step 74332 (time=774.292), 0.0217713 s/step
on time step 74516 (time=776.208), 0.0218284 s/step
on time step 74700 (time=778.125), 0.0217733 s/step
on time step 74884 (time=780.042), 0.0217991 s/step
field decay(t = 780.3645833333333): 0.2024078195909359 / 0.2974643788447185 = 0.6804438917259275
on time step 75068 (time=781.958), 0.021758 s/step
on time step 75252 (time=783.875), 0.0217415 s/step
on time step 75436 (time=785.792), 0.0218345 s/step
on time step 75620 (time=787.708), 0.0217738 s/step
on time step 75804 (time=789.625), 0.0218191 s/step
on time step 75988 (time=791.542), 0.0217738 s/step
on time step 76172 (time=793.458), 0.0218299 s/step
on time step 76356 (time=795.375), 0.0217982 s/step
on time step 76539 (time=797.281), 0.02187 s/step
on time step 76723 (time=799.198), 0.0217767 s/step
field decay(t = 800.375): 0.16425338472107293 / 0.2974643788447185 = 0.5521783326090819
on time step 76907 (time=801.115), 0.0217516 s/step
on time step 77090 (time=803.021), 0.0219041 s/step
on time step 77274 (time=804.938), 0.0218417 s/step
on time step 77458 (time=806.854), 0.0218309 s/step
on time step 77641 (time=808.76), 0.0218806 s/step
on time step 77825 (time=810.677), 0.0218368 s/step
on time step 78009 (time=812.594), 0.0217725 s/step
on time step 78194 (time=814.521), 0.0217005 s/step
on time step 78379 (time=816.448), 0.0217257 s/step
on time step 78564 (time=818.375), 0.0216348 s/step
on time step 78749 (time=820.302), 0.0217134 s/step
field decay(t = 820.3854166666666): 0.13367700664258392 / 0.2974643788447185 = 0.4493882836047593
on time step 78934 (time=822.229), 0.0216667 s/step
on time step 79119 (time=824.156), 0.0216325 s/step
on time step 79306 (time=826.104), 0.0214046 s/step
on time step 79493 (time=828.052), 0.0214875 s/step
on time step 79678 (time=829.979), 0.0216724 s/step
on time step 79862 (time=831.896), 0.021743 s/step
on time step 80047 (time=833.823), 0.0216923 s/step
on time step 80232 (time=835.75), 0.0216895 s/step
on time step 80418 (time=837.688), 0.0215969 s/step
on time step 80603 (time=839.615), 0.0216944 s/step
field decay(t = 840.3958333333333): 0.10081011430939105 / 0.2974643788447185 = 0.33889810504677487
on time step 80789 (time=841.552), 0.0216022 s/step
on time step 80973 (time=843.469), 0.0218207 s/step
on time step 81157 (time=845.385), 0.0217601 s/step
on time step 81341 (time=847.302), 0.0217909 s/step
on time step 81524 (time=849.208), 0.0219347 s/step
on time step 81707 (time=851.115), 0.0219378 s/step
on time step 81890 (time=853.021), 0.0219364 s/step
on time step 82074 (time=854.938), 0.0218356 s/step
on time step 82259 (time=856.865), 0.0217241 s/step
on time step 82442 (time=858.771), 0.021859 s/step
field decay(t = 860.40625): 0.07227709747792817 / 0.2974643788447185 = 0.242977319700044
on time step 82625 (time=860.677), 0.0219622 s/step
on time step 82808 (time=862.583), 0.0219451 s/step
on time step 82989 (time=864.469), 0.0221283 s/step
on time step 83172 (time=866.375), 0.0219096 s/step
on time step 83357 (time=868.302), 0.0217233 s/step
on time step 83540 (time=870.208), 0.021897 s/step
on time step 83724 (time=872.125), 0.0217464 s/step
on time step 83907 (time=874.031), 0.0219142 s/step
on time step 84091 (time=875.948), 0.0217768 s/step
on time step 84274 (time=877.854), 0.0219125 s/step
on time step 84458 (time=879.771), 0.0218351 s/step
field decay(t = 880.4166666666666): 0.04963019176926716 / 0.2974643788447185 = 0.16684415109472645
on time step 84642 (time=881.688), 0.0218085 s/step
on time step 84826 (time=883.604), 0.0217919 s/step
on time step 85010 (time=885.521), 0.0217974 s/step
on time step 85194 (time=887.438), 0.0218002 s/step
on time step 85378 (time=889.354), 0.0217753 s/step
on time step 85561 (time=891.26), 0.0218763 s/step
on time step 85743 (time=893.156), 0.0220103 s/step
on time step 85927 (time=895.073), 0.0217723 s/step
on time step 86111 (time=896.99), 0.0218007 s/step
on time step 86295 (time=898.906), 0.0218009 s/step
field decay(t = 900.4270833333333): 0.0326624460115218 / 0.2974643788447185 = 0.1098028817378909
on time step 86479 (time=900.823), 0.0217699 s/step
on time step 86663 (time=902.74), 0.0217454 s/step
on time step 86848 (time=904.667), 0.0217157 s/step
on time step 87032 (time=906.583), 0.0218546 s/step
on time step 87216 (time=908.5), 0.0218127 s/step
on time step 87401 (time=910.427), 0.0216905 s/step
on time step 87586 (time=912.354), 0.0216758 s/step
on time step 87770 (time=914.271), 0.0217868 s/step
on time step 87955 (time=916.198), 0.0217343 s/step
on time step 88140 (time=918.125), 0.0217351 s/step
on time step 88324 (time=920.042), 0.0218186 s/step
field decay(t = 920.4375): 0.02061795064265861 / 0.2974643788447185 = 0.06931233488437799
on time step 88507 (time=921.948), 0.021887 s/step
on time step 88692 (time=923.875), 0.0217104 s/step
on time step 88876 (time=925.792), 0.0218224 s/step
on time step 89060 (time=927.708), 0.0217621 s/step
on time step 89244 (time=929.625), 0.021742 s/step
on time step 89428 (time=931.542), 0.0217788 s/step
on time step 89613 (time=933.469), 0.0216971 s/step
on time step 89798 (time=935.396), 0.0217238 s/step
on time step 89982 (time=937.312), 0.0217772 s/step
on time step 90167 (time=939.24), 0.0217332 s/step
field decay(t = 940.4479166666666): 0.012492314654659581 / 0.2974643788447185 = 0.04199600201939064
on time step 90350 (time=941.146), 0.0219043 s/step
on time step 90535 (time=943.073), 0.0216885 s/step
on time step 90720 (time=945), 0.021653 s/step
on time step 90905 (time=946.927), 0.0216535 s/step
on time step 91089 (time=948.844), 0.0218215 s/step
on time step 91273 (time=950.76), 0.0218115 s/step
on time step 91456 (time=952.667), 0.0218682 s/step
on time step 91638 (time=954.562), 0.0220586 s/step
on time step 91821 (time=956.469), 0.0219671 s/step
on time step 92008 (time=958.417), 0.0214662 s/step
on time step 92195 (time=960.365), 0.0214474 s/step
field decay(t = 960.4583333333333): 0.00726774457317073 / 0.2974643788447185 = 0.024432318926376786
on time step 92380 (time=962.292), 0.021638 s/step
on time step 92564 (time=964.208), 0.0218091 s/step
on time step 92747 (time=966.115), 0.0218766 s/step
on time step 92932 (time=968.042), 0.0217354 s/step
on time step 93117 (time=969.969), 0.021686 s/step
on time step 93301 (time=971.885), 0.021761 s/step
on time step 93486 (time=973.812), 0.0216287 s/step
on time step 93669 (time=975.719), 0.0218656 s/step
on time step 93854 (time=977.646), 0.0216816 s/step
on time step 94035 (time=979.531), 0.0220998 s/step
field decay(t = 980.46875): 0.004059101096495437 / 0.2974643788447185 = 0.013645671163249962
on time step 94216 (time=981.417), 0.0221223 s/step
on time step 94401 (time=983.344), 0.0216399 s/step
on time step 94584 (time=985.25), 0.0219634 s/step
on time step 94770 (time=987.188), 0.0215705 s/step
on time step 94955 (time=989.115), 0.0216323 s/step
on time step 95137 (time=991.01), 0.0220734 s/step
on time step 95320 (time=992.917), 0.0219045 s/step
on time step 95508 (time=994.875), 0.0213733 s/step
on time step 95696 (time=996.833), 0.0213079 s/step
on time step 95884 (time=998.792), 0.0213013 s/step
field decay(t = 1000.4791666666666): 0.002173880469675859 / 0.2974643788447185 = 0.007308036270153415
on time step 96070 (time=1000.73), 0.0215811 s/step
on time step 96255 (time=1002.66), 0.0216434 s/step
on time step 96440 (time=1004.58), 0.0217229 s/step
on time step 96626 (time=1006.52), 0.0215617 s/step
on time step 96813 (time=1008.47), 0.0214701 s/step
on time step 96999 (time=1010.41), 0.0215761 s/step
on time step 97186 (time=1012.35), 0.0214849 s/step
on time step 97372 (time=1014.29), 0.0215537 s/step
on time step 97559 (time=1016.24), 0.0214841 s/step
on time step 97745 (time=1018.18), 0.0215505 s/step
on time step 97932 (time=1020.12), 0.0214867 s/step
field decay(t = 1020.4895833333333): 0.0011136405877007684 / 0.2974643788447185 = 0.0037437779677213317
on time step 98118 (time=1022.06), 0.0215676 s/step
on time step 98304 (time=1024), 0.0215315 s/step
on time step 98490 (time=1025.94), 0.0215943 s/step
on time step 98677 (time=1027.89), 0.0214715 s/step
on time step 98864 (time=1029.83), 0.0214283 s/step
on time step 99051 (time=1031.78), 0.0214812 s/step
on time step 99237 (time=1033.72), 0.021545 s/step
on time step 99424 (time=1035.67), 0.0214942 s/step
on time step 99610 (time=1037.6), 0.0215261 s/step
on time step 99798 (time=1039.56), 0.0213657 s/step
field decay(t = 1040.4895833333333): 0.0005434256635493431 / 0.2974643788447185 = 0.0018268596248730024
on time step 99986 (time=1041.52), 0.0213883 s/step
on time step 100173 (time=1043.47), 0.0213942 s/step
on time step 100360 (time=1045.42), 0.0213962 s/step
on time step 100548 (time=1047.38), 0.0213932 s/step
on time step 100736 (time=1049.33), 0.0213736 s/step
on time step 100924 (time=1051.29), 0.021343 s/step
on time step 101115 (time=1053.28), 0.0210478 s/step
on time step 101305 (time=1055.26), 0.0210743 s/step
on time step 101495 (time=1057.24), 0.0211377 s/step
on time step 101682 (time=1059.19), 0.0214321 s/step
field decay(t = 1060.5): 0.000251080990769126 / 0.2974643788447185 = 0.0008440707816655741
on time step 101871 (time=1061.16), 0.0212183 s/step
on time step 102060 (time=1063.12), 0.0211781 s/step
on time step 102248 (time=1065.08), 0.0213526 s/step
on time step 102438 (time=1067.06), 0.0211262 s/step
on time step 102628 (time=1069.04), 0.0210918 s/step
on time step 102818 (time=1071.02), 0.0211581 s/step
on time step 103008 (time=1073), 0.0210989 s/step
on time step 103198 (time=1074.98), 0.0211435 s/step
on time step 103388 (time=1076.96), 0.0211541 s/step
on time step 103578 (time=1078.94), 0.021145 s/step
field decay(t = 1080.5104166666665): 0.00010901610588962408 / 0.2974643788447185 = 0.0003664845730874296
on time step 103768 (time=1080.92), 0.0211554 s/step
on time step 103957 (time=1082.89), 0.0211681 s/step
on time step 104147 (time=1084.86), 0.021145 s/step
on time step 104334 (time=1086.81), 0.0214652 s/step
on time step 104519 (time=1088.74), 0.0216906 s/step
on time step 104703 (time=1090.66), 0.0217855 s/step
on time step 104887 (time=1092.57), 0.0217995 s/step
on time step 105073 (time=1094.51), 0.021611 s/step
on time step 105259 (time=1096.45), 0.0216176 s/step
on time step 105445 (time=1098.39), 0.0215278 s/step
on time step 105630 (time=1100.31), 0.0217332 s/step
field decay(t = 1100.5208333333333): 4.4158164691387724e-05 / 0.2974643788447185 = 0.00014844858017248191
on time step 105815 (time=1102.24), 0.0216732 s/step
on time step 106001 (time=1104.18), 0.0215129 s/step
on time step 106186 (time=1106.1), 0.0217147 s/step
on time step 106371 (time=1108.03), 0.0216239 s/step
on time step 106557 (time=1109.97), 0.0215264 s/step
on time step 106743 (time=1111.91), 0.0215269 s/step
on time step 106928 (time=1113.83), 0.0216566 s/step
on time step 107114 (time=1115.77), 0.0215321 s/step
on time step 107299 (time=1117.7), 0.0216677 s/step
on time step 107482 (time=1119.6), 0.0218903 s/step
field decay(t = 1120.53125): 1.7598830067900923e-05 / 0.2974643788447185 = 5.91628151789153e-05
on time step 107667 (time=1121.53), 0.0216884 s/step
on time step 107851 (time=1123.45), 0.0217836 s/step
on time step 108038 (time=1125.4), 0.0214945 s/step
on time step 108224 (time=1127.33), 0.0215883 s/step
on time step 108408 (time=1129.25), 0.0217856 s/step
on time step 108594 (time=1131.19), 0.0215931 s/step
on time step 108779 (time=1133.11), 0.0217118 s/step
on time step 108965 (time=1135.05), 0.0216063 s/step
on time step 109149 (time=1136.97), 0.0217669 s/step
on time step 109334 (time=1138.9), 0.0217235 s/step
field decay(t = 1140.5416666666665): 6.933628460567152e-06 / 0.2974643788447185 = 2.3309105068296684e-05
on time step 109520 (time=1140.83), 0.0215269 s/step
on time step 109705 (time=1142.76), 0.0217388 s/step
on time step 109891 (time=1144.7), 0.0215595 s/step
on time step 110078 (time=1146.65), 0.0215043 s/step
on time step 110262 (time=1148.56), 0.0218048 s/step
on time step 110447 (time=1150.49), 0.0216682 s/step
on time step 110632 (time=1152.42), 0.0216836 s/step
on time step 110818 (time=1154.35), 0.0215907 s/step
on time step 111002 (time=1156.27), 0.0217796 s/step
on time step 111187 (time=1158.2), 0.0216222 s/step
on time step 111373 (time=1160.14), 0.0215689 s/step
field decay(t = 1160.5520833333333): 2.6400080908982624e-06 / 0.2974643788447185 = 8.875039428759273e-06
on time step 111556 (time=1162.04), 0.0218726 s/step
on time step 111741 (time=1163.97), 0.0216914 s/step
on time step 111927 (time=1165.91), 0.0215651 s/step
on time step 112113 (time=1167.84), 0.0215588 s/step
on time step 112299 (time=1169.78), 0.0215563 s/step
on time step 112485 (time=1171.72), 0.0215597 s/step
on time step 112671 (time=1173.66), 0.0216218 s/step
on time step 112857 (time=1175.59), 0.0215298 s/step
on time step 113042 (time=1177.52), 0.0216515 s/step
on time step 113228 (time=1179.46), 0.0215321 s/step
field decay(t = 1180.5625): 1.175041062878281e-06 / 0.2974643788447185 = 3.950190834418102e-06
on time step 113414 (time=1181.4), 0.0215385 s/step
on time step 113601 (time=1183.34), 0.0215008 s/step
on time step 113786 (time=1185.27), 0.021708 s/step
on time step 113969 (time=1187.18), 0.0219377 s/step
on time step 114154 (time=1189.1), 0.021739 s/step
on time step 114338 (time=1191.02), 0.0217415 s/step
on time step 114522 (time=1192.94), 0.0217552 s/step
on time step 114706 (time=1194.85), 0.0217407 s/step
on time step 114891 (time=1196.78), 0.0216777 s/step
on time step 115076 (time=1198.71), 0.0217293 s/step
field decay(t = 1200.5729166666665): 7.011580962276504e-07 / 0.2974643788447185 = 2.357116166146626e-06
on time step 115260 (time=1200.62), 0.021818 s/step
on time step 115444 (time=1202.54), 0.0217836 s/step
on time step 115628 (time=1204.46), 0.0218254 s/step
on time step 115812 (time=1206.38), 0.0217927 s/step
on time step 115996 (time=1208.29), 0.0218315 s/step
on time step 116180 (time=1210.21), 0.021856 s/step
on time step 116364 (time=1212.12), 0.0218351 s/step
on time step 116549 (time=1214.05), 0.0216866 s/step
on time step 116732 (time=1215.96), 0.0218608 s/step
on time step 116916 (time=1217.88), 0.0218191 s/step
on time step 117100 (time=1219.79), 0.0217795 s/step
field decay(t = 1220.5833333333333): 4.943551676308793e-07 / 0.2974643788447185 = 1.6618970296572593e-06
on time step 117284 (time=1221.71), 0.0217971 s/step
on time step 117468 (time=1223.62), 0.0218562 s/step
on time step 117651 (time=1225.53), 0.0218599 s/step
on time step 117834 (time=1227.44), 0.0219038 s/step
on time step 118018 (time=1229.35), 0.0218453 s/step
on time step 118201 (time=1231.26), 0.0219272 s/step
on time step 118385 (time=1233.18), 0.0218297 s/step
on time step 118568 (time=1235.08), 0.0219438 s/step
on time step 118751 (time=1236.99), 0.0219022 s/step
on time step 118935 (time=1238.91), 0.0217857 s/step
field decay(t = 1240.59375): 3.569611739768159e-07 / 0.2974643788447185 = 1.2000131759075454e-06
on time step 119119 (time=1240.82), 0.0217946 s/step
on time step 119303 (time=1242.74), 0.0217835 s/step
on time step 119486 (time=1244.65), 0.0218853 s/step
on time step 119670 (time=1246.56), 0.0218065 s/step
on time step 119853 (time=1248.47), 0.021859 s/step
on time step 120037 (time=1250.39), 0.0218218 s/step
on time step 120221 (time=1252.3), 0.0217748 s/step
on time step 120405 (time=1254.22), 0.0218307 s/step
on time step 120589 (time=1256.14), 0.0217941 s/step
on time step 120774 (time=1258.06), 0.0216717 s/step
on time step 120958 (time=1259.98), 0.0217799 s/step
field decay(t = 1260.6041666666665): 2.5806911594857446e-07 / 0.2974643788447185 = 8.675630909181599e-07
on time step 121142 (time=1261.9), 0.0217486 s/step
on time step 121328 (time=1263.83), 0.0215154 s/step
on time step 121516 (time=1265.79), 0.0213676 s/step
on time step 121704 (time=1267.75), 0.0213903 s/step
on time step 121889 (time=1269.68), 0.021623 s/step
on time step 122073 (time=1271.59), 0.0218306 s/step
on time step 122256 (time=1273.5), 0.0218724 s/step
on time step 122439 (time=1275.41), 0.0218739 s/step
on time step 122623 (time=1277.32), 0.0218517 s/step
on time step 122806 (time=1279.23), 0.021872 s/step
field decay(t = 1280.6145833333333): 1.941096608911877e-07 / 0.2974643788447185 = 6.52547581142535e-07
on time step 122989 (time=1281.14), 0.0218889 s/step
on time step 123172 (time=1283.04), 0.0219061 s/step
on time step 123356 (time=1284.96), 0.0218004 s/step
on time step 123539 (time=1286.86), 0.0218626 s/step
on time step 123723 (time=1288.78), 0.0218292 s/step
on time step 123907 (time=1290.7), 0.0217973 s/step
on time step 124091 (time=1292.61), 0.0217964 s/step
on time step 124275 (time=1294.53), 0.0218399 s/step
on time step 124458 (time=1296.44), 0.0218796 s/step
on time step 124641 (time=1298.34), 0.0218901 s/step
on time step 124825 (time=1300.26), 0.0218089 s/step
field decay(t = 1300.625): 1.5929191134149517e-07 / 0.2974643788447185 = 5.354991140792972e-07
on time step 125008 (time=1302.17), 0.0219325 s/step
on time step 125192 (time=1304.08), 0.021794 s/step
on time step 125376 (time=1306), 0.0218463 s/step
on time step 125559 (time=1307.91), 0.0219053 s/step
on time step 125743 (time=1309.82), 0.021833 s/step
on time step 125927 (time=1311.74), 0.0217673 s/step
on time step 126111 (time=1313.66), 0.021789 s/step
on time step 126295 (time=1315.57), 0.0217969 s/step
on time step 126479 (time=1317.49), 0.0218024 s/step
on time step 126663 (time=1319.41), 0.0218197 s/step
field decay(t = 1320.6354166666665): 1.4351634178078207e-07 / 0.2974643788447185 = 4.824656395436848e-07
on time step 126847 (time=1321.32), 0.0218359 s/step
on time step 127033 (time=1323.26), 0.0215066 s/step
on time step 127218 (time=1325.19), 0.0216361 s/step
on time step 127404 (time=1327.12), 0.0215471 s/step
on time step 127591 (time=1329.07), 0.0215029 s/step
on time step 127778 (time=1331.02), 0.0214941 s/step
on time step 127961 (time=1332.93), 0.0219014 s/step
on time step 128144 (time=1334.83), 0.0219326 s/step
on time step 128327 (time=1336.74), 0.0219321 s/step
on time step 128510 (time=1338.65), 0.0218903 s/step
on time step 128693 (time=1340.55), 0.0219144 s/step
field decay(t = 1340.6458333333333): 1.3814999950586623e-07 / 0.2974643788447185 = 4.6442535419672183e-07
on time step 128876 (time=1342.46), 0.0219468 s/step
on time step 129059 (time=1344.36), 0.0219465 s/step
on time step 129242 (time=1346.27), 0.0219068 s/step
on time step 129425 (time=1348.18), 0.0219335 s/step
on time step 129608 (time=1350.08), 0.021897 s/step
on time step 129791 (time=1351.99), 0.0219722 s/step
on time step 129973 (time=1353.89), 0.0219832 s/step
on time step 130155 (time=1355.78), 0.0219885 s/step
on time step 130337 (time=1357.68), 0.0219861 s/step
on time step 130520 (time=1359.58), 0.0219241 s/step
2026-05-30 14:31:13 [INFO] D11_scaled_deep_groove: Checkpointed 6 completed spectra row(s) to /mnt/c/Users/admin/Meep_Simulation/meep_sim/results/diagnostics_v2/tables/D11_thickness_3um_quick_spectra_checkpoint.csv
2026-05-30 14:31:13 [INFO] D11_scaled_deep_groove: >>> task=7/10 case=scaled_inner_wall_film_3um pol=Hz wl=9.0016 res=24 pml=4
2026-05-30 14:31:13 [INFO] D11_scaled_deep_groove: [single ref] wl=9.0016 um, f=0.111091, res=24, comp=Hz
field decay(t = 1360.65625): 1.3698354212902052e-07 / 0.2974643788447185 = 4.6050401954355777e-07
run 0 finished at t = 1360.65625 (130623 timesteps)
-----------
Initializing structure...
Splitting into 16 chunks by voxels
time for choose_chunkdivision = 0.000534765 s
Working in 2D dimensions.
Computational cell is 50 x 49 x 0 with resolution 24
time for set_epsilon = 0.129999 s
-----------
field decay(t = 20.010416666666664): 2.0685234179530424e-10 / 2.0685234179530424e-10 = 1.0
on time step 3315 (time=34.5312), 0.00120672 s/step
field decay(t = 40.010416666666664): 3.322563202431625e-11 / 2.0685234179530424e-10 = 0.16062487732043895
field decay(t = 60.02083333333333): 1.3435678580404234e-10 / 2.0685234179530424e-10 = 0.6495299237994528
on time step 6621 (time=68.9688), 0.00121008 s/step
field decay(t = 80.02083333333333): 4.042599315204442e-10 / 4.042599315204442e-10 = 1.0
field decay(t = 100.03125): 1.2658709458715304e-09 / 1.2658709458715304e-09 = 1.0
on time step 9931 (time=103.448), 0.00120855 s/step
field decay(t = 120.04166666666666): 4.264743250847122e-09 / 4.264743250847122e-09 = 1.0
on time step 13189 (time=137.385), 0.00122805 s/step
field decay(t = 140.04166666666666): 1.159757543385447e-08 / 1.159757543385447e-08 = 1.0
field decay(t = 160.05208333333331): 3.889407489512778e-08 / 3.889407489512778e-08 = 1.0
on time step 16512 (time=172), 0.0012038 s/step
field decay(t = 180.0625): 9.913753668795712e-08 / 9.913753668795712e-08 = 1.0
field decay(t = 200.07291666666666): 3.066161704314131e-07 / 3.066161704314131e-07 = 1.0
on time step 19867 (time=206.948), 0.00119244 s/step
field decay(t = 220.08333333333331): 7.325130201587734e-07 / 7.325130201587734e-07 = 1.0
field decay(t = 240.09375): 2.087085271070267e-06 / 2.087085271070267e-06 = 1.0
on time step 23316 (time=242.875), 0.00116013 s/step
field decay(t = 260.10416666666663): 4.678368446968467e-06 / 4.678368446968467e-06 = 1.0
on time step 26567 (time=276.74), 0.0012304 s/step
field decay(t = 280.1145833333333): 1.072894443616635e-05 / 1.072894443616635e-05 = 1.0
field decay(t = 300.125): 2.582714984929448e-05 / 2.582714984929448e-05 = 1.0
on time step 29904 (time=311.5), 0.00119889 s/step
field decay(t = 320.13541666666663): 5.2665808268630084e-05 / 5.2665808268630084e-05 = 1.0
field decay(t = 340.1458333333333): 0.0001232429206982356 / 0.0001232429206982356 = 1.0
on time step 33309 (time=346.969), 0.00117489 s/step
field decay(t = 360.15625): 0.0002355496881807037 / 0.0002355496881807037 = 1.0
field decay(t = 380.16666666666663): 0.000508335807077817 / 0.000508335807077817 = 1.0
on time step 36883 (time=384.198), 0.00111938 s/step
field decay(t = 400.1770833333333): 0.0009106242757946037 / 0.0009106242757946037 = 1.0
field decay(t = 420.1875): 0.001812351154188543 / 0.001812351154188543 = 1.0
on time step 40478 (time=421.646), 0.00111267 s/step
field decay(t = 440.19791666666663): 0.0030429781722834427 / 0.0030429781722834427 = 1.0
on time step 44089 (time=459.26), 0.001108 s/step
field decay(t = 460.2083333333333): 0.005094897501496772 / 0.005094897501496772 = 1.0
field decay(t = 480.21875): 0.008789443440547716 / 0.008789443440547716 = 1.0
on time step 47608 (time=495.917), 0.00113688 s/step
field decay(t = 500.22916666666663): 0.013439487399779652 / 0.013439487399779652 = 1.0
field decay(t = 520.2291666666666): 0.0219445582757028 / 0.0219445582757028 = 1.0
on time step 51156 (time=532.875), 0.0011274 s/step
field decay(t = 540.2395833333333): 0.03144967340197333 / 0.03144967340197333 = 1.0
field decay(t = 560.25): 0.047358205882924595 / 0.047358205882924595 = 1.0
on time step 54665 (time=569.427), 0.00113999 s/step
field decay(t = 580.2604166666666): 0.06361397106260473 / 0.06361397106260473 = 1.0
field decay(t = 600.2708333333333): 0.08834186659384459 / 0.08834186659384459 = 1.0
on time step 58032 (time=604.5), 0.00118816 s/step
field decay(t = 620.28125): 0.11122228367299943 / 0.11122228367299943 = 1.0
on time step 61316 (time=638.708), 0.0012184 s/step
field decay(t = 640.2916666666666): 0.1360548165004477 / 0.1360548165004477 = 1.0
field decay(t = 660.3020833333333): 0.1680869685125989 / 0.1680869685125989 = 1.0
on time step 64232 (time=669.083), 0.00137196 s/step
field decay(t = 680.3125): 0.19271882075845087 / 0.19271882075845087 = 1.0
on time step 67163 (time=699.615), 0.00136512 s/step
field decay(t = 700.3229166666666): 0.21957314310132192 / 0.21957314310132192 = 1.0
field decay(t = 720.3333333333333): 0.2359593964051324 / 0.2359593964051324 = 1.0
on time step 70074 (time=729.938), 0.00137435 s/step
field decay(t = 740.34375): 0.24792900142191474 / 0.24792900142191474 = 1.0
on time step 72988 (time=760.292), 0.00137298 s/step
field decay(t = 760.3541666666666): 0.24994475164810834 / 0.24994475164810834 = 1.0
field decay(t = 780.3645833333333): 0.24904696656517547 / 0.24994475164810834 = 0.9964080658745064
on time step 75898 (time=790.604), 0.0013749 s/step
field decay(t = 800.375): 0.23916578604764152 / 0.24994475164810834 = 0.9568746071706187
field decay(t = 820.3854166666666): 0.22416472576347063 / 0.24994475164810834 = 0.8968571025610779
on time step 78949 (time=822.385), 0.00131129 s/step
field decay(t = 840.3958333333333): 0.20414200383405515 / 0.24994475164810834 = 0.8167485113728739
on time step 81883 (time=852.948), 0.00136348 s/step
field decay(t = 860.40625): 0.1744039149191316 / 0.24994475164810834 = 0.6977698622160748
field decay(t = 880.4166666666666): 0.14886386882360747 / 0.24994475164810834 = 0.5955870961163033
on time step 84811 (time=883.448), 0.00136647 s/step
field decay(t = 900.4270833333333): 0.11728652597927251 / 0.24994475164810834 = 0.46924980503050373
on time step 87728 (time=913.833), 0.0013715 s/step
field decay(t = 920.4375): 0.09383160951840044 / 0.24994475164810834 = 0.3754094010763782
field decay(t = 940.4479166666666): 0.06817779511632084 / 0.24994475164810834 = 0.27277146115997203
on time step 90639 (time=944.156), 0.00137457 s/step
field decay(t = 960.4583333333333): 0.05112248592342876 / 0.24994475164810834 = 0.20453514461229005
on time step 93561 (time=974.594), 0.00136908 s/step
field decay(t = 980.46875): 0.035295339139901 / 0.24994475164810834 = 0.14121256360522635
field decay(t = 1000.4791666666666): 0.024075632006168968 / 0.24994475164810834 = 0.0963238149527721
on time step 96490 (time=1005.1), 0.00136612 s/step
field decay(t = 1020.4895833333333): 0.01644036867144778 / 0.24994475164810834 = 0.06577601075054303
on time step 99413 (time=1035.55), 0.00136884 s/step
field decay(t = 1040.4895833333333): 0.009800457668736367 / 0.24994475164810834 = 0.03921049593605475
field decay(t = 1060.5): 0.006272608505889276 / 0.24994475164810834 = 0.025095980069708933
on time step 102356 (time=1066.21), 0.00135919 s/step
field decay(t = 1080.5104166666665): 0.003448402403558485 / 0.24994475164810834 = 0.013796658584827634
on time step 105288 (time=1096.75), 0.00136451 s/step
field decay(t = 1100.5208333333333): 0.0020686533959597157 / 0.24994475164810834 = 0.00827644262309667
field decay(t = 1120.53125): 0.0010487994548354306 / 0.24994475164810834 = 0.004196125135333956
on time step 108195 (time=1127.03), 0.00137612 s/step
field decay(t = 1140.5416666666665): 0.0005896987501536231 / 0.24994475164810834 = 0.002359316393983927
on time step 111100 (time=1157.29), 0.00137715 s/step
field decay(t = 1160.5520833333333): 0.0002959464166636507 / 0.24994475164810834 = 0.001184047333309511
field decay(t = 1180.5625): 0.00014530333122055977 / 0.24994475164810834 = 0.0005813417975870488
on time step 114004 (time=1187.54), 0.00137756 s/step
field decay(t = 1200.5729166666665): 7.440089955453011e-05 / 0.24994475164810834 = 0.00029766938118899766
on time step 116907 (time=1217.78), 0.00137793 s/step
field decay(t = 1220.5833333333333): 3.0947381148641505e-05 / 0.24994475164810834 = 0.00012381688731040704
field decay(t = 1240.59375): 1.4852324838931273e-05 / 0.24994475164810834 = 5.942243132130868e-05
on time step 119811 (time=1248.03), 0.00137754 s/step
field decay(t = 1260.6041666666665): 5.697378548005485e-06 / 0.24994475164810834 = 2.27945516376623e-05
on time step 122733 (time=1278.47), 0.00136906 s/step
field decay(t = 1280.6145833333333): 2.5627922525633664e-06 / 0.24994475164810834 = 1.0253434951782722e-05
field decay(t = 1300.625): 9.066274849377143e-07 / 0.24994475164810834 = 3.627311551690971e-06
on time step 125659 (time=1308.95), 0.00136708 s/step
field decay(t = 1320.6354166666665): 3.8223967408279694e-07 / 0.24994475164810834 = 1.5292966608114407e-06
on time step 128572 (time=1339.29), 0.00137358 s/step
field decay(t = 1340.6458333333333): 1.3770926858264456e-07 / 0.24994475164810834 = 5.509588326004235e-07
field decay(t = 1360.65625): 4.927897736385711e-08 / 0.24994475164810834 = 1.9715948040083629e-07
on time step 131487 (time=1369.66), 0.00137257 s/step
field decay(t = 1380.6666666666665): 1.8911823993833022e-08 / 0.24994475164810834 = 7.566401722432867e-08
on time step 134397 (time=1399.97), 0.00137474 s/step
field decay(t = 1400.6770833333333): 5.491443806695631e-09 / 0.24994475164810834 = 2.1970630591303284e-08
field decay(t = 1420.6875): 1.9761616868278598e-09 / 0.24994475164810834 = 7.90639400826489e-09
on time step 137316 (time=1430.38), 0.00137073 s/step
field decay(t = 1440.6979166666665): 5.289439361329273e-10 / 0.24994475164810834 = 2.116243420376419e-09
on time step 140220 (time=1460.62), 0.00137748 s/step
field decay(t = 1460.7083333333333): 1.7841212902912714e-10 / 0.24994475164810834 = 7.138062625948218e-10
field decay(t = 1480.71875): 4.403973572804506e-11 / 0.24994475164810834 = 1.7619788148241505e-10
on time step 143133 (time=1490.97), 0.0013734 s/step
field decay(t = 1500.7291666666665): 1.3924031870353646e-11 / 0.24994475164810834 = 5.57084386791085e-11
run 0 finished at t = 1500.7291666666665 (144070 timesteps)
-----------
Initializing structure...
Splitting into 16 chunks by voxels
time for choose_chunkdivision = 0.00071089 s
Working in 2D dimensions.
Computational cell is 50 x 49 x 0 with resolution 24
     block, center = (0,-4,0)
          size (50,25,1e+20)
          axes (1,0,0), (0,1,0), (0,0,1)
          dielectric constant epsilon diagonal = (1,1,1)
     prism, center = (2.72978,1,5e+19)
          height 1e+20, axis (0,0,1), sidewall angle: 0 radians, 4 vertices:
          (-10,8.5,0)
          (10,8.5,0)
          (15.4596,-6.5,0)
          (-4.54045,-6.5,0)
          dielectric constant epsilon diagonal = (1.69684,1.69684,1.69684)
     prism, center = (2.18382,2.5,5e+19)
          height 1e+20, axis (0,0,1), sidewall angle: 0 radians, 4 vertices:
          (-7,8.5,0)
          (7,8.5,0)
          (11.3676,-3.5,0)
          (-2.63236,-3.5,0)
          dielectric constant epsilon diagonal = (1,1,1)
time for set_epsilon = 1.74185 s
time for set_conductivity = 0.0705237 s
time for set_conductivity = 0.0706691 s
time for set_conductivity = 0.0699893 s
lorentzian susceptibility: frequency=15.6714, gamma=1.42115
lorentzian susceptibility: frequency=2.02365, gamma=1.3413
lorentzian susceptibility: frequency=1.24613, gamma=2.0309
lorentzian susceptibility: frequency=0.626693, gamma=1.83572
drude susceptibility: frequency=1e-10, gamma=0.0661375
-----------
2026-05-30 14:34:22 [INFO] D11_scaled_deep_groove: [single struct] 3 geometry objects
on time step 316 (time=3.29167), 0.012663 s/step
on time step 643 (time=6.69792), 0.0122362 s/step
on time step 970 (time=10.1042), 0.0122408 s/step
on time step 1297 (time=13.5104), 0.0122353 s/step
on time step 1624 (time=16.9167), 0.0122339 s/step
field decay(t = 20.010416666666664): 2.0685234179530424e-10 / 2.0685234179530424e-10 = 1.0
on time step 1951 (time=20.3229), 0.0122427 s/step
on time step 2277 (time=23.7188), 0.0122799 s/step
on time step 2603 (time=27.1146), 0.0122823 s/step
on time step 2929 (time=30.5104), 0.0122801 s/step
on time step 3255 (time=33.9062), 0.0122822 s/step
on time step 3581 (time=37.3021), 0.0122707 s/step
field decay(t = 40.010416666666664): 4.346036349728058e-11 / 2.0685234179530424e-10 = 0.21010331872523755
on time step 3906 (time=40.6875), 0.0123352 s/step
on time step 4230 (time=44.0625), 0.0123784 s/step
on time step 4554 (time=47.4375), 0.0123693 s/step
on time step 4878 (time=50.8125), 0.0123812 s/step
on time step 5202 (time=54.1875), 0.0123644 s/step
on time step 5542 (time=57.7292), 0.0117711 s/step
field decay(t = 60.02083333333333): 2.0602363412129347e-10 / 2.0685234179530424e-10 = 0.9959937235091549
on time step 5903 (time=61.4896), 0.0110953 s/step
on time step 6146 (time=64.0208), 0.0165226 s/step
on time step 6389 (time=66.5521), 0.0165117 s/step
on time step 6633 (time=69.0938), 0.0164117 s/step
on time step 6878 (time=71.6458), 0.0163741 s/step
on time step 7121 (time=74.1771), 0.0165219 s/step
on time step 7381 (time=76.8854), 0.0154048 s/step
on time step 7627 (time=79.4479), 0.0163056 s/step
field decay(t = 80.02083333333333): 5.909532151042267e-10 / 5.909532151042267e-10 = 1.0
on time step 7812 (time=81.375), 0.021702 s/step
on time step 7996 (time=83.2917), 0.0217966 s/step
on time step 8179 (time=85.1979), 0.0218621 s/step
on time step 8363 (time=87.1146), 0.021788 s/step
on time step 8547 (time=89.0312), 0.0218271 s/step
on time step 8731 (time=90.9479), 0.0217417 s/step
on time step 8916 (time=92.875), 0.0217282 s/step
on time step 9100 (time=94.7917), 0.0217546 s/step
on time step 9284 (time=96.7083), 0.0218503 s/step
on time step 9468 (time=98.625), 0.0217785 s/step
field decay(t = 100.03125): 1.8118535842359151e-09 / 1.8118535842359151e-09 = 1.0
on time step 9651 (time=100.531), 0.0219311 s/step
on time step 9834 (time=102.438), 0.0218874 s/step
on time step 10017 (time=104.344), 0.0219236 s/step
on time step 10201 (time=106.26), 0.0218095 s/step
on time step 10386 (time=108.188), 0.0216405 s/step
on time step 10569 (time=110.094), 0.0218973 s/step
on time step 10754 (time=112.021), 0.0217108 s/step
on time step 10938 (time=113.938), 0.0217519 s/step
on time step 11122 (time=115.854), 0.0218013 s/step
on time step 11306 (time=117.771), 0.0218318 s/step
on time step 11489 (time=119.677), 0.0218865 s/step
field decay(t = 120.04166666666666): 6.122464576340218e-09 / 6.122464576340218e-09 = 1.0
on time step 11673 (time=121.594), 0.0218037 s/step
on time step 11858 (time=123.521), 0.0216743 s/step
on time step 12041 (time=125.427), 0.021892 s/step
on time step 12224 (time=127.333), 0.0219043 s/step
on time step 12408 (time=129.25), 0.0218362 s/step
on time step 12591 (time=131.156), 0.0219085 s/step
on time step 12775 (time=133.073), 0.0218052 s/step
on time step 12958 (time=134.979), 0.021942 s/step
on time step 13140 (time=136.875), 0.0219909 s/step
on time step 13323 (time=138.781), 0.0219366 s/step
field decay(t = 140.04166666666666): 1.6742634021250924e-08 / 1.6742634021250924e-08 = 1.0
on time step 13507 (time=140.698), 0.0218363 s/step
on time step 13690 (time=142.604), 0.0219285 s/step
on time step 13873 (time=144.51), 0.0219274 s/step
on time step 14056 (time=146.417), 0.0218599 s/step
on time step 14240 (time=148.333), 0.0218098 s/step
on time step 14424 (time=150.25), 0.0217876 s/step
on time step 14608 (time=152.167), 0.0218048 s/step
on time step 14791 (time=154.073), 0.0219458 s/step
on time step 14974 (time=155.979), 0.0219254 s/step
on time step 15157 (time=157.885), 0.0218976 s/step
on time step 15340 (time=159.792), 0.0218786 s/step
field decay(t = 160.05208333333331): 5.646554455615912e-08 / 5.646554455615912e-08 = 1.0
on time step 15523 (time=161.698), 0.0218617 s/step
on time step 15704 (time=163.583), 0.0221071 s/step
on time step 15888 (time=165.5), 0.0218331 s/step
on time step 16071 (time=167.406), 0.0219728 s/step
on time step 16254 (time=169.312), 0.0218623 s/step
on time step 16436 (time=171.208), 0.0220006 s/step
on time step 16619 (time=173.115), 0.0219059 s/step
on time step 16802 (time=175.021), 0.0219305 s/step
on time step 16986 (time=176.938), 0.0218072 s/step
on time step 17168 (time=178.833), 0.0220333 s/step
field decay(t = 180.0625): 1.4482400938854559e-07 / 1.4482400938854559e-07 = 1.0
on time step 17352 (time=180.75), 0.0218326 s/step
on time step 17536 (time=182.667), 0.021855 s/step
on time step 17719 (time=184.573), 0.021914 s/step
on time step 17903 (time=186.49), 0.0218519 s/step
on time step 18087 (time=188.406), 0.0218405 s/step
on time step 18270 (time=190.312), 0.0219422 s/step
on time step 18452 (time=192.208), 0.022 s/step
on time step 18635 (time=194.115), 0.0218711 s/step
on time step 18816 (time=196), 0.0221388 s/step
on time step 18997 (time=197.885), 0.0221187 s/step
on time step 19177 (time=199.76), 0.02223 s/step
field decay(t = 200.07291666666666): 4.509902133736742e-07 / 4.509902133736742e-07 = 1.0
on time step 19359 (time=201.656), 0.0220388 s/step
on time step 19540 (time=203.542), 0.0221571 s/step
on time step 19721 (time=205.427), 0.0221217 s/step
on time step 19902 (time=207.312), 0.0221341 s/step
on time step 20083 (time=209.198), 0.0221295 s/step
on time step 20265 (time=211.094), 0.0220779 s/step
on time step 20447 (time=212.99), 0.0220697 s/step
on time step 20628 (time=214.875), 0.0221316 s/step
on time step 20809 (time=216.76), 0.0221394 s/step
on time step 20991 (time=218.656), 0.0220815 s/step
field decay(t = 220.08333333333331): 1.084157921006796e-06 / 1.084157921006796e-06 = 1.0
on time step 21172 (time=220.542), 0.0221329 s/step
on time step 21353 (time=222.427), 0.0221531 s/step
on time step 21534 (time=224.312), 0.0221864 s/step
on time step 21716 (time=226.208), 0.0220555 s/step
on time step 21898 (time=228.104), 0.0220648 s/step
on time step 22079 (time=229.99), 0.0221004 s/step
on time step 22260 (time=231.875), 0.0221346 s/step
on time step 22441 (time=233.76), 0.0221615 s/step
on time step 22622 (time=235.646), 0.0221546 s/step
on time step 22804 (time=237.542), 0.0220743 s/step
on time step 22986 (time=239.438), 0.0220794 s/step
field decay(t = 240.09375): 3.1154980728976125e-06 / 3.1154980728976125e-06 = 1.0
on time step 23168 (time=241.333), 0.0220888 s/step
on time step 23349 (time=243.219), 0.0222108 s/step
on time step 23531 (time=245.115), 0.0220862 s/step
on time step 23713 (time=247.01), 0.0220447 s/step
on time step 23894 (time=248.896), 0.0221387 s/step
on time step 24075 (time=250.781), 0.0221762 s/step
on time step 24256 (time=252.667), 0.02214 s/step
on time step 24438 (time=254.562), 0.0220265 s/step
on time step 24618 (time=256.438), 0.0222991 s/step
on time step 24799 (time=258.323), 0.0221487 s/step
field decay(t = 260.10416666666663): 7.020286478153569e-06 / 7.020286478153569e-06 = 1.0
on time step 24980 (time=260.208), 0.022142 s/step
on time step 25161 (time=262.094), 0.0221203 s/step
on time step 25342 (time=263.979), 0.0221855 s/step
on time step 25523 (time=265.865), 0.0221283 s/step
on time step 25704 (time=267.75), 0.0221286 s/step
on time step 25885 (time=269.635), 0.0222119 s/step
on time step 26066 (time=271.521), 0.0221428 s/step
on time step 26247 (time=273.406), 0.0221283 s/step
on time step 26428 (time=275.292), 0.0221689 s/step
on time step 26609 (time=277.177), 0.0221009 s/step
on time step 26791 (time=279.073), 0.0220446 s/step
field decay(t = 280.1145833333333): 1.6500631641738586e-05 / 1.6500631641738586e-05 = 1.0
on time step 26972 (time=280.958), 0.0221439 s/step
on time step 27153 (time=282.844), 0.022115 s/step
on time step 27334 (time=284.729), 0.0221145 s/step
on time step 27515 (time=286.615), 0.0221921 s/step
on time step 27696 (time=288.5), 0.0221714 s/step
on time step 27877 (time=290.385), 0.0221085 s/step
on time step 28059 (time=292.281), 0.0220424 s/step
on time step 28240 (time=294.167), 0.022134 s/step
on time step 28421 (time=296.052), 0.0222195 s/step
on time step 28602 (time=297.938), 0.0221299 s/step
on time step 28783 (time=299.823), 0.0221393 s/step
field decay(t = 300.125): 3.930958467855891e-05 / 3.930958467855891e-05 = 1.0
on time step 28964 (time=301.708), 0.0222135 s/step
on time step 29145 (time=303.594), 0.0221262 s/step
on time step 29327 (time=305.49), 0.0220564 s/step
on time step 29508 (time=307.375), 0.0221566 s/step
on time step 29689 (time=309.26), 0.0221617 s/step
on time step 29870 (time=311.146), 0.0221536 s/step
on time step 30052 (time=313.042), 0.0220894 s/step
on time step 30233 (time=314.927), 0.022146 s/step
on time step 30414 (time=316.812), 0.0221427 s/step
on time step 30595 (time=318.698), 0.0221028 s/step
field decay(t = 320.13541666666663): 8.067700407801877e-05 / 8.067700407801877e-05 = 1.0
on time step 30776 (time=320.583), 0.0221586 s/step
on time step 30958 (time=322.479), 0.0220967 s/step
on time step 31139 (time=324.365), 0.0221239 s/step
on time step 31321 (time=326.26), 0.0220542 s/step
on time step 31502 (time=328.146), 0.0221851 s/step
on time step 31683 (time=330.031), 0.022194 s/step
on time step 31864 (time=331.917), 0.0221504 s/step
on time step 32045 (time=333.802), 0.0221079 s/step
on time step 32226 (time=335.688), 0.0221232 s/step
on time step 32407 (time=337.573), 0.0221885 s/step
on time step 32588 (time=339.458), 0.0221533 s/step
field decay(t = 340.1458333333333): 0.00019034303242533929 / 0.00019034303242533929 = 1.0
on time step 32769 (time=341.344), 0.0221734 s/step
on time step 32950 (time=343.229), 0.0221083 s/step
on time step 33131 (time=345.115), 0.0221357 s/step
on time step 33313 (time=347.01), 0.0219957 s/step
on time step 33494 (time=348.896), 0.0221449 s/step
on time step 33675 (time=350.781), 0.022192 s/step
on time step 33857 (time=352.677), 0.0220891 s/step
on time step 34038 (time=354.562), 0.0221006 s/step
on time step 34219 (time=356.448), 0.0221178 s/step
on time step 34400 (time=358.333), 0.0221351 s/step
field decay(t = 360.15625): 0.00036622125020946693 / 0.00036622125020946693 = 1.0
on time step 34581 (time=360.219), 0.0221349 s/step
on time step 34762 (time=362.104), 0.0221606 s/step
on time step 34943 (time=363.99), 0.0221102 s/step
on time step 35124 (time=365.875), 0.0221569 s/step
on time step 35305 (time=367.76), 0.0221205 s/step
on time step 35486 (time=369.646), 0.0221725 s/step
on time step 35668 (time=371.542), 0.0220714 s/step
on time step 35851 (time=373.448), 0.0219749 s/step
on time step 36034 (time=375.354), 0.0219487 s/step
on time step 36217 (time=377.26), 0.0219748 s/step
on time step 36400 (time=379.167), 0.021967 s/step
field decay(t = 380.16666666666663): 0.000797028511646082 / 0.000797028511646082 = 1.0
on time step 36583 (time=381.073), 0.021935 s/step
on time step 36766 (time=382.979), 0.0219721 s/step
on time step 36948 (time=384.875), 0.0220431 s/step
on time step 37130 (time=386.771), 0.022058 s/step
on time step 37312 (time=388.667), 0.0220294 s/step
on time step 37494 (time=390.562), 0.0220291 s/step
on time step 37676 (time=392.458), 0.0220358 s/step
on time step 37858 (time=394.354), 0.0220031 s/step
on time step 38040 (time=396.25), 0.0220113 s/step
on time step 38222 (time=398.146), 0.0220545 s/step
on time step 38404 (time=400.042), 0.0220083 s/step
field decay(t = 400.1770833333333): 0.0014375903826718012 / 0.0014375903826718012 = 1.0
on time step 38586 (time=401.938), 0.0220242 s/step
on time step 38768 (time=403.833), 0.0220092 s/step
on time step 38950 (time=405.729), 0.0220179 s/step
on time step 39132 (time=407.625), 0.0219894 s/step
on time step 39314 (time=409.521), 0.0219924 s/step
on time step 39496 (time=411.417), 0.0219974 s/step
on time step 39678 (time=413.312), 0.0220395 s/step
on time step 39860 (time=415.208), 0.0220197 s/step
on time step 40042 (time=417.104), 0.022045 s/step
on time step 40224 (time=419), 0.0220356 s/step
field decay(t = 420.1875): 0.0028860835791976697 / 0.0028860835791976697 = 1.0
on time step 40407 (time=420.906), 0.0219769 s/step
on time step 40589 (time=422.802), 0.0220511 s/step
on time step 40771 (time=424.698), 0.0220056 s/step
on time step 40953 (time=426.594), 0.0220302 s/step
on time step 41135 (time=428.49), 0.0220246 s/step
on time step 41317 (time=430.385), 0.0220212 s/step
on time step 41503 (time=432.323), 0.021543 s/step
on time step 41692 (time=434.292), 0.0212351 s/step
on time step 41881 (time=436.26), 0.0212438 s/step
on time step 42070 (time=438.229), 0.0212405 s/step
field decay(t = 440.19791666666663): 0.004880081939708889 / 0.004880081939708889 = 1.0
on time step 42259 (time=440.198), 0.021249 s/step
on time step 42446 (time=442.146), 0.0215018 s/step
on time step 42635 (time=444.115), 0.0212554 s/step
on time step 42824 (time=446.083), 0.0212331 s/step
on time step 43013 (time=448.052), 0.0212421 s/step
on time step 43202 (time=450.021), 0.0212682 s/step
on time step 43389 (time=451.969), 0.0214366 s/step
on time step 43576 (time=453.917), 0.0214654 s/step
on time step 43765 (time=455.885), 0.0212476 s/step
on time step 43954 (time=457.854), 0.0212518 s/step
on time step 44139 (time=459.781), 0.0216242 s/step
field decay(t = 460.2083333333333): 0.008377559901362993 / 0.008377559901362993 = 1.0
on time step 44328 (time=461.75), 0.0212375 s/step
on time step 44517 (time=463.719), 0.0212418 s/step
on time step 44706 (time=465.688), 0.0212458 s/step
on time step 44895 (time=467.656), 0.0212449 s/step
on time step 45084 (time=469.625), 0.0212478 s/step
on time step 45273 (time=471.594), 0.021258 s/step
on time step 45462 (time=473.562), 0.0212326 s/step
on time step 45651 (time=475.531), 0.0212477 s/step
on time step 45840 (time=477.5), 0.0212527 s/step
on time step 46029 (time=479.469), 0.0212376 s/step
field decay(t = 480.21875): 0.01432605902053838 / 0.01432605902053838 = 1.0
on time step 46216 (time=481.417), 0.0214934 s/step
on time step 46404 (time=483.375), 0.0213443 s/step
on time step 46593 (time=485.344), 0.0212403 s/step
on time step 46782 (time=487.312), 0.0212405 s/step
on time step 46970 (time=489.271), 0.0212862 s/step
on time step 47158 (time=491.229), 0.0213544 s/step
on time step 47345 (time=493.177), 0.0214802 s/step
on time step 47533 (time=495.135), 0.0213315 s/step
on time step 47722 (time=497.104), 0.0212347 s/step
on time step 47909 (time=499.052), 0.0214244 s/step
field decay(t = 500.22916666666663): 0.02206696871680424 / 0.02206696871680424 = 1.0
on time step 48094 (time=500.979), 0.0216763 s/step
on time step 48282 (time=502.938), 0.0212988 s/step
on time step 48467 (time=504.865), 0.0216359 s/step
on time step 48656 (time=506.833), 0.0212685 s/step
on time step 48844 (time=508.792), 0.0213253 s/step
on time step 49032 (time=510.75), 0.0213458 s/step
on time step 49220 (time=512.708), 0.0213397 s/step
on time step 49406 (time=514.646), 0.0216035 s/step
on time step 49595 (time=516.615), 0.0212378 s/step
on time step 49784 (time=518.583), 0.0212427 s/step
field decay(t = 520.2291666666666): 0.03636986112377556 / 0.03636986112377556 = 1.0
on time step 49973 (time=520.552), 0.0212624 s/step
on time step 50162 (time=522.521), 0.0212431 s/step
on time step 50351 (time=524.49), 0.0212484 s/step
on time step 50540 (time=526.458), 0.0212379 s/step
on time step 50728 (time=528.417), 0.0213158 s/step
on time step 50916 (time=530.375), 0.0213225 s/step
on time step 51102 (time=532.312), 0.0215816 s/step
on time step 51291 (time=534.281), 0.0212438 s/step
on time step 51480 (time=536.25), 0.0212429 s/step
on time step 51668 (time=538.208), 0.0213386 s/step
on time step 51857 (time=540.177), 0.0212609 s/step
field decay(t = 540.2395833333333): 0.05251996345751345 / 0.05251996345751345 = 1.0
on time step 52046 (time=542.146), 0.0212487 s/step
on time step 52233 (time=544.094), 0.0214018 s/step
on time step 52418 (time=546.021), 0.0216539 s/step
on time step 52606 (time=547.979), 0.0212933 s/step
on time step 52793 (time=549.927), 0.0214225 s/step
on time step 52981 (time=551.885), 0.0213373 s/step
on time step 53170 (time=553.854), 0.0212491 s/step
on time step 53357 (time=555.802), 0.0214291 s/step
on time step 53544 (time=557.75), 0.0214504 s/step
on time step 53732 (time=559.708), 0.0213114 s/step
field decay(t = 560.25): 0.07985122832039677 / 0.07985122832039677 = 1.0
on time step 53919 (time=561.656), 0.0214278 s/step
on time step 54107 (time=563.615), 0.0213409 s/step
on time step 54295 (time=565.573), 0.0213176 s/step
on time step 54481 (time=567.51), 0.0215241 s/step
on time step 54669 (time=569.469), 0.0213449 s/step
on time step 54858 (time=571.438), 0.0212403 s/step
on time step 55046 (time=573.396), 0.0213712 s/step
on time step 55233 (time=575.344), 0.0214968 s/step
on time step 55420 (time=577.292), 0.021424 s/step
on time step 55607 (time=579.24), 0.0214604 s/step
field decay(t = 580.2604166666666): 0.10810137398235142 / 0.10810137398235142 = 1.0
on time step 55794 (time=581.188), 0.0213964 s/step
on time step 55982 (time=583.146), 0.0213752 s/step
on time step 56170 (time=585.104), 0.0213851 s/step
on time step 56357 (time=587.052), 0.0214349 s/step
on time step 56544 (time=589), 0.0214052 s/step
on time step 56731 (time=590.948), 0.0213929 s/step
on time step 56918 (time=592.896), 0.021423 s/step
on time step 57107 (time=594.865), 0.0212535 s/step
on time step 57294 (time=596.812), 0.0214542 s/step
on time step 57482 (time=598.771), 0.0212861 s/step
field decay(t = 600.2708333333333): 0.15161746093701367 / 0.15161746093701367 = 1.0
on time step 57668 (time=600.708), 0.0215145 s/step
on time step 57855 (time=602.656), 0.0214574 s/step
on time step 58043 (time=604.615), 0.0213877 s/step
on time step 58230 (time=606.562), 0.0214241 s/step
on time step 58418 (time=608.521), 0.0213885 s/step
on time step 58607 (time=610.49), 0.0212555 s/step
on time step 58795 (time=612.448), 0.0213357 s/step
on time step 58983 (time=614.406), 0.0213519 s/step
on time step 59171 (time=616.365), 0.0213485 s/step
on time step 59358 (time=618.312), 0.0214312 s/step
on time step 59546 (time=620.271), 0.0213451 s/step
field decay(t = 620.28125): 0.1924284764181729 / 0.1924284764181729 = 1.0
on time step 59734 (time=622.229), 0.0213697 s/step
on time step 59921 (time=624.177), 0.0214796 s/step
on time step 60108 (time=626.125), 0.0214507 s/step
on time step 60294 (time=628.062), 0.0215223 s/step
on time step 60482 (time=630.021), 0.0213705 s/step
on time step 60666 (time=631.938), 0.0217506 s/step
on time step 60849 (time=633.844), 0.0218674 s/step
on time step 61033 (time=635.76), 0.0218372 s/step
on time step 61216 (time=637.667), 0.0218828 s/step
on time step 61400 (time=639.583), 0.0218204 s/step
field decay(t = 640.2916666666666): 0.23810750754421553 / 0.23810750754421553 = 1.0
on time step 61585 (time=641.51), 0.021686 s/step
on time step 61770 (time=643.438), 0.0217345 s/step
on time step 61954 (time=645.354), 0.0217499 s/step
on time step 62139 (time=647.281), 0.0216928 s/step
on time step 62324 (time=649.208), 0.0216729 s/step
on time step 62509 (time=651.135), 0.0217165 s/step
on time step 62697 (time=653.094), 0.0213719 s/step
on time step 62885 (time=655.052), 0.0212866 s/step
on time step 63073 (time=657.01), 0.0213795 s/step
on time step 63260 (time=658.958), 0.0214819 s/step
field decay(t = 660.3020833333333): 0.29624285359782326 / 0.29624285359782326 = 1.0
on time step 63439 (time=660.823), 0.022404 s/step
on time step 63619 (time=662.698), 0.0223403 s/step
on time step 63799 (time=664.573), 0.0223353 s/step
on time step 63979 (time=666.448), 0.0223219 s/step
on time step 64159 (time=668.323), 0.022321 s/step
on time step 64339 (time=670.198), 0.0222925 s/step
on time step 64519 (time=672.073), 0.022265 s/step
on time step 64699 (time=673.948), 0.0222609 s/step
on time step 64879 (time=675.823), 0.0222746 s/step
on time step 65059 (time=677.698), 0.0222609 s/step
on time step 65239 (time=679.573), 0.0222551 s/step
field decay(t = 680.3125): 0.3425221207364181 / 0.3425221207364181 = 1.0
on time step 65419 (time=681.448), 0.0222744 s/step
on time step 65599 (time=683.323), 0.0222578 s/step
on time step 65779 (time=685.198), 0.0222802 s/step
on time step 65959 (time=687.073), 0.0222552 s/step
on time step 66139 (time=688.948), 0.0222634 s/step
on time step 66319 (time=690.823), 0.0222678 s/step
on time step 66499 (time=692.698), 0.0222574 s/step
on time step 66679 (time=694.573), 0.022254 s/step
on time step 66859 (time=696.448), 0.0222855 s/step
on time step 67043 (time=698.365), 0.0217545 s/step
on time step 67228 (time=700.292), 0.0216458 s/step
field decay(t = 700.3229166666666): 0.39443680943345644 / 0.39443680943345644 = 1.0
on time step 67417 (time=702.26), 0.0212256 s/step
on time step 67606 (time=704.229), 0.0212287 s/step
on time step 67795 (time=706.198), 0.0212319 s/step
on time step 67984 (time=708.167), 0.0212262 s/step
on time step 68173 (time=710.135), 0.0212405 s/step
on time step 68362 (time=712.104), 0.0212277 s/step
on time step 68551 (time=714.073), 0.0212328 s/step
on time step 68740 (time=716.042), 0.0212209 s/step
on time step 68929 (time=718.01), 0.0212149 s/step
on time step 69118 (time=719.979), 0.0212196 s/step
field decay(t = 720.3333333333333): 0.4275630031808772 / 0.4275630031808772 = 1.0
on time step 69307 (time=721.948), 0.021205 s/step
on time step 69496 (time=723.917), 0.0212276 s/step
on time step 69682 (time=725.854), 0.0215448 s/step
on time step 69868 (time=727.792), 0.0215845 s/step
on time step 70055 (time=729.74), 0.0214618 s/step
on time step 70244 (time=731.708), 0.0212098 s/step
on time step 70433 (time=733.677), 0.0212195 s/step
on time step 70622 (time=735.646), 0.0212679 s/step
on time step 70811 (time=737.615), 0.0212334 s/step
on time step 71000 (time=739.583), 0.0212371 s/step
field decay(t = 740.34375): 0.45422374134870147 / 0.45422374134870147 = 1.0
on time step 71189 (time=741.552), 0.0212156 s/step
on time step 71378 (time=743.521), 0.0212211 s/step
on time step 71567 (time=745.49), 0.0212118 s/step
on time step 71756 (time=747.458), 0.0212128 s/step
on time step 71945 (time=749.427), 0.0212216 s/step
on time step 72134 (time=751.396), 0.0212466 s/step
on time step 72323 (time=753.365), 0.0212632 s/step
on time step 72512 (time=755.333), 0.0212726 s/step
on time step 72701 (time=757.302), 0.0212697 s/step
on time step 72890 (time=759.271), 0.0212681 s/step
field decay(t = 760.3541666666666): 0.4616157002772478 / 0.4616157002772478 = 1.0
on time step 73079 (time=761.24), 0.0212624 s/step
on time step 73268 (time=763.208), 0.0212606 s/step
on time step 73457 (time=765.177), 0.0212502 s/step
on time step 73646 (time=767.146), 0.0212713 s/step
on time step 73835 (time=769.115), 0.021204 s/step
on time step 74024 (time=771.083), 0.0211965 s/step
on time step 74213 (time=773.052), 0.0212753 s/step
on time step 74402 (time=775.021), 0.0211724 s/step
on time step 74591 (time=776.99), 0.0212316 s/step
on time step 74780 (time=778.958), 0.0212171 s/step
field decay(t = 780.3645833333333): 0.46141202280598287 / 0.4616157002772478 = 0.9995587726519211
on time step 74969 (time=780.927), 0.0212063 s/step
on time step 75158 (time=782.896), 0.0212102 s/step
on time step 75347 (time=784.865), 0.0212193 s/step
on time step 75536 (time=786.833), 0.0212238 s/step
on time step 75725 (time=788.802), 0.0212227 s/step
on time step 75914 (time=790.771), 0.0211851 s/step
on time step 76103 (time=792.74), 0.0211829 s/step
on time step 76292 (time=794.708), 0.0211994 s/step
on time step 76481 (time=796.677), 0.0211774 s/step
on time step 76670 (time=798.646), 0.0211785 s/step
field decay(t = 800.375): 0.44818915665795583 / 0.4616157002772478 = 0.9709140230472492
on time step 76859 (time=800.615), 0.0211791 s/step
on time step 77048 (time=802.583), 0.0211809 s/step
on time step 77237 (time=804.552), 0.0212055 s/step
on time step 77426 (time=806.521), 0.0211997 s/step
on time step 77615 (time=808.49), 0.0211687 s/step
on time step 77804 (time=810.458), 0.0211688 s/step
on time step 77993 (time=812.427), 0.0211708 s/step
on time step 78182 (time=814.396), 0.0212186 s/step
on time step 78371 (time=816.365), 0.0212132 s/step
on time step 78560 (time=818.333), 0.0212005 s/step
on time step 78749 (time=820.302), 0.0212172 s/step
field decay(t = 820.3854166666666): 0.4239918258315123 / 0.4616157002772478 = 0.9184952452372428
on time step 78938 (time=822.271), 0.021216 s/step
on time step 79127 (time=824.24), 0.0211968 s/step
on time step 79316 (time=826.208), 0.0211996 s/step
on time step 79505 (time=828.177), 0.0212282 s/step
on time step 79694 (time=830.146), 0.021203 s/step
on time step 79883 (time=832.115), 0.0212008 s/step
on time step 80072 (time=834.083), 0.0211862 s/step
on time step 80261 (time=836.052), 0.0212419 s/step
on time step 80450 (time=838.021), 0.0212022 s/step
on time step 80639 (time=839.99), 0.021214 s/step
field decay(t = 840.3958333333333): 0.3897706082814306 / 0.4616157002772478 = 0.8443616801753779
on time step 80828 (time=841.958), 0.0212108 s/step
on time step 81017 (time=843.927), 0.0211981 s/step
on time step 81206 (time=845.896), 0.0212087 s/step
on time step 81393 (time=847.844), 0.0214095 s/step
on time step 81580 (time=849.792), 0.0214186 s/step
on time step 81767 (time=851.74), 0.021399 s/step
on time step 81954 (time=853.688), 0.0214239 s/step
on time step 82141 (time=855.635), 0.0214238 s/step
on time step 82328 (time=857.583), 0.0214161 s/step
on time step 82515 (time=859.531), 0.0214089 s/step
field decay(t = 860.40625): 0.3369967582045321 / 0.4616157002772478 = 0.7300374705672508
on time step 82702 (time=861.479), 0.0214281 s/step
on time step 82889 (time=863.427), 0.0214079 s/step
on time step 83076 (time=865.375), 0.0214083 s/step
on time step 83263 (time=867.323), 0.0214154 s/step
on time step 83450 (time=869.271), 0.0214392 s/step
on time step 83637 (time=871.219), 0.0214102 s/step
on time step 83824 (time=873.167), 0.0214194 s/step
on time step 84011 (time=875.115), 0.021418 s/step
on time step 84198 (time=877.062), 0.021438 s/step
on time step 84385 (time=879.01), 0.0214373 s/step
field decay(t = 880.4166666666666): 0.2904575091414607 / 0.4616157002772478 = 0.629219302911515
on time step 84572 (time=880.958), 0.0214167 s/step
on time step 84759 (time=882.906), 0.0214032 s/step
on time step 84946 (time=884.854), 0.0214136 s/step
on time step 85133 (time=886.802), 0.0214321 s/step
on time step 85320 (time=888.75), 0.0214236 s/step
on time step 85507 (time=890.698), 0.0214421 s/step
on time step 85694 (time=892.646), 0.0214369 s/step
on time step 85883 (time=894.615), 0.0212568 s/step
on time step 86072 (time=896.583), 0.0212245 s/step
on time step 86261 (time=898.552), 0.021233 s/step
field decay(t = 900.4270833333333): 0.23169188392829715 / 0.4616157002772478 = 0.5019150860534906
on time step 86449 (time=900.51), 0.0213153 s/step
on time step 86638 (time=902.479), 0.0212106 s/step
on time step 86826 (time=904.438), 0.0213145 s/step
on time step 87015 (time=906.406), 0.0212107 s/step
on time step 87203 (time=908.365), 0.021345 s/step
on time step 87389 (time=910.302), 0.0216142 s/step
on time step 87574 (time=912.229), 0.0216613 s/step
on time step 87760 (time=914.167), 0.0215374 s/step
on time step 87946 (time=916.104), 0.021607 s/step
on time step 88132 (time=918.042), 0.021531 s/step
on time step 88319 (time=919.99), 0.0214932 s/step
field decay(t = 920.4375): 0.18723245929077784 / 0.4616157002772478 = 0.40560245064958894
on time step 88506 (time=921.938), 0.0214308 s/step
on time step 88691 (time=923.865), 0.0216521 s/step
on time step 88878 (time=925.812), 0.0215031 s/step
on time step 89064 (time=927.75), 0.0215879 s/step
on time step 89251 (time=929.698), 0.0214601 s/step
on time step 89438 (time=931.646), 0.0214899 s/step
on time step 89624 (time=933.583), 0.0216166 s/step
on time step 89809 (time=935.51), 0.0216298 s/step
on time step 89994 (time=937.438), 0.021649 s/step
on time step 90180 (time=939.375), 0.0215209 s/step
field decay(t = 940.4479166666666): 0.1377944181802577 / 0.4616157002772478 = 0.2985046177967906
on time step 90366 (time=941.312), 0.0215813 s/step
on time step 90552 (time=943.25), 0.0216016 s/step
on time step 90739 (time=945.198), 0.0214432 s/step
on time step 90925 (time=947.135), 0.0215612 s/step
on time step 91111 (time=949.073), 0.0215216 s/step
on time step 91296 (time=951), 0.0216295 s/step
on time step 91482 (time=952.938), 0.0215832 s/step
on time step 91669 (time=954.885), 0.0214797 s/step
on time step 91855 (time=956.823), 0.0215676 s/step
on time step 92041 (time=958.76), 0.0215129 s/step
field decay(t = 960.4583333333333): 0.10440571548996819 / 0.4616157002772478 = 0.22617453311761665
on time step 92227 (time=960.698), 0.0216175 s/step
on time step 92414 (time=962.646), 0.0214908 s/step
on time step 92600 (time=964.583), 0.0215575 s/step
on time step 92786 (time=966.521), 0.0215182 s/step
on time step 92972 (time=968.458), 0.0215154 s/step
on time step 93159 (time=970.406), 0.0214652 s/step
on time step 93345 (time=972.344), 0.0215283 s/step
on time step 93531 (time=974.281), 0.0215156 s/step
on time step 93716 (time=976.208), 0.021638 s/step
on time step 93902 (time=978.146), 0.0215392 s/step
on time step 94088 (time=980.083), 0.0215994 s/step
field decay(t = 980.46875): 0.07138998656161115 / 0.4616157002772478 = 0.154652423040928
on time step 94274 (time=982.021), 0.0215536 s/step
on time step 94460 (time=983.958), 0.021573 s/step
on time step 94646 (time=985.896), 0.0215335 s/step
on time step 94832 (time=987.833), 0.0216133 s/step
on time step 95019 (time=989.781), 0.0214822 s/step
on time step 95205 (time=991.719), 0.0216052 s/step
on time step 95391 (time=993.656), 0.0215781 s/step
on time step 95577 (time=995.594), 0.0216134 s/step
on time step 95764 (time=997.542), 0.0214556 s/step
on time step 95950 (time=999.479), 0.0215386 s/step
field decay(t = 1000.4791666666666): 0.05036547892069929 / 0.4616157002772478 = 0.10910694521535907
on time step 96136 (time=1001.42), 0.021554 s/step
on time step 96322 (time=1003.35), 0.0215783 s/step
on time step 96508 (time=1005.29), 0.0216079 s/step
on time step 96694 (time=1007.23), 0.0215569 s/step
on time step 96880 (time=1009.17), 0.0215826 s/step
on time step 97066 (time=1011.1), 0.0215683 s/step
on time step 97252 (time=1013.04), 0.0215769 s/step
on time step 97438 (time=1014.98), 0.021563 s/step
on time step 97624 (time=1016.92), 0.0215565 s/step
on time step 97810 (time=1018.85), 0.0215747 s/step
field decay(t = 1020.4895833333333): 0.03477205435489185 / 0.4616157002772478 = 0.07532684510948749
on time step 97996 (time=1020.79), 0.0215588 s/step
on time step 98182 (time=1022.73), 0.0215672 s/step
on time step 98368 (time=1024.67), 0.0215745 s/step
on time step 98554 (time=1026.6), 0.0215184 s/step
on time step 98740 (time=1028.54), 0.0215464 s/step
on time step 98926 (time=1030.48), 0.0215492 s/step
on time step 99112 (time=1032.42), 0.021529 s/step
on time step 99298 (time=1034.35), 0.0215135 s/step
on time step 99484 (time=1036.29), 0.0215459 s/step
on time step 99670 (time=1038.23), 0.0215335 s/step
on time step 99855 (time=1040.16), 0.0216464 s/step
field decay(t = 1040.4895833333333): 0.02101985267740073 / 0.4616157002772478 = 0.04553539375886943
on time step 100041 (time=1042.09), 0.021548 s/step
on time step 100227 (time=1044.03), 0.0215227 s/step
on time step 100413 (time=1045.97), 0.0215704 s/step
on time step 100599 (time=1047.91), 0.021574 s/step
on time step 100785 (time=1049.84), 0.0215609 s/step
on time step 100971 (time=1051.78), 0.0215462 s/step
on time step 101160 (time=1053.75), 0.0212116 s/step
on time step 101350 (time=1055.73), 0.021079 s/step
on time step 101539 (time=1057.7), 0.0211813 s/step
on time step 101727 (time=1059.66), 0.0213221 s/step
field decay(t = 1060.5): 0.01360735596225543 / 0.4616157002772478 = 0.029477671478857437
on time step 101915 (time=1061.61), 0.0213131 s/step
on time step 102103 (time=1063.57), 0.0213531 s/step
on time step 102291 (time=1065.53), 0.0213292 s/step
on time step 102480 (time=1067.5), 0.0212284 s/step
on time step 102669 (time=1069.47), 0.0212089 s/step
on time step 102857 (time=1071.43), 0.0213002 s/step
on time step 103046 (time=1073.4), 0.0212228 s/step
on time step 103235 (time=1075.36), 0.0212681 s/step
on time step 103424 (time=1077.33), 0.0212704 s/step
on time step 103612 (time=1079.29), 0.0213196 s/step
field decay(t = 1080.5104166666665): 0.007589962860230503 / 0.4616157002772478 = 0.016442167923820503
on time step 103800 (time=1081.25), 0.0213437 s/step
on time step 103989 (time=1083.22), 0.0212192 s/step
on time step 104177 (time=1085.18), 0.0213695 s/step
on time step 104366 (time=1087.15), 0.0212305 s/step
on time step 104554 (time=1089.1), 0.0212911 s/step
on time step 104742 (time=1091.06), 0.0212773 s/step
on time step 104930 (time=1093.02), 0.0212827 s/step
on time step 105118 (time=1094.98), 0.021386 s/step
on time step 105307 (time=1096.95), 0.0212404 s/step
on time step 105495 (time=1098.91), 0.0213331 s/step
field decay(t = 1100.5208333333333): 0.004607270394624997 / 0.4616157002772478 = 0.009980748904029599
on time step 105683 (time=1100.86), 0.0213158 s/step
on time step 105871 (time=1102.82), 0.0212818 s/step
on time step 106059 (time=1104.78), 0.0212875 s/step
on time step 106247 (time=1106.74), 0.0213159 s/step
on time step 106435 (time=1108.7), 0.0213058 s/step
on time step 106623 (time=1110.66), 0.0213632 s/step
on time step 106811 (time=1112.61), 0.021294 s/step
on time step 107000 (time=1114.58), 0.0212307 s/step
on time step 107189 (time=1116.55), 0.0212123 s/step
on time step 107378 (time=1118.52), 0.0212128 s/step
on time step 107566 (time=1120.48), 0.0213272 s/step
field decay(t = 1120.53125): 0.0023713196745611723 / 0.4616157002772478 = 0.00513699961491117
on time step 107754 (time=1122.44), 0.0213058 s/step
on time step 107943 (time=1124.41), 0.0212101 s/step
on time step 108131 (time=1126.36), 0.0212863 s/step
on time step 108320 (time=1128.33), 0.0212133 s/step
on time step 108508 (time=1130.29), 0.021372 s/step
on time step 108696 (time=1132.25), 0.0212994 s/step
on time step 108884 (time=1134.21), 0.0212938 s/step
on time step 109073 (time=1136.18), 0.0212713 s/step
on time step 109261 (time=1138.14), 0.0213106 s/step
on time step 109450 (time=1140.1), 0.0212227 s/step
field decay(t = 1140.5416666666665): 0.001349780565607609 / 0.4616157002772478 = 0.00292403521976598
on time step 109639 (time=1142.07), 0.0212301 s/step
on time step 109828 (time=1144.04), 0.0212452 s/step
on time step 110016 (time=1146), 0.0212948 s/step
on time step 110205 (time=1147.97), 0.0211775 s/step
on time step 110394 (time=1149.94), 0.0212698 s/step
on time step 110582 (time=1151.9), 0.0212961 s/step
on time step 110771 (time=1153.86), 0.0211836 s/step
on time step 110961 (time=1155.84), 0.0211373 s/step
on time step 111150 (time=1157.81), 0.0211689 s/step
on time step 111339 (time=1159.78), 0.0211709 s/step
field decay(t = 1160.5520833333333): 0.000667455237616454 / 0.4616157002772478 = 0.0014459110407544161
on time step 111528 (time=1161.75), 0.0211701 s/step
on time step 111717 (time=1163.72), 0.0212026 s/step
on time step 111906 (time=1165.69), 0.0212263 s/step
on time step 112094 (time=1167.65), 0.0212813 s/step
on time step 112283 (time=1169.61), 0.0212543 s/step
on time step 112472 (time=1171.58), 0.0211708 s/step
on time step 112661 (time=1173.55), 0.021195 s/step
on time step 112850 (time=1175.52), 0.021172 s/step
on time step 113039 (time=1177.49), 0.0212042 s/step
on time step 113228 (time=1179.46), 0.0211706 s/step
field decay(t = 1180.5625): 0.00034218221088788914 / 0.4616157002772478 = 0.0007412707381537791
on time step 113417 (time=1181.43), 0.0211837 s/step
on time step 113605 (time=1183.39), 0.0213199 s/step
on time step 113794 (time=1185.35), 0.0211996 s/step
on time step 113983 (time=1187.32), 0.0212168 s/step
on time step 114172 (time=1189.29), 0.02126 s/step
on time step 114358 (time=1191.23), 0.0215552 s/step
on time step 114543 (time=1193.16), 0.0217184 s/step
on time step 114729 (time=1195.09), 0.0215669 s/step
on time step 114914 (time=1197.02), 0.0216283 s/step
on time step 115099 (time=1198.95), 0.0216219 s/step
field decay(t = 1200.5729166666665): 0.00017750371239095035 / 0.4616157002772478 = 0.0003845270260182682
on time step 115285 (time=1200.89), 0.021568 s/step
on time step 115471 (time=1202.82), 0.0215726 s/step
on time step 115657 (time=1204.76), 0.0215893 s/step
on time step 115843 (time=1206.7), 0.0215616 s/step
on time step 116028 (time=1208.62), 0.0216528 s/step
on time step 116214 (time=1210.56), 0.0215454 s/step
on time step 116400 (time=1212.5), 0.0215915 s/step
on time step 116585 (time=1214.43), 0.0216534 s/step
on time step 116771 (time=1216.36), 0.0215862 s/step
on time step 116957 (time=1218.3), 0.0215712 s/step
on time step 117143 (time=1220.24), 0.021577 s/step
field decay(t = 1220.5833333333333): 7.506794884012332e-05 / 0.4616157002772478 = 0.0001626200079309202
on time step 117329 (time=1222.18), 0.0216002 s/step
on time step 117515 (time=1224.11), 0.0215981 s/step
on time step 117700 (time=1226.04), 0.0216519 s/step
on time step 117886 (time=1227.98), 0.0215497 s/step
on time step 118072 (time=1229.92), 0.0216028 s/step
on time step 118258 (time=1231.85), 0.0215732 s/step
on time step 118444 (time=1233.79), 0.0216022 s/step
on time step 118629 (time=1235.72), 0.0216256 s/step
on time step 118814 (time=1237.65), 0.0216562 s/step
on time step 119000 (time=1239.58), 0.0216105 s/step
field decay(t = 1240.59375): 3.6517695443194e-05 / 0.4616157002772478 = 7.910843461619992e-05
on time step 119186 (time=1241.52), 0.0215935 s/step
on time step 119371 (time=1243.45), 0.0216317 s/step
on time step 119556 (time=1245.38), 0.021673 s/step
on time step 119741 (time=1247.3), 0.0216431 s/step
on time step 119927 (time=1249.24), 0.0215819 s/step
on time step 120112 (time=1251.17), 0.0216992 s/step
on time step 120297 (time=1253.09), 0.0216972 s/step
on time step 120482 (time=1255.02), 0.0216395 s/step
on time step 120668 (time=1256.96), 0.0216006 s/step
on time step 120854 (time=1258.9), 0.021558 s/step
field decay(t = 1260.6041666666665): 1.4252155177679276e-05 / 0.4616157002772478 = 3.087450268506766e-05
on time step 121038 (time=1260.81), 0.0217705 s/step
on time step 121223 (time=1262.74), 0.0216494 s/step
on time step 121409 (time=1264.68), 0.0216073 s/step
on time step 121594 (time=1266.6), 0.021648 s/step
on time step 121779 (time=1268.53), 0.0216734 s/step
on time step 121964 (time=1270.46), 0.0216768 s/step
on time step 122149 (time=1272.39), 0.0216449 s/step
on time step 122334 (time=1274.31), 0.0216409 s/step
on time step 122520 (time=1276.25), 0.0215822 s/step
on time step 122705 (time=1278.18), 0.0216294 s/step
on time step 122890 (time=1280.1), 0.0216227 s/step
field decay(t = 1280.6145833333333): 6.501886626264045e-06 / 0.4616157002772478 = 1.4085063879670886e-05
on time step 123074 (time=1282.02), 0.0217761 s/step
on time step 123260 (time=1283.96), 0.0215966 s/step
on time step 123445 (time=1285.89), 0.0216828 s/step
on time step 123630 (time=1287.81), 0.0216533 s/step
on time step 123815 (time=1289.74), 0.0216405 s/step
on time step 124000 (time=1291.67), 0.0216883 s/step
on time step 124185 (time=1293.59), 0.0216435 s/step
on time step 124371 (time=1295.53), 0.0215932 s/step
on time step 124556 (time=1297.46), 0.0216664 s/step
on time step 124741 (time=1299.39), 0.0216717 s/step
field decay(t = 1300.625): 2.3418974408637314e-06 / 0.4616157002772478 = 5.073262108410049e-06
on time step 124927 (time=1301.32), 0.0216167 s/step
on time step 125112 (time=1303.25), 0.0217152 s/step
on time step 125299 (time=1305.2), 0.0214059 s/step
on time step 125486 (time=1307.15), 0.021413 s/step
on time step 125672 (time=1309.08), 0.0215274 s/step
on time step 125859 (time=1311.03), 0.0214498 s/step
on time step 126044 (time=1312.96), 0.0216628 s/step
on time step 126231 (time=1314.91), 0.0214142 s/step
on time step 126418 (time=1316.85), 0.0214437 s/step
on time step 126602 (time=1318.77), 0.0217538 s/step
field decay(t = 1320.6354166666665): 1.0019732549485755e-06 / 0.4616157002772478 = 2.170578804721736e-06
on time step 126786 (time=1320.69), 0.0218036 s/step
on time step 126973 (time=1322.64), 0.0214797 s/step
on time step 127158 (time=1324.56), 0.0216462 s/step
on time step 127342 (time=1326.48), 0.021806 s/step
on time step 127526 (time=1328.4), 0.0217845 s/step
on time step 127710 (time=1330.31), 0.0217433 s/step
on time step 127894 (time=1332.23), 0.0217699 s/step
on time step 128078 (time=1334.15), 0.0218073 s/step
on time step 128262 (time=1336.06), 0.0218223 s/step
on time step 128446 (time=1337.98), 0.0218159 s/step
on time step 128630 (time=1339.9), 0.0218567 s/step
field decay(t = 1340.6458333333333): 3.535934336321088e-07 / 0.4616157002772478 = 7.659909171627818e-07
on time step 128813 (time=1341.8), 0.0219468 s/step
on time step 128996 (time=1343.71), 0.0218935 s/step
on time step 129179 (time=1345.61), 0.0219061 s/step
on time step 129363 (time=1347.53), 0.0218466 s/step
on time step 129546 (time=1349.44), 0.0219108 s/step
on time step 129729 (time=1351.34), 0.0219515 s/step
on time step 129913 (time=1353.26), 0.0218506 s/step
on time step 130097 (time=1355.18), 0.0218473 s/step
on time step 130279 (time=1357.07), 0.021988 s/step
on time step 130462 (time=1358.98), 0.0219645 s/step
field decay(t = 1360.65625): 1.3364838902022086e-07 / 0.4616157002772478 = 2.8952305768619054e-07
on time step 130645 (time=1360.89), 0.0218781 s/step
on time step 130828 (time=1362.79), 0.021891 s/step
on time step 131011 (time=1364.7), 0.0218758 s/step
on time step 131194 (time=1366.6), 0.0219199 s/step
on time step 131377 (time=1368.51), 0.0218952 s/step
on time step 131560 (time=1370.42), 0.0218833 s/step
on time step 131743 (time=1372.32), 0.0219077 s/step
on time step 131926 (time=1374.23), 0.0218894 s/step
on time step 132109 (time=1376.14), 0.0219157 s/step
on time step 132292 (time=1378.04), 0.021859 s/step
on time step 132475 (time=1379.95), 0.0218761 s/step
field decay(t = 1380.6666666666665): 5.188140991480538e-08 / 0.4616157002772478 = 1.123909127953084e-07
on time step 132658 (time=1381.85), 0.0219067 s/step
on time step 132841 (time=1383.76), 0.0218886 s/step
on time step 133024 (time=1385.67), 0.0218966 s/step
on time step 133206 (time=1387.56), 0.0220232 s/step
on time step 133389 (time=1389.47), 0.0219164 s/step
on time step 133572 (time=1391.38), 0.0218706 s/step
on time step 133755 (time=1393.28), 0.0219305 s/step
on time step 133939 (time=1395.2), 0.0218521 s/step
on time step 134122 (time=1397.1), 0.0218695 s/step
on time step 134305 (time=1399.01), 0.0219495 s/step
field decay(t = 1400.6770833333333): 1.5430783354149797e-08 / 0.4616157002772478 = 3.3427769776638927e-08
on time step 134489 (time=1400.93), 0.0218393 s/step
on time step 134673 (time=1402.84), 0.0218527 s/step
on time step 134856 (time=1404.75), 0.0218609 s/step
on time step 135040 (time=1406.67), 0.0217856 s/step
on time step 135224 (time=1408.58), 0.0217996 s/step
on time step 135409 (time=1410.51), 0.0217339 s/step
on time step 135599 (time=1412.49), 0.0211422 s/step
on time step 135788 (time=1414.46), 0.0211716 s/step
on time step 135978 (time=1416.44), 0.0211035 s/step
on time step 136167 (time=1418.41), 0.021179 s/step
on time step 136356 (time=1420.38), 0.0211658 s/step
field decay(t = 1420.6875): 5.644093932989992e-09 / 0.4616157002772478 = 1.2226824021800237e-08
on time step 136544 (time=1422.33), 0.021313 s/step
on time step 136731 (time=1424.28), 0.0213994 s/step
on time step 136915 (time=1426.2), 0.0217744 s/step
on time step 137099 (time=1428.11), 0.0217567 s/step
on time step 137284 (time=1430.04), 0.0217066 s/step
on time step 137469 (time=1431.97), 0.0217187 s/step
on time step 137653 (time=1433.89), 0.0217566 s/step
on time step 137838 (time=1435.81), 0.0217143 s/step
on time step 138022 (time=1437.73), 0.0217756 s/step
on time step 138206 (time=1439.65), 0.0217559 s/step
field decay(t = 1440.6979166666665): 1.542676262324247e-09 / 0.4616157002772478 = 3.34190596506512e-09
on time step 138390 (time=1441.56), 0.021786 s/step
on time step 138574 (time=1443.48), 0.021775 s/step
on time step 138758 (time=1445.4), 0.0218061 s/step
on time step 138942 (time=1447.31), 0.0218122 s/step
on time step 139126 (time=1449.23), 0.0217895 s/step
on time step 139310 (time=1451.15), 0.0218192 s/step
on time step 139494 (time=1453.06), 0.0218153 s/step
on time step 139678 (time=1454.98), 0.0218278 s/step
on time step 139862 (time=1456.9), 0.0218012 s/step
on time step 140046 (time=1458.81), 0.0218295 s/step
field decay(t = 1460.7083333333333): 5.292949490900064e-10 / 0.4616157002772478 = 1.1466138365140315e-09
on time step 140230 (time=1460.73), 0.0218527 s/step
on time step 140413 (time=1462.64), 0.021861 s/step
on time step 140597 (time=1464.55), 0.0218524 s/step
on time step 140780 (time=1466.46), 0.0218671 s/step
on time step 140964 (time=1468.38), 0.0218006 s/step
on time step 141148 (time=1470.29), 0.0218338 s/step
on time step 141332 (time=1472.21), 0.0218265 s/step
on time step 141516 (time=1474.12), 0.0218553 s/step
on time step 141699 (time=1476.03), 0.0219275 s/step
on time step 141883 (time=1477.95), 0.0217994 s/step
on time step 142066 (time=1479.85), 0.0218965 s/step
field decay(t = 1480.71875): 1.3344148030183927e-10 / 0.4616157002772478 = 2.890748304741236e-10
on time step 142251 (time=1481.78), 0.0217133 s/step
on time step 142435 (time=1483.7), 0.0218538 s/step
on time step 142619 (time=1485.61), 0.0218175 s/step
on time step 142803 (time=1487.53), 0.0218206 s/step
on time step 142991 (time=1489.49), 0.021381 s/step
on time step 143178 (time=1491.44), 0.0214196 s/step
on time step 143366 (time=1493.4), 0.0213838 s/step
on time step 143554 (time=1495.35), 0.021357 s/step
on time step 143742 (time=1497.31), 0.0213689 s/step
on time step 143930 (time=1499.27), 0.0213846 s/step
2026-05-30 15:25:13 [INFO] D11_scaled_deep_groove: Checkpointed 7 completed spectra row(s) to /mnt/c/Users/admin/Meep_Simulation/meep_sim/results/diagnostics_v2/tables/D11_thickness_3um_quick_spectra_checkpoint.csv
2026-05-30 15:25:13 [INFO] D11_scaled_deep_groove: >>> task=8/10 case=scaled_inner_wall_film_3um pol=Hz wl=10.009 res=24 pml=4
2026-05-30 15:25:13 [INFO] D11_scaled_deep_groove: [single ref] wl=10.009 um, f=0.0999101, res=24, comp=Hz
field decay(t = 1500.7291666666665): 4.291333476348806e-11 / 0.4616157002772478 = 9.296333451768253e-11
run 0 finished at t = 1500.7291666666665 (144070 timesteps)
-----------
Initializing structure...
Splitting into 16 chunks by voxels
time for choose_chunkdivision = 0.000609335 s
Working in 2D dimensions.
Computational cell is 50 x 49 x 0 with resolution 24
time for set_epsilon = 0.137498 s
-----------
field decay(t = 20.010416666666664): 2.5335633193753584e-10 / 2.5335633193753584e-10 = 1.0
on time step 3434 (time=35.7708), 0.00116519 s/step
field decay(t = 40.010416666666664): 2.4997380401062046e-11 / 2.5335633193753584e-10 = 0.09866491281230369
field decay(t = 60.02083333333333): 7.751982386470893e-11 / 2.5335633193753584e-10 = 0.30597152742099687
on time step 6962 (time=72.5208), 0.00113391 s/step
field decay(t = 80.02083333333333): 2.34778594475275e-10 / 2.5335633193753584e-10 = 0.9266734826787708
field decay(t = 100.03125): 6.910243093609341e-10 / 6.910243093609341e-10 = 1.0
on time step 10496 (time=109.333), 0.00113204 s/step
field decay(t = 120.04166666666666): 1.9761760311890746e-09 / 1.9761760311890746e-09 = 1.0
field decay(t = 140.04166666666666): 5.491617965926656e-09 / 5.491617965926656e-09 = 1.0
on time step 14030 (time=146.146), 0.00113193 s/step
field decay(t = 160.05208333333331): 1.4827173592573885e-08 / 1.4827173592573885e-08 = 1.0
field decay(t = 180.0625): 3.8896686545183836e-08 / 3.8896686545183836e-08 = 1.0
on time step 17564 (time=182.958), 0.00113192 s/step
field decay(t = 200.07291666666666): 9.914176181840263e-08 / 9.914176181840263e-08 = 1.0
on time step 21104 (time=219.833), 0.00113014 s/step
field decay(t = 220.08333333333331): 2.4553367413675e-07 / 2.4553367413675e-07 = 1.0
field decay(t = 240.09375): 5.908205742032644e-07 / 5.908205742032644e-07 = 1.0
on time step 24395 (time=254.115), 0.0012157 s/step
field decay(t = 260.10416666666663): 1.3813210300041446e-06 / 1.3813210300041446e-06 = 1.0
field decay(t = 280.1145833333333): 3.1378898577579806e-06 / 3.1378898577579806e-06 = 1.0
on time step 27670 (time=288.229), 0.00122145 s/step
field decay(t = 300.125): 6.925827677668753e-06 / 6.925827677668753e-06 = 1.0
field decay(t = 320.13541666666663): 1.485267625879372e-05 / 1.485267625879372e-05 = 1.0
on time step 30944 (time=322.333), 0.00122188 s/step
field decay(t = 340.1458333333333): 3.094824675872066e-05 / 3.094824675872066e-05 = 1.0
on time step 34211 (time=356.365), 0.00122475 s/step
field decay(t = 360.15625): 6.26554983643387e-05 / 6.26554983643387e-05 = 1.0
field decay(t = 380.16666666666663): 0.0001232496347284719 / 0.0001232496347284719 = 1.0
on time step 37490 (time=390.521), 0.00121991 s/step
field decay(t = 400.1770833333333): 0.00023556236421464144 / 0.00023556236421464144 = 1.0
field decay(t = 420.1875): 0.0004374420106227874 / 0.0004374420106227874 = 1.0
on time step 40765 (time=424.635), 0.00122166 s/step
field decay(t = 440.19791666666663): 0.0007892923863720993 / 0.0007892923863720993 = 1.0
on time step 44035 (time=458.698), 0.00122351 s/step
field decay(t = 460.2083333333333): 0.0013837157260329796 / 0.0013837157260329796 = 1.0
field decay(t = 480.21875): 0.0023569762386386286 / 0.0023569762386386286 = 1.0
on time step 47309 (time=492.802), 0.00122182 s/step
field decay(t = 500.22916666666663): 0.0039008689203064812 / 0.0039008689203064812 = 1.0
field decay(t = 520.2291666666666): 0.006272766060193828 / 0.006272766060193828 = 1.0
on time step 50584 (time=526.917), 0.00122141 s/step
field decay(t = 540.2395833333333): 0.009800790820176623 / 0.009800790820176623 = 1.0
field decay(t = 560.25): 0.014878393423478596 / 0.014878393423478596 = 1.0
on time step 53863 (time=561.073), 0.00122015 s/step
field decay(t = 580.2604166666666): 0.021945534826234264 / 0.021945534826234264 = 1.0
on time step 57078 (time=594.562), 0.00124434 s/step
field decay(t = 600.2708333333333): 0.03145127633502517 / 0.03145127633502517 = 1.0
field decay(t = 620.28125): 0.043794740160197555 / 0.043794740160197555 = 1.0
on time step 60094 (time=625.979), 0.0013263 s/step
field decay(t = 640.2916666666666): 0.05925238002090586 / 0.05925238002090586 = 1.0
on time step 63145 (time=657.76), 0.00131118 s/step
field decay(t = 660.3020833333333): 0.07789089056063968 / 0.07789089056063968 = 1.0
field decay(t = 680.3125): 0.09948534689898013 / 0.09948534689898013 = 1.0
on time step 66195 (time=689.531), 0.00131177 s/step
field decay(t = 700.3229166666666): 0.12346295748701791 / 0.12346295748701791 = 1.0
field decay(t = 720.3333333333333): 0.1488697012434175 / 0.1488697012434175 = 1.0
on time step 69251 (time=721.365), 0.00130905 s/step
field decay(t = 740.34375): 0.1744102381799309 / 0.1744102381799309 = 1.0
on time step 72304 (time=753.167), 0.00131028 s/step
field decay(t = 760.3541666666666): 0.1985357894982572 / 0.1985357894982572 = 1.0
field decay(t = 780.3645833333333): 0.21958224466390602 / 0.21958224466390602 = 1.0
on time step 75338 (time=784.771), 0.00131861 s/step
field decay(t = 800.375): 0.23596989114009123 / 0.23596989114009123 = 1.0
on time step 78137 (time=813.927), 0.00142931 s/step
field decay(t = 820.3854166666666): 0.24638382773820813 / 0.24638382773820813 = 1.0
field decay(t = 840.3958333333333): 0.249953758338007 / 0.249953758338007 = 1.0
on time step 80927 (time=842.99), 0.001434 s/step
field decay(t = 860.40625): 0.24973135269077634 / 0.249953758338007 = 0.9991102128301271
on time step 83732 (time=872.208), 0.00142604 s/step
field decay(t = 880.4166666666666): 0.2443966541019286 / 0.249953758338007 = 0.9777674707792805
field decay(t = 900.4270833333333): 0.23238763365884288 / 0.249953758338007 = 0.9297225022901643
on time step 86540 (time=901.458), 0.00142469 s/step
field decay(t = 920.4375): 0.21470017213963333 / 0.249953758338007 = 0.8589595674304644
on time step 89342 (time=930.646), 0.00142759 s/step
field decay(t = 940.4479166666666): 0.19272735112625214 / 0.249953758338007 = 0.7710520234131913
on time step 92143 (time=959.823), 0.00142833 s/step
field decay(t = 960.4583333333333): 0.16809501062471027 / 0.249953758338007 = 0.6725044333896315
field decay(t = 980.46875): 0.14245017090045006 / 0.249953758338007 = 0.5699060972222623
on time step 94956 (time=989.125), 0.00142218 s/step
field decay(t = 1000.4791666666666): 0.11729046456799776 / 0.249953758338007 = 0.46924865362251694
on time step 97780 (time=1018.54), 0.00141653 s/step
field decay(t = 1020.4895833333333): 0.09383565493076586 / 0.249953758338007 = 0.37541205843312003
field decay(t = 1040.4895833333333): 0.07293984109777013 / 0.249953758338007 = 0.2918133401264372
on time step 100577 (time=1047.68), 0.00143021 s/step
field decay(t = 1060.5): 0.05508813868953247 / 0.249953758338007 = 0.22039332017179747
on time step 103379 (time=1076.86), 0.00142801 s/step
field decay(t = 1080.5104166666665): 0.04042520330815524 / 0.249953758338007 = 0.16173072802325747
field decay(t = 1100.5208333333333): 0.028822915136590205 / 0.249953758338007 = 0.11531298960351541
on time step 106204 (time=1106.29), 0.00141614 s/step
field decay(t = 1120.53125): 0.019967555397793574 / 0.249953758338007 = 0.07988499765141313
on time step 109028 (time=1135.71), 0.00141694 s/step
field decay(t = 1140.5416666666665): 0.013440263263856432 / 0.249953758338007 = 0.05377099889684978
field decay(t = 1160.5520833333333): 0.008789878591584416 / 0.249953758338007 = 0.03516601890697741
on time step 111836 (time=1164.96), 0.00142466 s/step
field decay(t = 1180.5625): 0.005585511425489305 / 0.249953758338007 = 0.02234617899978179
on time step 114664 (time=1194.42), 0.00141473 s/step
field decay(t = 1200.5729166666665): 0.0034485345453959828 / 0.249953758338007 = 0.013796690109106521
field decay(t = 1220.5833333333333): 0.002068727969476647 / 0.249953758338007 = 0.008276442743778038
on time step 117472 (time=1223.67), 0.00142487 s/step
field decay(t = 1240.59375): 0.0012057914904179787 / 0.249953758338007 = 0.004824058251556327
on time step 120352 (time=1253.67), 0.0013893 s/step
field decay(t = 1260.6041666666665): 0.0006828614796996503 / 0.249953758338007 = 0.0027319512386616393
field decay(t = 1280.6145833333333): 0.00037574664931549156 / 0.249953758338007 = 0.0015032646510854922
on time step 123217 (time=1283.51), 0.00139659 s/step
field decay(t = 1300.625): 0.0002008873941175199 / 0.249953758338007 = 0.0008036982338383737
on time step 126079 (time=1313.32), 0.00139781 s/step
field decay(t = 1320.6354166666665): 0.00010435261840301767 / 0.249953758338007 = 0.00041748769491156804
field decay(t = 1340.6458333333333): 5.266936567086699e-05 / 0.249953758338007 = 0.0002107164381967138
on time step 128964 (time=1343.38), 0.00138662 s/step
field decay(t = 1360.65625): 2.582880558865716e-05 / 0.249953758338007 = 0.00010333433576033464
on time step 131843 (time=1373.36), 0.00138958 s/step
field decay(t = 1380.6666666666665): 1.2306902478805105e-05 / 0.249953758338007 = 4.9236717065733215e-05
field decay(t = 1400.6770833333333): 5.69760453713897e-06 / 0.249953758338007 = 2.2794634395671793e-05
on time step 134716 (time=1403.29), 0.00139249 s/step
field decay(t = 1420.6875): 2.5628732569570808e-06 / 0.249953758338007 = 1.0253389562926129e-05
on time step 137596 (time=1433.29), 0.00138895 s/step
field decay(t = 1440.6979166666665): 1.1201220250014813e-06 / 0.249953758338007 = 4.48131699418884e-06
field decay(t = 1460.7083333333333): 4.756612702087899e-07 / 0.249953758338007 = 1.9029970718246354e-06
on time step 140468 (time=1463.21), 0.0013931 s/step
field decay(t = 1480.71875): 1.962561056083638e-07 / 0.249953758338007 = 7.851696526321919e-07
on time step 143331 (time=1493.03), 0.00139747 s/step
field decay(t = 1500.7291666666665): 7.867801175589247e-08 / 0.249953758338007 = 3.1477026902511265e-07
field decay(t = 1520.7395833333333): 3.06460630142904e-08 / 0.249953758338007 = 1.2260693025006807e-07
on time step 146219 (time=1523.11), 0.00138507 s/step
field decay(t = 1540.75): 1.1598231801620612e-08 / 0.249953758338007 = 4.6401509938236565e-08
on time step 149096 (time=1553.08), 0.00139036 s/step
field decay(t = 1560.7604166666665): 4.2649588300589714e-09 / 0.249953758338007 = 1.7062991404560362e-08
field decay(t = 1580.7708333333333): 1.5237813257774061e-09 / 0.249953758338007 = 6.096252906574943e-09
on time step 151961 (time=1582.93), 0.00139656 s/step
field decay(t = 1600.78125): 5.289666623202731e-10 / 0.249953758338007 = 2.116258086445586e-09
on time step 154832 (time=1612.83), 0.00139336 s/step
field decay(t = 1620.7916666666665): 1.784255144394334e-10 / 0.249953758338007 = 7.138340932571714e-10
field decay(t = 1640.8020833333333): 5.847016053261766e-11 / 0.249953758338007 = 2.3392391025203046e-10
on time step 157646 (time=1642.15), 0.00142148 s/step
field decay(t = 1660.8125): 1.8618265632534955e-11 / 0.249953758338007 = 7.448684011127323e-11
on time step 160443 (time=1671.28), 0.00143012 s/step
field decay(t = 1680.8229166666665): 2.3903929845573876e-10 / 0.249953758338007 = 9.563340837327643e-10
run 0 finished at t = 1680.8229166666665 (161359 timesteps)
-----------
Initializing structure...
Splitting into 16 chunks by voxels
time for choose_chunkdivision = 0.000666278 s
Working in 2D dimensions.
Computational cell is 50 x 49 x 0 with resolution 24
     block, center = (0,-4,0)
          size (50,25,1e+20)
          axes (1,0,0), (0,1,0), (0,0,1)
          dielectric constant epsilon diagonal = (1,1,1)
     prism, center = (2.72978,1,5e+19)
          height 1e+20, axis (0,0,1), sidewall angle: 0 radians, 4 vertices:
          (-10,8.5,0)
          (10,8.5,0)
          (15.4596,-6.5,0)
          (-4.54045,-6.5,0)
          dielectric constant epsilon diagonal = (2.70559,2.70559,2.70559)
     prism, center = (2.18382,2.5,5e+19)
          height 1e+20, axis (0,0,1), sidewall angle: 0 radians, 4 vertices:
          (-7,8.5,0)
          (7,8.5,0)
          (11.3676,-3.5,0)
          (-2.63236,-3.5,0)
          dielectric constant epsilon diagonal = (1,1,1)
time for set_epsilon = 1.47552 s
time for set_conductivity = 0.0460301 s
time for set_conductivity = 0.0458692 s
time for set_conductivity = 0.046269 s
lorentzian susceptibility: frequency=15.6714, gamma=1.42115
lorentzian susceptibility: frequency=2.02365, gamma=1.3413
lorentzian susceptibility: frequency=1.24613, gamma=2.0309
lorentzian susceptibility: frequency=0.626693, gamma=1.83572
drude susceptibility: frequency=1e-10, gamma=0.0661375
-----------
2026-05-30 15:28:49 [INFO] D11_scaled_deep_groove: [single struct] 3 geometry objects
on time step 320 (time=3.33333), 0.012502 s/step
on time step 652 (time=6.79167), 0.012076 s/step
on time step 982 (time=10.2292), 0.0121371 s/step
on time step 1312 (time=13.6667), 0.0121452 s/step
on time step 1642 (time=17.1042), 0.0121473 s/step
field decay(t = 20.010416666666664): 2.5335633193753584e-10 / 2.5335633193753584e-10 = 1.0
on time step 1972 (time=20.5417), 0.0121397 s/step
on time step 2302 (time=23.9792), 0.012133 s/step
on time step 2632 (time=27.4167), 0.0121398 s/step
on time step 2962 (time=30.8542), 0.0121476 s/step
on time step 3292 (time=34.2917), 0.0121393 s/step
on time step 3622 (time=37.7292), 0.0121383 s/step
field decay(t = 40.010416666666664): 2.7438364265015656e-11 / 2.5335633193753584e-10 = 0.10829950076708757
on time step 3952 (time=41.1667), 0.0121448 s/step
on time step 4282 (time=44.6042), 0.0121321 s/step
on time step 4614 (time=48.0625), 0.0120605 s/step
on time step 5012 (time=52.2083), 0.0100622 s/step
on time step 5328 (time=55.5), 0.0127049 s/step
on time step 5575 (time=58.0729), 0.0162024 s/step
field decay(t = 60.02083333333333): 9.352663846703363e-11 / 2.5335633193753584e-10 = 0.36915058625845715
on time step 5822 (time=60.6458), 0.0162064 s/step
on time step 6069 (time=63.2188), 0.0162014 s/step
on time step 6316 (time=65.7917), 0.0162073 s/step
on time step 6603 (time=68.7812), 0.0139564 s/step
on time step 6794 (time=70.7708), 0.0209517 s/step
on time step 6982 (time=72.7292), 0.0213223 s/step
on time step 7170 (time=74.6875), 0.0213243 s/step
on time step 7358 (time=76.6458), 0.0213226 s/step
on time step 7546 (time=78.6042), 0.0213247 s/step
field decay(t = 80.02083333333333): 2.292852174079698e-10 / 2.5335633193753584e-10 = 0.9049910679339142
on time step 7734 (time=80.5625), 0.0213212 s/step
on time step 7922 (time=82.5208), 0.0213256 s/step
on time step 8110 (time=84.4792), 0.0213245 s/step
on time step 8298 (time=86.4375), 0.0213229 s/step
on time step 8486 (time=88.3958), 0.0213268 s/step
on time step 8674 (time=90.3542), 0.0213165 s/step
on time step 8862 (time=92.3125), 0.0213295 s/step
on time step 9050 (time=94.2708), 0.0213239 s/step
on time step 9238 (time=96.2292), 0.0213267 s/step
on time step 9426 (time=98.1875), 0.0213264 s/step
field decay(t = 100.03125): 6.349287526197513e-10 / 6.349287526197513e-10 = 1.0
on time step 9614 (time=100.146), 0.0213276 s/step
on time step 9802 (time=102.104), 0.0213289 s/step
on time step 9990 (time=104.062), 0.0213236 s/step
on time step 10178 (time=106.021), 0.0213182 s/step
on time step 10366 (time=107.979), 0.0213273 s/step
on time step 10554 (time=109.938), 0.0213205 s/step
on time step 10742 (time=111.896), 0.0213311 s/step
on time step 10930 (time=113.854), 0.0213225 s/step
on time step 11119 (time=115.823), 0.0212676 s/step
on time step 11308 (time=117.792), 0.0212554 s/step
on time step 11497 (time=119.76), 0.0212477 s/step
field decay(t = 120.04166666666666): 1.768036461106801e-09 / 1.768036461106801e-09 = 1.0
on time step 11686 (time=121.729), 0.0212591 s/step
on time step 11875 (time=123.698), 0.0212509 s/step
on time step 12064 (time=125.667), 0.0212485 s/step
on time step 12253 (time=127.635), 0.0212486 s/step
on time step 12442 (time=129.604), 0.0212613 s/step
on time step 12631 (time=131.573), 0.0212543 s/step
on time step 12820 (time=133.542), 0.0212486 s/step
on time step 13009 (time=135.51), 0.0212536 s/step
on time step 13198 (time=137.479), 0.0212568 s/step
on time step 13387 (time=139.448), 0.0212562 s/step
field decay(t = 140.04166666666666): 4.85855071556383e-09 / 4.85855071556383e-09 = 1.0
on time step 13576 (time=141.417), 0.0212562 s/step
on time step 13765 (time=143.385), 0.0212369 s/step
on time step 13954 (time=145.354), 0.0212591 s/step
on time step 14143 (time=147.323), 0.0212524 s/step
on time step 14332 (time=149.292), 0.0212562 s/step
on time step 14521 (time=151.26), 0.0212586 s/step
on time step 14710 (time=153.229), 0.0212536 s/step
on time step 14899 (time=155.198), 0.0212614 s/step
on time step 15088 (time=157.167), 0.0212536 s/step
on time step 15277 (time=159.135), 0.0212543 s/step
field decay(t = 160.05208333333331): 1.3046464538870298e-08 / 1.3046464538870298e-08 = 1.0
on time step 15466 (time=161.104), 0.0212507 s/step
on time step 15655 (time=163.073), 0.0212526 s/step
on time step 15844 (time=165.042), 0.0212539 s/step
on time step 16033 (time=167.01), 0.0212576 s/step
on time step 16222 (time=168.979), 0.0212572 s/step
on time step 16411 (time=170.948), 0.0212598 s/step
on time step 16600 (time=172.917), 0.0212544 s/step
on time step 16789 (time=174.885), 0.0212641 s/step
on time step 16977 (time=176.844), 0.0213516 s/step
on time step 17165 (time=178.802), 0.0213582 s/step
field decay(t = 180.0625): 3.3973032874176356e-08 / 3.3973032874176356e-08 = 1.0
on time step 17353 (time=180.76), 0.0213657 s/step
on time step 17541 (time=182.719), 0.0213567 s/step
on time step 17729 (time=184.677), 0.021332 s/step
on time step 17917 (time=186.635), 0.021311 s/step
on time step 18105 (time=188.594), 0.0213232 s/step
on time step 18293 (time=190.552), 0.021346 s/step
on time step 18481 (time=192.51), 0.0213311 s/step
on time step 18669 (time=194.469), 0.0213558 s/step
on time step 18857 (time=196.427), 0.0213529 s/step
on time step 19045 (time=198.385), 0.021355 s/step
field decay(t = 200.07291666666666): 8.604397858264837e-08 / 8.604397858264837e-08 = 1.0
on time step 19233 (time=200.344), 0.0213547 s/step
on time step 19421 (time=202.302), 0.0213782 s/step
on time step 19609 (time=204.26), 0.0213291 s/step
on time step 19797 (time=206.219), 0.0213521 s/step
on time step 19985 (time=208.177), 0.0213433 s/step
on time step 20173 (time=210.135), 0.0213591 s/step
on time step 20361 (time=212.094), 0.0213513 s/step
on time step 20549 (time=214.052), 0.0213498 s/step
on time step 20737 (time=216.01), 0.0213473 s/step
on time step 20925 (time=217.969), 0.0213507 s/step
on time step 21113 (time=219.927), 0.0213174 s/step
field decay(t = 220.08333333333331): 2.1181015202832326e-07 / 2.1181015202832326e-07 = 1.0
on time step 21301 (time=221.885), 0.0213495 s/step
on time step 21489 (time=223.844), 0.0213205 s/step
on time step 21677 (time=225.802), 0.0213368 s/step
on time step 21865 (time=227.76), 0.0213491 s/step
on time step 22053 (time=229.719), 0.0213456 s/step
on time step 22241 (time=231.677), 0.0213513 s/step
on time step 22429 (time=233.635), 0.0213521 s/step
on time step 22617 (time=235.594), 0.0213397 s/step
on time step 22805 (time=237.552), 0.021311 s/step
on time step 22993 (time=239.51), 0.0213276 s/step
field decay(t = 240.09375): 5.062882316519953e-07 / 5.062882316519953e-07 = 1.0
on time step 23181 (time=241.469), 0.0213297 s/step
on time step 23369 (time=243.427), 0.0213409 s/step
on time step 23557 (time=245.385), 0.0213283 s/step
on time step 23745 (time=247.344), 0.0213538 s/step
on time step 23933 (time=249.302), 0.0213537 s/step
on time step 24121 (time=251.26), 0.021331 s/step
on time step 24309 (time=253.219), 0.0213541 s/step
on time step 24497 (time=255.177), 0.0213529 s/step
on time step 24685 (time=257.135), 0.0213519 s/step
on time step 24873 (time=259.094), 0.0213301 s/step
field decay(t = 260.10416666666663): 1.1757466953299912e-06 / 1.1757466953299912e-06 = 1.0
on time step 25061 (time=261.052), 0.0213116 s/step
on time step 25249 (time=263.01), 0.0213411 s/step
on time step 25437 (time=264.969), 0.0213331 s/step
on time step 25625 (time=266.927), 0.0213484 s/step
on time step 25813 (time=268.885), 0.0213145 s/step
on time step 26001 (time=270.844), 0.0213532 s/step
on time step 26189 (time=272.802), 0.021354 s/step
on time step 26376 (time=274.75), 0.021434 s/step
on time step 26564 (time=276.708), 0.0213599 s/step
on time step 26752 (time=278.667), 0.0213411 s/step
field decay(t = 280.1145833333333): 2.651824719179021e-06 / 2.651824719179021e-06 = 1.0
on time step 26940 (time=280.625), 0.0213886 s/step
on time step 27127 (time=282.573), 0.0214409 s/step
on time step 27314 (time=284.521), 0.0214244 s/step
on time step 27501 (time=286.469), 0.02146 s/step
on time step 27688 (time=288.417), 0.0214211 s/step
on time step 27875 (time=290.365), 0.0214246 s/step
on time step 28062 (time=292.312), 0.0214337 s/step
on time step 28249 (time=294.26), 0.0214275 s/step
on time step 28436 (time=296.208), 0.0214245 s/step
on time step 28623 (time=298.156), 0.0214208 s/step
on time step 28810 (time=300.104), 0.0214178 s/step
field decay(t = 300.125): 5.80942109977882e-06 / 5.80942109977882e-06 = 1.0
on time step 28997 (time=302.052), 0.0214214 s/step
on time step 29184 (time=304), 0.0214229 s/step
on time step 29371 (time=305.948), 0.0214241 s/step
on time step 29558 (time=307.896), 0.0213912 s/step
on time step 29746 (time=309.854), 0.021291 s/step
on time step 29934 (time=311.812), 0.0213544 s/step
on time step 30122 (time=313.771), 0.021377 s/step
on time step 30310 (time=315.729), 0.0213434 s/step
on time step 30498 (time=317.688), 0.0212941 s/step
on time step 30686 (time=319.646), 0.0213399 s/step
field decay(t = 320.13541666666663): 1.2360533617388952e-05 / 1.2360533617388952e-05 = 1.0
on time step 30874 (time=321.604), 0.0213018 s/step
on time step 31062 (time=323.562), 0.0213251 s/step
on time step 31250 (time=325.521), 0.0213182 s/step
on time step 31439 (time=327.49), 0.021269 s/step
on time step 31628 (time=329.458), 0.0212611 s/step
on time step 31817 (time=331.427), 0.0212618 s/step
on time step 32006 (time=333.396), 0.0212621 s/step
on time step 32195 (time=335.365), 0.0212648 s/step
on time step 32384 (time=337.333), 0.021261 s/step
on time step 32573 (time=339.302), 0.0212602 s/step
field decay(t = 340.1458333333333): 2.554323948671287e-05 / 2.554323948671287e-05 = 1.0
on time step 32762 (time=341.271), 0.0212608 s/step
on time step 32951 (time=343.24), 0.0212639 s/step
on time step 33140 (time=345.208), 0.0212649 s/step
on time step 33329 (time=347.177), 0.0212625 s/step
on time step 33518 (time=349.146), 0.0212645 s/step
on time step 33707 (time=351.115), 0.021261 s/step
on time step 33896 (time=353.083), 0.0212624 s/step
on time step 34085 (time=355.052), 0.0212636 s/step
on time step 34274 (time=357.021), 0.0212658 s/step
on time step 34463 (time=358.99), 0.0212586 s/step
field decay(t = 360.15625): 5.126473567518937e-05 / 5.126473567518937e-05 = 1.0
on time step 34652 (time=360.958), 0.0212673 s/step
on time step 34841 (time=362.927), 0.021261 s/step
on time step 35029 (time=364.885), 0.0213515 s/step
on time step 35218 (time=366.854), 0.0212606 s/step
on time step 35407 (time=368.823), 0.0212606 s/step
on time step 35596 (time=370.792), 0.0212607 s/step
on time step 35785 (time=372.76), 0.0212627 s/step
on time step 35974 (time=374.729), 0.0212685 s/step
on time step 36163 (time=376.698), 0.0212543 s/step
on time step 36352 (time=378.667), 0.0212612 s/step
field decay(t = 380.16666666666663): 9.992103684664467e-05 / 9.992103684664467e-05 = 1.0
on time step 36541 (time=380.635), 0.021253 s/step
on time step 36730 (time=382.604), 0.0212541 s/step
on time step 36919 (time=384.573), 0.0212624 s/step
on time step 37108 (time=386.542), 0.021254 s/step
on time step 37297 (time=388.51), 0.0212566 s/step
on time step 37486 (time=390.479), 0.0212585 s/step
on time step 37675 (time=392.448), 0.0212534 s/step
on time step 37864 (time=394.417), 0.0212446 s/step
on time step 38053 (time=396.385), 0.0212075 s/step
on time step 38242 (time=398.354), 0.0212118 s/step
field decay(t = 400.1770833333333): 0.0001891364922578477 / 0.0001891364922578477 = 1.0
on time step 38431 (time=400.323), 0.0212162 s/step
on time step 38620 (time=402.292), 0.0212187 s/step
on time step 38809 (time=404.26), 0.0212194 s/step
on time step 38998 (time=406.229), 0.0212148 s/step
on time step 39187 (time=408.198), 0.0212148 s/step
on time step 39376 (time=410.167), 0.021217 s/step
on time step 39565 (time=412.135), 0.0212132 s/step
on time step 39754 (time=414.104), 0.0212161 s/step
on time step 39943 (time=416.073), 0.021216 s/step
on time step 40132 (time=418.042), 0.0212178 s/step
on time step 40321 (time=420.01), 0.0212217 s/step
field decay(t = 420.1875): 0.00034766214135595444 / 0.00034766214135595444 = 1.0
on time step 40510 (time=421.979), 0.0212189 s/step
on time step 40699 (time=423.948), 0.0212135 s/step
on time step 40888 (time=425.917), 0.0212164 s/step
on time step 41077 (time=427.885), 0.0212197 s/step
on time step 41266 (time=429.854), 0.0212146 s/step
on time step 41455 (time=431.823), 0.0212155 s/step
on time step 41644 (time=433.792), 0.0212233 s/step
on time step 41833 (time=435.76), 0.0212172 s/step
on time step 42022 (time=437.729), 0.0212214 s/step
on time step 42211 (time=439.698), 0.0212199 s/step
field decay(t = 440.19791666666663): 0.0006205600575636417 / 0.0006205600575636417 = 1.0
on time step 42400 (time=441.667), 0.0212213 s/step
on time step 42589 (time=443.635), 0.0212153 s/step
on time step 42778 (time=445.604), 0.0212179 s/step
on time step 42967 (time=447.573), 0.0212173 s/step
on time step 43156 (time=449.542), 0.0212206 s/step
on time step 43345 (time=451.51), 0.0212118 s/step
on time step 43534 (time=453.479), 0.0212153 s/step
on time step 43723 (time=455.448), 0.0212157 s/step
on time step 43912 (time=457.417), 0.0212181 s/step
on time step 44101 (time=459.385), 0.0212153 s/step
field decay(t = 460.2083333333333): 0.0010755599113002705 / 0.0010755599113002705 = 1.0
on time step 44290 (time=461.354), 0.0212142 s/step
on time step 44479 (time=463.323), 0.0212142 s/step
on time step 44668 (time=465.292), 0.0212148 s/step
on time step 44857 (time=467.26), 0.0212148 s/step
on time step 45046 (time=469.229), 0.0212085 s/step
on time step 45235 (time=471.198), 0.0212164 s/step
on time step 45424 (time=473.167), 0.0212191 s/step
on time step 45613 (time=475.135), 0.0212144 s/step
on time step 45802 (time=477.104), 0.0212116 s/step
on time step 45991 (time=479.073), 0.0212214 s/step
field decay(t = 480.21875): 0.0018100715705295911 / 0.0018100715705295911 = 1.0
on time step 46180 (time=481.042), 0.0212169 s/step
on time step 46369 (time=483.01), 0.0212146 s/step
on time step 46558 (time=484.979), 0.0212115 s/step
on time step 46747 (time=486.948), 0.0212518 s/step
on time step 46936 (time=488.917), 0.0212635 s/step
on time step 47125 (time=490.885), 0.0212621 s/step
on time step 47314 (time=492.854), 0.021263 s/step
on time step 47503 (time=494.823), 0.0212633 s/step
on time step 47691 (time=496.781), 0.0212858 s/step
on time step 47879 (time=498.74), 0.0212833 s/step
field decay(t = 500.22916666666663): 0.00295758569357098 / 0.00295758569357098 = 1.0
on time step 48067 (time=500.698), 0.0212974 s/step
on time step 48255 (time=502.656), 0.0212933 s/step
on time step 48443 (time=504.615), 0.0212939 s/step
on time step 48631 (time=506.573), 0.0212861 s/step
on time step 48819 (time=508.531), 0.0212911 s/step
on time step 49007 (time=510.49), 0.0212844 s/step
on time step 49195 (time=512.448), 0.0213753 s/step
on time step 49383 (time=514.406), 0.0213638 s/step
on time step 49571 (time=516.365), 0.0213854 s/step
on time step 49758 (time=518.312), 0.0213926 s/step
field decay(t = 520.2291666666666): 0.004691694461056305 / 0.004691694461056305 = 1.0
on time step 49945 (time=520.26), 0.0213907 s/step
on time step 50133 (time=522.219), 0.021386 s/step
on time step 50321 (time=524.177), 0.0213667 s/step
on time step 50509 (time=526.135), 0.0213858 s/step
on time step 50696 (time=528.083), 0.0214002 s/step
on time step 50883 (time=530.031), 0.0213963 s/step
on time step 51071 (time=531.99), 0.0213619 s/step
on time step 51258 (time=533.938), 0.0213911 s/step
on time step 51446 (time=535.896), 0.0213665 s/step
on time step 51634 (time=537.854), 0.0213804 s/step
on time step 51822 (time=539.812), 0.0213852 s/step
field decay(t = 540.2395833333333): 0.00722526513550291 / 0.00722526513550291 = 1.0
on time step 52010 (time=541.771), 0.0213296 s/step
on time step 52198 (time=543.729), 0.0213213 s/step
on time step 52386 (time=545.688), 0.021383 s/step
on time step 52574 (time=547.646), 0.021373 s/step
on time step 52762 (time=549.604), 0.0213779 s/step
on time step 52949 (time=551.552), 0.0213929 s/step
on time step 53137 (time=553.51), 0.0213714 s/step
on time step 53325 (time=555.469), 0.0213756 s/step
on time step 53513 (time=557.427), 0.0213613 s/step
on time step 53701 (time=559.385), 0.0213689 s/step
field decay(t = 560.25): 0.010801074060024477 / 0.010801074060024477 = 1.0
on time step 53888 (time=561.333), 0.0213955 s/step
on time step 54076 (time=563.292), 0.0213863 s/step
on time step 54263 (time=565.24), 0.0214165 s/step
on time step 54451 (time=567.198), 0.021366 s/step
on time step 54639 (time=569.156), 0.0213457 s/step
on time step 54827 (time=571.115), 0.0213786 s/step
on time step 55015 (time=573.073), 0.0213642 s/step
on time step 55203 (time=575.031), 0.0213805 s/step
on time step 55391 (time=576.99), 0.0213787 s/step
on time step 55579 (time=578.948), 0.021368 s/step
field decay(t = 580.2604166666666): 0.01567235692560841 / 0.01567235692560841 = 1.0
on time step 55767 (time=580.906), 0.0213355 s/step
on time step 55955 (time=582.865), 0.0213706 s/step
on time step 56143 (time=584.823), 0.0213906 s/step
on time step 56331 (time=586.781), 0.0213868 s/step
on time step 56519 (time=588.74), 0.0213618 s/step
on time step 56707 (time=590.698), 0.0213865 s/step
on time step 56895 (time=592.656), 0.0213892 s/step
on time step 57082 (time=594.604), 0.0213947 s/step
on time step 57269 (time=596.552), 0.0213999 s/step
on time step 57457 (time=598.51), 0.0213786 s/step
field decay(t = 600.2708333333333): 0.022070659118244122 / 0.022070659118244122 = 1.0
on time step 57644 (time=600.458), 0.0214068 s/step
on time step 57832 (time=602.417), 0.0213399 s/step
on time step 58020 (time=604.375), 0.0213703 s/step
on time step 58208 (time=606.333), 0.0213865 s/step
on time step 58396 (time=608.292), 0.0213822 s/step
on time step 58583 (time=610.24), 0.0213932 s/step
on time step 58770 (time=612.188), 0.0214005 s/step
on time step 58958 (time=614.146), 0.0213873 s/step
on time step 59145 (time=616.094), 0.0214009 s/step
on time step 59333 (time=618.052), 0.0213641 s/step
on time step 59521 (time=620.01), 0.0213388 s/step
field decay(t = 620.28125): 0.030161848990888664 / 0.030161848990888664 = 1.0
on time step 59709 (time=621.969), 0.0213882 s/step
on time step 59897 (time=623.927), 0.0213564 s/step
on time step 60085 (time=625.885), 0.0213534 s/step
on time step 60273 (time=627.844), 0.0213768 s/step
on time step 60461 (time=629.802), 0.0213248 s/step
on time step 60650 (time=631.771), 0.0212312 s/step
on time step 60839 (time=633.74), 0.0212676 s/step
on time step 61028 (time=635.708), 0.0212518 s/step
on time step 61217 (time=637.677), 0.0212384 s/step
on time step 61406 (time=639.646), 0.0212265 s/step
field decay(t = 640.2916666666666): 0.039995223236160976 / 0.039995223236160976 = 1.0
on time step 61595 (time=641.615), 0.0212261 s/step
on time step 61784 (time=643.583), 0.0212214 s/step
on time step 61973 (time=645.552), 0.0212123 s/step
on time step 62162 (time=647.521), 0.0212178 s/step
on time step 62351 (time=649.49), 0.0212215 s/step
on time step 62539 (time=651.448), 0.0212978 s/step
on time step 62727 (time=653.406), 0.0212978 s/step
on time step 62915 (time=655.365), 0.0212988 s/step
on time step 63104 (time=657.333), 0.0212227 s/step
on time step 63293 (time=659.302), 0.0211785 s/step
field decay(t = 660.3020833333333): 0.05145231388607464 / 0.05145231388607464 = 1.0
on time step 63482 (time=661.271), 0.0211942 s/step
on time step 63669 (time=663.219), 0.0214865 s/step
on time step 63857 (time=665.177), 0.0212899 s/step
on time step 64046 (time=667.146), 0.021265 s/step
on time step 64234 (time=669.104), 0.0213088 s/step
on time step 64423 (time=671.073), 0.0212198 s/step
on time step 64612 (time=673.042), 0.0211759 s/step
on time step 64801 (time=675.01), 0.021208 s/step
on time step 64990 (time=676.979), 0.0212749 s/step
on time step 65179 (time=678.948), 0.0212581 s/step
field decay(t = 680.3125): 0.06420484151675739 / 0.06420484151675739 = 1.0
on time step 65368 (time=680.917), 0.0212598 s/step
on time step 65556 (time=682.875), 0.0212804 s/step
on time step 65745 (time=684.844), 0.0212294 s/step
on time step 65934 (time=686.812), 0.0212335 s/step
on time step 66123 (time=688.781), 0.0211845 s/step
on time step 66312 (time=690.75), 0.0212256 s/step
on time step 66501 (time=692.719), 0.0212442 s/step
on time step 66689 (time=694.677), 0.0212892 s/step
on time step 66878 (time=696.646), 0.0212317 s/step
on time step 67067 (time=698.615), 0.0212113 s/step
field decay(t = 700.3229166666666): 0.07769879211371712 / 0.07769879211371712 = 1.0
on time step 67256 (time=700.583), 0.0212385 s/step
on time step 67445 (time=702.552), 0.0212191 s/step
on time step 67634 (time=704.521), 0.0212424 s/step
on time step 67823 (time=706.49), 0.0212645 s/step
on time step 68012 (time=708.458), 0.0212731 s/step
on time step 68201 (time=710.427), 0.0212266 s/step
on time step 68390 (time=712.396), 0.0212162 s/step
on time step 68579 (time=714.365), 0.0212275 s/step
on time step 68768 (time=716.333), 0.021226 s/step
on time step 68957 (time=718.302), 0.0212273 s/step
on time step 69146 (time=720.271), 0.0212247 s/step
field decay(t = 720.3333333333333): 0.09116927402909042 / 0.09116927402909042 = 1.0
on time step 69335 (time=722.24), 0.0212564 s/step
on time step 69523 (time=724.198), 0.0212807 s/step
on time step 69712 (time=726.167), 0.0212349 s/step
on time step 69901 (time=728.135), 0.0212383 s/step
on time step 70090 (time=730.104), 0.0212014 s/step
on time step 70279 (time=732.073), 0.0212186 s/step
on time step 70468 (time=734.042), 0.0212736 s/step
on time step 70657 (time=736.01), 0.0212344 s/step
on time step 70845 (time=737.969), 0.0213188 s/step
on time step 71033 (time=739.927), 0.0212842 s/step
field decay(t = 740.34375): 0.10369226357614354 / 0.10369226357614354 = 1.0
on time step 71222 (time=741.896), 0.021255 s/step
on time step 71411 (time=743.865), 0.0212446 s/step
on time step 71599 (time=745.823), 0.0213322 s/step
on time step 71788 (time=747.792), 0.0212173 s/step
on time step 71977 (time=749.76), 0.0212248 s/step
on time step 72166 (time=751.729), 0.0212342 s/step
on time step 72355 (time=753.698), 0.0211919 s/step
on time step 72543 (time=755.656), 0.0212994 s/step
on time step 72732 (time=757.625), 0.0212289 s/step
on time step 72921 (time=759.594), 0.0212445 s/step
field decay(t = 760.3541666666666): 0.11427939037423698 / 0.11427939037423698 = 1.0
on time step 73110 (time=761.562), 0.0212568 s/step
on time step 73299 (time=763.531), 0.0212165 s/step
on time step 73488 (time=765.5), 0.021221 s/step
on time step 73677 (time=767.469), 0.0212037 s/step
on time step 73866 (time=769.438), 0.0212066 s/step
on time step 74055 (time=771.406), 0.0212047 s/step
on time step 74244 (time=773.375), 0.0212051 s/step
on time step 74433 (time=775.344), 0.0211942 s/step
on time step 74622 (time=777.312), 0.0212107 s/step
on time step 74811 (time=779.281), 0.0212013 s/step
field decay(t = 780.3645833333333): 0.12199580950952525 / 0.12199580950952525 = 1.0
on time step 75000 (time=781.25), 0.0211993 s/step
on time step 75189 (time=783.219), 0.0212037 s/step
on time step 75378 (time=785.188), 0.0212409 s/step
on time step 75567 (time=787.156), 0.0212543 s/step
on time step 75756 (time=789.125), 0.0212499 s/step
on time step 75945 (time=791.094), 0.0212512 s/step
on time step 76134 (time=793.062), 0.0212485 s/step
on time step 76323 (time=795.031), 0.0212585 s/step
on time step 76512 (time=797), 0.0212513 s/step
on time step 76701 (time=798.969), 0.0212516 s/step
field decay(t = 800.375): 0.12608994632897588 / 0.12608994632897588 = 1.0
on time step 76890 (time=800.938), 0.0212607 s/step
on time step 77079 (time=802.906), 0.0212557 s/step
on time step 77268 (time=804.875), 0.0212458 s/step
on time step 77457 (time=806.844), 0.0212536 s/step
on time step 77646 (time=808.812), 0.0212605 s/step
on time step 77835 (time=810.781), 0.0212598 s/step
on time step 78024 (time=812.75), 0.0212644 s/step
on time step 78213 (time=814.719), 0.0212527 s/step
on time step 78402 (time=816.688), 0.0212519 s/step
on time step 78591 (time=818.656), 0.0212563 s/step
field decay(t = 820.3854166666666): 0.12662144960275318 / 0.12662144960275318 = 1.0
on time step 78780 (time=820.625), 0.0212637 s/step
on time step 78969 (time=822.594), 0.0212516 s/step
on time step 79158 (time=824.562), 0.0212592 s/step
on time step 79347 (time=826.531), 0.0212612 s/step
on time step 79536 (time=828.5), 0.0212493 s/step
on time step 79725 (time=830.469), 0.0212509 s/step
on time step 79914 (time=832.438), 0.0212529 s/step
on time step 80103 (time=834.406), 0.0212525 s/step
on time step 80292 (time=836.375), 0.0212658 s/step
on time step 80481 (time=838.344), 0.0212439 s/step
on time step 80670 (time=840.312), 0.0212505 s/step
field decay(t = 840.3958333333333): 0.12544934386758885 / 0.12662144960275318 = 0.9907432292171544
on time step 80859 (time=842.281), 0.0212483 s/step
on time step 81048 (time=844.25), 0.0212536 s/step
on time step 81237 (time=846.219), 0.0212581 s/step
on time step 81426 (time=848.188), 0.0212469 s/step
on time step 81614 (time=850.146), 0.0212849 s/step
on time step 81803 (time=852.115), 0.0212707 s/step
on time step 81991 (time=854.073), 0.0212817 s/step
on time step 82180 (time=856.042), 0.0212746 s/step
on time step 82369 (time=858.01), 0.0212729 s/step
on time step 82558 (time=859.979), 0.0212395 s/step
field decay(t = 860.40625): 0.12028700421048974 / 0.12662144960275318 = 0.9499733622373115
on time step 82747 (time=861.948), 0.0211915 s/step
on time step 82936 (time=863.917), 0.0212304 s/step
on time step 83125 (time=865.885), 0.0212303 s/step
on time step 83314 (time=867.854), 0.0212269 s/step
on time step 83502 (time=869.812), 0.0212986 s/step
on time step 83691 (time=871.781), 0.0212645 s/step
on time step 83879 (time=873.74), 0.0213435 s/step
on time step 84067 (time=875.698), 0.0213154 s/step
on time step 84256 (time=877.667), 0.0212334 s/step
on time step 84443 (time=879.615), 0.0214396 s/step
field decay(t = 880.4166666666666): 0.11140279557938305 / 0.12662144960275318 = 0.8798098262883951
on time step 84631 (time=881.573), 0.021289 s/step
on time step 84820 (time=883.542), 0.0212447 s/step
on time step 85006 (time=885.479), 0.0215261 s/step
on time step 85195 (time=887.448), 0.0211989 s/step
on time step 85384 (time=889.417), 0.0212358 s/step
on time step 85573 (time=891.385), 0.0212197 s/step
on time step 85762 (time=893.354), 0.0212103 s/step
on time step 85946 (time=895.271), 0.021798 s/step
on time step 86133 (time=897.219), 0.0214013 s/step
on time step 86321 (time=899.177), 0.0213608 s/step
field decay(t = 900.4270833333333): 0.09954243782109187 / 0.12662144960275318 = 0.7861419856855555
on time step 86505 (time=901.094), 0.0217606 s/step
on time step 86689 (time=903.01), 0.0217623 s/step
on time step 86876 (time=904.958), 0.0214733 s/step
on time step 87064 (time=906.917), 0.0212788 s/step
on time step 87250 (time=908.854), 0.0215088 s/step
on time step 87435 (time=910.781), 0.0217173 s/step
on time step 87619 (time=912.698), 0.0217419 s/step
on time step 87804 (time=914.625), 0.0217276 s/step
on time step 87989 (time=916.552), 0.0217137 s/step
on time step 88174 (time=918.479), 0.0217326 s/step
on time step 88359 (time=920.406), 0.0217227 s/step
field decay(t = 920.4375): 0.08568823332610385 / 0.12662144960275318 = 0.6767276286516365
on time step 88544 (time=922.333), 0.0217219 s/step
on time step 88729 (time=924.26), 0.0217197 s/step
on time step 88914 (time=926.188), 0.0217189 s/step
on time step 89099 (time=928.115), 0.0216682 s/step
on time step 89288 (time=930.083), 0.0212533 s/step
on time step 89477 (time=932.052), 0.0212612 s/step
on time step 89666 (time=934.021), 0.0212582 s/step
on time step 89854 (time=935.979), 0.0212816 s/step
on time step 90042 (time=937.938), 0.0213886 s/step
on time step 90229 (time=939.885), 0.0214616 s/step
field decay(t = 940.4479166666666): 0.07093046480693872 / 0.12662144960275318 = 0.5601773240589757
on time step 90415 (time=941.823), 0.0215055 s/step
on time step 90602 (time=943.771), 0.0214572 s/step
on time step 90790 (time=945.729), 0.0213822 s/step
on time step 90977 (time=947.677), 0.0214703 s/step
on time step 91164 (time=949.625), 0.0214044 s/step
on time step 91351 (time=951.573), 0.021403 s/step
on time step 91539 (time=953.531), 0.0213771 s/step
on time step 91727 (time=955.49), 0.0213828 s/step
on time step 91915 (time=957.448), 0.0213324 s/step
on time step 92102 (time=959.396), 0.0214207 s/step
field decay(t = 960.4583333333333): 0.05632302915889853 / 0.12662144960275318 = 0.4448142817476785
on time step 92289 (time=961.344), 0.0214615 s/step
on time step 92477 (time=963.302), 0.0213286 s/step
on time step 92665 (time=965.26), 0.0213316 s/step
on time step 92853 (time=967.219), 0.0213554 s/step
on time step 93040 (time=969.167), 0.0214081 s/step
on time step 93227 (time=971.115), 0.0213987 s/step
on time step 93415 (time=973.073), 0.0213387 s/step
on time step 93603 (time=975.031), 0.0212805 s/step
on time step 93790 (time=976.979), 0.0214482 s/step
on time step 93977 (time=978.927), 0.0214232 s/step
field decay(t = 980.46875): 0.04276411789660597 / 0.12662144960275318 = 0.33773201958095517
on time step 94165 (time=980.885), 0.0213774 s/step
on time step 94350 (time=982.812), 0.0217014 s/step
on time step 94532 (time=984.708), 0.0220832 s/step
on time step 94713 (time=986.594), 0.0221142 s/step
on time step 94895 (time=988.49), 0.0220717 s/step
on time step 95076 (time=990.375), 0.0221083 s/step
on time step 95257 (time=992.26), 0.0221022 s/step
on time step 95438 (time=994.146), 0.0221067 s/step
on time step 95620 (time=996.042), 0.022064 s/step
on time step 95802 (time=997.938), 0.0220634 s/step
on time step 95984 (time=999.833), 0.0220724 s/step
field decay(t = 1000.4791666666666): 0.03091433191463722 / 0.12662144960275318 = 0.24414767017455657
on time step 96165 (time=1001.72), 0.0220998 s/step
on time step 96347 (time=1003.61), 0.0220718 s/step
on time step 96528 (time=1005.5), 0.022111 s/step
on time step 96710 (time=1007.4), 0.0220639 s/step
on time step 96892 (time=1009.29), 0.0220473 s/step
on time step 97074 (time=1011.19), 0.0220809 s/step
on time step 97256 (time=1013.08), 0.0220657 s/step
on time step 97438 (time=1014.98), 0.0220738 s/step
on time step 97619 (time=1016.86), 0.0221004 s/step
on time step 97801 (time=1018.76), 0.0220973 s/step
field decay(t = 1020.4895833333333): 0.02115562420808245 / 0.12662144960275318 = 0.16707772872963897
on time step 97983 (time=1020.66), 0.022071 s/step
on time step 98164 (time=1022.54), 0.022115 s/step
on time step 98346 (time=1024.44), 0.0220772 s/step
on time step 98528 (time=1026.33), 0.0220648 s/step
on time step 98710 (time=1028.23), 0.0220726 s/step
on time step 98892 (time=1030.12), 0.0220663 s/step
on time step 99074 (time=1032.02), 0.0220741 s/step
on time step 99256 (time=1033.92), 0.022086 s/step
on time step 99438 (time=1035.81), 0.0220312 s/step
on time step 99620 (time=1037.71), 0.0220439 s/step
on time step 99801 (time=1039.59), 0.0221114 s/step
field decay(t = 1040.4895833333333): 0.0136019891148774 / 0.12662144960275318 = 0.1074224719236009
on time step 99983 (time=1041.49), 0.0220516 s/step
on time step 100164 (time=1043.38), 0.0221036 s/step
on time step 100346 (time=1045.27), 0.0220774 s/step
on time step 100528 (time=1047.17), 0.022057 s/step
on time step 100710 (time=1049.06), 0.0220816 s/step
on time step 100897 (time=1051.01), 0.0214385 s/step
on time step 101085 (time=1052.97), 0.0213243 s/step
on time step 101273 (time=1054.93), 0.0213402 s/step
on time step 101461 (time=1056.89), 0.0212806 s/step
on time step 101648 (time=1058.83), 0.021413 s/step
field decay(t = 1060.5): 0.008141171120144746 / 0.12662144960275318 = 0.06429535553167233
on time step 101835 (time=1060.78), 0.0214169 s/step
on time step 102023 (time=1062.74), 0.0213836 s/step
on time step 102209 (time=1064.68), 0.0215694 s/step
on time step 102396 (time=1066.62), 0.0214192 s/step
on time step 102583 (time=1068.57), 0.0214271 s/step
on time step 102770 (time=1070.52), 0.0214291 s/step
on time step 102957 (time=1072.47), 0.0214535 s/step
on time step 103144 (time=1074.42), 0.0214503 s/step
on time step 103331 (time=1076.36), 0.0214877 s/step
on time step 103520 (time=1078.33), 0.0212634 s/step
on time step 103706 (time=1080.27), 0.0215143 s/step
field decay(t = 1080.5104166666665): 0.004501621026646733 / 0.12662144960275318 = 0.03555180453840621
on time step 103893 (time=1082.22), 0.0214751 s/step
on time step 104080 (time=1084.17), 0.0214265 s/step
on time step 104268 (time=1086.12), 0.0213836 s/step
on time step 104455 (time=1088.07), 0.0214432 s/step
on time step 104642 (time=1090.02), 0.0214481 s/step
on time step 104829 (time=1091.97), 0.021445 s/step
on time step 105016 (time=1093.92), 0.0214242 s/step
on time step 105203 (time=1095.86), 0.0214622 s/step
on time step 105390 (time=1097.81), 0.0214221 s/step
on time step 105577 (time=1099.76), 0.0214685 s/step
field decay(t = 1100.5208333333333): 0.002323141949399054 / 0.12662144960275318 = 0.01834714384243269
on time step 105764 (time=1101.71), 0.0214421 s/step
on time step 105951 (time=1103.66), 0.0214477 s/step
on time step 106136 (time=1105.58), 0.0216288 s/step
on time step 106321 (time=1107.51), 0.0216307 s/step
on time step 106507 (time=1109.45), 0.0215913 s/step
on time step 106693 (time=1111.39), 0.0216137 s/step
on time step 106878 (time=1113.31), 0.0216353 s/step
on time step 107064 (time=1115.25), 0.0215857 s/step
on time step 107250 (time=1117.19), 0.021593 s/step
on time step 107436 (time=1119.12), 0.0216191 s/step
field decay(t = 1120.53125): 0.0010899765751575105 / 0.12662144960275318 = 0.008608151135349273
on time step 107622 (time=1121.06), 0.0215669 s/step
on time step 107807 (time=1122.99), 0.02163 s/step
on time step 107993 (time=1124.93), 0.0215948 s/step
on time step 108179 (time=1126.86), 0.0215906 s/step
on time step 108365 (time=1128.8), 0.0216057 s/step
on time step 108551 (time=1130.74), 0.0215558 s/step
on time step 108737 (time=1132.68), 0.0216067 s/step
on time step 108923 (time=1134.61), 0.0215733 s/step
on time step 109109 (time=1136.55), 0.0216096 s/step
on time step 109295 (time=1138.49), 0.0216106 s/step
on time step 109481 (time=1140.43), 0.0215989 s/step
field decay(t = 1140.5416666666665): 0.0008827718693680514 / 0.12662144960275318 = 0.006971740349976667
on time step 109667 (time=1142.36), 0.0215918 s/step
on time step 109852 (time=1144.29), 0.0216238 s/step
on time step 110038 (time=1146.23), 0.0215459 s/step
on time step 110224 (time=1148.17), 0.0215568 s/step
on time step 110409 (time=1150.09), 0.0216264 s/step
on time step 110595 (time=1152.03), 0.0216045 s/step
on time step 110781 (time=1153.97), 0.0215774 s/step
on time step 110967 (time=1155.91), 0.0215949 s/step
on time step 111153 (time=1157.84), 0.0215617 s/step
on time step 111339 (time=1159.78), 0.0215651 s/step
field decay(t = 1160.5520833333333): 0.0011542902670472295 / 0.12662144960275318 = 0.009116072124182436
on time step 111525 (time=1161.72), 0.0215996 s/step
on time step 111711 (time=1163.66), 0.0215439 s/step
on time step 111897 (time=1165.59), 0.0216144 s/step
on time step 112083 (time=1167.53), 0.0215775 s/step
on time step 112269 (time=1169.47), 0.0216094 s/step
on time step 112454 (time=1171.4), 0.0216247 s/step
on time step 112640 (time=1173.33), 0.0215696 s/step
on time step 112825 (time=1175.26), 0.0216374 s/step
on time step 113011 (time=1177.2), 0.0216072 s/step
on time step 113197 (time=1179.14), 0.0215879 s/step
field decay(t = 1180.5625): 0.001503052353155046 / 0.12662144960275318 = 0.011870440260086585
on time step 113383 (time=1181.07), 0.0216131 s/step
on time step 113569 (time=1183.01), 0.0216141 s/step
on time step 113755 (time=1184.95), 0.0215721 s/step
on time step 113941 (time=1186.89), 0.0216239 s/step
on time step 114127 (time=1188.82), 0.0215455 s/step
on time step 114313 (time=1190.76), 0.0216212 s/step
on time step 114499 (time=1192.7), 0.0216124 s/step
on time step 114685 (time=1194.64), 0.0215705 s/step
on time step 114870 (time=1196.56), 0.0216217 s/step
on time step 115056 (time=1198.5), 0.0215994 s/step
on time step 115242 (time=1200.44), 0.021584 s/step
field decay(t = 1200.5729166666665): 0.0018312806535146684 / 0.12662144960275318 = 0.014462641671374848
on time step 115428 (time=1202.38), 0.0216191 s/step
on time step 115614 (time=1204.31), 0.0215714 s/step
on time step 115800 (time=1206.25), 0.0216066 s/step
on time step 115986 (time=1208.19), 0.0216033 s/step
on time step 116171 (time=1210.11), 0.0216839 s/step
on time step 116357 (time=1212.05), 0.0216212 s/step
on time step 116543 (time=1213.99), 0.0216102 s/step
on time step 116729 (time=1215.93), 0.0215802 s/step
on time step 116915 (time=1217.86), 0.0216075 s/step
on time step 117101 (time=1219.8), 0.0215866 s/step
field decay(t = 1220.5833333333333): 0.002086332864181337 / 0.12662144960275318 = 0.016476930810117443
on time step 117287 (time=1221.74), 0.0215631 s/step
on time step 117473 (time=1223.68), 0.0216073 s/step
on time step 117662 (time=1225.65), 0.0212446 s/step
on time step 117850 (time=1227.6), 0.0213083 s/step
on time step 118038 (time=1229.56), 0.0213338 s/step
on time step 118226 (time=1231.52), 0.021349 s/step
on time step 118414 (time=1233.48), 0.0212964 s/step
on time step 118602 (time=1235.44), 0.0213437 s/step
on time step 118792 (time=1237.42), 0.0211484 s/step
on time step 118981 (time=1239.39), 0.0211647 s/step
field decay(t = 1240.59375): 0.0022496993879268365 / 0.12662144960275318 = 0.017767127094064798
on time step 119171 (time=1241.36), 0.0211494 s/step
on time step 119361 (time=1243.34), 0.0211286 s/step
on time step 119551 (time=1245.32), 0.0211322 s/step
on time step 119741 (time=1247.3), 0.021114 s/step
on time step 119930 (time=1249.27), 0.0211914 s/step
on time step 120120 (time=1251.25), 0.0211112 s/step
on time step 120309 (time=1253.22), 0.0211897 s/step
on time step 120499 (time=1255.2), 0.0211555 s/step
on time step 120689 (time=1257.18), 0.0211231 s/step
on time step 120879 (time=1259.16), 0.0211543 s/step
field decay(t = 1260.6041666666665): 0.0023246092039046168 / 0.12662144960275318 = 0.018358731567183637
on time step 121069 (time=1261.14), 0.021149 s/step
on time step 121259 (time=1263.11), 0.0211554 s/step
on time step 121448 (time=1265.08), 0.02117 s/step
on time step 121637 (time=1267.05), 0.0211644 s/step
on time step 121827 (time=1269.03), 0.0211591 s/step
on time step 122015 (time=1270.99), 0.0212826 s/step
on time step 122205 (time=1272.97), 0.0211377 s/step
on time step 122395 (time=1274.95), 0.0211365 s/step
on time step 122585 (time=1276.93), 0.021137 s/step
on time step 122775 (time=1278.91), 0.0211425 s/step
field decay(t = 1280.6145833333333): 0.0023332607291431397 / 0.12662144960275318 = 0.01842705747298921
on time step 122964 (time=1280.88), 0.0211774 s/step
on time step 123154 (time=1282.85), 0.0211548 s/step
on time step 123344 (time=1284.83), 0.0211669 s/step
on time step 123534 (time=1286.81), 0.0211422 s/step
on time step 123724 (time=1288.79), 0.0211415 s/step
on time step 123913 (time=1290.76), 0.0211782 s/step
on time step 124103 (time=1292.74), 0.0211327 s/step
on time step 124292 (time=1294.71), 0.0211677 s/step
on time step 124482 (time=1296.69), 0.0211246 s/step
on time step 124671 (time=1298.66), 0.0212059 s/step
field decay(t = 1300.625): 0.0023167421620416567 / 0.12662144960275318 = 0.01829660116283555
on time step 124860 (time=1300.62), 0.021174 s/step
on time step 125050 (time=1302.6), 0.0210787 s/step
on time step 125240 (time=1304.58), 0.0211182 s/step
on time step 125430 (time=1306.56), 0.0211544 s/step
on time step 125620 (time=1308.54), 0.0211096 s/step
on time step 125810 (time=1310.52), 0.0211242 s/step
on time step 125997 (time=1312.47), 0.0214504 s/step
on time step 126185 (time=1314.43), 0.0213111 s/step
on time step 126374 (time=1316.4), 0.0212015 s/step
on time step 126563 (time=1318.36), 0.0212168 s/step
on time step 126753 (time=1320.34), 0.0211436 s/step
field decay(t = 1320.6354166666665): 0.00225225225110014 / 0.12662144960275318 = 0.01778728847415729
on time step 126942 (time=1322.31), 0.0212095 s/step
on time step 127131 (time=1324.28), 0.0212137 s/step
on time step 127321 (time=1326.26), 0.021162 s/step
on time step 127512 (time=1328.25), 0.0210165 s/step
on time step 127703 (time=1330.24), 0.0209842 s/step
on time step 127894 (time=1332.23), 0.0210371 s/step
on time step 128084 (time=1334.21), 0.0211413 s/step
on time step 128273 (time=1336.18), 0.0212572 s/step
on time step 128462 (time=1338.15), 0.0211789 s/step
on time step 128651 (time=1340.11), 0.0212378 s/step
field decay(t = 1340.6458333333333): 0.0021555313833238107 / 0.12662144960275318 = 0.01702342999615242
on time step 128841 (time=1342.09), 0.0211108 s/step
on time step 129030 (time=1344.06), 0.021174 s/step
on time step 129221 (time=1346.05), 0.0210055 s/step
on time step 129411 (time=1348.03), 0.0210774 s/step
on time step 129601 (time=1350.01), 0.0210835 s/step
on time step 129791 (time=1351.99), 0.0211237 s/step
on time step 129980 (time=1353.96), 0.0212254 s/step
on time step 130170 (time=1355.94), 0.0211087 s/step
on time step 130360 (time=1357.92), 0.0211621 s/step
on time step 130551 (time=1359.91), 0.0210233 s/step
field decay(t = 1360.65625): 0.0020413508491289754 / 0.12662144960275318 = 0.016121682823354674
on time step 130740 (time=1361.88), 0.0211718 s/step
on time step 130932 (time=1363.88), 0.0209236 s/step
on time step 131124 (time=1365.88), 0.0209379 s/step
on time step 131315 (time=1367.86), 0.0209468 s/step
on time step 131506 (time=1369.85), 0.0209854 s/step
on time step 131697 (time=1371.84), 0.0209935 s/step
on time step 131884 (time=1373.79), 0.0213948 s/step
on time step 132072 (time=1375.75), 0.0213355 s/step
on time step 132260 (time=1377.71), 0.0212773 s/step
on time step 132448 (time=1379.67), 0.0212855 s/step
field decay(t = 1380.6666666666665): 0.0019207866398294007 / 0.12662144960275318 = 0.015169520218378833
on time step 132636 (time=1381.62), 0.0212833 s/step
on time step 132824 (time=1383.58), 0.0212939 s/step
on time step 133012 (time=1385.54), 0.0212878 s/step
on time step 133200 (time=1387.5), 0.0212841 s/step
on time step 133388 (time=1389.46), 0.0212808 s/step
on time step 133576 (time=1391.42), 0.0212936 s/step
on time step 133764 (time=1393.38), 0.021355 s/step
on time step 133953 (time=1395.34), 0.0212604 s/step
on time step 134141 (time=1397.3), 0.0212973 s/step
on time step 134330 (time=1399.27), 0.0212525 s/step
field decay(t = 1400.6770833333333): 0.0018015151988853997 / 0.12662144960275318 = 0.014227567323998071
on time step 134519 (time=1401.24), 0.0212704 s/step
on time step 134708 (time=1403.21), 0.0212579 s/step
on time step 134896 (time=1405.17), 0.0213089 s/step
on time step 135084 (time=1407.12), 0.0212781 s/step
on time step 135272 (time=1409.08), 0.0213077 s/step
on time step 135461 (time=1411.05), 0.0212497 s/step
on time step 135649 (time=1413.01), 0.0212896 s/step
on time step 135838 (time=1414.98), 0.0212257 s/step
on time step 136027 (time=1416.95), 0.0212547 s/step
on time step 136216 (time=1418.92), 0.0212373 s/step
field decay(t = 1420.6875): 0.0016882746371468147 / 0.12662144960275318 = 0.013333243636393386
on time step 136404 (time=1420.88), 0.0212772 s/step
on time step 136593 (time=1422.84), 0.0212178 s/step
on time step 136782 (time=1424.81), 0.0212655 s/step
on time step 136971 (time=1426.78), 0.0212596 s/step
on time step 137160 (time=1428.75), 0.0212474 s/step
on time step 137348 (time=1430.71), 0.021278 s/step
on time step 137537 (time=1432.68), 0.0212382 s/step
on time step 137726 (time=1434.65), 0.0212415 s/step
on time step 137914 (time=1436.6), 0.0212893 s/step
on time step 138103 (time=1438.57), 0.0212593 s/step
on time step 138291 (time=1440.53), 0.0212989 s/step
field decay(t = 1440.6979166666665): 0.001583717448265636 / 0.12662144960275318 = 0.012507497372950632
on time step 138479 (time=1442.49), 0.0212864 s/step
on time step 138668 (time=1444.46), 0.021246 s/step
on time step 138857 (time=1446.43), 0.0212409 s/step
on time step 139046 (time=1448.4), 0.0212397 s/step
on time step 139235 (time=1450.36), 0.0212063 s/step
on time step 139423 (time=1452.32), 0.0212828 s/step
on time step 139611 (time=1454.28), 0.0213157 s/step
on time step 139800 (time=1456.25), 0.0212492 s/step
on time step 139988 (time=1458.21), 0.0212888 s/step
on time step 140177 (time=1460.18), 0.0212112 s/step
field decay(t = 1460.7083333333333): 0.0014889156353240945 / 0.12662144960275318 = 0.011758794738136694
on time step 140366 (time=1462.15), 0.0212573 s/step
on time step 140555 (time=1464.11), 0.0212518 s/step
on time step 140744 (time=1466.08), 0.021242 s/step
on time step 140932 (time=1468.04), 0.0212785 s/step
on time step 141121 (time=1470.01), 0.0212473 s/step
on time step 141310 (time=1471.98), 0.0212253 s/step
on time step 141498 (time=1473.94), 0.0212949 s/step
on time step 141687 (time=1475.91), 0.0212213 s/step
on time step 141875 (time=1477.86), 0.0213055 s/step
on time step 142064 (time=1479.83), 0.0212139 s/step
field decay(t = 1480.71875): 0.0014039342679526806 / 0.12662144960275318 = 0.011087649623007904
on time step 142252 (time=1481.79), 0.0212953 s/step
on time step 142440 (time=1483.75), 0.0213074 s/step
on time step 142629 (time=1485.72), 0.0212559 s/step
on time step 142818 (time=1487.69), 0.0212091 s/step
on time step 143006 (time=1489.65), 0.0213026 s/step
on time step 143194 (time=1491.6), 0.0213278 s/step
on time step 143383 (time=1493.57), 0.0212366 s/step
on time step 143572 (time=1495.54), 0.0212423 s/step
on time step 143760 (time=1497.5), 0.0213461 s/step
on time step 143949 (time=1499.47), 0.0212215 s/step
field decay(t = 1500.7291666666665): 0.0013282572353705527 / 0.12662144960275318 = 0.010489986013725687
on time step 144137 (time=1501.43), 0.021282 s/step
on time step 144326 (time=1503.4), 0.021264 s/step
on time step 144515 (time=1505.36), 0.0212306 s/step
on time step 144703 (time=1507.32), 0.0213067 s/step
on time step 144892 (time=1509.29), 0.0212572 s/step
on time step 145081 (time=1511.26), 0.0212444 s/step
on time step 145269 (time=1513.22), 0.021287 s/step
on time step 145457 (time=1515.18), 0.0212797 s/step
on time step 145646 (time=1517.15), 0.0212731 s/step
on time step 145834 (time=1519.1), 0.0212781 s/step
field decay(t = 1520.7395833333333): 0.0012610476829880844 / 0.12662144960275318 = 0.009959194804232166
on time step 146022 (time=1521.06), 0.0213046 s/step
on time step 146211 (time=1523.03), 0.0212241 s/step
on time step 146400 (time=1525), 0.0212614 s/step
on time step 146589 (time=1526.97), 0.0212734 s/step
on time step 146778 (time=1528.94), 0.0212518 s/step
on time step 146966 (time=1530.9), 0.0213005 s/step
on time step 147155 (time=1532.86), 0.0212729 s/step
on time step 147344 (time=1534.83), 0.0212644 s/step
on time step 147532 (time=1536.79), 0.021322 s/step
on time step 147721 (time=1538.76), 0.0212486 s/step
on time step 147910 (time=1540.73), 0.0212426 s/step
field decay(t = 1540.75): 0.0012013205676377253 / 0.12662144960275318 = 0.009487496560863923
on time step 148098 (time=1542.69), 0.0213002 s/step
on time step 148286 (time=1544.65), 0.0213804 s/step
on time step 148474 (time=1546.6), 0.0213732 s/step
on time step 148662 (time=1548.56), 0.0213768 s/step
on time step 148849 (time=1550.51), 0.0213928 s/step
on time step 149037 (time=1552.47), 0.0213758 s/step
on time step 149225 (time=1554.43), 0.021377 s/step
on time step 149413 (time=1556.39), 0.0213846 s/step
on time step 149601 (time=1558.34), 0.0213694 s/step
on time step 149789 (time=1560.3), 0.0213848 s/step
field decay(t = 1560.7604166666665): 0.001148071337858897 / 0.12662144960275318 = 0.0090669577821192
on time step 149977 (time=1562.26), 0.0213864 s/step
on time step 150165 (time=1564.22), 0.0213792 s/step
on time step 150353 (time=1566.18), 0.0213779 s/step
on time step 150541 (time=1568.14), 0.0213738 s/step
on time step 150728 (time=1570.08), 0.0213992 s/step
on time step 150916 (time=1572.04), 0.021381 s/step
on time step 151104 (time=1574), 0.0213813 s/step
on time step 151292 (time=1575.96), 0.0213767 s/step
on time step 151480 (time=1577.92), 0.0213835 s/step
on time step 151668 (time=1579.88), 0.0213886 s/step
field decay(t = 1580.7708333333333): 0.001100374991120778 / 0.12662144960275318 = 0.008690273208630618
on time step 151856 (time=1581.83), 0.0213833 s/step
on time step 152044 (time=1583.79), 0.0213743 s/step
on time step 152232 (time=1585.75), 0.0213886 s/step
on time step 152420 (time=1587.71), 0.0213853 s/step
on time step 152608 (time=1589.67), 0.0213765 s/step
on time step 152796 (time=1591.62), 0.0213749 s/step
on time step 152984 (time=1593.58), 0.021377 s/step
on time step 153172 (time=1595.54), 0.0213781 s/step
on time step 153360 (time=1597.5), 0.0213737 s/step
on time step 153548 (time=1599.46), 0.021383 s/step
field decay(t = 1600.78125): 0.0010573844082380202 / 0.12662144960275318 = 0.008350752669119886
on time step 153736 (time=1601.42), 0.0213799 s/step
on time step 153924 (time=1603.38), 0.0213771 s/step
on time step 154111 (time=1605.32), 0.0213944 s/step
on time step 154298 (time=1607.27), 0.0214215 s/step
on time step 154486 (time=1609.23), 0.0213336 s/step
on time step 154674 (time=1611.19), 0.0213302 s/step
on time step 154862 (time=1613.15), 0.0213558 s/step
on time step 155049 (time=1615.09), 0.0213959 s/step
on time step 155237 (time=1617.05), 0.0213382 s/step
on time step 155425 (time=1619.01), 0.021318 s/step
field decay(t = 1620.7916666666665): 0.0010183804570636666 / 0.12662144960275318 = 0.008042716777122757
on time step 155613 (time=1620.97), 0.0213524 s/step
on time step 155801 (time=1622.93), 0.0212872 s/step
on time step 155989 (time=1624.89), 0.0213484 s/step
on time step 156177 (time=1626.84), 0.0213108 s/step
on time step 156365 (time=1628.8), 0.0213781 s/step
on time step 156553 (time=1630.76), 0.021369 s/step
on time step 156741 (time=1632.72), 0.021301 s/step
on time step 156929 (time=1634.68), 0.0213819 s/step
on time step 157117 (time=1636.64), 0.0213895 s/step
on time step 157305 (time=1638.59), 0.0213515 s/step
on time step 157493 (time=1640.55), 0.0213566 s/step
field decay(t = 1640.8020833333333): 0.0009827180584691287 / 0.12662144960275318 = 0.0077610709840409305
on time step 157681 (time=1642.51), 0.021308 s/step
on time step 157869 (time=1644.47), 0.021348 s/step
on time step 158056 (time=1646.42), 0.0214135 s/step
on time step 158244 (time=1648.38), 0.0213117 s/step
on time step 158432 (time=1650.33), 0.0212938 s/step
on time step 158620 (time=1652.29), 0.0213277 s/step
on time step 158808 (time=1654.25), 0.0213888 s/step
on time step 158996 (time=1656.21), 0.0213556 s/step
on time step 159183 (time=1658.16), 0.0214287 s/step
on time step 159370 (time=1660.1), 0.0214004 s/step
field decay(t = 1660.8125): 0.000949871097275161 / 0.12662144960275318 = 0.007501660265738323
on time step 159558 (time=1662.06), 0.021373 s/step
on time step 159746 (time=1664.02), 0.0213404 s/step
on time step 159934 (time=1665.98), 0.0213742 s/step
on time step 160122 (time=1667.94), 0.0213649 s/step
on time step 160310 (time=1669.9), 0.0212949 s/step
on time step 160499 (time=1671.86), 0.0211797 s/step
on time step 160688 (time=1673.83), 0.0211717 s/step
on time step 160878 (time=1675.81), 0.0211524 s/step
on time step 161067 (time=1677.78), 0.0212144 s/step
on time step 161256 (time=1679.75), 0.0212506 s/step
2026-05-30 16:25:18 [INFO] D11_scaled_deep_groove: Checkpointed 8 completed spectra row(s) to /mnt/c/Users/admin/Meep_Simulation/meep_sim/results/diagnostics_v2/tables/D11_thickness_3um_quick_spectra_checkpoint.csv
2026-05-30 16:25:18 [INFO] D11_scaled_deep_groove: >>> task=9/10 case=scaled_inner_wall_film_3um pol=Hz wl=10.985 res=24 pml=4
2026-05-30 16:25:18 [INFO] D11_scaled_deep_groove: [single ref] wl=10.985 um, f=0.0910332, res=24, comp=Hz
field decay(t = 1680.8229166666665): 0.0009193997279388818 / 0.12662144960275318 = 0.007261010917370598
run 0 finished at t = 1680.8229166666665 (161359 timesteps)
-----------
Initializing structure...
Splitting into 16 chunks by voxels
time for choose_chunkdivision = 0.000586928 s
Working in 2D dimensions.
Computational cell is 50 x 49 x 0 with resolution 24
time for set_epsilon = 0.141747 s
-----------
field decay(t = 20.010416666666664): 3.028518613828998e-10 / 3.028518613828998e-10 = 1.0
on time step 3407 (time=35.4896), 0.00117412 s/step
field decay(t = 40.010416666666664): 2.4972637854954713e-11 / 3.028518613828998e-10 = 0.08245826108158359
field decay(t = 60.02083333333333): 5.854523826574357e-11 / 3.028518613828998e-10 = 0.19331312014531096
on time step 6830 (time=71.1458), 0.00116859 s/step
field decay(t = 80.02083333333333): 1.7846260177087137e-10 / 3.028518613828998e-10 = 0.5892735839758919
field decay(t = 100.03125): 5.246696508320609e-10 / 5.246696508320609e-10 = 1.0
on time step 10246 (time=106.729), 0.00117122 s/step
field decay(t = 120.04166666666666): 1.1727497175103842e-09 / 1.1727497175103842e-09 = 1.0
field decay(t = 140.04166666666666): 3.306254365867144e-09 / 3.306254365867144e-09 = 1.0
on time step 13740 (time=143.125), 0.001145 s/step
field decay(t = 160.05208333333331): 8.215590709757513e-09 / 8.215590709757513e-09 = 1.0
on time step 17217 (time=179.344), 0.00115043 s/step
field decay(t = 180.0625): 1.892149204280982e-08 / 1.892149204280982e-08 = 1.0
field decay(t = 200.07291666666666): 4.928088907781225e-08 / 4.928088907781225e-08 = 1.0
on time step 20751 (time=216.156), 0.0011319 s/step
field decay(t = 220.08333333333331): 9.914636305952997e-08 / 9.914636305952997e-08 = 1.0
field decay(t = 240.09375): 2.4554010444408113e-07 / 2.4554010444408113e-07 = 1.0
on time step 24225 (time=252.344), 0.00115151 s/step
field decay(t = 260.10416666666663): 5.908366181913014e-07 / 5.908366181913014e-07 = 1.0
field decay(t = 280.1145833333333): 1.1201428623884962e-06 / 1.1201428623884962e-06 = 1.0
on time step 27689 (time=288.427), 0.00115492 s/step
field decay(t = 300.125): 2.562934764133283e-06 / 2.562934764133283e-06 = 1.0
field decay(t = 320.13541666666663): 5.697664871695775e-06 / 5.697664871695775e-06 = 1.0
on time step 31140 (time=324.375), 0.0011592 s/step
field decay(t = 340.1458333333333): 1.0179264532280677e-05 / 1.0179264532280677e-05 = 1.0
field decay(t = 360.15625): 2.1517746726538338e-05 / 2.1517746726538338e-05 = 1.0
on time step 34586 (time=360.271), 0.00116084 s/step
field decay(t = 380.16666666666663): 4.4082412575716954e-05 / 4.4082412575716954e-05 = 1.0
on time step 37922 (time=395.021), 0.00119904 s/step
field decay(t = 400.1770833333333): 7.440537259257392e-05 / 7.440537259257392e-05 = 1.0
field decay(t = 420.1875): 0.00014531188789325452 / 0.00014531188789325452 = 1.0
on time step 41181 (time=428.969), 0.0012275 s/step
field decay(t = 440.19791666666663): 0.00025686277903515324 / 0.00025686277903515324 = 1.0
field decay(t = 460.2083333333333): 0.00043745883127349665 / 0.00043745883127349665 = 1.0
on time step 44418 (time=462.688), 0.00123599 s/step
field decay(t = 480.21875): 0.000789315548318785 / 0.000789315548318785 = 1.0
on time step 47653 (time=496.385), 0.0012365 s/step
field decay(t = 500.22916666666663): 0.0012058126468500027 / 0.0012058126468500027 = 1.0
field decay(t = 520.2291666666666): 0.0020687841982883373 / 0.0020687841982883373 = 1.0
on time step 50886 (time=530.062), 0.00123724 s/step
field decay(t = 540.2395833333333): 0.003448619432002125 / 0.003448619432002125 = 1.0
field decay(t = 560.25): 0.004964623882924351 / 0.004964623882924351 = 1.0
on time step 54182 (time=564.396), 0.00121396 s/step
field decay(t = 580.2604166666666): 0.007869339961446346 / 0.007869339961446346 = 1.0
on time step 57560 (time=599.583), 0.0011842 s/step
field decay(t = 600.2708333333333): 0.012119507932683592 / 0.012119507932683592 = 1.0
field decay(t = 620.28125): 0.016441369348157008 / 0.016441369348157008 = 1.0
on time step 60928 (time=634.667), 0.0011877 s/step
field decay(t = 640.2916666666666): 0.024077231103162674 / 0.024077231103162674 = 1.0
field decay(t = 660.3020833333333): 0.03425441078065697 / 0.03425441078065697 = 1.0
on time step 64310 (time=669.896), 0.00118274 s/step
field decay(t = 680.3125): 0.04379602962087627 / 0.04379602962087627 = 1.0
field decay(t = 700.3229166666666): 0.059254303545180104 / 0.059254303545180104 = 1.0
on time step 67681 (time=705.01), 0.00118674 s/step
field decay(t = 720.3333333333333): 0.07399560624552047 / 0.07399560624552047 = 1.0
on time step 71049 (time=740.094), 0.0011878 s/step
field decay(t = 740.34375): 0.09383754190924684 / 0.09383754190924684 = 1.0
field decay(t = 760.3541666666666): 0.11729469809583538 / 0.11729469809583538 = 1.0
on time step 74421 (time=775.219), 0.00118641 s/step
field decay(t = 780.3645833333333): 0.13606516752957634 / 0.13606516752957634 = 1.0
field decay(t = 800.375): 0.16171996448484804 / 0.16171996448484804 = 1.0
on time step 77792 (time=810.333), 0.00118663 s/step
field decay(t = 820.3854166666666): 0.18675919734421406 / 0.18675919734421406 = 1.0
field decay(t = 840.3958333333333): 0.20415649630994398 / 0.20415649630994398 = 1.0
on time step 81167 (time=845.49), 0.00118553 s/step
field decay(t = 860.40625): 0.22417944347538474 / 0.22417944347538474 = 1.0
on time step 84315 (time=878.281), 0.00127083 s/step
field decay(t = 880.4166666666666): 0.23918324355410464 / 0.23918324355410464 = 1.0
field decay(t = 900.4270833333333): 0.24639085431723445 / 0.24639085431723445 = 1.0
on time step 87259 (time=908.948), 0.00135871 s/step
field decay(t = 920.4375): 0.2499615856224579 / 0.2499615856224579 = 1.0
on time step 90195 (time=939.531), 0.00136263 s/step
field decay(t = 940.4479166666666): 0.2497381237956416 / 0.2499615856224579 = 0.9991060153252754
field decay(t = 960.4583333333333): 0.24599203579503526 / 0.2499615856224579 = 0.9841193605107856
on time step 93305 (time=971.927), 0.00128658 s/step
field decay(t = 980.46875): 0.23597768180263423 / 0.2499615856224579 = 0.9440557884724536
field decay(t = 1000.4791666666666): 0.21958968750316007 / 0.2499615856224579 = 0.8784937371729928
on time step 96288 (time=1003), 0.00134096 s/step
field decay(t = 1020.4895833333333): 0.2041567140276481 / 0.2499615856224579 = 0.816752356244077
on time step 99190 (time=1033.23), 0.0013788 s/step
field decay(t = 1040.4895833333333): 0.18064525564064648 / 0.2499615856224579 = 0.7226920696266232
field decay(t = 1060.5): 0.15530454812244351 / 0.2499615856224579 = 0.6213136620001106
on time step 102089 (time=1063.43), 0.00137981 s/step
field decay(t = 1080.5104166666665): 0.1360654396207135 / 0.2499615856224579 = 0.5443454012418804
on time step 104988 (time=1093.62), 0.00138014 s/step
field decay(t = 1100.5208333333333): 0.11123137963970174 / 0.2499615856224579 = 0.4449938952127855
field decay(t = 1120.53125): 0.08834898029686826 / 0.2499615856224579 = 0.35345023147000915
on time step 107894 (time=1123.9), 0.00137648 s/step
field decay(t = 1140.5416666666665): 0.0729419089324844 / 0.2499615856224579 = 0.29181247490826806
on time step 110797 (time=1154.14), 0.00137806 s/step
field decay(t = 1160.5520833333333): 0.05509005681968871 / 0.2499615856224579 = 0.2203940924862621
field decay(t = 1180.5625): 0.04042630416475568 / 0.2499615856224579 = 0.16173006769854464
on time step 113686 (time=1184.23), 0.00138464 s/step
field decay(t = 1200.5729166666665): 0.03145223765790655 / 0.2499615856224579 = 0.12582828509262228
on time step 116586 (time=1214.44), 0.00137977 s/step
field decay(t = 1220.5833333333333): 0.02194644820415657 / 0.2499615856224579 = 0.08779928383597509
field decay(t = 1240.59375): 0.01633729675456174 / 0.2499615856224579 = 0.06535922995478834
on time step 119492 (time=1244.71), 0.00137653 s/step
field decay(t = 1260.6041666666665): 0.010908652144081992 / 0.2499615856224579 = 0.04364131439203792
on time step 122380 (time=1274.79), 0.0013854 s/step
field decay(t = 1280.6145833333333): 0.0070323485887286395 / 0.2499615856224579 = 0.02813371731186848
field decay(t = 1300.625): 0.004964653923234367 / 0.2499615856224579 = 0.01986166758732673
on time step 125278 (time=1304.98), 0.00138062 s/step
field decay(t = 1320.6354166666665): 0.00304323682673625 / 0.2499615856224579 = 0.012174818059174726
on time step 128184 (time=1335.25), 0.00137667 s/step
field decay(t = 1340.6458333333333): 0.00181251519230248 / 0.2499615856224579 = 0.0072511749667010985
field decay(t = 1360.65625): 0.0012058210344703542 / 0.2499615856224579 = 0.004824025385611159
on time step 131092 (time=1365.54), 0.00137563 s/step
field decay(t = 1380.6666666666665): 0.0006828817739894438 / 0.2499615856224579 = 0.002731946880113286
on time step 134007 (time=1395.91), 0.00137249 s/step
field decay(t = 1400.6770833333333): 0.0003757578213495175 / 0.2499615856224579 = 0.0015032622729360594
field decay(t = 1420.6875): 0.00023557100714425452 / 0.2499615856224579 = 0.0009424288398460597
on time step 136939 (time=1426.45), 0.00136435 s/step
field decay(t = 1440.6979166666665): 0.0001232538280589056 / 0.2499615856224579 = 0.0004930910793831667
on time step 139887 (time=1457.16), 0.00135708 s/step
field decay(t = 1460.7083333333333): 6.618365115427953e-05 / 0.2499615856224579 = 0.0002647752893288305
field decay(t = 1480.71875): 3.7017405138695475e-05 / 0.2499615856224579 = 0.00014809237606056228
on time step 142828 (time=1487.79), 0.00136027 s/step
field decay(t = 1500.7291666666665): 1.7893707099647643e-05 / 0.2499615856224579 = 7.158582809869956e-05
on time step 145778 (time=1518.52), 0.00135634 s/step
field decay(t = 1520.7395833333333): 1.0021033658789617e-05 / 0.2499615856224579 = 4.009029481004089e-05
field decay(t = 1540.75): 4.678805997879434e-06 / 0.2499615856224579 = 1.8718100168184663e-05
on time step 148763 (time=1549.61), 0.00134015 s/step
field decay(t = 1560.7604166666665): 2.0895140800946224e-06 / 0.2499615856224579 = 8.359340795871833e-06
on time step 151748 (time=1580.71), 0.00134019 s/step
field decay(t = 1580.7708333333333): 1.120154732302481e-06 / 0.2499615856224579 = 4.481307515765095e-06
field decay(t = 1600.78125): 4.7567383454686486e-07 / 0.2499615856224579 = 1.9029877465464748e-06
on time step 154735 (time=1611.82), 0.0013395 s/step
field decay(t = 1620.7916666666665): 1.9626186345586704e-07 / 0.2499615856224579 = 7.851681007989005e-07
field decay(t = 1640.8020833333333): 9.914719913400019e-08 / 0.2499615856224579 = 3.966497447481877e-07
on time step 157728 (time=1643), 0.00133656 s/step
field decay(t = 1660.8125): 3.889818092161126e-08 / 0.2499615856224579 = 1.556166353511739e-07
on time step 160708 (time=1674.04), 0.00134256 s/step
field decay(t = 1680.8229166666665): 1.482757761770202e-08 / 0.2499615856224579 = 5.931942534601137e-08
field decay(t = 1700.8333333333333): 7.058773344818252e-09 / 0.2499615856224579 = 2.8239432580171847e-08
on time step 163694 (time=1705.15), 0.00133964 s/step
field decay(t = 1720.84375): 2.5585412617384317e-09 / 0.2499615856224579 = 1.0235737844945718e-08
on time step 166701 (time=1736.47), 0.0013305 s/step
field decay(t = 1740.8541666666665): 1.0086734475852243e-09 / 0.2499615856224579 = 4.035313846619317e-09
field decay(t = 1760.8645833333333): 4.0422546656831146e-10 / 0.2499615856224579 = 1.6171503535701434e-09
on time step 169694 (time=1767.65), 0.00133645 s/step
field decay(t = 1780.875): 1.3536244620749463e-10 / 0.2499615856224579 = 5.415329954417321e-10
on time step 172686 (time=1798.81), 0.00133723 s/step
field decay(t = 1800.8854166666665): 5.679606187704837e-11 / 0.2499615856224579 = 2.2721916143880274e-10
field decay(t = 1820.8958333333333): 1.8618337621066606e-11 / 0.2499615856224579 = 7.448479563250872e-11
on time step 175672 (time=1829.92), 0.00133973 s/step
field decay(t = 1840.90625): 2.8702693930672014e-10 / 0.2499615856224579 = 1.1482841997179748e-09
run 0 finished at t = 1840.90625 (176727 timesteps)
-----------
Initializing structure...
Splitting into 16 chunks by voxels
time for choose_chunkdivision = 0.000744136 s
Working in 2D dimensions.
Computational cell is 50 x 49 x 0 with resolution 24
     block, center = (0,-4,0)
          size (50,25,1e+20)
          axes (1,0,0), (0,1,0), (0,0,1)
          dielectric constant epsilon diagonal = (1,1,1)
     prism, center = (2.72978,1,5e+19)
          height 1e+20, axis (0,0,1), sidewall angle: 0 radians, 4 vertices:
          (-10,8.5,0)
          (10,8.5,0)
          (15.4596,-6.5,0)
          (-4.54045,-6.5,0)
          dielectric constant epsilon diagonal = (2.30448,2.30448,2.30448)
     prism, center = (2.18382,2.5,5e+19)
          height 1e+20, axis (0,0,1), sidewall angle: 0 radians, 4 vertices:
          (-7,8.5,0)
          (7,8.5,0)
          (11.3676,-3.5,0)
          (-2.63236,-3.5,0)
          dielectric constant epsilon diagonal = (1,1,1)
time for set_epsilon = 1.3967 s
time for set_conductivity = 0.0604209 s
time for set_conductivity = 0.0609097 s
time for set_conductivity = 0.0597797 s
lorentzian susceptibility: frequency=15.6714, gamma=1.42115
lorentzian susceptibility: frequency=2.02365, gamma=1.3413
lorentzian susceptibility: frequency=1.24613, gamma=2.0309
lorentzian susceptibility: frequency=0.626693, gamma=1.83572
drude susceptibility: frequency=1e-10, gamma=0.0661375
-----------
2026-05-30 16:29:07 [INFO] D11_scaled_deep_groove: [single struct] 3 geometry objects
on time step 319 (time=3.32292), 0.0125457 s/step
on time step 649 (time=6.76042), 0.0121396 s/step
on time step 980 (time=10.2083), 0.0121152 s/step
on time step 1310 (time=13.6458), 0.0121302 s/step
on time step 1641 (time=17.0938), 0.0121175 s/step
field decay(t = 20.010416666666664): 3.028518613828998e-10 / 3.028518613828998e-10 = 1.0
on time step 1971 (time=20.5312), 0.0121336 s/step
on time step 2301 (time=23.9688), 0.0121329 s/step
on time step 2632 (time=27.4167), 0.0121088 s/step
on time step 2963 (time=30.8646), 0.0120931 s/step
on time step 3294 (time=34.3125), 0.0121158 s/step
on time step 3626 (time=37.7708), 0.0120815 s/step
field decay(t = 40.010416666666664): 3.52071485349184e-11 / 3.028518613828998e-10 = 0.11625204604704581
on time step 3957 (time=41.2188), 0.0121174 s/step
on time step 4287 (time=44.6562), 0.0121292 s/step
on time step 4617 (time=48.0938), 0.0121322 s/step
on time step 4947 (time=51.5312), 0.0121326 s/step
on time step 5277 (time=54.9688), 0.0121259 s/step
on time step 5607 (time=58.4062), 0.0121285 s/step
field decay(t = 60.02083333333333): 1.0052682653507217e-10 / 3.028518613828998e-10 = 0.33193398936377916
on time step 5937 (time=61.8438), 0.0121387 s/step
on time step 6266 (time=65.2708), 0.0121641 s/step
on time step 6595 (time=68.6979), 0.0121733 s/step
on time step 6924 (time=72.125), 0.0121697 s/step
on time step 7254 (time=75.5625), 0.0121337 s/step
on time step 7583 (time=78.9896), 0.0121746 s/step
field decay(t = 80.02083333333333): 2.101997169230799e-10 / 3.028518613828998e-10 = 0.694067772815573
on time step 7912 (time=82.4167), 0.012188 s/step
on time step 8312 (time=86.5833), 0.0100106 s/step
on time step 8622 (time=89.8125), 0.0129479 s/step
on time step 8879 (time=92.4896), 0.0155704 s/step
on time step 9117 (time=94.9688), 0.0168385 s/step
on time step 9301 (time=96.8854), 0.0218218 s/step
on time step 9485 (time=98.8021), 0.0218044 s/step
field decay(t = 100.03125): 5.891169428070064e-10 / 5.891169428070064e-10 = 1.0
on time step 9669 (time=100.719), 0.0217859 s/step
on time step 9853 (time=102.635), 0.0218349 s/step
on time step 10037 (time=104.552), 0.0217505 s/step
on time step 10221 (time=106.469), 0.021839 s/step
on time step 10405 (time=108.385), 0.0218159 s/step
on time step 10589 (time=110.302), 0.0217638 s/step
on time step 10773 (time=112.219), 0.0217675 s/step
on time step 10957 (time=114.135), 0.0217871 s/step
on time step 11141 (time=116.052), 0.0218307 s/step
on time step 11325 (time=117.969), 0.0218519 s/step
on time step 11509 (time=119.885), 0.021778 s/step
field decay(t = 120.04166666666666): 1.2971644732389702e-09 / 1.2971644732389702e-09 = 1.0
on time step 11693 (time=121.802), 0.0218529 s/step
on time step 11877 (time=123.719), 0.021778 s/step
on time step 12061 (time=125.635), 0.0218194 s/step
on time step 12245 (time=127.552), 0.0218173 s/step
on time step 12429 (time=129.469), 0.0217613 s/step
on time step 12613 (time=131.385), 0.0218521 s/step
on time step 12797 (time=133.302), 0.0217893 s/step
on time step 12981 (time=135.219), 0.0218276 s/step
on time step 13165 (time=137.135), 0.0217866 s/step
on time step 13349 (time=139.052), 0.0217871 s/step
field decay(t = 140.04166666666666): 3.655192121325039e-09 / 3.655192121325039e-09 = 1.0
on time step 13533 (time=140.969), 0.0218354 s/step
on time step 13717 (time=142.885), 0.021775 s/step
on time step 13901 (time=144.802), 0.0217962 s/step
on time step 14085 (time=146.719), 0.0218075 s/step
on time step 14269 (time=148.635), 0.021788 s/step
on time step 14452 (time=150.542), 0.0218694 s/step
on time step 14636 (time=152.458), 0.021839 s/step
on time step 14820 (time=154.375), 0.0218309 s/step
on time step 15003 (time=156.281), 0.021861 s/step
on time step 15186 (time=158.188), 0.0218662 s/step
field decay(t = 160.05208333333331): 9.50711291603894e-09 / 9.50711291603894e-09 = 1.0
on time step 15370 (time=160.104), 0.0218459 s/step
on time step 15554 (time=162.021), 0.0218292 s/step
on time step 15738 (time=163.938), 0.0218404 s/step
on time step 15922 (time=165.854), 0.0217494 s/step
on time step 16107 (time=167.781), 0.0216906 s/step
on time step 16292 (time=169.708), 0.021723 s/step
on time step 16476 (time=171.625), 0.0218096 s/step
on time step 16661 (time=173.552), 0.0217353 s/step
on time step 16845 (time=175.469), 0.0217943 s/step
on time step 17030 (time=177.396), 0.021717 s/step
on time step 17214 (time=179.312), 0.0217957 s/step
field decay(t = 180.0625): 2.114441350683094e-08 / 2.114441350683094e-08 = 1.0
on time step 17398 (time=181.229), 0.0218299 s/step
on time step 17582 (time=183.146), 0.0217926 s/step
on time step 17766 (time=185.062), 0.0218223 s/step
on time step 17950 (time=186.979), 0.0218578 s/step
on time step 18134 (time=188.896), 0.0217861 s/step
on time step 18318 (time=190.812), 0.0218542 s/step
on time step 18502 (time=192.729), 0.0217874 s/step
on time step 18687 (time=194.656), 0.0217092 s/step
on time step 18872 (time=196.583), 0.0216923 s/step
on time step 19056 (time=198.5), 0.0217902 s/step
field decay(t = 200.07291666666666): 5.535099154488342e-08 / 5.535099154488342e-08 = 1.0
on time step 19240 (time=200.417), 0.0217739 s/step
on time step 19424 (time=202.333), 0.02184 s/step
on time step 19608 (time=204.25), 0.021756 s/step
on time step 19793 (time=206.177), 0.0217191 s/step
on time step 19978 (time=208.104), 0.0217127 s/step
on time step 20162 (time=210.021), 0.0218179 s/step
on time step 20346 (time=211.938), 0.0218194 s/step
on time step 20531 (time=213.865), 0.0217357 s/step
on time step 20715 (time=215.781), 0.021827 s/step
on time step 20899 (time=217.698), 0.021773 s/step
on time step 21083 (time=219.615), 0.0217917 s/step
field decay(t = 220.08333333333331): 1.1493017832640348e-07 / 1.1493017832640348e-07 = 1.0
on time step 21267 (time=221.531), 0.0218089 s/step
on time step 21452 (time=223.458), 0.021692 s/step
on time step 21637 (time=225.385), 0.0217291 s/step
on time step 21822 (time=227.312), 0.021634 s/step
on time step 22007 (time=229.24), 0.0216502 s/step
on time step 22191 (time=231.156), 0.0217928 s/step
on time step 22376 (time=233.083), 0.0216709 s/step
on time step 22561 (time=235.01), 0.0216842 s/step
on time step 22746 (time=236.938), 0.0216669 s/step
on time step 22930 (time=238.854), 0.0217478 s/step
field decay(t = 240.09375): 2.789040418484452e-07 / 2.789040418484452e-07 = 1.0
on time step 23114 (time=240.771), 0.0217735 s/step
on time step 23297 (time=242.677), 0.0218975 s/step
on time step 23480 (time=244.583), 0.0219603 s/step
on time step 23663 (time=246.49), 0.0219121 s/step
on time step 23846 (time=248.396), 0.0219538 s/step
on time step 24029 (time=250.302), 0.021931 s/step
on time step 24212 (time=252.208), 0.0219066 s/step
on time step 24395 (time=254.115), 0.0219288 s/step
on time step 24578 (time=256.021), 0.0219367 s/step
on time step 24761 (time=257.927), 0.0219276 s/step
on time step 24944 (time=259.833), 0.0219056 s/step
field decay(t = 260.10416666666663): 6.758262678170083e-07 / 6.758262678170083e-07 = 1.0
on time step 25127 (time=261.74), 0.0218992 s/step
on time step 25310 (time=263.646), 0.0219374 s/step
on time step 25493 (time=265.552), 0.0219075 s/step
on time step 25676 (time=267.458), 0.0218618 s/step
on time step 25860 (time=269.375), 0.0218322 s/step
on time step 26044 (time=271.292), 0.0218532 s/step
on time step 26227 (time=273.198), 0.0218687 s/step
on time step 26410 (time=275.104), 0.0219122 s/step
on time step 26593 (time=277.01), 0.0219075 s/step
on time step 26776 (time=278.917), 0.0219016 s/step
field decay(t = 280.1145833333333): 1.2880556180567274e-06 / 1.2880556180567274e-06 = 1.0
on time step 26959 (time=280.823), 0.0218813 s/step
on time step 27142 (time=282.729), 0.02192 s/step
on time step 27326 (time=284.646), 0.0218479 s/step
on time step 27510 (time=286.562), 0.0218571 s/step
on time step 27693 (time=288.469), 0.0218698 s/step
on time step 27877 (time=290.385), 0.021799 s/step
on time step 28062 (time=292.312), 0.0216917 s/step
on time step 28246 (time=294.229), 0.02176 s/step
on time step 28431 (time=296.156), 0.0216844 s/step
on time step 28616 (time=298.083), 0.0216874 s/step
on time step 28801 (time=300.01), 0.0216717 s/step
field decay(t = 300.125): 2.968928851319205e-06 / 2.968928851319205e-06 = 1.0
on time step 28986 (time=301.938), 0.0216909 s/step
on time step 29170 (time=303.854), 0.02175 s/step
on time step 29355 (time=305.781), 0.0217249 s/step
on time step 29540 (time=307.708), 0.0216969 s/step
on time step 29725 (time=309.635), 0.0216645 s/step
on time step 29910 (time=311.562), 0.0217279 s/step
on time step 30095 (time=313.49), 0.0217121 s/step
on time step 30280 (time=315.417), 0.0216791 s/step
on time step 30464 (time=317.333), 0.0217569 s/step
on time step 30650 (time=319.271), 0.0216084 s/step
field decay(t = 320.13541666666663): 6.649718701047933e-06 / 6.649718701047933e-06 = 1.0
on time step 30835 (time=321.198), 0.0216477 s/step
on time step 31019 (time=323.115), 0.0217512 s/step
on time step 31204 (time=325.042), 0.0216934 s/step
on time step 31389 (time=326.969), 0.0216677 s/step
on time step 31574 (time=328.896), 0.0217141 s/step
on time step 31759 (time=330.823), 0.0217044 s/step
on time step 31943 (time=332.74), 0.0217715 s/step
on time step 32128 (time=334.667), 0.0216917 s/step
on time step 32313 (time=336.594), 0.0216572 s/step
on time step 32498 (time=338.521), 0.0216588 s/step
field decay(t = 340.1458333333333): 1.1948585997763157e-05 / 1.1948585997763157e-05 = 1.0
on time step 32683 (time=340.448), 0.0217201 s/step
on time step 32868 (time=342.375), 0.0217149 s/step
on time step 33053 (time=344.302), 0.0216659 s/step
on time step 33238 (time=346.229), 0.021735 s/step
on time step 33423 (time=348.156), 0.0217307 s/step
on time step 33608 (time=350.083), 0.0216784 s/step
on time step 33793 (time=352.01), 0.0216613 s/step
on time step 33979 (time=353.948), 0.0216156 s/step
on time step 34165 (time=355.885), 0.0215977 s/step
on time step 34350 (time=357.812), 0.0216593 s/step
on time step 34535 (time=359.74), 0.0216477 s/step
field decay(t = 360.15625): 2.5457207363873702e-05 / 2.5457207363873702e-05 = 1.0
on time step 34720 (time=361.667), 0.0216659 s/step
on time step 34905 (time=363.594), 0.0216524 s/step
on time step 35090 (time=365.521), 0.0216474 s/step
on time step 35275 (time=367.448), 0.0216463 s/step
on time step 35460 (time=369.375), 0.0216465 s/step
on time step 35645 (time=371.302), 0.0216608 s/step
on time step 35831 (time=373.24), 0.0216105 s/step
on time step 36017 (time=375.177), 0.0216126 s/step
on time step 36203 (time=377.115), 0.0216097 s/step
on time step 36389 (time=379.052), 0.0216122 s/step
field decay(t = 380.16666666666663): 5.271081909232599e-05 / 5.271081909232599e-05 = 1.0
on time step 36575 (time=380.99), 0.0216118 s/step
on time step 36761 (time=382.927), 0.0216147 s/step
on time step 36947 (time=384.865), 0.0216143 s/step
on time step 37132 (time=386.792), 0.0216229 s/step
on time step 37318 (time=388.729), 0.0216156 s/step
on time step 37503 (time=390.656), 0.0217093 s/step
on time step 37691 (time=392.615), 0.021341 s/step
on time step 37877 (time=394.552), 0.0215064 s/step
on time step 38063 (time=396.49), 0.0215485 s/step
on time step 38249 (time=398.427), 0.0215243 s/step
field decay(t = 400.1770833333333): 8.929471875168914e-05 / 8.929471875168914e-05 = 1.0
on time step 38435 (time=400.365), 0.0215076 s/step
on time step 38621 (time=402.302), 0.0215088 s/step
on time step 38807 (time=404.24), 0.0215588 s/step
on time step 38994 (time=406.188), 0.0214675 s/step
on time step 39181 (time=408.135), 0.0214144 s/step
on time step 39366 (time=410.062), 0.0216333 s/step
on time step 39552 (time=412), 0.0215461 s/step
on time step 39740 (time=413.958), 0.021391 s/step
on time step 39927 (time=415.906), 0.0214539 s/step
on time step 40114 (time=417.854), 0.0214705 s/step
on time step 40300 (time=419.792), 0.0215263 s/step
field decay(t = 420.1875): 0.0001758742368147658 / 0.0001758742368147658 = 1.0
on time step 40486 (time=421.729), 0.0215917 s/step
on time step 40673 (time=423.677), 0.021474 s/step
on time step 40859 (time=425.615), 0.0215236 s/step
on time step 41047 (time=427.573), 0.0213878 s/step
on time step 41234 (time=429.521), 0.0214055 s/step
on time step 41421 (time=431.469), 0.021455 s/step
on time step 41609 (time=433.427), 0.0213643 s/step
on time step 41797 (time=435.385), 0.0213634 s/step
on time step 41983 (time=437.323), 0.0215513 s/step
on time step 42169 (time=439.26), 0.0215361 s/step
field decay(t = 440.19791666666663): 0.0003248969245274753 / 0.0003248969245274753 = 1.0
on time step 42354 (time=441.188), 0.0216561 s/step
on time step 42538 (time=443.104), 0.021748 s/step
on time step 42723 (time=445.031), 0.0216888 s/step
on time step 42909 (time=446.969), 0.021527 s/step
on time step 43096 (time=448.917), 0.0214042 s/step
on time step 43283 (time=450.865), 0.0214169 s/step
on time step 43470 (time=452.812), 0.0214103 s/step
on time step 43657 (time=454.76), 0.0214641 s/step
on time step 43844 (time=456.708), 0.0215027 s/step
on time step 44030 (time=458.646), 0.0216124 s/step
field decay(t = 460.2083333333333): 0.0005376739663593764 / 0.0005376739663593764 = 1.0
on time step 44216 (time=460.583), 0.0215072 s/step
on time step 44403 (time=462.531), 0.0214901 s/step
on time step 44591 (time=464.49), 0.0213325 s/step
on time step 44777 (time=466.427), 0.0216172 s/step
on time step 44963 (time=468.365), 0.0216116 s/step
on time step 45149 (time=470.302), 0.0215872 s/step
on time step 45335 (time=472.24), 0.0215811 s/step
on time step 45522 (time=474.188), 0.021442 s/step
on time step 45709 (time=476.135), 0.0214614 s/step
on time step 45894 (time=478.062), 0.0217139 s/step
on time step 46079 (time=479.99), 0.0216413 s/step
field decay(t = 480.21875): 0.000979020508014532 / 0.000979020508014532 = 1.0
on time step 46264 (time=481.917), 0.0216586 s/step
on time step 46449 (time=483.844), 0.0217142 s/step
on time step 46633 (time=485.76), 0.0217415 s/step
on time step 46820 (time=487.708), 0.0215025 s/step
on time step 47005 (time=489.635), 0.0217101 s/step
on time step 47190 (time=491.562), 0.0216785 s/step
on time step 47376 (time=493.5), 0.0215578 s/step
on time step 47561 (time=495.427), 0.0216679 s/step
on time step 47746 (time=497.354), 0.0217011 s/step
on time step 47933 (time=499.302), 0.0214634 s/step
field decay(t = 500.22916666666663): 0.0015061148289973226 / 0.0015061148289973226 = 1.0
on time step 48119 (time=501.24), 0.0215974 s/step
on time step 48305 (time=503.177), 0.0215376 s/step
on time step 48491 (time=505.115), 0.0215888 s/step
on time step 48676 (time=507.042), 0.0216619 s/step
on time step 48862 (time=508.979), 0.0215164 s/step
on time step 49048 (time=510.917), 0.0216035 s/step
on time step 49234 (time=512.854), 0.0215827 s/step
on time step 49420 (time=514.792), 0.0215801 s/step
on time step 49605 (time=516.719), 0.0216683 s/step
on time step 49791 (time=518.656), 0.021564 s/step
field decay(t = 520.2291666666666): 0.002608764472645922 / 0.002608764472645922 = 1.0
on time step 49977 (time=520.594), 0.0215405 s/step
on time step 50163 (time=522.531), 0.0215538 s/step
on time step 50349 (time=524.469), 0.0215283 s/step
on time step 50535 (time=526.406), 0.0215142 s/step
on time step 50722 (time=528.354), 0.0214921 s/step
on time step 50909 (time=530.302), 0.0214657 s/step
on time step 51096 (time=532.25), 0.0214785 s/step
on time step 51283 (time=534.198), 0.021456 s/step
on time step 51470 (time=536.146), 0.0214842 s/step
on time step 51657 (time=538.094), 0.0214979 s/step
on time step 51844 (time=540.042), 0.0214694 s/step
field decay(t = 540.2395833333333): 0.0043915658544958 / 0.0043915658544958 = 1.0
on time step 52031 (time=541.99), 0.0214364 s/step
on time step 52219 (time=543.948), 0.0213819 s/step
on time step 52406 (time=545.896), 0.0214212 s/step
on time step 52594 (time=547.854), 0.0213814 s/step
on time step 52780 (time=549.792), 0.0215743 s/step
on time step 52967 (time=551.74), 0.0215047 s/step
on time step 53155 (time=553.698), 0.0213329 s/step
on time step 53343 (time=555.656), 0.0213367 s/step
on time step 53531 (time=557.615), 0.0213094 s/step
on time step 53719 (time=559.573), 0.0213408 s/step
field decay(t = 560.25): 0.0063697830339965195 / 0.0063697830339965195 = 1.0
on time step 53907 (time=561.531), 0.0213355 s/step
on time step 54095 (time=563.49), 0.0213167 s/step
on time step 54283 (time=565.448), 0.0213273 s/step
on time step 54471 (time=567.406), 0.0213355 s/step
on time step 54659 (time=569.365), 0.0213266 s/step
on time step 54847 (time=571.323), 0.0213322 s/step
on time step 55035 (time=573.281), 0.0213339 s/step
on time step 55223 (time=575.24), 0.0213293 s/step
on time step 55411 (time=577.198), 0.0213213 s/step
on time step 55599 (time=579.156), 0.0213267 s/step
field decay(t = 580.2604166666666): 0.010200493391469875 / 0.010200493391469875 = 1.0
on time step 55787 (time=581.115), 0.0213264 s/step
on time step 55975 (time=583.073), 0.0213093 s/step
on time step 56163 (time=585.031), 0.0213072 s/step
on time step 56351 (time=586.99), 0.0213236 s/step
on time step 56539 (time=588.948), 0.0213003 s/step
on time step 56727 (time=590.906), 0.0213303 s/step
on time step 56915 (time=592.865), 0.0213206 s/step
on time step 57103 (time=594.823), 0.0213338 s/step
on time step 57291 (time=596.781), 0.0213495 s/step
on time step 57479 (time=598.74), 0.0213428 s/step
field decay(t = 600.2708333333333): 0.01587554942015081 / 0.01587554942015081 = 1.0
on time step 57667 (time=600.698), 0.0213213 s/step
on time step 57855 (time=602.656), 0.0213107 s/step
on time step 58043 (time=604.615), 0.0213457 s/step
on time step 58227 (time=606.531), 0.0218499 s/step
on time step 58411 (time=608.448), 0.0217799 s/step
on time step 58594 (time=610.354), 0.021861 s/step
on time step 58778 (time=612.271), 0.0217821 s/step
on time step 58962 (time=614.188), 0.0217988 s/step
on time step 59146 (time=616.104), 0.0217768 s/step
on time step 59329 (time=618.01), 0.0219407 s/step
on time step 59514 (time=619.938), 0.0216532 s/step
field decay(t = 620.28125): 0.021711102999573 / 0.021711102999573 = 1.0
on time step 59700 (time=621.875), 0.0215185 s/step
on time step 59887 (time=623.823), 0.0214821 s/step
on time step 60074 (time=625.771), 0.0214327 s/step
on time step 60261 (time=627.719), 0.0214637 s/step
on time step 60448 (time=629.667), 0.0214235 s/step
on time step 60636 (time=631.625), 0.0213661 s/step
on time step 60824 (time=633.583), 0.02136 s/step
on time step 61012 (time=635.542), 0.0213479 s/step
on time step 61200 (time=637.5), 0.0213686 s/step
on time step 61388 (time=639.458), 0.0213618 s/step
field decay(t = 640.2916666666666): 0.03214523549828903 / 0.03214523549828903 = 1.0
on time step 61576 (time=641.417), 0.021337 s/step
on time step 61763 (time=643.365), 0.0214454 s/step
on time step 61950 (time=645.312), 0.0214516 s/step
on time step 62137 (time=647.26), 0.0214803 s/step
on time step 62325 (time=649.219), 0.0213752 s/step
on time step 62512 (time=651.167), 0.0214135 s/step
on time step 62700 (time=653.125), 0.021361 s/step
on time step 62888 (time=655.083), 0.0213111 s/step
on time step 63076 (time=657.042), 0.0213087 s/step
on time step 63264 (time=659), 0.02129 s/step
field decay(t = 660.3020833333333): 0.046256032015216025 / 0.046256032015216025 = 1.0
on time step 63452 (time=660.958), 0.0213472 s/step
on time step 63640 (time=662.917), 0.0213486 s/step
on time step 63828 (time=664.875), 0.021329 s/step
on time step 64016 (time=666.833), 0.0213154 s/step
on time step 64204 (time=668.792), 0.021308 s/step
on time step 64391 (time=670.74), 0.0214038 s/step
on time step 64576 (time=672.667), 0.0216831 s/step
on time step 64764 (time=674.625), 0.0213467 s/step
on time step 64950 (time=676.562), 0.0215925 s/step
on time step 65132 (time=678.458), 0.022078 s/step
field decay(t = 680.3125): 0.059646074950253335 / 0.059646074950253335 = 1.0
on time step 65320 (time=680.417), 0.0213201 s/step
on time step 65508 (time=682.375), 0.021287 s/step
on time step 65696 (time=684.333), 0.0213252 s/step
on time step 65883 (time=686.281), 0.021399 s/step
on time step 66071 (time=688.24), 0.0213094 s/step
on time step 66257 (time=690.177), 0.0215276 s/step
on time step 66445 (time=692.135), 0.0213188 s/step
on time step 66632 (time=694.083), 0.0214087 s/step
on time step 66819 (time=696.031), 0.0214119 s/step
on time step 67007 (time=697.99), 0.0213693 s/step
on time step 67193 (time=699.927), 0.0215237 s/step
field decay(t = 700.3229166666666): 0.08165247765074238 / 0.08165247765074238 = 1.0
on time step 67380 (time=701.875), 0.0214506 s/step
on time step 67567 (time=703.823), 0.0214164 s/step
on time step 67754 (time=705.771), 0.021435 s/step
on time step 67941 (time=707.719), 0.0214088 s/step
on time step 68128 (time=709.667), 0.0214002 s/step
on time step 68314 (time=711.604), 0.0215273 s/step
on time step 68502 (time=713.562), 0.0213637 s/step
on time step 68688 (time=715.5), 0.0215561 s/step
on time step 68876 (time=717.458), 0.0213894 s/step
on time step 69064 (time=719.417), 0.0213577 s/step
field decay(t = 720.3333333333333): 0.10592477441202187 / 0.10592477441202187 = 1.0
on time step 69252 (time=721.375), 0.0213699 s/step
on time step 69440 (time=723.333), 0.021353 s/step
on time step 69627 (time=725.281), 0.0213906 s/step
on time step 69814 (time=727.229), 0.021407 s/step
on time step 70002 (time=729.188), 0.0213547 s/step
on time step 70190 (time=731.146), 0.0213795 s/step
on time step 70378 (time=733.104), 0.021354 s/step
on time step 70566 (time=735.062), 0.0213788 s/step
on time step 70754 (time=737.021), 0.0213565 s/step
on time step 70942 (time=738.979), 0.0213688 s/step
field decay(t = 740.34375): 0.13209023994102 / 0.13209023994102 = 1.0
on time step 71130 (time=740.938), 0.0213871 s/step
on time step 71318 (time=742.896), 0.021335 s/step
on time step 71506 (time=744.854), 0.0213577 s/step
on time step 71694 (time=746.812), 0.0213482 s/step
on time step 71882 (time=748.771), 0.021358 s/step
on time step 72070 (time=750.729), 0.0213398 s/step
on time step 72258 (time=752.688), 0.0213305 s/step
on time step 72446 (time=754.646), 0.0213324 s/step
on time step 72634 (time=756.604), 0.0213265 s/step
on time step 72822 (time=758.562), 0.0213374 s/step
field decay(t = 760.3541666666666): 0.1671986764501581 / 0.1671986764501581 = 1.0
on time step 73010 (time=760.521), 0.0213311 s/step
on time step 73198 (time=762.479), 0.0213344 s/step
on time step 73386 (time=764.438), 0.0213267 s/step
on time step 73574 (time=766.396), 0.021325 s/step
on time step 73762 (time=768.354), 0.0213324 s/step
on time step 73950 (time=770.312), 0.0213293 s/step
on time step 74138 (time=772.271), 0.021327 s/step
on time step 74326 (time=774.229), 0.0213273 s/step
on time step 74514 (time=776.188), 0.0213291 s/step
on time step 74702 (time=778.146), 0.0213234 s/step
on time step 74890 (time=780.104), 0.0213261 s/step
field decay(t = 780.3645833333333): 0.19583446142692532 / 0.19583446142692532 = 1.0
on time step 75078 (time=782.062), 0.0213339 s/step
on time step 75266 (time=784.021), 0.0213287 s/step
on time step 75454 (time=785.979), 0.02133 s/step
on time step 75642 (time=787.938), 0.0213363 s/step
on time step 75830 (time=789.896), 0.0213278 s/step
on time step 76018 (time=791.854), 0.021335 s/step
on time step 76206 (time=793.812), 0.0213319 s/step
on time step 76394 (time=795.771), 0.0213281 s/step
on time step 76582 (time=797.729), 0.02134 s/step
on time step 76770 (time=799.688), 0.0213142 s/step
field decay(t = 800.375): 0.23583532685455688 / 0.23583532685455688 = 1.0
on time step 76958 (time=801.646), 0.0213426 s/step
on time step 77145 (time=803.594), 0.0213941 s/step
on time step 77333 (time=805.552), 0.0213805 s/step
on time step 77520 (time=807.5), 0.0213914 s/step
on time step 77708 (time=809.458), 0.0213358 s/step
on time step 77896 (time=811.417), 0.0213263 s/step
on time step 78084 (time=813.375), 0.0213218 s/step
on time step 78272 (time=815.333), 0.0213279 s/step
on time step 78460 (time=817.292), 0.0213652 s/step
on time step 78648 (time=819.25), 0.0213438 s/step
field decay(t = 820.3854166666666): 0.2760360939591936 / 0.2760360939591936 = 1.0
on time step 78836 (time=821.208), 0.0213473 s/step
on time step 79024 (time=823.167), 0.0213714 s/step
on time step 79212 (time=825.125), 0.021333 s/step
on time step 79400 (time=827.083), 0.0213282 s/step
on time step 79588 (time=829.042), 0.0213329 s/step
on time step 79776 (time=831), 0.0213441 s/step
on time step 79964 (time=832.958), 0.0213325 s/step
on time step 80152 (time=834.917), 0.0213285 s/step
on time step 80340 (time=836.875), 0.0213286 s/step
on time step 80528 (time=838.833), 0.0213294 s/step
field decay(t = 840.3958333333333): 0.3048752394220455 / 0.3048752394220455 = 1.0
on time step 80716 (time=840.792), 0.021331 s/step
on time step 80904 (time=842.75), 0.0213423 s/step
on time step 81092 (time=844.708), 0.0213349 s/step
on time step 81280 (time=846.667), 0.0213416 s/step
on time step 81468 (time=848.625), 0.0213386 s/step
on time step 81656 (time=850.583), 0.0213315 s/step
on time step 81844 (time=852.542), 0.0213328 s/step
on time step 82032 (time=854.5), 0.0213279 s/step
on time step 82219 (time=856.448), 0.0214261 s/step
on time step 82407 (time=858.406), 0.0213727 s/step
on time step 82595 (time=860.365), 0.0213751 s/step
field decay(t = 860.40625): 0.3395099121584151 / 0.3395099121584151 = 1.0
on time step 82783 (time=862.323), 0.021378 s/step
on time step 82971 (time=864.281), 0.0213866 s/step
on time step 83159 (time=866.24), 0.0213649 s/step
on time step 83346 (time=868.188), 0.0214064 s/step
on time step 83533 (time=870.135), 0.021424 s/step
on time step 83720 (time=872.083), 0.0214597 s/step
on time step 83907 (time=874.031), 0.0213926 s/step
on time step 84094 (time=875.979), 0.0214455 s/step
on time step 84281 (time=877.927), 0.021455 s/step
on time step 84469 (time=879.885), 0.0213851 s/step
field decay(t = 880.4166666666666): 0.367476262863653 / 0.367476262863653 = 1.0
on time step 84656 (time=881.833), 0.0214297 s/step
on time step 84843 (time=883.781), 0.021445 s/step
on time step 85030 (time=885.729), 0.0214442 s/step
on time step 85217 (time=887.677), 0.0214575 s/step
on time step 85404 (time=889.625), 0.0214575 s/step
on time step 85592 (time=891.583), 0.0213884 s/step
on time step 85779 (time=893.531), 0.0214379 s/step
on time step 85964 (time=895.458), 0.0216926 s/step
on time step 86149 (time=897.385), 0.0216298 s/step
on time step 86334 (time=899.312), 0.0217177 s/step
field decay(t = 900.4270833333333): 0.3827419185856384 / 0.3827419185856384 = 1.0
on time step 86519 (time=901.24), 0.0216358 s/step
on time step 86704 (time=903.167), 0.0217005 s/step
on time step 86888 (time=905.083), 0.0217409 s/step
on time step 87070 (time=906.979), 0.0220342 s/step
on time step 87256 (time=908.917), 0.0216209 s/step
on time step 87441 (time=910.844), 0.0216963 s/step
on time step 87626 (time=912.771), 0.0216766 s/step
on time step 87811 (time=914.698), 0.0216425 s/step
on time step 87997 (time=916.635), 0.0216103 s/step
on time step 88182 (time=918.562), 0.0216507 s/step
field decay(t = 920.4375): 0.3941610770506747 / 0.3941610770506747 = 1.0
on time step 88367 (time=920.49), 0.0217216 s/step
on time step 88552 (time=922.417), 0.0216559 s/step
on time step 88738 (time=924.354), 0.0215608 s/step
on time step 88922 (time=926.271), 0.0217997 s/step
on time step 89107 (time=928.198), 0.0216814 s/step
on time step 89292 (time=930.125), 0.0216613 s/step
on time step 89478 (time=932.062), 0.0216216 s/step
on time step 89663 (time=933.99), 0.0216859 s/step
on time step 89847 (time=935.906), 0.0217799 s/step
on time step 90031 (time=937.823), 0.0217407 s/step
on time step 90216 (time=939.75), 0.0217354 s/step
field decay(t = 940.4479166666666): 0.395755200293763 / 0.395755200293763 = 1.0
on time step 90400 (time=941.667), 0.0217843 s/step
on time step 90585 (time=943.594), 0.0217362 s/step
on time step 90770 (time=945.521), 0.0217373 s/step
on time step 90954 (time=947.438), 0.0217439 s/step
on time step 91137 (time=949.344), 0.0218885 s/step
on time step 91320 (time=951.25), 0.0218891 s/step
on time step 91502 (time=953.146), 0.0219801 s/step
on time step 91685 (time=955.052), 0.0219752 s/step
on time step 91867 (time=956.948), 0.0220204 s/step
on time step 92049 (time=958.844), 0.0220102 s/step
field decay(t = 960.4583333333333): 0.3928942817187486 / 0.395755200293763 = 0.9927709893062914
on time step 92233 (time=960.76), 0.0217829 s/step
on time step 92416 (time=962.667), 0.0218872 s/step
on time step 92600 (time=964.583), 0.0217724 s/step
on time step 92785 (time=966.51), 0.0216618 s/step
on time step 92967 (time=968.406), 0.0219814 s/step
on time step 93149 (time=970.302), 0.0220029 s/step
on time step 93332 (time=972.208), 0.021868 s/step
on time step 93517 (time=974.135), 0.0216371 s/step
on time step 93704 (time=976.083), 0.0214578 s/step
on time step 93892 (time=978.042), 0.021385 s/step
on time step 94079 (time=979.99), 0.0214003 s/step
field decay(t = 980.46875): 0.38387005889391995 / 0.395755200293763 = 0.9699684517322302
on time step 94266 (time=981.938), 0.0214877 s/step
on time step 94453 (time=983.885), 0.0214361 s/step
on time step 94640 (time=985.833), 0.0214594 s/step
on time step 94828 (time=987.792), 0.021315 s/step
on time step 95015 (time=989.74), 0.0214571 s/step
on time step 95202 (time=991.688), 0.021427 s/step
on time step 95390 (time=993.646), 0.0213635 s/step
on time step 95578 (time=995.604), 0.0213568 s/step
on time step 95766 (time=997.562), 0.0213629 s/step
on time step 95951 (time=999.49), 0.0216296 s/step
field decay(t = 1000.4791666666666): 0.36302410403607666 / 0.395755200293763 = 0.9172945896013734
on time step 96139 (time=1001.45), 0.0213525 s/step
on time step 96327 (time=1003.41), 0.0212875 s/step
on time step 96514 (time=1005.35), 0.0214082 s/step
on time step 96699 (time=1007.28), 0.021716 s/step
on time step 96886 (time=1009.23), 0.0214595 s/step
on time step 97072 (time=1011.17), 0.0215361 s/step
on time step 97257 (time=1013.09), 0.0216735 s/step
on time step 97443 (time=1015.03), 0.0215612 s/step
on time step 97628 (time=1016.96), 0.0217043 s/step
on time step 97813 (time=1018.89), 0.0216806 s/step
field decay(t = 1020.4895833333333): 0.3417109563667356 / 0.395755200293763 = 0.8634402178748095
on time step 97998 (time=1020.81), 0.0217056 s/step
on time step 98183 (time=1022.74), 0.0216967 s/step
on time step 98368 (time=1024.67), 0.0217008 s/step
on time step 98553 (time=1026.59), 0.0216946 s/step
on time step 98738 (time=1028.52), 0.0217316 s/step
on time step 98923 (time=1030.45), 0.0217145 s/step
on time step 99108 (time=1032.38), 0.0217233 s/step
on time step 99293 (time=1034.3), 0.0216889 s/step
on time step 99477 (time=1036.22), 0.0217462 s/step
on time step 99662 (time=1038.15), 0.0217168 s/step
on time step 99847 (time=1040.07), 0.0216996 s/step
field decay(t = 1040.4895833333333): 0.30749438387446487 / 0.395755200293763 = 0.7769812845067267
on time step 100032 (time=1042), 0.0217193 s/step
on time step 100217 (time=1043.93), 0.0216913 s/step
on time step 100405 (time=1045.89), 0.0213882 s/step
on time step 100593 (time=1047.84), 0.0213258 s/step
on time step 100781 (time=1049.8), 0.0213207 s/step
on time step 100969 (time=1051.76), 0.0213069 s/step
on time step 101157 (time=1053.72), 0.0212987 s/step
on time step 101345 (time=1055.68), 0.0213111 s/step
on time step 101533 (time=1057.64), 0.0213114 s/step
on time step 101712 (time=1059.5), 0.0224198 s/step
field decay(t = 1060.5): 0.26896492967689106 / 0.395755200293763 = 0.6796244988751696
on time step 101891 (time=1061.36), 0.0223475 s/step
on time step 102071 (time=1063.24), 0.02232 s/step
on time step 102251 (time=1065.11), 0.022346 s/step
on time step 102431 (time=1066.99), 0.0223392 s/step
on time step 102610 (time=1068.85), 0.0223476 s/step
on time step 102790 (time=1070.73), 0.0223343 s/step
on time step 102969 (time=1072.59), 0.0223495 s/step
on time step 103149 (time=1074.47), 0.0223186 s/step
on time step 103329 (time=1076.34), 0.022322 s/step
on time step 103509 (time=1078.22), 0.0223121 s/step
on time step 103689 (time=1080.09), 0.0223313 s/step
field decay(t = 1080.5104166666665): 0.238786112694248 / 0.395755200293763 = 0.6033682248950886
on time step 103869 (time=1081.97), 0.0223194 s/step
on time step 104048 (time=1083.83), 0.0223547 s/step
on time step 104228 (time=1085.71), 0.0223345 s/step
on time step 104408 (time=1087.58), 0.0223336 s/step
on time step 104588 (time=1089.46), 0.0223263 s/step
on time step 104768 (time=1091.33), 0.0223368 s/step
on time step 104949 (time=1093.22), 0.0221824 s/step
on time step 105133 (time=1095.14), 0.0217997 s/step
on time step 105317 (time=1097.05), 0.0218225 s/step
on time step 105502 (time=1098.98), 0.0216815 s/step
field decay(t = 1100.5208333333333): 0.19875899612231418 / 0.395755200293763 = 0.5022271241787308
on time step 105686 (time=1100.9), 0.021784 s/step
on time step 105867 (time=1102.78), 0.0221172 s/step
on time step 106048 (time=1104.67), 0.022139 s/step
on time step 106229 (time=1106.55), 0.0221279 s/step
on time step 106412 (time=1108.46), 0.0219114 s/step
on time step 106593 (time=1110.34), 0.0221374 s/step
on time step 106777 (time=1112.26), 0.0218202 s/step
on time step 106960 (time=1114.17), 0.0219454 s/step
on time step 107141 (time=1116.05), 0.0221692 s/step
on time step 107324 (time=1117.96), 0.021882 s/step
on time step 107507 (time=1119.86), 0.0218683 s/step
field decay(t = 1120.53125): 0.16082006727457093 / 0.395755200293763 = 0.40636248659574575
on time step 107687 (time=1121.74), 0.0223256 s/step
on time step 107868 (time=1123.62), 0.0221925 s/step
on time step 108051 (time=1125.53), 0.021909 s/step
on time step 108234 (time=1127.44), 0.0218942 s/step
on time step 108417 (time=1129.34), 0.0219332 s/step
on time step 108600 (time=1131.25), 0.0219014 s/step
on time step 108783 (time=1133.16), 0.0218705 s/step
on time step 108965 (time=1135.05), 0.0220043 s/step
on time step 109146 (time=1136.94), 0.0221003 s/step
on time step 109330 (time=1138.85), 0.0218362 s/step
field decay(t = 1140.5416666666665): 0.1346729615012245 / 0.395755200293763 = 0.34029359917762
on time step 109514 (time=1140.77), 0.0218181 s/step
on time step 109699 (time=1142.7), 0.0217291 s/step
on time step 109886 (time=1144.65), 0.021404 s/step
on time step 110075 (time=1146.61), 0.0212687 s/step
on time step 110264 (time=1148.58), 0.0212637 s/step
on time step 110453 (time=1150.55), 0.0212517 s/step
on time step 110642 (time=1152.52), 0.0212561 s/step
on time step 110831 (time=1154.49), 0.0212627 s/step
on time step 111020 (time=1156.46), 0.0212636 s/step
on time step 111209 (time=1158.43), 0.0212712 s/step
on time step 111398 (time=1160.4), 0.021255 s/step
field decay(t = 1160.5520833333333): 0.1036999633446303 / 0.395755200293763 = 0.2620305766485328
on time step 111587 (time=1162.36), 0.0212629 s/step
on time step 111776 (time=1164.33), 0.02126 s/step
on time step 111965 (time=1166.3), 0.0212668 s/step
on time step 112154 (time=1168.27), 0.0212498 s/step
on time step 112343 (time=1170.24), 0.0212619 s/step
on time step 112532 (time=1172.21), 0.0212623 s/step
on time step 112721 (time=1174.18), 0.0212638 s/step
on time step 112910 (time=1176.15), 0.0212636 s/step
on time step 113099 (time=1178.11), 0.0212702 s/step
on time step 113288 (time=1180.08), 0.0212559 s/step
field decay(t = 1180.5625): 0.07762456436160069 / 0.395755200293763 = 0.19614287899181404
on time step 113477 (time=1182.05), 0.0212572 s/step
on time step 113665 (time=1184.01), 0.02129 s/step
on time step 113853 (time=1185.97), 0.0212986 s/step
on time step 114041 (time=1187.93), 0.0213048 s/step
on time step 114229 (time=1189.89), 0.0212986 s/step
on time step 114417 (time=1191.84), 0.0213126 s/step
on time step 114605 (time=1193.8), 0.0213447 s/step
on time step 114793 (time=1195.76), 0.0213118 s/step
on time step 114981 (time=1197.72), 0.0213017 s/step
on time step 115169 (time=1199.68), 0.0212983 s/step
field decay(t = 1200.5729166666665): 0.06132096418085821 / 0.395755200293763 = 0.154946704769364
on time step 115357 (time=1201.64), 0.0213043 s/step
on time step 115545 (time=1203.59), 0.0212996 s/step
on time step 115733 (time=1205.55), 0.0213055 s/step
on time step 115921 (time=1207.51), 0.0213052 s/step
on time step 116109 (time=1209.47), 0.0213069 s/step
on time step 116297 (time=1211.43), 0.0213174 s/step
on time step 116485 (time=1213.39), 0.0213023 s/step
on time step 116673 (time=1215.34), 0.0212905 s/step
on time step 116861 (time=1217.3), 0.0213089 s/step
on time step 117049 (time=1219.26), 0.0213022 s/step
field decay(t = 1220.5833333333333): 0.04368731860513363 / 0.395755200293763 = 0.11038975248513529
on time step 117237 (time=1221.22), 0.0213059 s/step
on time step 117425 (time=1223.18), 0.0213336 s/step
on time step 117613 (time=1225.14), 0.0213322 s/step
on time step 117801 (time=1227.09), 0.0213248 s/step
on time step 117989 (time=1229.05), 0.0213242 s/step
on time step 118177 (time=1231.01), 0.0213444 s/step
on time step 118365 (time=1232.97), 0.0213263 s/step
on time step 118553 (time=1234.93), 0.0213249 s/step
on time step 118741 (time=1236.89), 0.021324 s/step
on time step 118929 (time=1238.84), 0.0213277 s/step
field decay(t = 1240.59375): 0.033004364891977965 / 0.395755200293763 = 0.08339590956095923
on time step 119117 (time=1240.8), 0.0213014 s/step
on time step 119305 (time=1242.76), 0.0213041 s/step
on time step 119493 (time=1244.72), 0.0212844 s/step
on time step 119681 (time=1246.68), 0.0213017 s/step
on time step 119869 (time=1248.64), 0.0212859 s/step
on time step 120058 (time=1250.6), 0.0212662 s/step
on time step 120247 (time=1252.57), 0.0212622 s/step
on time step 120436 (time=1254.54), 0.0212682 s/step
on time step 120625 (time=1256.51), 0.0212724 s/step
on time step 120814 (time=1258.48), 0.0212722 s/step
on time step 121002 (time=1260.44), 0.0212804 s/step
field decay(t = 1260.6041666666665): 0.0225516391476045 / 0.395755200293763 = 0.05698381001908444
on time step 121190 (time=1262.4), 0.0212784 s/step
on time step 121378 (time=1264.35), 0.0212836 s/step
on time step 121567 (time=1266.32), 0.0212662 s/step
on time step 121756 (time=1268.29), 0.0212717 s/step
on time step 121945 (time=1270.26), 0.0212728 s/step
on time step 122133 (time=1272.22), 0.0212772 s/step
on time step 122322 (time=1274.19), 0.0212637 s/step
on time step 122511 (time=1276.16), 0.0212758 s/step
on time step 122700 (time=1278.12), 0.0212697 s/step
on time step 122888 (time=1280.08), 0.0213013 s/step
field decay(t = 1280.6145833333333): 0.014867712501198152 / 0.395755200293763 = 0.03756795233559048
on time step 123076 (time=1282.04), 0.0212959 s/step
on time step 123264 (time=1284), 0.0213111 s/step
on time step 123452 (time=1285.96), 0.0213005 s/step
on time step 123640 (time=1287.92), 0.0213015 s/step
on time step 123828 (time=1289.88), 0.0212999 s/step
on time step 124016 (time=1291.83), 0.0213021 s/step
on time step 124204 (time=1293.79), 0.0213031 s/step
on time step 124392 (time=1295.75), 0.0213631 s/step
on time step 124579 (time=1297.7), 0.0214338 s/step
on time step 124766 (time=1299.65), 0.0214334 s/step
field decay(t = 1300.625): 0.010678767169686205 / 0.395755200293763 = 0.026983264305205642
on time step 124953 (time=1301.59), 0.0214104 s/step
on time step 125140 (time=1303.54), 0.0214153 s/step
on time step 125327 (time=1305.49), 0.0214356 s/step
on time step 125514 (time=1307.44), 0.0214445 s/step
on time step 125701 (time=1309.39), 0.0213975 s/step
on time step 125889 (time=1311.34), 0.0213903 s/step
on time step 126076 (time=1313.29), 0.0214643 s/step
on time step 126263 (time=1315.24), 0.0214071 s/step
on time step 126450 (time=1317.19), 0.0214366 s/step
on time step 126637 (time=1319.14), 0.0214551 s/step
field decay(t = 1320.6354166666665): 0.006702023980643705 / 0.395755200293763 = 0.016934771736843622
on time step 126824 (time=1321.08), 0.0214934 s/step
on time step 127011 (time=1323.03), 0.0214741 s/step
on time step 127198 (time=1324.98), 0.0214498 s/step
on time step 127385 (time=1326.93), 0.0214473 s/step
on time step 127572 (time=1328.88), 0.0214294 s/step
on time step 127759 (time=1330.82), 0.0213993 s/step
on time step 127946 (time=1332.77), 0.0214316 s/step
on time step 128133 (time=1334.72), 0.0214341 s/step
on time step 128320 (time=1336.67), 0.021415 s/step
on time step 128507 (time=1338.61), 0.0214015 s/step
on time step 128695 (time=1340.57), 0.0213797 s/step
field decay(t = 1340.6458333333333): 0.004089650064487279 / 0.395755200293763 = 0.010333787304504386
on time step 128882 (time=1342.52), 0.0214076 s/step
on time step 129069 (time=1344.47), 0.0214042 s/step
on time step 129256 (time=1346.42), 0.0214148 s/step
on time step 129443 (time=1348.36), 0.0214071 s/step
on time step 129630 (time=1350.31), 0.0214409 s/step
on time step 129817 (time=1352.26), 0.0214717 s/step
on time step 130004 (time=1354.21), 0.0214363 s/step
on time step 130191 (time=1356.16), 0.0214121 s/step
on time step 130378 (time=1358.1), 0.0214 s/step
on time step 130565 (time=1360.05), 0.0214108 s/step
field decay(t = 1360.65625): 0.0027720323352146475 / 0.395755200293763 = 0.007004411649315058
on time step 130752 (time=1362), 0.0214463 s/step
on time step 130939 (time=1363.95), 0.0214553 s/step
on time step 131125 (time=1365.89), 0.0215714 s/step
on time step 131311 (time=1367.82), 0.0215771 s/step
on time step 131497 (time=1369.76), 0.0215797 s/step
on time step 131683 (time=1371.7), 0.0215679 s/step
on time step 131869 (time=1373.64), 0.021583 s/step
on time step 132055 (time=1375.57), 0.021604 s/step
on time step 132241 (time=1377.51), 0.0215713 s/step
on time step 132427 (time=1379.45), 0.0215943 s/step
field decay(t = 1380.6666666666665): 0.0016104978398926101 / 0.395755200293763 = 0.004069429381337661
on time step 132613 (time=1381.39), 0.0216033 s/step
on time step 132799 (time=1383.32), 0.0216179 s/step
on time step 132985 (time=1385.26), 0.0215718 s/step
on time step 133171 (time=1387.2), 0.0215806 s/step
on time step 133357 (time=1389.14), 0.0215982 s/step
on time step 133543 (time=1391.07), 0.0215865 s/step
on time step 133729 (time=1393.01), 0.0215882 s/step
on time step 133915 (time=1394.95), 0.0215897 s/step
on time step 134101 (time=1396.89), 0.0215857 s/step
on time step 134287 (time=1398.82), 0.021591 s/step
field decay(t = 1400.6770833333333): 0.0009098322329949106 / 0.395755200293763 = 0.0022989773282058104
on time step 134472 (time=1400.75), 0.0216229 s/step
on time step 134658 (time=1402.69), 0.0215862 s/step
on time step 134844 (time=1404.62), 0.021599 s/step
on time step 135030 (time=1406.56), 0.0216016 s/step
on time step 135216 (time=1408.5), 0.0215755 s/step
on time step 135402 (time=1410.44), 0.0215713 s/step
on time step 135588 (time=1412.38), 0.0215972 s/step
on time step 135774 (time=1414.31), 0.0215976 s/step
on time step 135960 (time=1416.25), 0.0215974 s/step
on time step 136146 (time=1418.19), 0.0215923 s/step
on time step 136332 (time=1420.12), 0.0215874 s/step
field decay(t = 1420.6875): 0.0005821017669824577 / 0.395755200293763 = 0.0014708632168329628
on time step 136518 (time=1422.06), 0.0215796 s/step
on time step 136704 (time=1424), 0.021602 s/step
on time step 136890 (time=1425.94), 0.0215783 s/step
on time step 137076 (time=1427.88), 0.0215912 s/step
on time step 137262 (time=1429.81), 0.0215943 s/step
on time step 137448 (time=1431.75), 0.0216114 s/step
on time step 137634 (time=1433.69), 0.0215408 s/step
on time step 137819 (time=1435.61), 0.0216335 s/step
on time step 138005 (time=1437.55), 0.021609 s/step
on time step 138191 (time=1439.49), 0.0216033 s/step
field decay(t = 1440.6979166666665): 0.00031316084395404797 / 0.395755200293763 = 0.0007912993783065731
on time step 138377 (time=1441.43), 0.0215878 s/step
on time step 138563 (time=1443.36), 0.0215817 s/step
on time step 138749 (time=1445.3), 0.0216081 s/step
on time step 138935 (time=1447.24), 0.0215929 s/step
on time step 139119 (time=1449.16), 0.0218372 s/step
on time step 139303 (time=1451.07), 0.021774 s/step
on time step 139488 (time=1453), 0.0216703 s/step
on time step 139672 (time=1454.92), 0.021817 s/step
on time step 139856 (time=1456.83), 0.0218037 s/step
on time step 140040 (time=1458.75), 0.0218042 s/step
on time step 140224 (time=1460.67), 0.0217448 s/step
field decay(t = 1460.7083333333333): 0.00017724499956809267 / 0.395755200293763 = 0.0004478652445666575
on time step 140408 (time=1462.58), 0.0217798 s/step
on time step 140593 (time=1464.51), 0.0217007 s/step
on time step 140778 (time=1466.44), 0.0217111 s/step
on time step 140963 (time=1468.36), 0.0216468 s/step
on time step 141149 (time=1470.3), 0.0215434 s/step
on time step 141334 (time=1472.23), 0.0216218 s/step
on time step 141519 (time=1474.16), 0.0217328 s/step
on time step 141704 (time=1476.08), 0.0217369 s/step
on time step 141888 (time=1478), 0.0217638 s/step
on time step 142074 (time=1479.94), 0.02157 s/step
field decay(t = 1480.71875): 9.896853716344074e-05 / 0.395755200293763 = 0.00025007514011181136
on time step 142260 (time=1481.88), 0.0215881 s/step
on time step 142444 (time=1483.79), 0.0218103 s/step
on time step 142628 (time=1485.71), 0.0217947 s/step
on time step 142813 (time=1487.64), 0.0216587 s/step
on time step 142997 (time=1489.55), 0.0217584 s/step
on time step 143181 (time=1491.47), 0.0218038 s/step
on time step 143366 (time=1493.4), 0.0216349 s/step
on time step 143551 (time=1495.32), 0.0216806 s/step
on time step 143735 (time=1497.24), 0.0218171 s/step
on time step 143920 (time=1499.17), 0.0217379 s/step
field decay(t = 1500.7291666666665): 4.932024154966337e-05 / 0.395755200293763 = 0.0001246231041640229
on time step 144105 (time=1501.09), 0.0216595 s/step
on time step 144290 (time=1503.02), 0.0217161 s/step
on time step 144476 (time=1504.96), 0.021609 s/step
on time step 144661 (time=1506.89), 0.0217215 s/step
on time step 144847 (time=1508.82), 0.0215947 s/step
on time step 145035 (time=1510.78), 0.0213567 s/step
on time step 145223 (time=1512.74), 0.0213274 s/step
on time step 145411 (time=1514.7), 0.0213246 s/step
on time step 145599 (time=1516.66), 0.0213674 s/step
on time step 145787 (time=1518.61), 0.0213142 s/step
on time step 145975 (time=1520.57), 0.0213328 s/step
field decay(t = 1520.7395833333333): 2.862991618917341e-05 / 0.395755200293763 = 7.23424889121403e-05
on time step 146163 (time=1522.53), 0.0213433 s/step
on time step 146351 (time=1524.49), 0.0213238 s/step
on time step 146539 (time=1526.45), 0.0213194 s/step
on time step 146727 (time=1528.41), 0.0213238 s/step
on time step 146915 (time=1530.36), 0.021326 s/step
on time step 147103 (time=1532.32), 0.0213244 s/step
on time step 147291 (time=1534.28), 0.0213257 s/step
on time step 147479 (time=1536.24), 0.021355 s/step
on time step 147665 (time=1538.18), 0.0215295 s/step
on time step 147850 (time=1540.1), 0.0216254 s/step
field decay(t = 1540.75): 1.363755556446711e-05 / 0.395755200293763 = 3.445957388391653e-05
on time step 148038 (time=1542.06), 0.0213884 s/step
on time step 148226 (time=1544.02), 0.0213086 s/step
on time step 148414 (time=1545.98), 0.0213152 s/step
on time step 148602 (time=1547.94), 0.0213153 s/step
on time step 148790 (time=1549.9), 0.0213189 s/step
on time step 148978 (time=1551.85), 0.0213322 s/step
on time step 149166 (time=1553.81), 0.0213141 s/step
on time step 149354 (time=1555.77), 0.0213318 s/step
on time step 149542 (time=1557.73), 0.0213741 s/step
on time step 149730 (time=1559.69), 0.0213638 s/step
field decay(t = 1560.7604166666665): 6.29807485986143e-06 / 0.395755200293763 = 1.591406721929735e-05
on time step 149918 (time=1561.65), 0.0213731 s/step
on time step 150106 (time=1563.6), 0.0213747 s/step
on time step 150294 (time=1565.56), 0.0213585 s/step
on time step 150482 (time=1567.52), 0.0213487 s/step
on time step 150670 (time=1569.48), 0.0213411 s/step
on time step 150858 (time=1571.44), 0.0213717 s/step
on time step 151046 (time=1573.4), 0.0213828 s/step
on time step 151234 (time=1575.35), 0.0213871 s/step
on time step 151422 (time=1577.31), 0.0213529 s/step
on time step 151610 (time=1579.27), 0.0213777 s/step
field decay(t = 1580.7708333333333): 3.464980555844897e-06 / 0.395755200293763 = 8.755363298505984e-06
on time step 151797 (time=1581.22), 0.0214924 s/step
on time step 151985 (time=1583.18), 0.0213471 s/step
on time step 152173 (time=1585.14), 0.0213596 s/step
on time step 152361 (time=1587.09), 0.0213794 s/step
on time step 152549 (time=1589.05), 0.0213604 s/step
on time step 152737 (time=1591.01), 0.0213731 s/step
on time step 152925 (time=1592.97), 0.0213689 s/step
on time step 153113 (time=1594.93), 0.0213857 s/step
on time step 153301 (time=1596.89), 0.0213632 s/step
on time step 153489 (time=1598.84), 0.0213744 s/step
field decay(t = 1600.78125): 1.5248945976614603e-06 / 0.395755200293763 = 3.85312586298185e-06
on time step 153677 (time=1600.8), 0.0213845 s/step
on time step 153865 (time=1602.76), 0.0213348 s/step
on time step 154052 (time=1604.71), 0.0214353 s/step
on time step 154240 (time=1606.67), 0.0213447 s/step
on time step 154428 (time=1608.62), 0.0213408 s/step
on time step 154616 (time=1610.58), 0.0213694 s/step
on time step 154803 (time=1612.53), 0.021434 s/step
on time step 154990 (time=1614.48), 0.0214084 s/step
on time step 155177 (time=1616.43), 0.0214396 s/step
on time step 155364 (time=1618.38), 0.0214394 s/step
on time step 155551 (time=1620.32), 0.0213971 s/step
field decay(t = 1620.7916666666665): 6.529319655314689e-07 / 0.395755200293763 = 1.6498379934030116e-06
on time step 155738 (time=1622.27), 0.0214296 s/step
on time step 155925 (time=1624.22), 0.0214252 s/step
on time step 156112 (time=1626.17), 0.0214133 s/step
on time step 156299 (time=1628.11), 0.0214463 s/step
on time step 156487 (time=1630.07), 0.0213597 s/step
on time step 156675 (time=1632.03), 0.0213568 s/step
on time step 156863 (time=1633.99), 0.021384 s/step
on time step 157051 (time=1635.95), 0.0213357 s/step
on time step 157238 (time=1637.9), 0.0213989 s/step
on time step 157425 (time=1639.84), 0.021423 s/step
field decay(t = 1640.8020833333333): 3.3945922056080974e-07 / 0.395755200293763 = 8.577504990681977e-07
on time step 157613 (time=1641.8), 0.0213846 s/step
on time step 157800 (time=1643.75), 0.0214384 s/step
on time step 157987 (time=1645.7), 0.0214182 s/step
on time step 158174 (time=1647.65), 0.021445 s/step
on time step 158361 (time=1649.59), 0.0213946 s/step
on time step 158548 (time=1651.54), 0.021439 s/step
on time step 158735 (time=1653.49), 0.0214052 s/step
on time step 158922 (time=1655.44), 0.0214288 s/step
on time step 159109 (time=1657.39), 0.0214191 s/step
on time step 159296 (time=1659.33), 0.0214012 s/step
field decay(t = 1660.8125): 1.3856028927946937e-07 / 0.395755200293763 = 3.5011615558460937e-07
on time step 159483 (time=1661.28), 0.0214299 s/step
on time step 159671 (time=1663.24), 0.0213639 s/step
on time step 159857 (time=1665.18), 0.0215175 s/step
on time step 160044 (time=1667.12), 0.0214736 s/step
on time step 160231 (time=1669.07), 0.0214613 s/step
on time step 160417 (time=1671.01), 0.0215436 s/step
on time step 160604 (time=1672.96), 0.0214588 s/step
on time step 160791 (time=1674.91), 0.0215058 s/step
on time step 160978 (time=1676.85), 0.0214615 s/step
on time step 161165 (time=1678.8), 0.0214312 s/step
on time step 161352 (time=1680.75), 0.0214705 s/step
field decay(t = 1680.8229166666665): 5.526344121174917e-08 / 0.395755200293763 = 1.3964046756865853e-07
on time step 161537 (time=1682.68), 0.0216423 s/step
on time step 161722 (time=1684.6), 0.0216389 s/step
on time step 161907 (time=1686.53), 0.0216455 s/step
on time step 162092 (time=1688.46), 0.0216306 s/step
on time step 162278 (time=1690.4), 0.0215651 s/step
on time step 162464 (time=1692.33), 0.0215805 s/step
on time step 162649 (time=1694.26), 0.0216344 s/step
on time step 162835 (time=1696.2), 0.0215134 s/step
on time step 163022 (time=1698.15), 0.0214945 s/step
on time step 163208 (time=1700.08), 0.0215329 s/step
field decay(t = 1700.8333333333333): 2.7050804902749245e-08 / 0.395755200293763 = 6.835236753091266e-08
on time step 163394 (time=1702.02), 0.0215933 s/step
on time step 163579 (time=1703.95), 0.0216412 s/step
on time step 163764 (time=1705.88), 0.0216424 s/step
on time step 163949 (time=1707.8), 0.0216411 s/step
on time step 164134 (time=1709.73), 0.0216395 s/step
on time step 164319 (time=1711.66), 0.0216336 s/step
on time step 164504 (time=1713.58), 0.0216354 s/step
on time step 164689 (time=1715.51), 0.0216321 s/step
on time step 164874 (time=1717.44), 0.0216346 s/step
on time step 165059 (time=1719.36), 0.0216731 s/step
field decay(t = 1720.84375): 1.0246935856941019e-08 / 0.395755200293763 = 2.589210665920467e-08
on time step 165244 (time=1721.29), 0.0216426 s/step
on time step 165430 (time=1723.23), 0.0215916 s/step
on time step 165616 (time=1725.17), 0.0215954 s/step
on time step 165803 (time=1727.11), 0.0214107 s/step
on time step 165989 (time=1729.05), 0.0215659 s/step
on time step 166176 (time=1731), 0.0214891 s/step
on time step 166363 (time=1732.95), 0.021497 s/step
on time step 166548 (time=1734.88), 0.0216386 s/step
on time step 166733 (time=1736.8), 0.0216374 s/step
on time step 166918 (time=1738.73), 0.0216441 s/step
on time step 167103 (time=1740.66), 0.0216353 s/step
field decay(t = 1740.8541666666665): 4.6047035407794544e-09 / 0.395755200293763 = 1.1635231924587356e-08
on time step 167288 (time=1742.58), 0.0216388 s/step
on time step 167473 (time=1744.51), 0.0216331 s/step
on time step 167659 (time=1746.45), 0.0215936 s/step
on time step 167845 (time=1748.39), 0.0215398 s/step
on time step 168030 (time=1750.31), 0.0216582 s/step
on time step 168218 (time=1752.27), 0.0213832 s/step
on time step 168404 (time=1754.21), 0.0215861 s/step
on time step 168591 (time=1756.16), 0.021472 s/step
on time step 168777 (time=1758.09), 0.0215055 s/step
on time step 168963 (time=1760.03), 0.0215621 s/step
field decay(t = 1760.8645833333333): 1.7560822461289307e-09 / 0.395755200293763 = 4.437294177879199e-09
on time step 169151 (time=1761.99), 0.0213534 s/step
on time step 169339 (time=1763.95), 0.0213633 s/step
on time step 169525 (time=1765.89), 0.0215584 s/step
on time step 169711 (time=1767.82), 0.0215993 s/step
on time step 169898 (time=1769.77), 0.0214154 s/step
on time step 170084 (time=1771.71), 0.0216219 s/step
on time step 170269 (time=1773.64), 0.0216256 s/step
on time step 170454 (time=1775.56), 0.02163 s/step
on time step 170640 (time=1777.5), 0.0216192 s/step
on time step 170825 (time=1779.43), 0.0216831 s/step
field decay(t = 1780.875): 6.177322718120695e-10 / 0.395755200293763 = 1.5608948950096836e-09
on time step 171010 (time=1781.35), 0.0216384 s/step
on time step 171195 (time=1783.28), 0.021679 s/step
on time step 171381 (time=1785.22), 0.0215811 s/step
on time step 171568 (time=1787.17), 0.0214784 s/step
on time step 171756 (time=1789.12), 0.0213788 s/step
on time step 171944 (time=1791.08), 0.0213749 s/step
on time step 172132 (time=1793.04), 0.0213874 s/step
on time step 172320 (time=1795), 0.0213805 s/step
on time step 172511 (time=1796.99), 0.0209941 s/step
on time step 172704 (time=1799), 0.0207774 s/step
field decay(t = 1800.8854166666665): 2.7748825634493195e-10 / 0.395755200293763 = 7.0116136475012e-10
on time step 172897 (time=1801.01), 0.0208178 s/step
on time step 173090 (time=1803.02), 0.0207834 s/step
on time step 173283 (time=1805.03), 0.0208215 s/step
on time step 173476 (time=1807.04), 0.0207494 s/step
on time step 173669 (time=1809.05), 0.0207475 s/step
on time step 173862 (time=1811.06), 0.0207739 s/step
on time step 174055 (time=1813.07), 0.0207347 s/step
on time step 174249 (time=1815.09), 0.0206902 s/step
on time step 174443 (time=1817.11), 0.0207059 s/step
on time step 174637 (time=1819.14), 0.0206589 s/step
field decay(t = 1820.8958333333333): 9.320639279334195e-11 / 0.395755200293763 = 2.3551526985408224e-10
on time step 174831 (time=1821.16), 0.0206537 s/step
on time step 175025 (time=1823.18), 0.0206638 s/step
on time step 175218 (time=1825.19), 0.0207325 s/step
on time step 175412 (time=1827.21), 0.0206862 s/step
on time step 175606 (time=1829.23), 0.0206659 s/step
on time step 175800 (time=1831.25), 0.0207055 s/step
on time step 175995 (time=1833.28), 0.0205746 s/step
on time step 176190 (time=1835.31), 0.0205649 s/step
on time step 176385 (time=1837.34), 0.0205699 s/step
on time step 176580 (time=1839.38), 0.02057 s/step
2026-05-30 17:31:08 [INFO] D11_scaled_deep_groove: Checkpointed 9 completed spectra row(s) to /mnt/c/Users/admin/Meep_Simulation/meep_sim/results/diagnostics_v2/tables/D11_thickness_3um_quick_spectra_checkpoint.csv
2026-05-30 17:31:08 [INFO] D11_scaled_deep_groove: >>> task=10/10 case=scaled_inner_wall_film_3um pol=Hz wl=12.345 res=24 pml=4
2026-05-30 17:31:08 [INFO] D11_scaled_deep_groove: [single ref] wl=12.345 um, f=0.0810045, res=24, comp=Hz
field decay(t = 1840.90625): 3.107129557451742e-10 / 0.395755200293763 = 7.851140187533525e-10
run 0 finished at t = 1840.90625 (176727 timesteps)
-----------
Initializing structure...
Splitting into 16 chunks by voxels
time for choose_chunkdivision = 0.000595407 s
Working in 2D dimensions.
Computational cell is 50 x 49 x 0 with resolution 24
time for set_epsilon = 0.123733 s
-----------
field decay(t = 20.010416666666664): 3.791109530841496e-10 / 3.791109530841496e-10 = 1.0
on time step 3315 (time=34.5312), 0.00120682 s/step
field decay(t = 40.010416666666664): 1.8753277726993157e-11 / 3.791109530841496e-10 = 0.04946646245493881
field decay(t = 60.02083333333333): 4.408721395747741e-11 / 3.791109530841496e-10 = 0.11629105832690506
on time step 6730 (time=70.1042), 0.00117142 s/step
field decay(t = 80.02083333333333): 1.0256571305328555e-10 / 3.791109530841496e-10 = 0.2705427321972401
field decay(t = 100.03125): 3.0832819178069596e-10 / 3.791109530841496e-10 = 0.8132927557813338
on time step 10126 (time=105.479), 0.00117809 s/step
field decay(t = 120.04166666666666): 6.910377133955291e-10 / 6.910377133955291e-10 = 1.0
field decay(t = 140.04166666666666): 1.523889460126116e-09 / 1.523889460126116e-09 = 1.0
on time step 13564 (time=141.292), 0.00116347 s/step
field decay(t = 160.05208333333331): 3.306420577501909e-09 / 3.306420577501909e-09 = 1.0
on time step 17063 (time=177.74), 0.00114337 s/step
field decay(t = 180.0625): 9.052350963847418e-09 / 9.052350963847418e-09 = 1.0
field decay(t = 200.07291666666666): 1.892178369764083e-08 / 1.892178369764083e-08 = 1.0
on time step 20585 (time=214.427), 0.00113586 s/step
field decay(t = 220.08333333333331): 3.889888016449758e-08 / 3.889888016449758e-08 = 1.0
field decay(t = 240.09375): 7.868198564216415e-08 / 7.868198564216415e-08 = 1.0
on time step 24074 (time=250.771), 0.00114672 s/step
field decay(t = 260.10416666666663): 1.936115469460919e-07 / 1.936115469460919e-07 = 1.0
field decay(t = 280.1145833333333): 3.8227164698642284e-07 / 3.8227164698642284e-07 = 1.0
on time step 27604 (time=287.542), 0.00113317 s/step
field decay(t = 300.125): 7.325980288940247e-07 / 7.325980288940247e-07 = 1.0
field decay(t = 320.13541666666663): 1.381418934348397e-06 / 1.381418934348397e-06 = 1.0
on time step 31128 (time=324.25), 0.00113525 s/step
field decay(t = 340.1458333333333): 3.0003143988629294e-06 / 3.0003143988629294e-06 = 1.0
field decay(t = 360.15625): 5.6978790387567025e-06 / 5.6978790387567025e-06 = 1.0
on time step 34624 (time=360.667), 0.00114419 s/step
field decay(t = 380.16666666666663): 1.0179541390732324e-05 / 1.0179541390732324e-05 = 1.0
on time step 38152 (time=397.417), 0.00113397 s/step
field decay(t = 400.1770833333333): 1.789423917818548e-05 / 1.789423917818548e-05 = 1.0
field decay(t = 420.1875): 3.3669798616893576e-05 / 3.3669798616893576e-05 = 1.0
on time step 41676 (time=434.125), 0.00113509 s/step
field decay(t = 440.19791666666663): 6.265991019615381e-05 / 6.265991019615381e-05 = 1.0
field decay(t = 460.2083333333333): 0.00010435828613854089 / 0.00010435828613854089 = 1.0
on time step 45207 (time=470.906), 0.00113299 s/step
field decay(t = 480.21875): 0.0001710157186688181 / 0.0001710157186688181 = 1.0
field decay(t = 500.22916666666663): 0.0002757462996346803 / 0.0002757462996346803 = 1.0
on time step 48741 (time=507.719), 0.00113201 s/step
field decay(t = 520.2291666666666): 0.0005083952853285207 / 0.0005083952853285207 = 1.0
field decay(t = 540.2395833333333): 0.0007893387227280258 / 0.0007893387227280258 = 1.0
on time step 52222 (time=543.979), 0.00114915 s/step
field decay(t = 560.25): 0.0012058524285758292 / 0.0012058524285758292 = 1.0
on time step 55681 (time=580.01), 0.00115643 s/step
field decay(t = 580.2604166666666): 0.0018125606770986826 / 0.0018125606770986826 = 1.0
field decay(t = 600.2708333333333): 0.0030433270237713713 / 0.0030433270237713713 = 1.0
on time step 59141 (time=616.052), 0.00115611 s/step
field decay(t = 620.28125): 0.004404891722051416 / 0.004404891722051416 = 1.0
field decay(t = 640.2916666666666): 0.006273178889059838 / 0.006273178889059838 = 1.0
on time step 62609 (time=652.177), 0.00115363 s/step
field decay(t = 660.3020833333333): 0.00879044336790208 / 0.00879044336790208 = 1.0
field decay(t = 680.3125): 0.013440985519123575 / 0.013440985519123575 = 1.0
on time step 66095 (time=688.49), 0.00114752 s/step
field decay(t = 700.3229166666666): 0.018136039261412534 / 0.018136039261412534 = 1.0
field decay(t = 720.3333333333333): 0.024077848583538123 / 0.024077848583538123 = 1.0
on time step 69502 (time=723.979), 0.00117415 s/step
field decay(t = 740.34375): 0.031453167885246894 / 0.031453167885246894 = 1.0
on time step 72872 (time=759.083), 0.00118714 s/step
field decay(t = 760.3541666666666): 0.04379746717390652 / 0.04379746717390652 = 1.0
field decay(t = 780.3645833333333): 0.055091557355708635 / 0.055091557355708635 = 1.0
on time step 76267 (time=794.448), 0.00117831 s/step
field decay(t = 800.375): 0.0681843966758733 / 0.0681843966758733 = 1.0
field decay(t = 820.3854166666666): 0.08303351098782799 / 0.08303351098782799 = 1.0
on time step 79703 (time=830.24), 0.00116417 s/step
field decay(t = 840.3958333333333): 0.10523465608059596 / 0.10523465608059596 = 1.0
field decay(t = 860.40625): 0.12347045630637914 / 0.12347045630637914 = 1.0
on time step 83130 (time=865.938), 0.00116732 s/step
field decay(t = 880.4166666666666): 0.14245829109940117 / 0.14245829109940117 = 1.0
field decay(t = 900.4270833333333): 0.16172524481034053 / 0.16172524481034053 = 1.0
on time step 86560 (time=901.667), 0.00116647 s/step
field decay(t = 920.4375): 0.18415077789895443 / 0.18415077789895443 = 1.0
on time step 90005 (time=937.552), 0.00116158 s/step
field decay(t = 940.4479166666666): 0.20416273092440468 / 0.20416273092440468 = 1.0
field decay(t = 960.4583333333333): 0.21959672969237728 / 0.21959672969237728 = 1.0
on time step 93395 (time=972.865), 0.00118025 s/step
field decay(t = 980.46875): 0.232401631043022 / 0.232401631043022 = 1.0
field decay(t = 1000.4791666666666): 0.24200455386074327 / 0.24200455386074327 = 1.0
on time step 96775 (time=1008.07), 0.0011836 s/step
field decay(t = 1020.4895833333333): 0.2490722198833717 / 0.2490722198833717 = 1.0
field decay(t = 1040.4895833333333): 0.2499695796996593 / 0.2499695796996593 = 1.0
on time step 100155 (time=1043.28), 0.0011836 s/step
field decay(t = 1060.5): 0.2490721934929001 / 0.2499695796996593 = 0.9964100183396819
on time step 103422 (time=1077.31), 0.00122472 s/step
field decay(t = 1080.5104166666665): 0.24441141279602066 / 0.2499695796996593 = 0.9777646267585167
field decay(t = 1100.5208333333333): 0.23598469706965253 / 0.2499695796996593 = 0.9440536618623364
on time step 106526 (time=1109.65), 0.0012887 s/step
field decay(t = 1120.53125): 0.21959690284914954 / 0.2499695796996593 = 0.8784945076636813
on time step 109482 (time=1140.44), 0.0013536 s/step
field decay(t = 1140.5416666666665): 0.20416288818702075 / 0.2499695796996593 = 0.8167509359831876
field decay(t = 1160.5520833333333): 0.18676466893306704 / 0.2499695796996593 = 0.7471495897919518
on time step 112426 (time=1171.1), 0.00135911 s/step
field decay(t = 1180.5625): 0.16810545531047147 / 0.2499695796996593 = 0.6725036522942179
field decay(t = 1200.5729166666665): 0.14245852796696223 / 0.2499695796996593 = 0.5699034584053285
on time step 115411 (time=1202.2), 0.00134035 s/step
field decay(t = 1220.5833333333333): 0.12347065969282399 / 0.2499695796996593 = 0.4939427423175856
on time step 118223 (time=1231.49), 0.00142267 s/step
field decay(t = 1240.59375): 0.10529394006419329 / 0.2499695796996593 = 0.4212270156660859
field decay(t = 1260.6041666666665): 0.0883517560570981 / 0.2499695796996593 = 0.35345003245296297
on time step 121028 (time=1260.71), 0.00142606 s/step
field decay(t = 1280.6145833333333): 0.06818456983558054 / 0.2499695796996593 = 0.2727714705025504
on time step 123840 (time=1290), 0.00142287 s/step
field decay(t = 1300.625): 0.0550916963949188 / 0.2499695796996593 = 0.22039360333810207
on time step 126650 (time=1319.27), 0.00142387 s/step
field decay(t = 1320.6354166666665): 0.04379757693616284 / 0.2499695796996593 = 0.17521162770600335
field decay(t = 1340.6458333333333): 0.034259732737246106 / 0.2499695796996593 = 0.13705560804002423
on time step 129461 (time=1348.55), 0.00142324 s/step
field decay(t = 1360.65625): 0.025622399129982133 / 0.2499695796996593 = 0.10250206909483817
on time step 132276 (time=1377.88), 0.00142142 s/step
field decay(t = 1380.6666666666665): 0.01813610097220378 / 0.2499695796996593 = 0.07255323225327846
field decay(t = 1400.6770833333333): 0.01344103100504726 / 0.2499695796996593 = 0.053770666899535455
on time step 135101 (time=1407.3), 0.00141643 s/step
field decay(t = 1420.6875): 0.009801400925036275 / 0.2499695796996593 = 0.03921037486566464
on time step 137926 (time=1436.73), 0.00141628 s/step
field decay(t = 1440.6979166666665): 0.006993784002957787 / 0.2499695796996593 = 0.027978540474248432
field decay(t = 1460.7083333333333): 0.0044049106061599674 / 0.2499695796996593 = 0.017621786664811404
on time step 140751 (time=1466.16), 0.00141623 s/step
field decay(t = 1480.71875): 0.0030433399529382543 / 0.2499695796996593 = 0.012174841261064065
on time step 143583 (time=1495.66), 0.00141281 s/step
field decay(t = 1500.7291666666665): 0.0020688439547850096 / 0.2499695796996593 = 0.00827638289935417
field decay(t = 1520.7395833333333): 0.0013838136269989623 / 0.2499695796996593 = 0.0055359281263809255
on time step 146403 (time=1525.03), 0.00141894 s/step
field decay(t = 1540.75): 0.0007893427915141625 / 0.2499695796996593 = 0.0031577554055280048
on time step 149238 (time=1554.56), 0.00141097 s/step
field decay(t = 1560.7604166666665): 0.0005083978729675952 / 0.2499695796996593 = 0.0020338389718398526
field decay(t = 1580.7708333333333): 0.0003221853028837065 / 0.2499695796996593 = 0.0012888980461975216
on time step 152060 (time=1583.96), 0.00141752 s/step
field decay(t = 1600.78125): 0.00020089876596842234 / 0.2499695796996593 = 0.0008036928581862002
on time step 154889 (time=1613.43), 0.00141422 s/step
field decay(t = 1620.7916666666665): 0.00010435891506922794 / 0.2499695796996593 = 0.0004174864605309819
field decay(t = 1640.8020833333333): 6.266028776589928e-05 / 0.2499695796996593 = 0.0002506716530914929
on time step 157725 (time=1642.97), 0.00141068 s/step
field decay(t = 1660.8125): 3.701852218685921e-05 / 0.2499695796996593 = 0.00014809210877314468
on time step 160551 (time=1672.41), 0.00141549 s/step
field decay(t = 1680.8229166666665): 2.1518512528062152e-05 / 0.2499695796996593 = 8.608452498066701e-05
field decay(t = 1700.8333333333333): 1.0179604805233319e-05 / 0.2499695796996593 = 4.0723374490064775e-05
on time step 163385 (time=1701.93), 0.00141157 s/step
field decay(t = 1720.84375): 5.697919781563695e-06 / 0.2499695796996593 = 2.279445278265378e-05
on time step 166213 (time=1731.39), 0.00141453 s/step
field decay(t = 1740.8541666666665): 3.1381067105983852e-06 / 0.2499695796996593 = 1.2553954422649543e-05
field decay(t = 1760.8645833333333): 1.7005253110891361e-06 / 0.2499695796996593 = 6.802929032934058e-06
on time step 169046 (time=1760.9), 0.00141205 s/step
field decay(t = 1780.875): 7.326023649443768e-07 / 0.2499695796996593 = 2.930766078914903e-06
on time step 171865 (time=1790.26), 0.00141931 s/step
field decay(t = 1800.8854166666665): 3.8227496497199826e-07 / 0.2499695796996593 = 1.529285945239037e-06
on time step 174684 (time=1819.62), 0.00141913 s/step
field decay(t = 1820.8958333333333): 1.9626915582182252e-07 / 0.2499695796996593 = 7.851721639794797e-07
field decay(t = 1840.90625): 9.914958080989059e-08 / 0.2499695796996593 = 3.9664658767286683e-07
on time step 177502 (time=1848.98), 0.00141956 s/step
field decay(t = 1860.9166666666665): 4.314599239801727e-08 / 0.2499695796996593 = 1.7260497237246853e-07
on time step 180331 (time=1878.45), 0.00141407 s/step
field decay(t = 1880.9270833333333): 1.892212977273437e-08 / 0.2499695796996593 = 7.569773008167426e-08
field decay(t = 1900.9375): 9.056669964865128e-09 / 0.2499695796996593 = 3.62310885018361e-08
on time step 183179 (time=1908.11), 0.00140487 s/step
field decay(t = 1920.9479166666665): 4.265205008829742e-09 / 0.2499695796996593 = 1.7062896269035715e-08
on time step 186038 (time=1937.9), 0.00139944 s/step
field decay(t = 1940.9583333333333): 1.8392784560755428e-09 / 0.2499695796996593 = 7.358009155695875e-09
field decay(t = 1960.96875): 6.910393015743116e-10 / 0.2499695796996593 = 2.7644935931988264e-09
on time step 188895 (time=1967.66), 0.00140042 s/step
field decay(t = 1980.9791666666665): 3.083479004697297e-10 / 0.2499695796996593 = 1.2335417007149928e-09
on time step 191751 (time=1997.41), 0.00140097 s/step
field decay(t = 2000.9895833333333): 1.3535992436579692e-10 / 0.2499695796996593 = 5.415055885137427e-10
field decay(t = 2021.0): 5.6753841454492615e-11 / 0.2499695796996593 = 2.2704299268208103e-10
on time step 194600 (time=2027.08), 0.0014042 s/step
field decay(t = 2041.0104166666665): 1.8620884756824215e-11 / 0.2499695796996593 = 7.449260337676839e-11
on time step 197445 (time=2056.72), 0.00140645 s/step
field decay(t = 2061.0104166666665): 3.6124061069730645e-10 / 0.2499695796996593 = 1.445138288952361e-09
run 0 finished at t = 2061.0104166666665 (197857 timesteps)
-----------
Initializing structure...
Splitting into 16 chunks by voxels
time for choose_chunkdivision = 0.000520528 s
Working in 2D dimensions.
Computational cell is 50 x 49 x 0 with resolution 24
     block, center = (0,-4,0)
          size (50,25,1e+20)
          axes (1,0,0), (0,1,0), (0,0,1)
          dielectric constant epsilon diagonal = (1,1,1)
     prism, center = (2.72978,1,5e+19)
          height 1e+20, axis (0,0,1), sidewall angle: 0 radians, 4 vertices:
          (-10,8.5,0)
          (10,8.5,0)
          (15.4596,-6.5,0)
          (-4.54045,-6.5,0)
          dielectric constant epsilon diagonal = (2.07945,2.07945,2.07945)
     prism, center = (2.18382,2.5,5e+19)
          height 1e+20, axis (0,0,1), sidewall angle: 0 radians, 4 vertices:
          (-7,8.5,0)
          (7,8.5,0)
          (11.3676,-3.5,0)
          (-2.63236,-3.5,0)
          dielectric constant epsilon diagonal = (1,1,1)
time for set_epsilon = 1.38444 s
time for set_conductivity = 0.0599278 s
time for set_conductivity = 0.0603112 s
time for set_conductivity = 0.0598081 s
lorentzian susceptibility: frequency=15.6714, gamma=1.42115
lorentzian susceptibility: frequency=2.02365, gamma=1.3413
lorentzian susceptibility: frequency=1.24613, gamma=2.0309
lorentzian susceptibility: frequency=0.626693, gamma=1.83572
drude susceptibility: frequency=1e-10, gamma=0.0661375
-----------
2026-05-30 17:35:24 [INFO] D11_scaled_deep_groove: [single struct] 3 geometry objects
/home/gyh/miniforge3/envs/meep_mpi/lib/python3.11/site-packages/meep/simulation.py:1664: RuntimeWarning: Note: your sources include frequencies outside the range of validity of the material models. This is fine as long as you eventually only look at outputs (fluxes, resonant modes, etc.) at valid frequencies.
  warnings.warn(warn_src, RuntimeWarning)
/home/gyh/miniforge3/envs/meep_mpi/lib/python3.11/site-packages/meep/simulation.py:1664: RuntimeWarning: Note: your sources include frequencies outside the range of validity of the material models. This is fine as long as you eventually only look at outputs (fluxes, resonant modes, etc.) at valid frequencies.
  warnings.warn(warn_src, RuntimeWarning)
/home/gyh/miniforge3/envs/meep_mpi/lib/python3.11/site-packages/meep/simulation.py:1664: RuntimeWarning: Note: your sources include frequencies outside the range of validity of the material models. This is fine as long as you eventually only look at outputs (fluxes, resonant modes, etc.) at valid frequencies.
  warnings.warn(warn_src, RuntimeWarning)
/home/gyh/miniforge3/envs/meep_mpi/lib/python3.11/site-packages/meep/simulation.py:1664: RuntimeWarning: Note: your sources include frequencies outside the range of validity of the material models. This is fine as long as you eventually only look at outputs (fluxes, resonant modes, etc.) at valid frequencies.
  warnings.warn(warn_src, RuntimeWarning)
/home/gyh/miniforge3/envs/meep_mpi/lib/python3.11/site-packages/meep/simulation.py:1664: RuntimeWarning: Note: your sources include frequencies outside the range of validity of the material models. This is fine as long as you eventually only look at outputs (fluxes, resonant modes, etc.) at valid frequencies.
  warnings.warn(warn_src, RuntimeWarning)
/home/gyh/miniforge3/envs/meep_mpi/lib/python3.11/site-packages/meep/simulation.py:1664: RuntimeWarning: Note: your sources include frequencies outside the range of validity of the material models. This is fine as long as you eventually only look at outputs (fluxes, resonant modes, etc.) at valid frequencies.
  warnings.warn(warn_src, RuntimeWarning)
/home/gyh/miniforge3/envs/meep_mpi/lib/python3.11/site-packages/meep/simulation.py:1664: RuntimeWarning: Note: your sources include frequencies outside the range of validity of the material models. This is fine as long as you eventually only look at outputs (fluxes, resonant modes, etc.) at valid frequencies.
  warnings.warn(warn_src, RuntimeWarning)
/home/gyh/miniforge3/envs/meep_mpi/lib/python3.11/site-packages/meep/simulation.py:1664: RuntimeWarning: Note: your sources include frequencies outside the range of validity of the material models. This is fine as long as you eventually only look at outputs (fluxes, resonant modes, etc.) at valid frequencies.
  warnings.warn(warn_src, RuntimeWarning)
/home/gyh/miniforge3/envs/meep_mpi/lib/python3.11/site-packages/meep/simulation.py:1664: RuntimeWarning: Note: your sources include frequencies outside the range of validity of the material models. This is fine as long as you eventually only look at outputs (fluxes, resonant modes, etc.) at valid frequencies.
  warnings.warn(warn_src, RuntimeWarning)
/home/gyh/miniforge3/envs/meep_mpi/lib/python3.11/site-packages/meep/simulation.py:1664: RuntimeWarning: Note: your sources include frequencies outside the range of validity of the material models. This is fine as long as you eventually only look at outputs (fluxes, resonant modes, etc.) at valid frequencies.
  warnings.warn(warn_src, RuntimeWarning)
/home/gyh/miniforge3/envs/meep_mpi/lib/python3.11/site-packages/meep/simulation.py:1664: RuntimeWarning: Note: your sources include frequencies outside the range of validity of the material models. This is fine as long as you eventually only look at outputs (fluxes, resonant modes, etc.) at valid frequencies.
  warnings.warn(warn_src, RuntimeWarning)
/home/gyh/miniforge3/envs/meep_mpi/lib/python3.11/site-packages/meep/simulation.py:1664: RuntimeWarning: Note: your sources include frequencies outside the range of validity of the material models. This is fine as long as you eventually only look at outputs (fluxes, resonant modes, etc.) at valid frequencies.
  warnings.warn(warn_src, RuntimeWarning)
/home/gyh/miniforge3/envs/meep_mpi/lib/python3.11/site-packages/meep/simulation.py:1664: RuntimeWarning: Note: your sources include frequencies outside the range of validity of the material models. This is fine as long as you eventually only look at outputs (fluxes, resonant modes, etc.) at valid frequencies.
  warnings.warn(warn_src, RuntimeWarning)
/home/gyh/miniforge3/envs/meep_mpi/lib/python3.11/site-packages/meep/simulation.py:1664: RuntimeWarning: Note: your sources include frequencies outside the range of validity of the material models. This is fine as long as you eventually only look at outputs (fluxes, resonant modes, etc.) at valid frequencies.
  warnings.warn(warn_src, RuntimeWarning)
/home/gyh/miniforge3/envs/meep_mpi/lib/python3.11/site-packages/meep/simulation.py:1664: RuntimeWarning: Note: your sources include frequencies outside the range of validity of the material models. This is fine as long as you eventually only look at outputs (fluxes, resonant modes, etc.) at valid frequencies.
  warnings.warn(warn_src, RuntimeWarning)
/home/gyh/miniforge3/envs/meep_mpi/lib/python3.11/site-packages/meep/simulation.py:1664: RuntimeWarning: Note: your sources include frequencies outside the range of validity of the material models. This is fine as long as you eventually only look at outputs (fluxes, resonant modes, etc.) at valid frequencies.
  warnings.warn(warn_src, RuntimeWarning)
on time step 325 (time=3.38542), 0.0123257 s/step
on time step 660 (time=6.875), 0.0119575 s/step
on time step 995 (time=10.3646), 0.0119625 s/step
on time step 1330 (time=13.8542), 0.0119697 s/step
on time step 1665 (time=17.3438), 0.0119575 s/step
field decay(t = 20.010416666666664): 3.791109530841496e-10 / 3.791109530841496e-10 = 1.0
on time step 2000 (time=20.8333), 0.0119655 s/step
on time step 2335 (time=24.3229), 0.0119703 s/step
on time step 2670 (time=27.8125), 0.0119617 s/step
on time step 3005 (time=31.3021), 0.011969 s/step
on time step 3340 (time=34.7917), 0.0119635 s/step
on time step 3675 (time=38.2812), 0.0119661 s/step
field decay(t = 40.010416666666664): 2.2064987996266536e-11 / 3.791109530841496e-10 = 0.05820192694714591
on time step 4010 (time=41.7708), 0.0119681 s/step
on time step 4345 (time=45.2604), 0.0119741 s/step
on time step 4680 (time=48.75), 0.0119733 s/step
on time step 5015 (time=52.2396), 0.0119606 s/step
on time step 5350 (time=55.7292), 0.0119676 s/step
on time step 5685 (time=59.2188), 0.0119596 s/step
field decay(t = 60.02083333333333): 4.956665342796376e-11 / 3.791109530841496e-10 = 0.13074445099707174
on time step 6020 (time=62.7083), 0.0119623 s/step
on time step 6355 (time=66.1979), 0.0119635 s/step
on time step 6690 (time=69.6875), 0.011965 s/step
on time step 7025 (time=73.1771), 0.0119675 s/step
on time step 7360 (time=76.6667), 0.0119666 s/step
field decay(t = 80.02083333333333): 6.875587736294144e-11 / 3.791109530841496e-10 = 0.18136083065814243
on time step 7695 (time=80.1562), 0.0119671 s/step
on time step 8030 (time=83.6458), 0.0119676 s/step
on time step 8364 (time=87.125), 0.0119837 s/step
on time step 8699 (time=90.6146), 0.011973 s/step
on time step 9034 (time=94.1042), 0.0119744 s/step
on time step 9369 (time=97.5938), 0.0119582 s/step
field decay(t = 100.03125): 1.825057699941957e-10 / 3.791109530841496e-10 = 0.4814046350005764
on time step 9704 (time=101.083), 0.0119688 s/step
on time step 10039 (time=104.573), 0.011971 s/step
on time step 10373 (time=108.052), 0.0119772 s/step
on time step 10750 (time=111.979), 0.0106267 s/step
on time step 11153 (time=116.177), 0.00994493 s/step
on time step 11424 (time=119), 0.0147666 s/step
field decay(t = 120.04166666666666): 3.985411294796917e-10 / 3.985411294796917e-10 = 1.0
on time step 11613 (time=120.969), 0.0211936 s/step
on time step 11803 (time=122.948), 0.0211008 s/step
on time step 11991 (time=124.906), 0.0213046 s/step
on time step 12181 (time=126.885), 0.0211436 s/step
on time step 12372 (time=128.875), 0.0209809 s/step
on time step 12560 (time=130.833), 0.0212879 s/step
on time step 12749 (time=132.802), 0.0212173 s/step
on time step 12940 (time=134.792), 0.0210228 s/step
on time step 13130 (time=136.771), 0.0211199 s/step
on time step 13321 (time=138.76), 0.0210126 s/step
field decay(t = 140.04166666666666): 8.612274524909208e-10 / 8.612274524909208e-10 = 1.0
on time step 13512 (time=140.75), 0.0210207 s/step
on time step 13703 (time=142.74), 0.0209901 s/step
on time step 13894 (time=144.729), 0.0209962 s/step
on time step 14085 (time=146.719), 0.0210313 s/step
on time step 14276 (time=148.708), 0.0210204 s/step
on time step 14467 (time=150.698), 0.0210275 s/step
on time step 14658 (time=152.688), 0.0210329 s/step
on time step 14848 (time=154.667), 0.0210636 s/step
on time step 15039 (time=156.656), 0.0210376 s/step
on time step 15230 (time=158.646), 0.0210182 s/step
field decay(t = 160.05208333333331): 1.8344436308060645e-09 / 1.8344436308060645e-09 = 1.0
on time step 15421 (time=160.635), 0.0210044 s/step
on time step 15612 (time=162.625), 0.0210272 s/step
on time step 15803 (time=164.615), 0.0210086 s/step
on time step 15994 (time=166.604), 0.0210365 s/step
on time step 16185 (time=168.594), 0.0210123 s/step
on time step 16376 (time=170.583), 0.0210439 s/step
on time step 16567 (time=172.573), 0.0210231 s/step
on time step 16758 (time=174.562), 0.0209791 s/step
on time step 16949 (time=176.552), 0.0210287 s/step
on time step 17140 (time=178.542), 0.020993 s/step
field decay(t = 180.0625): 4.9418529128802435e-09 / 4.9418529128802435e-09 = 1.0
on time step 17331 (time=180.531), 0.0210481 s/step
on time step 17522 (time=182.521), 0.0210194 s/step
on time step 17713 (time=184.51), 0.0210266 s/step
on time step 17904 (time=186.5), 0.0210124 s/step
on time step 18095 (time=188.49), 0.0210087 s/step
on time step 18286 (time=190.479), 0.0210257 s/step
on time step 18474 (time=192.438), 0.0213714 s/step
on time step 18662 (time=194.396), 0.0213635 s/step
on time step 18849 (time=196.344), 0.0214333 s/step
on time step 19037 (time=198.302), 0.0212872 s/step
field decay(t = 200.07291666666666): 1.0210587289654542e-08 / 1.0210587289654542e-08 = 1.0
on time step 19225 (time=200.26), 0.0213652 s/step
on time step 19413 (time=202.219), 0.0213285 s/step
on time step 19600 (time=204.167), 0.0214045 s/step
on time step 19788 (time=206.125), 0.0212908 s/step
on time step 19975 (time=208.073), 0.02141 s/step
on time step 20163 (time=210.031), 0.0213055 s/step
on time step 20351 (time=211.99), 0.0213205 s/step
on time step 20538 (time=213.938), 0.0214704 s/step
on time step 20726 (time=215.896), 0.0213596 s/step
on time step 20914 (time=217.854), 0.0213605 s/step
on time step 21102 (time=219.812), 0.0213296 s/step
field decay(t = 220.08333333333331): 2.0744939937058807e-08 / 2.0744939937058807e-08 = 1.0
on time step 21289 (time=221.76), 0.0214137 s/step
on time step 21477 (time=223.719), 0.0213901 s/step
on time step 21665 (time=225.677), 0.021326 s/step
on time step 21853 (time=227.635), 0.0213393 s/step
on time step 22041 (time=229.594), 0.021373 s/step
on time step 22228 (time=231.542), 0.0214688 s/step
on time step 22416 (time=233.5), 0.0213679 s/step
on time step 22604 (time=235.458), 0.0213301 s/step
on time step 22791 (time=237.406), 0.0213977 s/step
on time step 22979 (time=239.365), 0.0213462 s/step
field decay(t = 240.09375): 4.1471202032800947e-08 / 4.1471202032800947e-08 = 1.0
on time step 23167 (time=241.323), 0.0213695 s/step
on time step 23354 (time=243.271), 0.0213954 s/step
on time step 23542 (time=245.229), 0.0213465 s/step
on time step 23729 (time=247.177), 0.0214057 s/step
on time step 23914 (time=249.104), 0.0216461 s/step
on time step 24100 (time=251.042), 0.0215148 s/step
on time step 24287 (time=252.99), 0.0214939 s/step
on time step 24474 (time=254.938), 0.021468 s/step
on time step 24661 (time=256.885), 0.0214391 s/step
on time step 24848 (time=258.833), 0.0214838 s/step
field decay(t = 260.10416666666663): 1.005182857834755e-07 / 1.005182857834755e-07 = 1.0
on time step 25035 (time=260.781), 0.0214708 s/step
on time step 25222 (time=262.729), 0.0214939 s/step
on time step 25408 (time=264.667), 0.0215169 s/step
on time step 25596 (time=266.625), 0.0213783 s/step
on time step 25782 (time=268.562), 0.0215225 s/step
on time step 25969 (time=270.51), 0.0214591 s/step
on time step 26156 (time=272.458), 0.0214697 s/step
on time step 26343 (time=274.406), 0.0214841 s/step
on time step 26530 (time=276.354), 0.0214465 s/step
on time step 26718 (time=278.312), 0.0213098 s/step
field decay(t = 280.1145833333333): 1.9628117799580453e-07 / 1.9628117799580453e-07 = 1.0
on time step 26906 (time=280.271), 0.0213736 s/step
on time step 27092 (time=282.208), 0.0215884 s/step
on time step 27279 (time=284.156), 0.0213961 s/step
on time step 27466 (time=286.104), 0.0214448 s/step
on time step 27653 (time=288.052), 0.0215028 s/step
on time step 27841 (time=290.01), 0.021379 s/step
on time step 28029 (time=291.969), 0.0213427 s/step
on time step 28217 (time=293.927), 0.0213404 s/step
on time step 28405 (time=295.885), 0.0213169 s/step
on time step 28588 (time=297.792), 0.0218614 s/step
on time step 28770 (time=299.688), 0.0219878 s/step
field decay(t = 300.125): 3.71796879117724e-07 / 3.71796879117724e-07 = 1.0
on time step 28952 (time=301.583), 0.0219966 s/step
on time step 29134 (time=303.479), 0.0220035 s/step
on time step 29322 (time=305.438), 0.0213311 s/step
on time step 29512 (time=307.417), 0.0211121 s/step
on time step 29702 (time=309.396), 0.021053 s/step
on time step 29892 (time=311.375), 0.0210713 s/step
on time step 30082 (time=313.354), 0.021101 s/step
on time step 30271 (time=315.323), 0.0211959 s/step
on time step 30461 (time=317.302), 0.0210727 s/step
on time step 30650 (time=319.271), 0.0212231 s/step
field decay(t = 320.13541666666663): 6.926283246239851e-07 / 6.926283246239851e-07 = 1.0
on time step 30839 (time=321.24), 0.0211934 s/step
on time step 31028 (time=323.208), 0.0212654 s/step
on time step 31217 (time=325.177), 0.02117 s/step
on time step 31407 (time=327.156), 0.0211623 s/step
on time step 31596 (time=329.125), 0.0211931 s/step
on time step 31785 (time=331.094), 0.021221 s/step
on time step 31974 (time=333.062), 0.0212454 s/step
on time step 32164 (time=335.042), 0.0211631 s/step
on time step 32353 (time=337.01), 0.0212276 s/step
on time step 32542 (time=338.979), 0.0211752 s/step
field decay(t = 340.1458333333333): 1.4781283308625944e-06 / 1.4781283308625944e-06 = 1.0
on time step 32731 (time=340.948), 0.0212438 s/step
on time step 32920 (time=342.917), 0.0211787 s/step
on time step 33111 (time=344.906), 0.0210445 s/step
on time step 33301 (time=346.885), 0.0211236 s/step
on time step 33491 (time=348.865), 0.021054 s/step
on time step 33681 (time=350.844), 0.0211028 s/step
on time step 33871 (time=352.823), 0.0211015 s/step
on time step 34061 (time=354.802), 0.021054 s/step
on time step 34251 (time=356.781), 0.0211119 s/step
on time step 34441 (time=358.76), 0.0210639 s/step
field decay(t = 360.15625): 2.773149245628026e-06 / 2.773149245628026e-06 = 1.0
on time step 34631 (time=360.74), 0.0211501 s/step
on time step 34821 (time=362.719), 0.0211505 s/step
on time step 35011 (time=364.698), 0.0211188 s/step
on time step 35201 (time=366.677), 0.0211309 s/step
on time step 35391 (time=368.656), 0.0211628 s/step
on time step 35580 (time=370.625), 0.0211702 s/step
on time step 35770 (time=372.604), 0.0210915 s/step
on time step 35960 (time=374.583), 0.0211612 s/step
on time step 36150 (time=376.562), 0.0211016 s/step
on time step 36340 (time=378.542), 0.0211221 s/step
field decay(t = 380.16666666666663): 4.88829660820666e-06 / 4.88829660820666e-06 = 1.0
on time step 36530 (time=380.521), 0.0211077 s/step
on time step 36720 (time=382.5), 0.0211343 s/step
on time step 36910 (time=384.479), 0.0211094 s/step
on time step 37099 (time=386.448), 0.0212033 s/step
on time step 37289 (time=388.427), 0.0211559 s/step
on time step 37479 (time=390.406), 0.0211421 s/step
on time step 37669 (time=392.385), 0.0211174 s/step
on time step 37859 (time=394.365), 0.0211525 s/step
on time step 38049 (time=396.344), 0.021157 s/step
on time step 38239 (time=398.323), 0.0211572 s/step
field decay(t = 400.1770833333333): 8.474308779087095e-06 / 8.474308779087095e-06 = 1.0
on time step 38429 (time=400.302), 0.0211211 s/step
on time step 38618 (time=402.271), 0.0211794 s/step
on time step 38808 (time=404.25), 0.0210829 s/step
on time step 38996 (time=406.208), 0.0212896 s/step
on time step 39184 (time=408.167), 0.021378 s/step
on time step 39372 (time=410.125), 0.0213688 s/step
on time step 39560 (time=412.083), 0.0213528 s/step
on time step 39748 (time=414.042), 0.0213831 s/step
on time step 39936 (time=416), 0.0213805 s/step
on time step 40124 (time=417.958), 0.0213374 s/step
on time step 40312 (time=419.917), 0.0213626 s/step
field decay(t = 420.1875): 1.562630019235883e-05 / 1.562630019235883e-05 = 1.0
on time step 40500 (time=421.875), 0.0213632 s/step
on time step 40688 (time=423.833), 0.0213475 s/step
on time step 40876 (time=425.792), 0.0213487 s/step
on time step 41064 (time=427.75), 0.0213485 s/step
on time step 41251 (time=429.698), 0.0214125 s/step
on time step 41439 (time=431.656), 0.0213496 s/step
on time step 41627 (time=433.615), 0.0213284 s/step
on time step 41815 (time=435.573), 0.0213809 s/step
on time step 42003 (time=437.531), 0.0213645 s/step
on time step 42191 (time=439.49), 0.021361 s/step
field decay(t = 440.19791666666663): 2.8673004823645584e-05 / 2.8673004823645584e-05 = 1.0
on time step 42379 (time=441.448), 0.0213831 s/step
on time step 42567 (time=443.406), 0.0213602 s/step
on time step 42755 (time=445.365), 0.0213434 s/step
on time step 42942 (time=447.312), 0.0214289 s/step
on time step 43130 (time=449.271), 0.0213827 s/step
on time step 43318 (time=451.229), 0.0213657 s/step
on time step 43505 (time=453.177), 0.0213952 s/step
on time step 43692 (time=455.125), 0.0213986 s/step
on time step 43880 (time=457.083), 0.0213681 s/step
on time step 44067 (time=459.031), 0.0214005 s/step
field decay(t = 460.2083333333333): 4.7015054746786704e-05 / 4.7015054746786704e-05 = 1.0
on time step 44254 (time=460.979), 0.0213925 s/step
on time step 44441 (time=462.927), 0.0214111 s/step
on time step 44629 (time=464.885), 0.0213483 s/step
on time step 44817 (time=466.844), 0.0213645 s/step
on time step 45005 (time=468.802), 0.0213603 s/step
on time step 45193 (time=470.76), 0.0213022 s/step
on time step 45382 (time=472.729), 0.0212367 s/step
on time step 45571 (time=474.698), 0.0211704 s/step
on time step 45759 (time=476.656), 0.0213237 s/step
on time step 45948 (time=478.625), 0.02124 s/step
field decay(t = 480.21875): 7.580774783903271e-05 / 7.580774783903271e-05 = 1.0
on time step 46136 (time=480.583), 0.021345 s/step
on time step 46323 (time=482.531), 0.0214023 s/step
on time step 46511 (time=484.49), 0.021319 s/step
on time step 46699 (time=486.448), 0.0212988 s/step
on time step 46888 (time=488.417), 0.0212667 s/step
on time step 47076 (time=490.375), 0.0213166 s/step
on time step 47264 (time=492.333), 0.0212894 s/step
on time step 47453 (time=494.302), 0.0212468 s/step
on time step 47641 (time=496.26), 0.0213111 s/step
on time step 47828 (time=498.208), 0.0213997 s/step
on time step 48017 (time=500.177), 0.0212318 s/step
field decay(t = 500.22916666666663): 0.00012019475913974982 / 0.00012019475913974982 = 1.0
on time step 48205 (time=502.135), 0.021314 s/step
on time step 48393 (time=504.094), 0.021299 s/step
on time step 48582 (time=506.062), 0.0212527 s/step
on time step 48770 (time=508.021), 0.0213466 s/step
on time step 48958 (time=509.979), 0.0213801 s/step
on time step 49146 (time=511.938), 0.0213127 s/step
on time step 49334 (time=513.896), 0.0213037 s/step
on time step 49522 (time=515.854), 0.021323 s/step
on time step 49710 (time=517.812), 0.0213114 s/step
on time step 49897 (time=519.76), 0.0213987 s/step
field decay(t = 520.2291666666666): 0.0002164721095447352 / 0.0002164721095447352 = 1.0
on time step 50085 (time=521.719), 0.0213054 s/step
on time step 50273 (time=523.677), 0.0212936 s/step
on time step 50461 (time=525.635), 0.0213203 s/step
on time step 50650 (time=527.604), 0.0212656 s/step
on time step 50838 (time=529.562), 0.0212856 s/step
on time step 51026 (time=531.521), 0.0213499 s/step
on time step 51214 (time=533.479), 0.0213315 s/step
on time step 51403 (time=535.448), 0.02125 s/step
on time step 51591 (time=537.406), 0.0212973 s/step
on time step 51780 (time=539.375), 0.0212735 s/step
field decay(t = 540.2395833333333): 0.0003299693006525914 / 0.0003299693006525914 = 1.0
on time step 51968 (time=541.333), 0.0213537 s/step
on time step 52156 (time=543.292), 0.0213119 s/step
on time step 52344 (time=545.25), 0.0213189 s/step
on time step 52533 (time=547.219), 0.0212401 s/step
on time step 52721 (time=549.177), 0.021351 s/step
on time step 52908 (time=551.125), 0.0214817 s/step
on time step 53096 (time=553.083), 0.0212816 s/step
on time step 53284 (time=555.042), 0.0213091 s/step
on time step 53473 (time=557.01), 0.0212707 s/step
on time step 53661 (time=558.969), 0.021332 s/step
field decay(t = 560.25): 0.000494524211040852 / 0.000494524211040852 = 1.0
on time step 53850 (time=560.938), 0.0212712 s/step
on time step 54038 (time=562.896), 0.0213123 s/step
on time step 54226 (time=564.854), 0.0213765 s/step
on time step 54414 (time=566.812), 0.0212912 s/step
on time step 54602 (time=568.771), 0.0213355 s/step
on time step 54790 (time=570.729), 0.0213574 s/step
on time step 54978 (time=572.688), 0.0213484 s/step
on time step 55166 (time=574.646), 0.0213346 s/step
on time step 55354 (time=576.604), 0.0213409 s/step
on time step 55542 (time=578.562), 0.0213469 s/step
field decay(t = 580.2604166666666): 0.0007286485513487706 / 0.0007286485513487706 = 1.0
on time step 55730 (time=580.521), 0.0213431 s/step
on time step 55918 (time=582.479), 0.0213155 s/step
on time step 56106 (time=584.438), 0.0213409 s/step
on time step 56294 (time=586.396), 0.0213428 s/step
on time step 56483 (time=588.365), 0.0212704 s/step
on time step 56672 (time=590.333), 0.0211826 s/step
on time step 56861 (time=592.302), 0.0211813 s/step
on time step 57050 (time=594.271), 0.0211953 s/step
on time step 57239 (time=596.24), 0.0211949 s/step
on time step 57428 (time=598.208), 0.0212406 s/step
on time step 57615 (time=600.156), 0.0214711 s/step
field decay(t = 600.2708333333333): 0.001189684647966356 / 0.001189684647966356 = 1.0
on time step 57804 (time=602.125), 0.0212275 s/step
on time step 57991 (time=604.073), 0.0214297 s/step
on time step 58177 (time=606.01), 0.0215322 s/step
on time step 58365 (time=607.969), 0.0213403 s/step
on time step 58553 (time=609.927), 0.0213644 s/step
on time step 58741 (time=611.885), 0.0213561 s/step
on time step 58928 (time=613.833), 0.021421 s/step
on time step 59115 (time=615.781), 0.0214346 s/step
on time step 59302 (time=617.729), 0.0214676 s/step
on time step 59489 (time=619.677), 0.0214203 s/step
field decay(t = 620.28125): 0.001684381805231922 / 0.001684381805231922 = 1.0
on time step 59676 (time=621.625), 0.0214235 s/step
on time step 59863 (time=623.573), 0.0214032 s/step
on time step 60050 (time=625.521), 0.0214576 s/step
on time step 60237 (time=627.469), 0.0214073 s/step
on time step 60424 (time=629.417), 0.0214324 s/step
on time step 60611 (time=631.365), 0.0214519 s/step
on time step 60798 (time=633.312), 0.0214217 s/step
on time step 60986 (time=635.271), 0.0213426 s/step
on time step 61173 (time=637.219), 0.021432 s/step
on time step 61360 (time=639.167), 0.0214522 s/step
field decay(t = 640.2916666666666): 0.0023441066960786534 / 0.0023441066960786534 = 1.0
on time step 61548 (time=641.125), 0.0213267 s/step
on time step 61735 (time=643.073), 0.0214387 s/step
on time step 61923 (time=645.031), 0.0213563 s/step
on time step 62110 (time=646.979), 0.0214107 s/step
on time step 62297 (time=648.927), 0.0214966 s/step
on time step 62486 (time=650.896), 0.0212438 s/step
on time step 62673 (time=652.844), 0.0214376 s/step
on time step 62860 (time=654.792), 0.0214235 s/step
on time step 63047 (time=656.74), 0.0214437 s/step
on time step 63234 (time=658.688), 0.0214059 s/step
field decay(t = 660.3020833333333): 0.003206358118898431 / 0.003206358118898431 = 1.0
on time step 63421 (time=660.635), 0.0214441 s/step
on time step 63608 (time=662.583), 0.0214194 s/step
on time step 63795 (time=664.531), 0.0214844 s/step
on time step 63982 (time=666.479), 0.0214106 s/step
on time step 64171 (time=668.448), 0.0212683 s/step
on time step 64361 (time=670.427), 0.021108 s/step
on time step 64550 (time=672.396), 0.0212481 s/step
on time step 64737 (time=674.344), 0.0214241 s/step
on time step 64924 (time=676.292), 0.0214863 s/step
on time step 65112 (time=678.25), 0.0213346 s/step
on time step 65300 (time=680.208), 0.0213214 s/step
field decay(t = 680.3125): 0.00473875861302592 / 0.00473875861302592 = 1.0
on time step 65487 (time=682.156), 0.0214268 s/step
on time step 65674 (time=684.104), 0.0214173 s/step
on time step 65861 (time=686.052), 0.0214394 s/step
on time step 66048 (time=688), 0.0214676 s/step
on time step 66238 (time=689.979), 0.0211352 s/step
on time step 66428 (time=691.958), 0.0211183 s/step
on time step 66618 (time=693.938), 0.0211391 s/step
on time step 66808 (time=695.917), 0.0211301 s/step
on time step 66996 (time=697.875), 0.0213824 s/step
on time step 67184 (time=699.833), 0.0213592 s/step
field decay(t = 700.3229166666666): 0.006223750778293143 / 0.006223750778293143 = 1.0
on time step 67374 (time=701.812), 0.0211332 s/step
on time step 67564 (time=703.792), 0.0211244 s/step
on time step 67754 (time=705.771), 0.0211145 s/step
on time step 67943 (time=707.74), 0.0212504 s/step
on time step 68130 (time=709.688), 0.0214612 s/step
on time step 68320 (time=711.667), 0.0210981 s/step
on time step 68510 (time=713.646), 0.0210754 s/step
on time step 68700 (time=715.625), 0.0211229 s/step
on time step 68890 (time=717.604), 0.0210901 s/step
on time step 69080 (time=719.583), 0.0211057 s/step
field decay(t = 720.3333333333333): 0.008031713906365529 / 0.008031713906365529 = 1.0
on time step 69270 (time=721.562), 0.0211264 s/step
on time step 69460 (time=723.542), 0.0211297 s/step
on time step 69650 (time=725.521), 0.0210903 s/step
on time step 69840 (time=727.5), 0.0211378 s/step
on time step 70030 (time=729.479), 0.0211097 s/step
on time step 70220 (time=731.458), 0.021086 s/step
on time step 70410 (time=733.438), 0.0210861 s/step
on time step 70600 (time=735.417), 0.0210816 s/step
on time step 70790 (time=737.396), 0.0210925 s/step
on time step 70980 (time=739.375), 0.0211188 s/step
field decay(t = 740.34375): 0.010183197454680468 / 0.010183197454680468 = 1.0
on time step 71170 (time=741.354), 0.0210893 s/step
on time step 71360 (time=743.333), 0.0210778 s/step
on time step 71550 (time=745.312), 0.0210948 s/step
on time step 71740 (time=747.292), 0.0210734 s/step
on time step 71929 (time=749.26), 0.0211913 s/step
on time step 72116 (time=751.208), 0.0214219 s/step
on time step 72303 (time=753.156), 0.0214468 s/step
on time step 72490 (time=755.104), 0.0214524 s/step
on time step 72677 (time=757.052), 0.0214461 s/step
on time step 72864 (time=759), 0.0214553 s/step
field decay(t = 760.3541666666666): 0.01359172538301924 / 0.01359172538301924 = 1.0
on time step 73051 (time=760.948), 0.0214638 s/step
on time step 73238 (time=762.896), 0.0214479 s/step
on time step 73425 (time=764.844), 0.0214687 s/step
on time step 73612 (time=766.792), 0.0214513 s/step
on time step 73798 (time=768.729), 0.0215543 s/step
on time step 73984 (time=770.667), 0.0215357 s/step
on time step 74171 (time=772.615), 0.0214916 s/step
on time step 74357 (time=774.552), 0.0215752 s/step
on time step 74543 (time=776.49), 0.0215118 s/step
on time step 74729 (time=778.427), 0.0215168 s/step
field decay(t = 780.3645833333333): 0.01652744711154263 / 0.01652744711154263 = 1.0
on time step 74915 (time=780.365), 0.0215437 s/step
on time step 75102 (time=782.312), 0.0214953 s/step
on time step 75288 (time=784.25), 0.0215504 s/step
on time step 75474 (time=786.188), 0.0215489 s/step
on time step 75660 (time=788.125), 0.0215262 s/step
on time step 75847 (time=790.073), 0.0214519 s/step
on time step 76033 (time=792.01), 0.0215417 s/step
on time step 76220 (time=793.958), 0.0214639 s/step
on time step 76407 (time=795.906), 0.0214971 s/step
on time step 76594 (time=797.854), 0.0214852 s/step
on time step 76780 (time=799.792), 0.0215695 s/step
field decay(t = 800.375): 0.019735667587486665 / 0.019735667587486665 = 1.0
on time step 76967 (time=801.74), 0.0214763 s/step
on time step 77154 (time=803.688), 0.0214808 s/step
on time step 77340 (time=805.625), 0.0215182 s/step
on time step 77526 (time=807.562), 0.0215289 s/step
on time step 77712 (time=809.5), 0.0215186 s/step
on time step 77898 (time=811.438), 0.0215122 s/step
on time step 78084 (time=813.375), 0.0215609 s/step
on time step 78270 (time=815.312), 0.0215318 s/step
on time step 78457 (time=817.26), 0.0214568 s/step
on time step 78643 (time=819.198), 0.0215145 s/step
field decay(t = 820.3854166666666): 0.02313854790577601 / 0.02313854790577601 = 1.0
on time step 78829 (time=821.135), 0.0215225 s/step
on time step 79016 (time=823.083), 0.0214505 s/step
on time step 79202 (time=825.021), 0.0215227 s/step
on time step 79388 (time=826.958), 0.0215711 s/step
on time step 79575 (time=828.906), 0.0214738 s/step
on time step 79762 (time=830.854), 0.0215058 s/step
on time step 79949 (time=832.802), 0.0214985 s/step
on time step 80135 (time=834.74), 0.021509 s/step
on time step 80321 (time=836.677), 0.021548 s/step
on time step 80507 (time=838.615), 0.0215219 s/step
field decay(t = 840.3958333333333): 0.027790169303137376 / 0.027790169303137376 = 1.0
on time step 80693 (time=840.552), 0.0215311 s/step
on time step 80880 (time=842.5), 0.0214843 s/step
on time step 81067 (time=844.448), 0.0214759 s/step
on time step 81253 (time=846.385), 0.0215548 s/step
on time step 81439 (time=848.323), 0.0215388 s/step
on time step 81626 (time=850.271), 0.0214719 s/step
on time step 81812 (time=852.208), 0.0215364 s/step
on time step 81999 (time=854.156), 0.0214619 s/step
on time step 82185 (time=856.094), 0.0215595 s/step
on time step 82372 (time=858.042), 0.0214782 s/step
on time step 82558 (time=859.979), 0.0215129 s/step
field decay(t = 860.40625): 0.03119367026854044 / 0.03119367026854044 = 1.0
on time step 82744 (time=861.917), 0.0215356 s/step
on time step 82931 (time=863.865), 0.0214774 s/step
on time step 83118 (time=865.812), 0.0214951 s/step
on time step 83304 (time=867.75), 0.021548 s/step
on time step 83491 (time=869.698), 0.0214857 s/step
on time step 83677 (time=871.635), 0.021552 s/step
on time step 83863 (time=873.573), 0.0215082 s/step
on time step 84049 (time=875.51), 0.0215113 s/step
on time step 84236 (time=877.458), 0.0214475 s/step
on time step 84422 (time=879.396), 0.0215342 s/step
field decay(t = 880.4166666666666): 0.03435012998814396 / 0.03435012998814396 = 1.0
on time step 84608 (time=881.333), 0.0215303 s/step
on time step 84794 (time=883.271), 0.0215138 s/step
on time step 84981 (time=885.219), 0.0214629 s/step
on time step 85168 (time=887.167), 0.021501 s/step
on time step 85355 (time=889.115), 0.0214653 s/step
on time step 85542 (time=891.062), 0.0215024 s/step
on time step 85729 (time=893.01), 0.0214613 s/step
on time step 85916 (time=894.958), 0.021504 s/step
on time step 86102 (time=896.896), 0.0215255 s/step
on time step 86288 (time=898.833), 0.0215289 s/step
field decay(t = 900.4270833333333): 0.037100145682056454 / 0.037100145682056454 = 1.0
on time step 86474 (time=900.771), 0.0215133 s/step
on time step 86660 (time=902.708), 0.0215774 s/step
on time step 86846 (time=904.646), 0.0215311 s/step
on time step 87033 (time=906.594), 0.0214952 s/step
on time step 87219 (time=908.531), 0.0215688 s/step
on time step 87406 (time=910.479), 0.0214667 s/step
on time step 87593 (time=912.427), 0.0215026 s/step
on time step 87779 (time=914.365), 0.0215171 s/step
on time step 87965 (time=916.302), 0.0215467 s/step
on time step 88151 (time=918.24), 0.0215126 s/step
on time step 88338 (time=920.188), 0.021493 s/step
field decay(t = 920.4375): 0.039596485358988735 / 0.039596485358988735 = 1.0
on time step 88524 (time=922.125), 0.0215511 s/step
on time step 88710 (time=924.062), 0.0215584 s/step
on time step 88896 (time=926), 0.0215172 s/step
on time step 89082 (time=927.938), 0.0215289 s/step
on time step 89268 (time=929.875), 0.0215249 s/step
on time step 89454 (time=931.812), 0.0215251 s/step
on time step 89640 (time=933.75), 0.021565 s/step
on time step 89826 (time=935.688), 0.0215202 s/step
on time step 90013 (time=937.635), 0.0214183 s/step
on time step 90201 (time=939.594), 0.0213518 s/step
field decay(t = 940.4479166666666): 0.041102116708280116 / 0.041102116708280116 = 1.0
on time step 90388 (time=941.542), 0.0214057 s/step
on time step 90576 (time=943.5), 0.0212971 s/step
on time step 90764 (time=945.458), 0.0213799 s/step
on time step 90953 (time=947.427), 0.0212614 s/step
on time step 91141 (time=949.385), 0.0213241 s/step
on time step 91328 (time=951.333), 0.0214103 s/step
on time step 91516 (time=953.292), 0.0212808 s/step
on time step 91703 (time=955.24), 0.0214104 s/step
on time step 91892 (time=957.208), 0.0212557 s/step
on time step 92080 (time=959.167), 0.0213086 s/step
field decay(t = 960.4583333333333): 0.041508888131335284 / 0.041508888131335284 = 1.0
on time step 92267 (time=961.115), 0.0213923 s/step
on time step 92453 (time=963.052), 0.0215487 s/step
on time step 92642 (time=965.021), 0.0212449 s/step
on time step 92829 (time=966.969), 0.0214426 s/step
on time step 93016 (time=968.917), 0.0213924 s/step
on time step 93204 (time=970.875), 0.0213036 s/step
on time step 93391 (time=972.823), 0.0214542 s/step
on time step 93579 (time=974.781), 0.021354 s/step
on time step 93767 (time=976.74), 0.0212911 s/step
on time step 93954 (time=978.688), 0.0213934 s/step
field decay(t = 980.46875): 0.04145187312259211 / 0.041508888131335284 = 0.9986264385458176
on time step 94141 (time=980.635), 0.0214533 s/step
on time step 94328 (time=982.583), 0.0213919 s/step
on time step 94516 (time=984.542), 0.0213598 s/step
on time step 94703 (time=986.49), 0.0214483 s/step
on time step 94890 (time=988.438), 0.021407 s/step
on time step 95077 (time=990.385), 0.02144 s/step
on time step 95265 (time=992.344), 0.0213222 s/step
on time step 95452 (time=994.292), 0.0213932 s/step
on time step 95640 (time=996.25), 0.0213113 s/step
on time step 95827 (time=998.198), 0.0214687 s/step
on time step 96015 (time=1000.16), 0.0213253 s/step
field decay(t = 1000.4791666666666): 0.040697264158758746 / 0.041508888131335284 = 0.9804469835470289
on time step 96202 (time=1002.1), 0.0214774 s/step
on time step 96389 (time=1004.05), 0.021422 s/step
on time step 96576 (time=1006), 0.0214684 s/step
on time step 96763 (time=1007.95), 0.021412 s/step
on time step 96951 (time=1009.91), 0.0213751 s/step
on time step 97139 (time=1011.86), 0.0213877 s/step
on time step 97327 (time=1013.82), 0.0213508 s/step
on time step 97515 (time=1015.78), 0.0213397 s/step
on time step 97702 (time=1017.73), 0.0214065 s/step
on time step 97889 (time=1019.68), 0.0213911 s/step
field decay(t = 1020.4895833333333): 0.03909589850408613 / 0.041508888131335284 = 0.9418681218438233
on time step 98076 (time=1021.62), 0.0214167 s/step
on time step 98264 (time=1023.58), 0.0212852 s/step
on time step 98450 (time=1025.52), 0.0215344 s/step
on time step 98637 (time=1027.47), 0.021398 s/step
on time step 98824 (time=1029.42), 0.0214916 s/step
on time step 99011 (time=1031.36), 0.0214374 s/step
on time step 99199 (time=1033.32), 0.021357 s/step
on time step 99387 (time=1035.28), 0.021348 s/step
on time step 99575 (time=1037.24), 0.0213784 s/step
on time step 99762 (time=1039.19), 0.0214706 s/step
field decay(t = 1040.4895833333333): 0.03579014287197579 / 0.041508888131335284 = 0.8622284162065429
on time step 99950 (time=1041.15), 0.0213856 s/step
on time step 100137 (time=1043.09), 0.0213946 s/step
on time step 100325 (time=1045.05), 0.021354 s/step
on time step 100513 (time=1047.01), 0.0213188 s/step
on time step 100701 (time=1048.97), 0.021329 s/step
on time step 100889 (time=1050.93), 0.0213242 s/step
on time step 101076 (time=1052.88), 0.0214686 s/step
on time step 101264 (time=1054.83), 0.0213872 s/step
on time step 101452 (time=1056.79), 0.0213507 s/step
on time step 101639 (time=1058.74), 0.0213928 s/step
field decay(t = 1060.5): 0.032608409638074876 / 0.041508888131335284 = 0.7855765621787063
on time step 101827 (time=1060.7), 0.0213713 s/step
on time step 102015 (time=1062.66), 0.021378 s/step
on time step 102203 (time=1064.61), 0.0213878 s/step
on time step 102391 (time=1066.57), 0.0213467 s/step
on time step 102578 (time=1068.52), 0.0214158 s/step
on time step 102766 (time=1070.48), 0.0213472 s/step
on time step 102953 (time=1072.43), 0.0213995 s/step
on time step 103140 (time=1074.38), 0.0214555 s/step
on time step 103327 (time=1076.32), 0.0214025 s/step
on time step 103515 (time=1078.28), 0.0213687 s/step
on time step 103703 (time=1080.24), 0.0213874 s/step
field decay(t = 1080.5104166666665): 0.029017604571295357 / 0.041508888131335284 = 0.6990696662238421
on time step 103891 (time=1082.2), 0.0212986 s/step
on time step 104079 (time=1084.16), 0.021368 s/step
on time step 104266 (time=1086.1), 0.0214297 s/step
on time step 104453 (time=1088.05), 0.0214084 s/step
on time step 104640 (time=1090), 0.0214356 s/step
on time step 104827 (time=1091.95), 0.0214351 s/step
on time step 105014 (time=1093.9), 0.0214107 s/step
on time step 105201 (time=1095.84), 0.0214775 s/step
on time step 105388 (time=1097.79), 0.0214304 s/step
on time step 105576 (time=1099.75), 0.0213745 s/step
field decay(t = 1100.5208333333333): 0.025213061536167553 / 0.041508888131335284 = 0.6074135605943652
on time step 105763 (time=1101.7), 0.0214178 s/step
on time step 105950 (time=1103.65), 0.0214186 s/step
on time step 106137 (time=1105.59), 0.0214083 s/step
on time step 106325 (time=1107.55), 0.0213784 s/step
on time step 106513 (time=1109.51), 0.0213707 s/step
on time step 106700 (time=1111.46), 0.0214933 s/step
on time step 106888 (time=1113.42), 0.0213451 s/step
on time step 107076 (time=1115.38), 0.0213823 s/step
on time step 107264 (time=1117.33), 0.0213499 s/step
on time step 107451 (time=1119.28), 0.021466 s/step
field decay(t = 1120.53125): 0.02014658365606665 / 0.041508888131335284 = 0.4853558975687881
on time step 107638 (time=1121.23), 0.0214304 s/step
on time step 107825 (time=1123.18), 0.0214067 s/step
on time step 108012 (time=1125.12), 0.0214866 s/step
on time step 108199 (time=1127.07), 0.0214159 s/step
on time step 108387 (time=1129.03), 0.0213716 s/step
on time step 108574 (time=1130.98), 0.0214184 s/step
on time step 108761 (time=1132.93), 0.0214724 s/step
on time step 108949 (time=1134.89), 0.021388 s/step
on time step 109137 (time=1136.84), 0.0213799 s/step
on time step 109325 (time=1138.8), 0.0213862 s/step
field decay(t = 1140.5416666666665): 0.01658315131498989 / 0.041508888131335284 = 0.3995084441317805
on time step 109512 (time=1140.75), 0.0214227 s/step
on time step 109699 (time=1142.7), 0.0214507 s/step
on time step 109886 (time=1144.65), 0.0214269 s/step
on time step 110073 (time=1146.59), 0.0214109 s/step
on time step 110260 (time=1148.54), 0.0213997 s/step
on time step 110447 (time=1150.49), 0.0214271 s/step
on time step 110634 (time=1152.44), 0.0214699 s/step
on time step 110821 (time=1154.39), 0.0214383 s/step
on time step 111008 (time=1156.33), 0.0214066 s/step
on time step 111195 (time=1158.28), 0.0215017 s/step
on time step 111382 (time=1160.23), 0.0214262 s/step
field decay(t = 1160.5520833333333): 0.013383761976938061 / 0.041508888131335284 = 0.3224312329106832
on time step 111570 (time=1162.19), 0.0213808 s/step
on time step 111758 (time=1164.15), 0.0213637 s/step
on time step 111946 (time=1166.1), 0.0213422 s/step
on time step 112134 (time=1168.06), 0.021324 s/step
on time step 112322 (time=1170.02), 0.0213494 s/step
on time step 112510 (time=1171.98), 0.0213214 s/step
on time step 112698 (time=1173.94), 0.0213101 s/step
on time step 112886 (time=1175.9), 0.0213713 s/step
on time step 113073 (time=1177.84), 0.0214573 s/step
on time step 113261 (time=1179.8), 0.0213017 s/step
field decay(t = 1180.5625): 0.010639574140978533 / 0.041508888131335284 = 0.2563203838974107
on time step 113449 (time=1181.76), 0.0213087 s/step
on time step 113637 (time=1183.72), 0.0213238 s/step
on time step 113825 (time=1185.68), 0.0213147 s/step
on time step 114013 (time=1187.64), 0.0213018 s/step
on time step 114201 (time=1189.59), 0.021309 s/step
on time step 114389 (time=1191.55), 0.021292 s/step
on time step 114577 (time=1193.51), 0.0212926 s/step
on time step 114765 (time=1195.47), 0.0213014 s/step
on time step 114951 (time=1197.41), 0.0215764 s/step
on time step 115136 (time=1199.33), 0.0217074 s/step
field decay(t = 1200.5729166666665): 0.007816496599823326 / 0.041508888131335284 = 0.18830898517666173
on time step 115321 (time=1201.26), 0.0216412 s/step
on time step 115506 (time=1203.19), 0.0216249 s/step
on time step 115691 (time=1205.11), 0.021662 s/step
on time step 115876 (time=1207.04), 0.021651 s/step
on time step 116061 (time=1208.97), 0.021678 s/step
on time step 116246 (time=1210.9), 0.0216457 s/step
on time step 116433 (time=1212.84), 0.0214533 s/step
on time step 116621 (time=1214.8), 0.0213388 s/step
on time step 116808 (time=1216.75), 0.0214828 s/step
on time step 116994 (time=1218.69), 0.0215989 s/step
field decay(t = 1220.5833333333333): 0.006305356551797204 / 0.041508888131335284 = 0.15190376894333762
on time step 117180 (time=1220.62), 0.0215999 s/step
on time step 117365 (time=1222.55), 0.021671 s/step
on time step 117551 (time=1224.49), 0.0216136 s/step
on time step 117737 (time=1226.43), 0.0215772 s/step
on time step 117923 (time=1228.36), 0.0215638 s/step
on time step 118108 (time=1230.29), 0.0216367 s/step
on time step 118293 (time=1232.22), 0.0216424 s/step
on time step 118479 (time=1234.16), 0.0215178 s/step
on time step 118664 (time=1236.08), 0.0216471 s/step
on time step 118851 (time=1238.03), 0.021475 s/step
on time step 119039 (time=1239.99), 0.0212973 s/step
field decay(t = 1240.59375): 0.005278221136605886 / 0.041508888131335284 = 0.1271588176466073
on time step 119227 (time=1241.95), 0.0213232 s/step
on time step 119415 (time=1243.91), 0.0213865 s/step
on time step 119602 (time=1245.85), 0.0214831 s/step
on time step 119790 (time=1247.81), 0.0213216 s/step
on time step 119976 (time=1249.75), 0.0215265 s/step
on time step 120164 (time=1251.71), 0.0213421 s/step
on time step 120352 (time=1253.67), 0.021347 s/step
on time step 120540 (time=1255.62), 0.0213689 s/step
on time step 120728 (time=1257.58), 0.0213854 s/step
on time step 120916 (time=1259.54), 0.0213474 s/step
field decay(t = 1260.6041666666665): 0.004541841686276996 / 0.041508888131335284 = 0.10941853397533756
on time step 121104 (time=1261.5), 0.0213391 s/step
on time step 121291 (time=1263.45), 0.0214592 s/step
on time step 121477 (time=1265.39), 0.021621 s/step
on time step 121663 (time=1267.32), 0.021611 s/step
on time step 121849 (time=1269.26), 0.0215647 s/step
on time step 122034 (time=1271.19), 0.0216829 s/step
on time step 122220 (time=1273.12), 0.0216111 s/step
on time step 122406 (time=1275.06), 0.0215771 s/step
on time step 122592 (time=1277), 0.0215828 s/step
on time step 122777 (time=1278.93), 0.0216375 s/step
field decay(t = 1280.6145833333333): 0.004353685616844495 / 0.041508888131335284 = 0.10488562360594464
on time step 122963 (time=1280.86), 0.0216082 s/step
on time step 123148 (time=1282.79), 0.0216218 s/step
on time step 123333 (time=1284.72), 0.0216383 s/step
on time step 123519 (time=1286.66), 0.0216099 s/step
on time step 123705 (time=1288.59), 0.0216005 s/step
on time step 123890 (time=1290.52), 0.0216313 s/step
on time step 124075 (time=1292.45), 0.0216258 s/step
on time step 124260 (time=1294.38), 0.0216661 s/step
on time step 124445 (time=1296.3), 0.021626 s/step
on time step 124630 (time=1298.23), 0.0216223 s/step
on time step 124816 (time=1300.17), 0.0216071 s/step
field decay(t = 1300.625): 0.004524833290426177 / 0.041508888131335284 = 0.10900878086903888
on time step 125002 (time=1302.1), 0.021593 s/step
on time step 125188 (time=1304.04), 0.0215499 s/step
on time step 125374 (time=1305.98), 0.021605 s/step
on time step 125560 (time=1307.92), 0.0215657 s/step
on time step 125745 (time=1309.84), 0.0216416 s/step
on time step 125931 (time=1311.78), 0.0215896 s/step
on time step 126117 (time=1313.72), 0.0215833 s/step
on time step 126303 (time=1315.66), 0.021533 s/step
on time step 126489 (time=1317.59), 0.0215351 s/step
on time step 126674 (time=1319.52), 0.0216463 s/step
field decay(t = 1320.6354166666665): 0.004719960889267576 / 0.041508888131335284 = 0.11370964392815071
on time step 126860 (time=1321.46), 0.021553 s/step
on time step 127046 (time=1323.4), 0.0215139 s/step
on time step 127231 (time=1325.32), 0.021628 s/step
on time step 127417 (time=1327.26), 0.0215135 s/step
on time step 127603 (time=1329.2), 0.0215595 s/step
on time step 127789 (time=1331.14), 0.0216052 s/step
on time step 127975 (time=1333.07), 0.0215883 s/step
on time step 128160 (time=1335), 0.0216393 s/step
on time step 128346 (time=1336.94), 0.0215378 s/step
on time step 128532 (time=1338.88), 0.0215366 s/step
field decay(t = 1340.6458333333333): 0.004899791801500797 / 0.041508888131335284 = 0.11804199105496921
on time step 128718 (time=1340.81), 0.0215384 s/step
on time step 128905 (time=1342.76), 0.0214881 s/step
on time step 129091 (time=1344.7), 0.0215671 s/step
on time step 129278 (time=1346.65), 0.0214129 s/step
on time step 129464 (time=1348.58), 0.0215681 s/step
on time step 129652 (time=1350.54), 0.0213213 s/step
on time step 129841 (time=1352.51), 0.021246 s/step
on time step 130029 (time=1354.47), 0.0212955 s/step
on time step 130218 (time=1356.44), 0.0212631 s/step
on time step 130406 (time=1358.4), 0.0213184 s/step
on time step 130595 (time=1360.36), 0.0212658 s/step
field decay(t = 1360.65625): 0.005018996562493257 / 0.041508888131335284 = 0.12091377987801098
on time step 130783 (time=1362.32), 0.0212886 s/step
on time step 130973 (time=1364.3), 0.021099 s/step
on time step 131163 (time=1366.28), 0.0210552 s/step
on time step 131354 (time=1368.27), 0.0209739 s/step
on time step 131545 (time=1370.26), 0.0209633 s/step
on time step 131734 (time=1372.23), 0.0212499 s/step
on time step 131923 (time=1374.2), 0.021251 s/step
on time step 132112 (time=1376.17), 0.0212606 s/step
on time step 132301 (time=1378.14), 0.0212345 s/step
on time step 132490 (time=1380.1), 0.0212458 s/step
field decay(t = 1380.6666666666665): 0.005050572345305631 / 0.041508888131335284 = 0.12167447919408197
on time step 132679 (time=1382.07), 0.0211735 s/step
on time step 132870 (time=1384.06), 0.0209687 s/step
on time step 133061 (time=1386.05), 0.0209936 s/step
on time step 133252 (time=1388.04), 0.0209647 s/step
on time step 133443 (time=1390.03), 0.0210341 s/step
on time step 133635 (time=1392.03), 0.0209236 s/step
on time step 133826 (time=1394.02), 0.0209881 s/step
on time step 134017 (time=1396.01), 0.0210048 s/step
on time step 134208 (time=1398), 0.02104 s/step
on time step 134398 (time=1399.98), 0.0210824 s/step
field decay(t = 1400.6770833333333): 0.005016291814342274 / 0.041508888131335284 = 0.12084861917935712
on time step 134589 (time=1401.97), 0.0210418 s/step
on time step 134780 (time=1403.96), 0.0209799 s/step
on time step 134971 (time=1405.95), 0.0210484 s/step
on time step 135162 (time=1407.94), 0.0209581 s/step
on time step 135353 (time=1409.93), 0.0209878 s/step
on time step 135544 (time=1411.92), 0.021049 s/step
on time step 135735 (time=1413.91), 0.0209936 s/step
on time step 135926 (time=1415.9), 0.0209642 s/step
on time step 136117 (time=1417.89), 0.0210094 s/step
on time step 136308 (time=1419.88), 0.0209569 s/step
field decay(t = 1420.6875): 0.004884032340560137 / 0.041508888131335284 = 0.11766232632170061
on time step 136498 (time=1421.85), 0.021055 s/step
on time step 136689 (time=1423.84), 0.021005 s/step
on time step 136878 (time=1425.81), 0.0212637 s/step
on time step 137068 (time=1427.79), 0.0211579 s/step
on time step 137258 (time=1429.77), 0.0211596 s/step
on time step 137447 (time=1431.74), 0.021264 s/step
on time step 137636 (time=1433.71), 0.021198 s/step
on time step 137825 (time=1435.68), 0.0211686 s/step
on time step 138015 (time=1437.66), 0.0211413 s/step
on time step 138204 (time=1439.62), 0.0211766 s/step
field decay(t = 1440.6979166666665): 0.004663903811149153 / 0.041508888131335284 = 0.11235916019702649
on time step 138394 (time=1441.6), 0.0211649 s/step
on time step 138585 (time=1443.59), 0.0210093 s/step
on time step 138776 (time=1445.58), 0.0209512 s/step
on time step 138968 (time=1447.58), 0.0208827 s/step
on time step 139163 (time=1449.61), 0.0205552 s/step
on time step 139358 (time=1451.65), 0.0205355 s/step
on time step 139553 (time=1453.68), 0.0205262 s/step
on time step 139748 (time=1455.71), 0.0205953 s/step
on time step 139943 (time=1457.74), 0.0205294 s/step
on time step 140138 (time=1459.77), 0.0205657 s/step
field decay(t = 1460.7083333333333): 0.004373686470392091 / 0.041508888131335284 = 0.10536746868655272
on time step 140333 (time=1461.8), 0.0205527 s/step
on time step 140528 (time=1463.83), 0.0205464 s/step
on time step 140723 (time=1465.86), 0.020549 s/step
on time step 140918 (time=1467.9), 0.0205236 s/step
on time step 141113 (time=1469.93), 0.0205662 s/step
on time step 141308 (time=1471.96), 0.0205534 s/step
on time step 141503 (time=1473.99), 0.0205513 s/step
on time step 141698 (time=1476.02), 0.0205572 s/step
on time step 141893 (time=1478.05), 0.0205398 s/step
on time step 142088 (time=1480.08), 0.0205594 s/step
field decay(t = 1480.71875): 0.0040349497385780905 / 0.041508888131335284 = 0.0972068855665658
on time step 142283 (time=1482.11), 0.0205521 s/step
on time step 142478 (time=1484.15), 0.0205332 s/step
on time step 142673 (time=1486.18), 0.020536 s/step
on time step 142868 (time=1488.21), 0.0205481 s/step
on time step 143061 (time=1490.22), 0.0207278 s/step
on time step 143254 (time=1492.23), 0.0208279 s/step
on time step 143448 (time=1494.25), 0.020703 s/step
on time step 143641 (time=1496.26), 0.0208062 s/step
on time step 143833 (time=1498.26), 0.0208462 s/step
on time step 144023 (time=1500.24), 0.0211022 s/step
field decay(t = 1500.7291666666665): 0.003546148061047248 / 0.041508888131335284 = 0.08543105394264322
on time step 144206 (time=1502.15), 0.021867 s/step
on time step 144390 (time=1504.06), 0.0217703 s/step
on time step 144577 (time=1506.01), 0.0214281 s/step
on time step 144764 (time=1507.96), 0.0214456 s/step
on time step 144949 (time=1509.89), 0.0216793 s/step
on time step 145135 (time=1511.82), 0.0215541 s/step
on time step 145321 (time=1513.76), 0.0215492 s/step
on time step 145506 (time=1515.69), 0.0217138 s/step
on time step 145692 (time=1517.62), 0.0215679 s/step
on time step 145877 (time=1519.55), 0.021662 s/step
field decay(t = 1520.7395833333333): 0.0031777009093647947 / 0.041508888131335284 = 0.07655471038661552
on time step 146063 (time=1521.49), 0.0216172 s/step
on time step 146249 (time=1523.43), 0.0215981 s/step
on time step 146434 (time=1525.35), 0.021648 s/step
on time step 146621 (time=1527.3), 0.02148 s/step
on time step 146807 (time=1529.24), 0.0215561 s/step
on time step 146993 (time=1531.18), 0.0215199 s/step
on time step 147180 (time=1533.12), 0.0214876 s/step
on time step 147366 (time=1535.06), 0.0215309 s/step
on time step 147552 (time=1537), 0.0215073 s/step
on time step 147739 (time=1538.95), 0.02148 s/step
field decay(t = 1540.75): 0.002825658990862486 / 0.041508888131335284 = 0.06807358900874487
on time step 147926 (time=1540.9), 0.0214337 s/step
on time step 148112 (time=1542.83), 0.0215716 s/step
on time step 148298 (time=1544.77), 0.0215466 s/step
on time step 148486 (time=1546.73), 0.0212804 s/step
on time step 148675 (time=1548.7), 0.0212659 s/step
on time step 148864 (time=1550.67), 0.0212667 s/step
on time step 149052 (time=1552.62), 0.0212815 s/step
on time step 149240 (time=1554.58), 0.0213156 s/step
on time step 149428 (time=1556.54), 0.0213072 s/step
on time step 149616 (time=1558.5), 0.0213014 s/step
on time step 149804 (time=1560.46), 0.0212889 s/step
field decay(t = 1560.7604166666665): 0.002501635621679865 / 0.041508888131335284 = 0.06026746883136498
on time step 149993 (time=1562.43), 0.0212626 s/step
on time step 150179 (time=1564.36), 0.0215939 s/step
on time step 150364 (time=1566.29), 0.0216735 s/step
on time step 150550 (time=1568.23), 0.0215448 s/step
on time step 150735 (time=1570.16), 0.0216522 s/step
on time step 150923 (time=1572.11), 0.0212995 s/step
on time step 151109 (time=1574.05), 0.0216082 s/step
on time step 151294 (time=1575.98), 0.0216589 s/step
on time step 151481 (time=1577.93), 0.0214528 s/step
on time step 151666 (time=1579.85), 0.0217238 s/step
field decay(t = 1580.7708333333333): 0.0021547829939521316 / 0.041508888131335284 = 0.05191136382970168
on time step 151852 (time=1581.79), 0.0215781 s/step
on time step 152037 (time=1583.72), 0.0216597 s/step
on time step 152223 (time=1585.66), 0.0215849 s/step
on time step 152409 (time=1587.59), 0.0215203 s/step
on time step 152598 (time=1589.56), 0.021256 s/step
on time step 152787 (time=1591.53), 0.0212369 s/step
on time step 152976 (time=1593.5), 0.0212501 s/step
on time step 153165 (time=1595.47), 0.0212342 s/step
on time step 153354 (time=1597.44), 0.0212421 s/step
on time step 153543 (time=1599.41), 0.0212378 s/step
field decay(t = 1600.78125): 0.0018882328485263899 / 0.041508888131335284 = 0.045489844067901034
on time step 153732 (time=1601.38), 0.0212476 s/step
on time step 153921 (time=1603.34), 0.021232 s/step
on time step 154110 (time=1605.31), 0.0212434 s/step
on time step 154299 (time=1607.28), 0.0212492 s/step
on time step 154488 (time=1609.25), 0.0212507 s/step
on time step 154677 (time=1611.22), 0.0212366 s/step
on time step 154866 (time=1613.19), 0.0212397 s/step
on time step 155055 (time=1615.16), 0.0212378 s/step
on time step 155244 (time=1617.12), 0.0212582 s/step
on time step 155433 (time=1619.09), 0.0212571 s/step
field decay(t = 1620.7916666666665): 0.001689724992680249 / 0.041508888131335284 = 0.0407075464737555
on time step 155622 (time=1621.06), 0.0212375 s/step
on time step 155811 (time=1623.03), 0.0212209 s/step
on time step 155998 (time=1624.98), 0.0214236 s/step
on time step 156185 (time=1626.93), 0.021493 s/step
on time step 156372 (time=1628.88), 0.0214666 s/step
on time step 156558 (time=1630.81), 0.0215948 s/step
on time step 156744 (time=1632.75), 0.0215308 s/step
on time step 156931 (time=1634.7), 0.0214771 s/step
on time step 157118 (time=1636.65), 0.0214289 s/step
on time step 157305 (time=1638.59), 0.0214352 s/step
on time step 157491 (time=1640.53), 0.0215372 s/step
field decay(t = 1640.8020833333333): 0.0015268992825170856 / 0.041508888131335284 = 0.03678487551114194
on time step 157677 (time=1642.47), 0.0215142 s/step
on time step 157863 (time=1644.41), 0.0215748 s/step
on time step 158050 (time=1646.35), 0.0214958 s/step
on time step 158237 (time=1648.3), 0.0214722 s/step
on time step 158424 (time=1650.25), 0.0214595 s/step
on time step 158609 (time=1652.18), 0.0216244 s/step
on time step 158795 (time=1654.11), 0.0215884 s/step
on time step 158980 (time=1656.04), 0.0216816 s/step
on time step 159165 (time=1657.97), 0.0216582 s/step
on time step 159350 (time=1659.9), 0.0216654 s/step
field decay(t = 1660.8125): 0.001395671850239439 / 0.041508888131335284 = 0.033623445798487646
on time step 159536 (time=1661.83), 0.0215553 s/step
on time step 159720 (time=1663.75), 0.021753 s/step
on time step 159904 (time=1665.67), 0.0218063 s/step
on time step 160089 (time=1667.59), 0.0216605 s/step
on time step 160274 (time=1669.52), 0.0216653 s/step
on time step 160460 (time=1671.46), 0.0215954 s/step
on time step 160645 (time=1673.39), 0.0216418 s/step
on time step 160830 (time=1675.31), 0.021641 s/step
on time step 161016 (time=1677.25), 0.0216044 s/step
on time step 161201 (time=1679.18), 0.0216428 s/step
field decay(t = 1680.8229166666665): 0.0012824395006818849 / 0.041508888131335284 = 0.030895539688372532
on time step 161387 (time=1681.11), 0.0215707 s/step
on time step 161573 (time=1683.05), 0.0215586 s/step
on time step 161759 (time=1684.99), 0.0215708 s/step
on time step 161945 (time=1686.93), 0.0216001 s/step
on time step 162130 (time=1688.85), 0.0217099 s/step
on time step 162316 (time=1690.79), 0.0215267 s/step
on time step 162501 (time=1692.72), 0.0216823 s/step
on time step 162686 (time=1694.65), 0.0216375 s/step
on time step 162872 (time=1696.58), 0.0215613 s/step
on time step 163057 (time=1698.51), 0.0216309 s/step
on time step 163243 (time=1700.45), 0.0216079 s/step
field decay(t = 1700.8333333333333): 0.0011856714508495503 / 0.041508888131335284 = 0.028564278741893847
on time step 163429 (time=1702.39), 0.0216084 s/step
on time step 163615 (time=1704.32), 0.0215871 s/step
on time step 163801 (time=1706.26), 0.0215877 s/step
on time step 163986 (time=1708.19), 0.0216663 s/step
on time step 164172 (time=1710.12), 0.0215726 s/step
on time step 164358 (time=1712.06), 0.0215757 s/step
on time step 164543 (time=1713.99), 0.0216925 s/step
on time step 164729 (time=1715.93), 0.0215791 s/step
on time step 164914 (time=1717.85), 0.021702 s/step
on time step 165100 (time=1719.79), 0.0216064 s/step
field decay(t = 1720.84375): 0.0011257780769377962 / 0.041508888131335284 = 0.027121373942269975
on time step 165287 (time=1721.74), 0.0214944 s/step
on time step 165472 (time=1723.67), 0.0216545 s/step
on time step 165657 (time=1725.59), 0.0217177 s/step
on time step 165843 (time=1727.53), 0.0215918 s/step
on time step 166029 (time=1729.47), 0.0215369 s/step
on time step 166214 (time=1731.4), 0.0216752 s/step
on time step 166399 (time=1733.32), 0.0216278 s/step
on time step 166585 (time=1735.26), 0.0215835 s/step
on time step 166771 (time=1737.2), 0.0215908 s/step
on time step 166957 (time=1739.14), 0.0216033 s/step
field decay(t = 1740.8541666666665): 0.0010781371545853578 / 0.041508888131335284 = 0.02597364572074544
on time step 167142 (time=1741.06), 0.0217151 s/step
on time step 167328 (time=1743), 0.0215619 s/step
on time step 167513 (time=1744.93), 0.0216516 s/step
on time step 167699 (time=1746.86), 0.0215232 s/step
on time step 167887 (time=1748.82), 0.021371 s/step
on time step 168073 (time=1750.76), 0.0216009 s/step
on time step 168258 (time=1752.69), 0.0216443 s/step
on time step 168443 (time=1754.61), 0.0216786 s/step
on time step 168628 (time=1756.54), 0.0216407 s/step
on time step 168813 (time=1758.47), 0.0216689 s/step
on time step 168998 (time=1760.4), 0.021712 s/step
field decay(t = 1760.8645833333333): 0.0010395717308353846 / 0.041508888131335284 = 0.02504455738602659
on time step 169183 (time=1762.32), 0.0216845 s/step
on time step 169368 (time=1764.25), 0.0217019 s/step
on time step 169553 (time=1766.18), 0.0216223 s/step
on time step 169738 (time=1768.1), 0.0216824 s/step
on time step 169923 (time=1770.03), 0.021666 s/step
on time step 170108 (time=1771.96), 0.0217281 s/step
on time step 170293 (time=1773.89), 0.021683 s/step
on time step 170478 (time=1775.81), 0.0216867 s/step
on time step 170663 (time=1777.74), 0.021715 s/step
on time step 170847 (time=1779.66), 0.0218072 s/step
field decay(t = 1780.875): 0.001007562476594831 / 0.041508888131335284 = 0.024273415211866795
on time step 171033 (time=1781.59), 0.021615 s/step
on time step 171218 (time=1783.52), 0.0216553 s/step
on time step 171404 (time=1785.46), 0.0215932 s/step
on time step 171590 (time=1787.4), 0.0215812 s/step
on time step 171775 (time=1789.32), 0.0216303 s/step
on time step 171960 (time=1791.25), 0.0216892 s/step
on time step 172145 (time=1793.18), 0.0216599 s/step
on time step 172331 (time=1795.11), 0.0216019 s/step
on time step 172517 (time=1797.05), 0.0215808 s/step
on time step 172703 (time=1798.99), 0.0215811 s/step
field decay(t = 1800.8854166666665): 0.0009718010934232286 / 0.041508888131335284 = 0.023411879652098188
on time step 172888 (time=1800.92), 0.0217075 s/step
on time step 173073 (time=1802.84), 0.0216259 s/step
on time step 173258 (time=1804.77), 0.0217194 s/step
on time step 173444 (time=1806.71), 0.0216161 s/step
on time step 173629 (time=1808.64), 0.0216591 s/step
on time step 173812 (time=1810.54), 0.0219499 s/step
on time step 173997 (time=1812.47), 0.0216913 s/step
on time step 174182 (time=1814.4), 0.0216981 s/step
on time step 174366 (time=1816.31), 0.0217834 s/step
on time step 174552 (time=1818.25), 0.0215582 s/step
on time step 174737 (time=1820.18), 0.0216421 s/step
field decay(t = 1820.8958333333333): 0.0009484243237022359 / 0.041508888131335284 = 0.022848704612404815
on time step 174922 (time=1822.1), 0.0216704 s/step
on time step 175107 (time=1824.03), 0.0216374 s/step
on time step 175292 (time=1825.96), 0.0216224 s/step
on time step 175477 (time=1827.89), 0.021698 s/step
on time step 175663 (time=1829.82), 0.0216158 s/step
on time step 175848 (time=1831.75), 0.0217154 s/step
on time step 176033 (time=1833.68), 0.0216424 s/step
on time step 176218 (time=1835.6), 0.0216964 s/step
on time step 176404 (time=1837.54), 0.0216031 s/step
on time step 176588 (time=1839.46), 0.0217789 s/step
field decay(t = 1840.90625): 0.0009269799061452039 / 0.041508888131335284 = 0.022332082305173136
on time step 176770 (time=1841.35), 0.0220115 s/step
on time step 176953 (time=1843.26), 0.0219483 s/step
on time step 177137 (time=1845.18), 0.0218287 s/step
on time step 177323 (time=1847.11), 0.0216213 s/step
on time step 177508 (time=1849.04), 0.0216597 s/step
on time step 177693 (time=1850.97), 0.0216901 s/step
on time step 177877 (time=1852.89), 0.0218532 s/step
on time step 178061 (time=1854.8), 0.021788 s/step
on time step 178244 (time=1856.71), 0.021973 s/step
on time step 178429 (time=1858.64), 0.0216908 s/step
on time step 178612 (time=1860.54), 0.0218594 s/step
field decay(t = 1860.9166666666665): 0.0009068727780782704 / 0.041508888131335284 = 0.021847676941114384
on time step 178796 (time=1862.46), 0.0218495 s/step
on time step 178979 (time=1864.36), 0.0218584 s/step
on time step 179165 (time=1866.3), 0.0216167 s/step
on time step 179349 (time=1868.22), 0.0218219 s/step
on time step 179533 (time=1870.14), 0.0217563 s/step
on time step 179716 (time=1872.04), 0.0219188 s/step
on time step 179900 (time=1873.96), 0.0218147 s/step
on time step 180084 (time=1875.88), 0.0218417 s/step
on time step 180268 (time=1877.79), 0.0217419 s/step
on time step 180451 (time=1879.7), 0.0219472 s/step
field decay(t = 1880.9270833333333): 0.0008877193520331985 / 0.041508888131335284 = 0.021386247427886522
on time step 180634 (time=1881.6), 0.0219467 s/step
on time step 180818 (time=1883.52), 0.0218127 s/step
on time step 181002 (time=1885.44), 0.021765 s/step
on time step 181186 (time=1887.35), 0.0218035 s/step
on time step 181370 (time=1889.27), 0.0217634 s/step
on time step 181553 (time=1891.18), 0.0218962 s/step
on time step 181738 (time=1893.1), 0.021708 s/step
on time step 181926 (time=1895.06), 0.021384 s/step
on time step 182116 (time=1897.04), 0.0211061 s/step
on time step 182304 (time=1899), 0.0212893 s/step
field decay(t = 1900.9375): 0.0008632849356749802 / 0.041508888131335284 = 0.02079759238415451
on time step 182492 (time=1900.96), 0.0212845 s/step
on time step 182680 (time=1902.92), 0.021296 s/step
on time step 182868 (time=1904.88), 0.0212957 s/step
on time step 183056 (time=1906.83), 0.021294 s/step
on time step 183244 (time=1908.79), 0.0212881 s/step
on time step 183432 (time=1910.75), 0.0212968 s/step
on time step 183620 (time=1912.71), 0.0212929 s/step
on time step 183808 (time=1914.67), 0.0212829 s/step
on time step 183996 (time=1916.62), 0.0212933 s/step
on time step 184184 (time=1918.58), 0.0212998 s/step
on time step 184372 (time=1920.54), 0.0212848 s/step
field decay(t = 1920.9479166666665): 0.0008456293280645629 / 0.041508888131335284 = 0.020372247153163152
on time step 184560 (time=1922.5), 0.0212796 s/step
on time step 184748 (time=1924.46), 0.0212823 s/step
on time step 184936 (time=1926.42), 0.0212968 s/step
on time step 185124 (time=1928.38), 0.0212971 s/step
on time step 185312 (time=1930.33), 0.0212821 s/step
on time step 185500 (time=1932.29), 0.021281 s/step
on time step 185688 (time=1934.25), 0.0213105 s/step
on time step 185876 (time=1936.21), 0.0212783 s/step
on time step 186064 (time=1938.17), 0.0212923 s/step
on time step 186252 (time=1940.12), 0.02128 s/step
field decay(t = 1940.9583333333333): 0.0008284823388829399 / 0.041508888131335284 = 0.019959155163626608
on time step 186440 (time=1942.08), 0.0213124 s/step
on time step 186628 (time=1944.04), 0.0212855 s/step
on time step 186816 (time=1946), 0.0212826 s/step
on time step 187004 (time=1947.96), 0.0212828 s/step
on time step 187192 (time=1949.92), 0.0212839 s/step
on time step 187380 (time=1951.88), 0.021281 s/step
on time step 187568 (time=1953.83), 0.0212866 s/step
on time step 187756 (time=1955.79), 0.0212783 s/step
on time step 187944 (time=1957.75), 0.0212782 s/step
on time step 188132 (time=1959.71), 0.0212797 s/step
field decay(t = 1960.96875): 0.0008118105700173348 / 0.041508888131335284 = 0.019557511814066026
on time step 188320 (time=1961.67), 0.0212861 s/step
on time step 188509 (time=1963.64), 0.0212751 s/step
on time step 188697 (time=1965.59), 0.021316 s/step
on time step 188885 (time=1967.55), 0.0213238 s/step
on time step 189073 (time=1969.51), 0.0213199 s/step
on time step 189266 (time=1971.52), 0.0207278 s/step
on time step 189460 (time=1973.54), 0.0206621 s/step
on time step 189654 (time=1975.56), 0.0206506 s/step
on time step 189848 (time=1977.58), 0.0206713 s/step
on time step 190042 (time=1979.6), 0.0206792 s/step
field decay(t = 1980.9791666666665): 0.0007956080305836598 / 0.041508888131335284 = 0.019167172776739617
on time step 190236 (time=1981.62), 0.0206425 s/step
on time step 190430 (time=1983.65), 0.0206602 s/step
on time step 190624 (time=1985.67), 0.0206905 s/step
on time step 190818 (time=1987.69), 0.0206585 s/step
on time step 191012 (time=1989.71), 0.020672 s/step
on time step 191206 (time=1991.73), 0.0206577 s/step
on time step 191400 (time=1993.75), 0.0206515 s/step
on time step 191594 (time=1995.77), 0.0206772 s/step
on time step 191788 (time=1997.79), 0.0206804 s/step
on time step 191982 (time=1999.81), 0.0206654 s/step
field decay(t = 2000.9895833333333): 0.0007747097984529724 / 0.041508888131335284 = 0.018663708745986374
on time step 192176 (time=2001.83), 0.0206927 s/step
on time step 192370 (time=2003.85), 0.0206829 s/step
on time step 192564 (time=2005.88), 0.0206633 s/step
on time step 192757 (time=2007.89), 0.0207558 s/step
on time step 192951 (time=2009.91), 0.0206805 s/step
on time step 193145 (time=2011.93), 0.0206892 s/step
on time step 193339 (time=2013.95), 0.020649 s/step
on time step 193533 (time=2015.97), 0.0206723 s/step
on time step 193727 (time=2017.99), 0.0206606 s/step
on time step 193921 (time=2020.01), 0.0206689 s/step
field decay(t = 2021.0): 0.0007595574090158918 / 0.041508888131335284 = 0.018298669109435815
on time step 194115 (time=2022.03), 0.0206884 s/step
on time step 194309 (time=2024.05), 0.0206846 s/step
on time step 194503 (time=2026.07), 0.0206717 s/step
on time step 194697 (time=2028.09), 0.0206575 s/step
on time step 194891 (time=2030.11), 0.0206538 s/step
on time step 195085 (time=2032.14), 0.0206676 s/step
on time step 195279 (time=2034.16), 0.0206644 s/step
on time step 195473 (time=2036.18), 0.0206594 s/step
on time step 195667 (time=2038.2), 0.0206599 s/step
on time step 195861 (time=2040.22), 0.0207051 s/step
field decay(t = 2041.0104166666665): 0.0007448390962634805 / 0.041508888131335284 = 0.017944086912344864
on time step 196055 (time=2042.24), 0.0206443 s/step
on time step 196249 (time=2044.26), 0.02066 s/step
on time step 196441 (time=2046.26), 0.0209351 s/step
on time step 196632 (time=2048.25), 0.0209551 s/step
on time step 196824 (time=2050.25), 0.0209132 s/step
on time step 197016 (time=2052.25), 0.0209296 s/step
on time step 197207 (time=2054.24), 0.0209749 s/step
on time step 197398 (time=2056.23), 0.020946 s/step
on time step 197589 (time=2058.22), 0.0209695 s/step
on time step 197780 (time=2060.21), 0.0209683 s/step
field decay(t = 2061.0104166666665): 0.0007305343643756968 / 0.041508888131335284 = 0.01759946838528331
on time step 197971 (time=2062.2), 0.0209574 s/step
on time step 198162 (time=2064.19), 0.0209668 s/step
on time step 198353 (time=2066.18), 0.0209516 s/step
on time step 198544 (time=2068.17), 0.0209769 s/step
on time step 198736 (time=2070.17), 0.0208646 s/step
on time step 198928 (time=2072.17), 0.0208695 s/step
on time step 199120 (time=2074.17), 0.0209237 s/step
on time step 199312 (time=2076.17), 0.020924 s/step
on time step 199504 (time=2078.17), 0.0209035 s/step
on time step 199696 (time=2080.17), 0.0208835 s/step
field decay(t = 2081.020833333333): 0.0007168126105156425 / 0.041508888131335284 = 0.017268894513570863
on time step 199888 (time=2082.17), 0.0208859 s/step
on time step 200080 (time=2084.17), 0.0209075 s/step
on time step 200272 (time=2086.17), 0.0208921 s/step
on time step 200464 (time=2088.17), 0.0208836 s/step
on time step 200656 (time=2090.17), 0.0209011 s/step
on time step 200848 (time=2092.17), 0.0208734 s/step
on time step 201040 (time=2094.17), 0.020868 s/step
on time step 201232 (time=2096.17), 0.0208718 s/step
on time step 201424 (time=2098.17), 0.0208876 s/step
on time step 201616 (time=2100.17), 0.0208457 s/step
field decay(t = 2101.03125): 0.0006987288493978648 / 0.041508888131335284 = 0.016833234539722363
on time step 201808 (time=2102.17), 0.0208727 s/step
on time step 202000 (time=2104.17), 0.0208585 s/step
on time step 202192 (time=2106.17), 0.0209016 s/step
on time step 202384 (time=2108.17), 0.0208449 s/step
on time step 202576 (time=2110.17), 0.020877 s/step
on time step 202768 (time=2112.17), 0.020862 s/step
on time step 202960 (time=2114.17), 0.0208409 s/step
on time step 203151 (time=2116.16), 0.0209447 s/step
on time step 203342 (time=2118.15), 0.0210327 s/step
on time step 203533 (time=2120.14), 0.0210122 s/step
field decay(t = 2121.0416666666665): 0.0006857639322675317 / 0.041508888131335284 = 0.016520893792619916
on time step 203723 (time=2122.11), 0.0210655 s/step
on time step 203913 (time=2124.09), 0.0210555 s/step
on time step 204103 (time=2126.07), 0.021084 s/step
on time step 204293 (time=2128.05), 0.0210677 s/step
on time step 204483 (time=2130.03), 0.021093 s/step
on time step 204673 (time=2132.01), 0.0210908 s/step
on time step 204863 (time=2133.99), 0.0211121 s/step
on time step 205054 (time=2135.98), 0.0210209 s/step
on time step 205244 (time=2137.96), 0.0210892 s/step
on time step 205434 (time=2139.94), 0.0210683 s/step
field decay(t = 2141.052083333333): 0.000673000902607978 / 0.041508888131335284 = 0.016213416762178363
on time step 205624 (time=2141.92), 0.0210714 s/step
on time step 205814 (time=2143.9), 0.0210731 s/step
on time step 206005 (time=2145.89), 0.0210442 s/step
on time step 206193 (time=2147.84), 0.0212903 s/step
on time step 206381 (time=2149.8), 0.0213735 s/step
on time step 206569 (time=2151.76), 0.0213457 s/step
on time step 206757 (time=2153.72), 0.0213443 s/step
on time step 206945 (time=2155.68), 0.0213892 s/step
on time step 207132 (time=2157.62), 0.0214445 s/step
on time step 207320 (time=2159.58), 0.0213918 s/step
field decay(t = 2161.0625): 0.0006605885219124789 / 0.041508888131335284 = 0.015914387295134436
on time step 207507 (time=2161.53), 0.0214784 s/step
on time step 207694 (time=2163.48), 0.0214371 s/step
on time step 207882 (time=2165.44), 0.0213911 s/step
on time step 208070 (time=2167.4), 0.0213883 s/step
on time step 208257 (time=2169.34), 0.0214114 s/step
on time step 208441 (time=2171.26), 0.0218382 s/step
on time step 208623 (time=2173.16), 0.0220256 s/step
on time step 208808 (time=2175.08), 0.0216377 s/step
on time step 208997 (time=2177.05), 0.0212705 s/step
on time step 209185 (time=2179.01), 0.0213037 s/step
on time step 209373 (time=2180.97), 0.0212918 s/step
field decay(t = 2181.0729166666665): 0.0006485287890798097 / 0.041508888131335284 = 0.015623853547410051
on time step 209561 (time=2182.93), 0.0212935 s/step
on time step 209750 (time=2184.9), 0.0212766 s/step
on time step 209938 (time=2186.85), 0.0213013 s/step
on time step 210126 (time=2188.81), 0.0212894 s/step
on time step 210314 (time=2190.77), 0.0212882 s/step
on time step 210502 (time=2192.73), 0.0213107 s/step
on time step 210689 (time=2194.68), 0.0214164 s/step
on time step 210876 (time=2196.62), 0.0214385 s/step
on time step 211063 (time=2198.57), 0.0214261 s/step
on time step 211250 (time=2200.52), 0.0214112 s/step
field decay(t = 2201.083333333333): 0.0006329163714624477 / 0.041508888131335284 = 0.015247731268057159
on time step 211436 (time=2202.46), 0.0215168 s/step
on time step 211623 (time=2204.41), 0.0213906 s/step
on time step 211810 (time=2206.35), 0.0214692 s/step
on time step 211997 (time=2208.3), 0.0214418 s/step
on time step 212184 (time=2210.25), 0.0214545 s/step
on time step 212372 (time=2212.21), 0.021322 s/step
on time step 212559 (time=2214.16), 0.0214272 s/step
on time step 212747 (time=2216.11), 0.0213903 s/step
on time step 212934 (time=2218.06), 0.0214157 s/step
on time step 213122 (time=2220.02), 0.0213849 s/step
field decay(t = 2221.09375): 0.000621505696897648 / 0.041508888131335284 = 0.014972834129673304
on time step 213309 (time=2221.97), 0.0214258 s/step
on time step 213496 (time=2223.92), 0.0214249 s/step
on time step 213682 (time=2225.85), 0.0215833 s/step
on time step 213869 (time=2227.8), 0.0214378 s/step
on time step 214057 (time=2229.76), 0.0213017 s/step
on time step 214244 (time=2231.71), 0.0214215 s/step
on time step 214432 (time=2233.67), 0.0213407 s/step
on time step 214618 (time=2235.6), 0.0215237 s/step
on time step 214805 (time=2237.55), 0.0214173 s/step
on time step 214993 (time=2239.51), 0.021319 s/step
field decay(t = 2241.1041666666665): 0.000610349609980015 / 0.041508888131335284 = 0.014704070319803598
on time step 215181 (time=2241.47), 0.0213129 s/step
on time step 215368 (time=2243.42), 0.0214451 s/step
on time step 215556 (time=2245.38), 0.0213715 s/step
on time step 215744 (time=2247.33), 0.0213789 s/step
on time step 215930 (time=2249.27), 0.0215093 s/step
on time step 216118 (time=2251.23), 0.0213223 s/step
on time step 216305 (time=2253.18), 0.0214581 s/step
on time step 216492 (time=2255.12), 0.0214818 s/step
on time step 216679 (time=2257.07), 0.0214092 s/step
on time step 216866 (time=2259.02), 0.0214117 s/step
on time step 217054 (time=2260.98), 0.0213773 s/step
field decay(t = 2261.114583333333): 0.0005994446178832509 / 0.041508888131335284 = 0.014441355691980748
on time step 217241 (time=2262.93), 0.0214713 s/step
on time step 217428 (time=2264.88), 0.0214295 s/step
on time step 217616 (time=2266.83), 0.0213666 s/step
on time step 217803 (time=2268.78), 0.0215027 s/step
on time step 217990 (time=2270.73), 0.0214904 s/step
on time step 218177 (time=2272.68), 0.0214837 s/step
on time step 218366 (time=2274.65), 0.0212485 s/step
on time step 218554 (time=2276.6), 0.0213292 s/step
on time step 218740 (time=2278.54), 0.0215273 s/step
on time step 218927 (time=2280.49), 0.0214424 s/step
field decay(t = 2281.125): 0.0005887735978918215 / 0.041508888131335284 = 0.014184277738997135
on time step 219113 (time=2282.43), 0.021548 s/step
on time step 219300 (time=2284.38), 0.0214491 s/step
on time step 219487 (time=2286.32), 0.0214731 s/step
on time step 219674 (time=2288.27), 0.0214347 s/step
on time step 219861 (time=2290.22), 0.0214961 s/step
on time step 220046 (time=2292.15), 0.0216487 s/step
on time step 220232 (time=2294.08), 0.0215439 s/step
on time step 220419 (time=2296.03), 0.0214912 s/step
on time step 220606 (time=2297.98), 0.0214111 s/step
on time step 220792 (time=2299.92), 0.0215927 s/step
field decay(t = 2301.1354166666665): 0.0005748833656626446 / 0.041508888131335284 = 0.013849645016838262
on time step 220979 (time=2301.86), 0.0214525 s/step
on time step 221167 (time=2303.82), 0.0213922 s/step
on time step 221354 (time=2305.77), 0.0214393 s/step
on time step 221541 (time=2307.72), 0.0214439 s/step
on time step 221728 (time=2309.67), 0.0213965 s/step
on time step 221914 (time=2311.6), 0.0215804 s/step
on time step 222099 (time=2313.53), 0.0217139 s/step
on time step 222285 (time=2315.47), 0.0216193 s/step
on time step 222471 (time=2317.41), 0.0215793 s/step
on time step 222657 (time=2319.34), 0.0215782 s/step
field decay(t = 2321.145833333333): 0.0005647232063587771 / 0.041508888131335284 = 0.013604874324071922
on time step 222841 (time=2321.26), 0.0217851 s/step
on time step 223027 (time=2323.2), 0.0216037 s/step
on time step 223211 (time=2325.11), 0.0218294 s/step
on time step 223398 (time=2327.06), 0.0214268 s/step
on time step 223587 (time=2329.03), 0.0212744 s/step
on time step 223776 (time=2331), 0.0212689 s/step
on time step 223965 (time=2332.97), 0.0212754 s/step
on time step 224154 (time=2334.94), 0.021268 s/step
on time step 224343 (time=2336.91), 0.0212701 s/step
on time step 224532 (time=2338.88), 0.0212753 s/step
on time step 224721 (time=2340.84), 0.0212712 s/step
field decay(t = 2341.15625): 0.0005547620630751444 / 0.041508888131335284 = 0.013364898171202797
on time step 224910 (time=2342.81), 0.0212273 s/step
on time step 225099 (time=2344.78), 0.0212749 s/step
on time step 225287 (time=2346.74), 0.0213367 s/step
on time step 225473 (time=2348.68), 0.0215252 s/step
on time step 225659 (time=2350.61), 0.0215723 s/step
on time step 225846 (time=2352.56), 0.0213979 s/step
on time step 226032 (time=2354.5), 0.02155 s/step
on time step 226216 (time=2356.42), 0.0218561 s/step
on time step 226400 (time=2358.33), 0.0218552 s/step
on time step 226585 (time=2360.26), 0.0217317 s/step
field decay(t = 2361.1666666666665): 0.0005449939765800994 / 0.041508888131335284 = 0.013129572993035207
on time step 226769 (time=2362.18), 0.0218338 s/step
on time step 226953 (time=2364.09), 0.0218534 s/step
on time step 227138 (time=2366.02), 0.021712 s/step
on time step 227323 (time=2367.95), 0.0216944 s/step
on time step 227512 (time=2369.92), 0.0212614 s/step
on time step 227696 (time=2371.83), 0.021812 s/step
on time step 227881 (time=2373.76), 0.0217072 s/step
on time step 228067 (time=2375.7), 0.0215614 s/step
on time step 228251 (time=2377.61), 0.0218358 s/step
on time step 228439 (time=2379.57), 0.0213023 s/step
field decay(t = 2381.177083333333): 0.0005354169200797218 / 0.041508888131335284 = 0.012898849961619007
on time step 228624 (time=2381.5), 0.0216279 s/step
on time step 228810 (time=2383.44), 0.0215745 s/step
on time step 228997 (time=2385.39), 0.0214534 s/step
on time step 229184 (time=2387.33), 0.0214074 s/step
on time step 229368 (time=2389.25), 0.0218229 s/step
on time step 229552 (time=2391.17), 0.0218479 s/step
on time step 229739 (time=2393.11), 0.0214105 s/step
on time step 229925 (time=2395.05), 0.0215434 s/step
on time step 230111 (time=2396.99), 0.0215438 s/step
on time step 230296 (time=2398.92), 0.0216626 s/step
on time step 230481 (time=2400.84), 0.0216243 s/step
field decay(t = 2401.1875): 0.0005229316659370985 / 0.041508888131335284 = 0.012598064883899758
on time step 230665 (time=2402.76), 0.0218576 s/step
on time step 230850 (time=2404.69), 0.0217062 s/step
on time step 231035 (time=2406.61), 0.0217056 s/step
on time step 231219 (time=2408.53), 0.0218541 s/step
on time step 231405 (time=2410.47), 0.0215495 s/step
on time step 231589 (time=2412.39), 0.0217676 s/step
on time step 231774 (time=2414.31), 0.0216623 s/step
on time step 231958 (time=2416.23), 0.0217826 s/step
on time step 232142 (time=2418.15), 0.0218357 s/step
on time step 232329 (time=2420.09), 0.0214921 s/step
field decay(t = 2421.1979166666665): 0.0005137719793194834 / 0.041508888131335284 = 0.012377396804604701
on time step 232515 (time=2422.03), 0.0215164 s/step
on time step 232701 (time=2423.97), 0.0215343 s/step
on time step 232888 (time=2425.92), 0.0214994 s/step
on time step 233075 (time=2427.86), 0.0215019 s/step
on time step 233262 (time=2429.81), 0.0214346 s/step
on time step 233449 (time=2431.76), 0.0215003 s/step
on time step 233637 (time=2433.72), 0.0213494 s/step
on time step 233826 (time=2435.69), 0.0212453 s/step
on time step 234014 (time=2437.65), 0.0213874 s/step
on time step 234202 (time=2439.6), 0.0213895 s/step
field decay(t = 2441.208333333333): 0.0005047847256450327 / 0.041508888131335284 = 0.012160882846292574
on time step 234390 (time=2441.56), 0.021292 s/step
on time step 234576 (time=2443.5), 0.0215235 s/step
on time step 234762 (time=2445.44), 0.0215234 s/step
on time step 234949 (time=2447.39), 0.0214592 s/step
on time step 235135 (time=2449.32), 0.0215209 s/step
on time step 235323 (time=2451.28), 0.0212981 s/step
on time step 235510 (time=2453.23), 0.0214572 s/step
on time step 235696 (time=2455.17), 0.0215531 s/step
on time step 235884 (time=2457.12), 0.0212955 s/step
on time step 236071 (time=2459.07), 0.0215001 s/step
on time step 236258 (time=2461.02), 0.0214552 s/step
field decay(t = 2461.21875): 0.0004959610527044012 / 0.041508888131335284 = 0.011948309748388503
on time step 236444 (time=2462.96), 0.021534 s/step
on time step 236630 (time=2464.9), 0.0215632 s/step
on time step 236816 (time=2466.83), 0.0215448 s/step
on time step 237003 (time=2468.78), 0.0214519 s/step
on time step 237190 (time=2470.73), 0.0213973 s/step
on time step 237377 (time=2472.68), 0.0214755 s/step
on time step 237564 (time=2474.62), 0.021468 s/step
on time step 237750 (time=2476.56), 0.0215294 s/step
on time step 237937 (time=2478.51), 0.0214454 s/step
on time step 238123 (time=2480.45), 0.0215267 s/step
field decay(t = 2481.2291666666665): 0.00048729632017471705 / 0.041508888131335284 = 0.011739565719826026
on time step 238310 (time=2482.4), 0.0214972 s/step
on time step 238496 (time=2484.33), 0.0215505 s/step
on time step 238683 (time=2486.28), 0.0214492 s/step
on time step 238870 (time=2488.23), 0.0214211 s/step
on time step 239058 (time=2490.19), 0.0213722 s/step
on time step 239245 (time=2492.14), 0.0214016 s/step
on time step 239432 (time=2494.08), 0.0214739 s/step
on time step 239618 (time=2496.02), 0.021524 s/step
on time step 239805 (time=2497.97), 0.021465 s/step
on time step 239992 (time=2499.92), 0.0214173 s/step
field decay(t = 2501.239583333333): 0.00047769216878670433 / 0.041508888131335284 = 0.011508189939351614
on time step 240179 (time=2501.86), 0.0214875 s/step
on time step 240366 (time=2503.81), 0.0214577 s/step
on time step 240552 (time=2505.75), 0.0215478 s/step
on time step 240738 (time=2507.69), 0.0215349 s/step
on time step 240924 (time=2509.62), 0.0215689 s/step
on time step 241110 (time=2511.56), 0.0215453 s/step
on time step 241296 (time=2513.5), 0.0215936 s/step
on time step 241483 (time=2515.45), 0.0214336 s/step
on time step 241670 (time=2517.4), 0.0214667 s/step
on time step 241856 (time=2519.33), 0.0216138 s/step
field decay(t = 2521.25): 0.00046769156058164063 / 0.041508888131335284 = 0.011267263028145959
on time step 242041 (time=2521.26), 0.0216833 s/step
on time step 242228 (time=2523.21), 0.021495 s/step
on time step 242415 (time=2525.16), 0.0214712 s/step
on time step 242601 (time=2527.09), 0.0215766 s/step
on time step 242788 (time=2529.04), 0.0214165 s/step
on time step 242974 (time=2530.98), 0.021559 s/step
on time step 243160 (time=2532.92), 0.0215126 s/step
on time step 243347 (time=2534.86), 0.0214378 s/step
on time step 243533 (time=2536.8), 0.0215277 s/step
on time step 243721 (time=2538.76), 0.0213212 s/step
on time step 243909 (time=2540.72), 0.0213883 s/step
field decay(t = 2541.2604166666665): 0.00045953659853850974 / 0.041508888131335284 = 0.011070799995521997
on time step 244096 (time=2542.67), 0.0214224 s/step
on time step 244283 (time=2544.61), 0.0214301 s/step
on time step 244471 (time=2546.57), 0.0213872 s/step
on time step 244658 (time=2548.52), 0.0214185 s/step
on time step 244844 (time=2550.46), 0.0215554 s/step
on time step 245032 (time=2552.42), 0.0213838 s/step
on time step 245220 (time=2554.38), 0.0213889 s/step
on time step 245407 (time=2556.32), 0.0213917 s/step
on time step 245594 (time=2558.27), 0.0214689 s/step
on time step 245781 (time=2560.22), 0.0214214 s/step
field decay(t = 2561.270833333333): 0.00045153033839309605 / 0.041508888131335284 = 0.010877919373904726
on time step 245969 (time=2562.18), 0.0212964 s/step
on time step 246157 (time=2564.14), 0.0213203 s/step
on time step 246345 (time=2566.09), 0.0213075 s/step
on time step 246533 (time=2568.05), 0.0213261 s/step
on time step 246721 (time=2570.01), 0.0213735 s/step
on time step 246909 (time=2571.97), 0.0213161 s/step
on time step 247097 (time=2573.93), 0.0213078 s/step
on time step 247285 (time=2575.89), 0.021391 s/step
on time step 247472 (time=2577.83), 0.0214101 s/step
on time step 247660 (time=2579.79), 0.0213013 s/step
field decay(t = 2581.28125): 0.00044366245299196755 / 0.041508888131335284 = 0.01068837236950812
on time step 247847 (time=2581.74), 0.0214233 s/step
on time step 248035 (time=2583.7), 0.0213255 s/step
on time step 248223 (time=2585.66), 0.021323 s/step
on time step 248411 (time=2587.61), 0.0213372 s/step
on time step 248599 (time=2589.57), 0.0213388 s/step
on time step 248787 (time=2591.53), 0.0213573 s/step
on time step 248975 (time=2593.49), 0.0213154 s/step
on time step 249163 (time=2595.45), 0.0212989 s/step
on time step 249351 (time=2597.41), 0.0213539 s/step
on time step 249539 (time=2599.36), 0.0213238 s/step
field decay(t = 2601.2916666666665): 0.0004359332939633683 / 0.041508888131335284 = 0.010502167453487627
on time step 249727 (time=2601.32), 0.0213681 s/step
on time step 249915 (time=2603.28), 0.0213208 s/step
on time step 250104 (time=2605.25), 0.0212685 s/step
on time step 250292 (time=2607.21), 0.0213123 s/step
on time step 250480 (time=2609.17), 0.0213585 s/step
on time step 250668 (time=2611.12), 0.0212905 s/step
on time step 250856 (time=2613.08), 0.0213289 s/step
on time step 251044 (time=2615.04), 0.021366 s/step
on time step 251232 (time=2617), 0.0213296 s/step
on time step 251420 (time=2618.96), 0.0213001 s/step
on time step 251608 (time=2620.92), 0.0212808 s/step
field decay(t = 2621.302083333333): 0.00042584369268135636 / 0.041508888131335284 = 0.010259096589963455
on time step 251796 (time=2622.88), 0.0213264 s/step
on time step 251984 (time=2624.83), 0.0213362 s/step
on time step 252172 (time=2626.79), 0.0213259 s/step
on time step 252360 (time=2628.75), 0.0213193 s/step
on time step 252548 (time=2630.71), 0.0213418 s/step
on time step 252736 (time=2632.67), 0.0213152 s/step
on time step 252924 (time=2634.62), 0.0213057 s/step
on time step 253112 (time=2636.58), 0.0212982 s/step
on time step 253300 (time=2638.54), 0.0213842 s/step
on time step 253487 (time=2640.49), 0.0214237 s/step
field decay(t = 2641.3125): 0.00041842795222686596 / 0.041508888131335284 = 0.01008044231160681
on time step 253675 (time=2642.45), 0.0213806 s/step
on time step 253862 (time=2644.4), 0.0214057 s/step
on time step 254049 (time=2646.34), 0.0214509 s/step
on time step 254238 (time=2648.31), 0.0212716 s/step
on time step 254427 (time=2650.28), 0.021275 s/step
on time step 254614 (time=2652.23), 0.0214561 s/step
on time step 254802 (time=2654.19), 0.0213494 s/step
on time step 254990 (time=2656.15), 0.0213301 s/step
on time step 255177 (time=2658.09), 0.0214355 s/step
on time step 255363 (time=2660.03), 0.0215306 s/step
2026-05-30 19:04:33 [INFO] D11_scaled_deep_groove: Checkpointed 10 completed spectra row(s) to /mnt/c/Users/admin/Meep_Simulation/meep_sim/results/diagnostics_v2/tables/D11_thickness_3um_quick_spectra_checkpoint.csv
2026-05-30 19:04:34 [INFO] D11_scaled_deep_groove: Wrote /mnt/c/Users/admin/Meep_Simulation/meep_sim/results/diagnostics_v2/tables/D11_thickness_3um_quick_spectra.csv
2026-05-30 19:04:34 [INFO] D11_scaled_deep_groove: Wrote /mnt/c/Users/admin/Meep_Simulation/meep_sim/results/diagnostics_v2/tables/D11_thickness_3um_quick_metrics.csv
2026-05-30 19:04:34 [INFO] D11_scaled_deep_groove: Wrote /mnt/c/Users/admin/Meep_Simulation/meep_sim/results/diagnostics_v2/reports/D11_thickness_3um_quick_report.md
field decay(t = 2661.3229166666665): 0.00041114311432111116 / 0.041508888131335284 = 0.009904941636120023
run 0 finished at t = 2661.3229166666665 (255487 timesteps)

Elapsed run time = 28018.0652 s
