2026-05-30 11:17:37 [INFO] D11_scaled_deep_groove: Starting D11 mode=smoke
2026-05-30 11:17:38 [INFO] D11_scaled_deep_groove: Prepared 10 D11 single-wavelength tasks; workers=1; task_timeout_s=None (not enforced)
2026-05-30 11:17:38 [INFO] D11_scaled_deep_groove: >>> task=1/10 case=scaled_inner_wall_film_1um pol=Ez wl=8.1014 res=24 pml=4
2026-05-30 11:17:38 [INFO] D11_scaled_deep_groove: [single ref] wl=8.1014 um, f=0.123435, res=24, comp=Ez
Using MPI version 4.1, 16 processes
-----------
Initializing structure...
Splitting into 16 chunks by voxels
time for choose_chunkdivision = 0.000444856 s
Working in 2D dimensions.
Computational cell is 50 x 49 x 0 with resolution 24
time for set_epsilon = 0.124324 s
-----------
field decay(t = 20.010416666666664): 1.9111708910067478e-10 / 1.9111708910067478e-10 = 1.0
field decay(t = 40.010416666666664): 7.26610522027444e-11 / 1.9111708910067478e-10 = 0.38019128767950583
on time step 4396 (time=45.7917), 0.000910092 s/step
field decay(t = 60.02083333333333): 2.2144713518604825e-10 / 2.2144713518604825e-10 = 1.0
field decay(t = 80.02083333333333): 7.60034006093378e-10 / 7.60034006093378e-10 = 1.0
on time step 8819 (time=91.8646), 0.0009044 s/step
field decay(t = 100.03125): 2.6791413295867036e-09 / 2.6791413295867036e-09 = 1.0
field decay(t = 120.04166666666666): 9.250320027868942e-09 / 9.250320027868942e-09 = 1.0
on time step 13224 (time=137.75), 0.000908112 s/step
field decay(t = 140.04166666666666): 3.104266453705295e-08 / 3.104266453705295e-08 = 1.0
field decay(t = 160.05208333333331): 9.967146010509074e-08 / 9.967146010509074e-08 = 1.0
field decay(t = 180.0625): 3.072337573187993e-07 / 3.072337573187993e-07 = 1.0
on time step 17618 (time=183.521), 0.0009105 s/step
field decay(t = 200.07291666666666): 8.938923416722502e-07 / 8.938923416722502e-07 = 1.0
field decay(t = 220.08333333333331): 2.3383689517352945e-06 / 2.3383689517352945e-06 = 1.0
on time step 22005 (time=229.219), 0.000911962 s/step
field decay(t = 240.09375): 5.699747294648301e-06 / 5.699747294648301e-06 = 1.0
field decay(t = 260.10416666666663): 1.4863428406950644e-05 / 1.4863428406950644e-05 = 1.0
on time step 26376 (time=274.75), 0.0009153 s/step
field decay(t = 280.1145833333333): 3.704061660142078e-05 / 3.704061660142078e-05 = 1.0
field decay(t = 300.125): 8.823770927168415e-05 / 8.823770927168415e-05 = 1.0
field decay(t = 320.13541666666663): 0.00020096662314850736 / 0.00020096662314850736 = 1.0
on time step 30745 (time=320.26), 0.000915557 s/step
field decay(t = 340.1458333333333): 0.00043761750595512183 / 0.00043761750595512183 = 1.0
field decay(t = 360.15625): 0.0009110383048306585 / 0.0009110383048306585 = 1.0
on time step 35102 (time=365.646), 0.000918207 s/step
field decay(t = 380.16666666666663): 0.0018131890495631763 / 0.0018131890495631763 = 1.0
field decay(t = 400.1770833333333): 0.0034499732625790855 / 0.0034499732625790855 = 1.0
on time step 39459 (time=411.031), 0.000918254 s/step
field decay(t = 420.1875): 0.006275543206378942 / 0.006275543206378942 = 1.0
field decay(t = 440.19791666666663): 0.010913058497430813 / 0.010913058497430813 = 1.0
on time step 43811 (time=456.365), 0.000919221 s/step
field decay(t = 460.2083333333333): 0.018142697351559437 / 0.018142697351559437 = 1.0
field decay(t = 480.21875): 0.02883506435427086 / 0.02883506435427086 = 1.0
field decay(t = 500.22916666666663): 0.04381333958616929 / 0.04381333958616929 = 1.0
on time step 48154 (time=501.604), 0.000921143 s/step
field decay(t = 520.2291666666666): 0.063644104144541 / 0.063644104144541 = 1.0
field decay(t = 540.2395833333333): 0.08670173356967253 / 0.08670173356967253 = 1.0
on time step 52490 (time=546.771), 0.000922649 s/step
field decay(t = 560.25): 0.11127470208868778 / 0.11127470208868778 = 1.0
field decay(t = 580.2604166666666): 0.14251060262369883 / 0.14251060262369883 = 1.0
on time step 56824 (time=591.917), 0.000922965 s/step
field decay(t = 600.2708333333333): 0.17448590530135338 / 0.17448590530135338 = 1.0
field decay(t = 620.28125): 0.20423782279786878 / 0.20423782279786878 = 1.0
on time step 61155 (time=637.031), 0.000923704 s/step
field decay(t = 640.2916666666666): 0.22854708350782987 / 0.22854708350782987 = 1.0
field decay(t = 660.3020833333333): 0.24450057967756345 / 0.24450057967756345 = 1.0
field decay(t = 680.3125): 0.2500627969509618 / 0.2500627969509618 = 1.0
on time step 65477 (time=682.052), 0.000925694 s/step
field decay(t = 700.3229166666666): 0.24983963625582134 / 0.2500627969509618 = 0.9991075813841105
field decay(t = 720.3333333333333): 0.2420954696985989 / 0.2500627969509618 = 0.9681386941619896
on time step 69800 (time=727.083), 0.000925371 s/step
field decay(t = 740.34375): 0.22427183972420733 / 0.2500627969509618 = 0.8968620780810823
field decay(t = 760.3541666666666): 0.19862143209265923 / 0.2500627969509618 = 0.7942862133610766
on time step 74121 (time=772.094), 0.000925896 s/step
field decay(t = 780.3645833333333): 0.16816738045327076 / 0.2500627969509618 = 0.6725005978648195
field decay(t = 800.375): 0.13612017360425532 / 0.2500627969509618 = 0.5443439618527061
on time step 78437 (time=817.052), 0.000926858 s/step
field decay(t = 820.3854166666666): 0.10533391785620762 / 0.2500627969509618 = 0.4212298636204728
field decay(t = 840.3958333333333): 0.07792519533196987 / 0.2500627969509618 = 0.31162250555507975
field decay(t = 860.40625): 0.056313475756715296 / 0.2500627969509618 = 0.22519733620254825
on time step 82754 (time=862.021), 0.00092667 s/step
field decay(t = 880.4166666666666): 0.040377690950646423 / 0.2500627969509618 = 0.1614702044565415
field decay(t = 900.4270833333333): 0.02637843551557635 / 0.2500627969509618 = 0.1054872449529118
on time step 87072 (time=907), 0.000926397 s/step
field decay(t = 920.4375): 0.016448139974324007 / 0.2500627969509618 = 0.06577603775882562
field decay(t = 940.4479166666666): 0.0098050038217849 / 0.2500627969509618 = 0.039210166171610474
on time step 91415 (time=952.24), 0.000921074 s/step
field decay(t = 960.4583333333333): 0.005587853729566293 / 0.2500627969509618 = 0.02234580192535434
field decay(t = 980.46875): 0.003044486775059864 / 0.2500627969509618 = 0.012174888916630404
on time step 95864 (time=998.583), 0.000899264 s/step
field decay(t = 1000.4791666666666): 0.001585805299313103 / 0.2500627969509618 = 0.006341628257577576
field decay(t = 1020.4895833333333): 0.0007896755407242995 / 0.2500627969509618 = 0.0031579089346871446
field decay(t = 1040.4895833333333): 0.00037591979716990263 / 0.2500627969509618 = 0.0015033015776577986
on time step 100300 (time=1044.79), 0.000901844 s/step
field decay(t = 1060.5): 0.00017107401894805852 / 0.2500627969509618 = 0.000684124232128807
field decay(t = 1080.5104166666665): 7.442694952834191e-05 / 0.2500627969509618 = 0.0002976330363246209
on time step 104723 (time=1090.86), 0.000904504 s/step
field decay(t = 1100.5208333333333): 3.0958433836171696e-05 / 0.2500627969509618 = 0.0001238026376320295
field decay(t = 1120.53125): 1.2314193688986034e-05 / 0.2500627969509618 = 4.9244405161959746e-05
on time step 109126 (time=1136.73), 0.000908512 s/step
field decay(t = 1140.5416666666665): 4.6826769321139275e-06 / 0.2500627969509618 = 1.8726003984639977e-05
field decay(t = 1160.5520833333333): 1.7023796374902975e-06 / 0.2500627969509618 = 6.8078085114921765e-06
field decay(t = 1180.5625): 6.293758555699007e-07 / 0.2500627969509618 = 2.5168712149265596e-06
on time step 113543 (time=1182.74), 0.000905667 s/step
field decay(t = 1200.5729166666665): 2.3605403696892287e-07 / 0.2500627969509618 = 9.439790318558019e-07
field decay(t = 1220.5833333333333): 7.888359921060714e-08 / 0.2500627969509618 = 3.1545515835398937e-07
on time step 117953 (time=1228.68), 0.000907042 s/step
field decay(t = 1240.59375): 2.423001994107967e-08 / 0.2500627969509618 = 9.689574073600106e-08
field decay(t = 1260.6041666666665): 7.14180171665077e-09 / 0.2500627969509618 = 2.8560032934652423e-08
on time step 122377 (time=1274.76), 0.000904264 s/step
field decay(t = 1280.6145833333333): 2.0135643798566507e-09 / 0.2500627969509618 = 8.052234896226958e-09
field decay(t = 1300.625): 5.475258778234521e-10 / 0.2500627969509618 = 2.1895535221531728e-09
field decay(t = 1320.6354166666665): 1.4679374496429183e-10 / 0.2500627969509618 = 5.870275257021884e-10
on time step 126805 (time=1320.89), 0.000903528 s/step
/home/gyh/miniforge3/envs/meep_mpi/lib/python3.11/site-packages/meep/simulation.py:2479: RuntimeWarning: Epsilon < 1 may require adjusting the Courant parameter. See the 'Numerical Stability' entry under the 'Materials' section of the documentation
  warnings.warn(eps_warning, RuntimeWarning)
/home/gyh/miniforge3/envs/meep_mpi/lib/python3.11/site-packages/meep/simulation.py:2479: RuntimeWarning: Epsilon < 1 may require adjusting the Courant parameter. See the 'Numerical Stability' entry under the 'Materials' section of the documentation
  warnings.warn(eps_warning, RuntimeWarning)
/home/gyh/miniforge3/envs/meep_mpi/lib/python3.11/site-packages/meep/simulation.py:2479: RuntimeWarning: Epsilon < 1 may require adjusting the Courant parameter. See the 'Numerical Stability' entry under the 'Materials' section of the documentation
  warnings.warn(eps_warning, RuntimeWarning)
/home/gyh/miniforge3/envs/meep_mpi/lib/python3.11/site-packages/meep/simulation.py:2479: RuntimeWarning: Epsilon < 1 may require adjusting the Courant parameter. See the 'Numerical Stability' entry under the 'Materials' section of the documentation
  warnings.warn(eps_warning, RuntimeWarning)
/home/gyh/miniforge3/envs/meep_mpi/lib/python3.11/site-packages/meep/simulation.py:2479: RuntimeWarning: Epsilon < 1 may require adjusting the Courant parameter. See the 'Numerical Stability' entry under the 'Materials' section of the documentation
  warnings.warn(eps_warning, RuntimeWarning)
/home/gyh/miniforge3/envs/meep_mpi/lib/python3.11/site-packages/meep/simulation.py:2479: RuntimeWarning: Epsilon < 1 may require adjusting the Courant parameter. See the 'Numerical Stability' entry under the 'Materials' section of the documentation
  warnings.warn(eps_warning, RuntimeWarning)
/home/gyh/miniforge3/envs/meep_mpi/lib/python3.11/site-packages/meep/simulation.py:2479: RuntimeWarning: Epsilon < 1 may require adjusting the Courant parameter. See the 'Numerical Stability' entry under the 'Materials' section of the documentation
  warnings.warn(eps_warning, RuntimeWarning)
/home/gyh/miniforge3/envs/meep_mpi/lib/python3.11/site-packages/meep/simulation.py:2479: RuntimeWarning: Epsilon < 1 may require adjusting the Courant parameter. See the 'Numerical Stability' entry under the 'Materials' section of the documentation
  warnings.warn(eps_warning, RuntimeWarning)
/home/gyh/miniforge3/envs/meep_mpi/lib/python3.11/site-packages/meep/simulation.py:2479: RuntimeWarning: Epsilon < 1 may require adjusting the Courant parameter. See the 'Numerical Stability' entry under the 'Materials' section of the documentation
  warnings.warn(eps_warning, RuntimeWarning)
/home/gyh/miniforge3/envs/meep_mpi/lib/python3.11/site-packages/meep/simulation.py:2479: RuntimeWarning: Epsilon < 1 may require adjusting the Courant parameter. See the 'Numerical Stability' entry under the 'Materials' section of the documentation
  warnings.warn(eps_warning, RuntimeWarning)
/home/gyh/miniforge3/envs/meep_mpi/lib/python3.11/site-packages/meep/simulation.py:2479: RuntimeWarning: Epsilon < 1 may require adjusting the Courant parameter. See the 'Numerical Stability' entry under the 'Materials' section of the documentation
  warnings.warn(eps_warning, RuntimeWarning)
/home/gyh/miniforge3/envs/meep_mpi/lib/python3.11/site-packages/meep/simulation.py:2479: RuntimeWarning: Epsilon < 1 may require adjusting the Courant parameter. See the 'Numerical Stability' entry under the 'Materials' section of the documentation
  warnings.warn(eps_warning, RuntimeWarning)
/home/gyh/miniforge3/envs/meep_mpi/lib/python3.11/site-packages/meep/simulation.py:2479: RuntimeWarning: Epsilon < 1 may require adjusting the Courant parameter. See the 'Numerical Stability' entry under the 'Materials' section of the documentation
  warnings.warn(eps_warning, RuntimeWarning)
/home/gyh/miniforge3/envs/meep_mpi/lib/python3.11/site-packages/meep/simulation.py:2479: RuntimeWarning: Epsilon < 1 may require adjusting the Courant parameter. See the 'Numerical Stability' entry under the 'Materials' section of the documentation
  warnings.warn(eps_warning, RuntimeWarning)
/home/gyh/miniforge3/envs/meep_mpi/lib/python3.11/site-packages/meep/simulation.py:2479: RuntimeWarning: Epsilon < 1 may require adjusting the Courant parameter. See the 'Numerical Stability' entry under the 'Materials' section of the documentation
  warnings.warn(eps_warning, RuntimeWarning)
/home/gyh/miniforge3/envs/meep_mpi/lib/python3.11/site-packages/meep/simulation.py:2479: RuntimeWarning: Epsilon < 1 may require adjusting the Courant parameter. See the 'Numerical Stability' entry under the 'Materials' section of the documentation
  warnings.warn(eps_warning, RuntimeWarning)
field decay(t = 1340.6458333333333): 3.902720867292272e-11 / 0.2500627969509618 = 1.5606963190360578e-10
field decay(t = 1360.65625): 1.8362674594445667e-10 / 0.2500627969509618 = 7.343225309139709e-10
run 0 finished at t = 1360.65625 (130623 timesteps)
-----------
Initializing structure...
Splitting into 16 chunks by voxels
time for choose_chunkdivision = 0.000751377 s
Working in 2D dimensions.
Computational cell is 50 x 49 x 0 with resolution 24
     block, center = (0,-4,0)
          size (50,25,1e+20)
          axes (1,0,0), (0,1,0), (0,0,1)
          dielectric constant epsilon diagonal = (1,1,1)
     prism, center = (2.72978,1,5e+19)
          height 1e+20, axis (0,0,1), sidewall angle: 0 radians, 4 vertices:
          (-10,8.5,0)
          (10,8.5,0)
          (15.4596,-6.5,0)
          (-4.54045,-6.5,0)
          dielectric constant epsilon diagonal = (0.969194,0.969194,0.969194)
     prism, center = (2.54779,1.5,5e+19)
          height 1e+20, axis (0,0,1), sidewall angle: 0 radians, 4 vertices:
          (-9,8.5,0)
          (9,8.5,0)
          (14.0956,-5.5,0)
          (-3.90442,-5.5,0)
          dielectric constant epsilon diagonal = (1,1,1)
time for set_epsilon = 1.32452 s
time for set_conductivity = 0.0397607 s
time for set_conductivity = 0.0412361 s
time for set_conductivity = 0.0427853 s
lorentzian susceptibility: frequency=15.6714, gamma=1.42115
lorentzian susceptibility: frequency=2.02365, gamma=1.3413
lorentzian susceptibility: frequency=1.24613, gamma=2.0309
lorentzian susceptibility: frequency=0.626693, gamma=1.83572
drude susceptibility: frequency=1e-10, gamma=0.0661375
-----------
2026-05-30 11:19:40 [INFO] D11_scaled_deep_groove: [single struct] 3 geometry objects
on time step 1104 (time=11.5), 0.00362778 s/step
on time step 1499 (time=15.6146), 0.0101474 s/step
on time step 1895 (time=19.7396), 0.0101128 s/step
field decay(t = 20.010416666666664): 1.9111708910067478e-10 / 1.9111708910067478e-10 = 1.0
on time step 2291 (time=23.8646), 0.0101105 s/step
on time step 2686 (time=27.9792), 0.0101339 s/step
on time step 3083 (time=32.1146), 0.010099 s/step
on time step 3480 (time=36.25), 0.0100922 s/step
field decay(t = 40.010416666666664): 8.644663858262872e-11 / 1.9111708910067478e-10 = 0.45232291360973587
on time step 3876 (time=40.375), 0.0101203 s/step
on time step 4272 (time=44.5), 0.0101039 s/step
on time step 4668 (time=48.625), 0.0101067 s/step
on time step 5065 (time=52.7604), 0.0100864 s/step
on time step 5462 (time=56.8958), 0.0100919 s/step
field decay(t = 60.02083333333333): 2.412769068102122e-10 / 2.412769068102122e-10 = 1.0
on time step 5859 (time=61.0312), 0.0100938 s/step
on time step 6255 (time=65.1562), 0.0101165 s/step
on time step 6650 (time=69.2708), 0.010128 s/step
on time step 7046 (time=73.3958), 0.0101177 s/step
on time step 7443 (time=77.5312), 0.0100907 s/step
field decay(t = 80.02083333333333): 8.392766066212349e-10 / 8.392766066212349e-10 = 1.0
on time step 7837 (time=81.6354), 0.0101769 s/step
on time step 8229 (time=85.7188), 0.0102044 s/step
on time step 8623 (time=89.8229), 0.0101754 s/step
on time step 9016 (time=93.9167), 0.0101961 s/step
on time step 9408 (time=98), 0.0102147 s/step
field decay(t = 100.03125): 2.750937126688577e-09 / 2.750937126688577e-09 = 1.0
on time step 9800 (time=102.083), 0.0102119 s/step
on time step 10191 (time=106.156), 0.0102545 s/step
on time step 10582 (time=110.229), 0.0102539 s/step
on time step 10973 (time=114.302), 0.0102302 s/step
on time step 11364 (time=118.375), 0.0102457 s/step
field decay(t = 120.04166666666666): 9.782673031328674e-09 / 9.782673031328674e-09 = 1.0
on time step 11755 (time=122.448), 0.0102432 s/step
on time step 12146 (time=126.521), 0.0102376 s/step
on time step 12537 (time=130.594), 0.0102363 s/step
on time step 12929 (time=134.677), 0.0102112 s/step
on time step 13320 (time=138.75), 0.0102436 s/step
field decay(t = 140.04166666666666): 3.2640718429390585e-08 / 3.2640718429390585e-08 = 1.0
on time step 13712 (time=142.833), 0.0102041 s/step
on time step 14104 (time=146.917), 0.0102245 s/step
on time step 14495 (time=150.99), 0.0102363 s/step
on time step 14886 (time=155.062), 0.0102359 s/step
on time step 15278 (time=159.146), 0.0102218 s/step
field decay(t = 160.05208333333331): 1.0526717195561847e-07 / 1.0526717195561847e-07 = 1.0
on time step 15670 (time=163.229), 0.0102276 s/step
on time step 16061 (time=167.302), 0.0102474 s/step
on time step 16453 (time=171.385), 0.0102282 s/step
on time step 16844 (time=175.458), 0.0102437 s/step
on time step 17235 (time=179.531), 0.0102513 s/step
field decay(t = 180.0625): 3.271520494524846e-07 / 3.271520494524846e-07 = 1.0
on time step 17627 (time=183.615), 0.0102222 s/step
on time step 18019 (time=187.698), 0.0102103 s/step
on time step 18415 (time=191.823), 0.0101196 s/step
on time step 18813 (time=195.969), 0.0100728 s/step
field decay(t = 200.07291666666666): 9.74377050365072e-07 / 9.74377050365072e-07 = 1.0
on time step 19210 (time=200.104), 0.0100828 s/step
on time step 19607 (time=204.24), 0.0100881 s/step
on time step 20005 (time=208.385), 0.010066 s/step
on time step 20403 (time=212.531), 0.0100604 s/step
on time step 20802 (time=216.688), 0.0100476 s/step
field decay(t = 220.08333333333331): 2.7677575537846643e-06 / 2.7677575537846643e-06 = 1.0
on time step 21201 (time=220.844), 0.0100347 s/step
on time step 21598 (time=224.979), 0.0100757 s/step
on time step 21996 (time=229.125), 0.010063 s/step
on time step 22394 (time=233.271), 0.0100664 s/step
on time step 22792 (time=237.417), 0.0100534 s/step
field decay(t = 240.09375): 7.538468357684522e-06 / 7.538468357684522e-06 = 1.0
on time step 23189 (time=241.552), 0.0100937 s/step
on time step 23587 (time=245.698), 0.0100588 s/step
on time step 23984 (time=249.833), 0.0100909 s/step
on time step 24381 (time=253.969), 0.0100764 s/step
on time step 24779 (time=258.115), 0.0100627 s/step
field decay(t = 260.10416666666663): 1.9039725866276264e-05 / 1.9039725866276264e-05 = 1.0
on time step 25177 (time=262.26), 0.0100601 s/step
on time step 25574 (time=266.396), 0.0100795 s/step
on time step 25972 (time=270.542), 0.0100511 s/step
on time step 26370 (time=274.688), 0.0100568 s/step
on time step 26767 (time=278.823), 0.0100795 s/step
field decay(t = 280.1145833333333): 4.337985877230158e-05 / 4.337985877230158e-05 = 1.0
on time step 27166 (time=282.979), 0.0100483 s/step
on time step 27563 (time=287.115), 0.0100785 s/step
on time step 27961 (time=291.26), 0.0100503 s/step
on time step 28360 (time=295.417), 0.0100305 s/step
on time step 28759 (time=299.573), 0.0100388 s/step
field decay(t = 300.125): 9.854177064020129e-05 / 9.854177064020129e-05 = 1.0
on time step 29158 (time=303.729), 0.0100475 s/step
on time step 29556 (time=307.875), 0.0100565 s/step
on time step 29954 (time=312.021), 0.010059 s/step
on time step 30354 (time=316.188), 0.0100153 s/step
field decay(t = 320.13541666666663): 0.00022707058882084758 / 0.00022707058882084758 = 1.0
on time step 30752 (time=320.333), 0.0100593 s/step
on time step 31151 (time=324.49), 0.0100269 s/step
on time step 31549 (time=328.635), 0.0100671 s/step
on time step 31946 (time=332.771), 0.0100825 s/step
on time step 32344 (time=336.917), 0.0100741 s/step
field decay(t = 340.1458333333333): 0.0005008459619514976 / 0.0005008459619514976 = 1.0
on time step 32741 (time=341.052), 0.010076 s/step
on time step 33141 (time=345.219), 0.0100219 s/step
on time step 33540 (time=349.375), 0.0100391 s/step
on time step 33937 (time=353.51), 0.0100985 s/step
on time step 34334 (time=357.646), 0.0100871 s/step
field decay(t = 360.15625): 0.0010573916918331686 / 0.0010573916918331686 = 1.0
on time step 34730 (time=361.771), 0.0101052 s/step
on time step 35127 (time=365.906), 0.0100878 s/step
on time step 35525 (time=370.052), 0.0100731 s/step
on time step 35922 (time=374.188), 0.0100836 s/step
on time step 36319 (time=378.323), 0.0100816 s/step
field decay(t = 380.16666666666663): 0.002137327020696943 / 0.002137327020696943 = 1.0
on time step 36718 (time=382.479), 0.0100364 s/step
on time step 37115 (time=386.615), 0.010098 s/step
on time step 37514 (time=390.771), 0.010047 s/step
on time step 37912 (time=394.917), 0.0100529 s/step
on time step 38310 (time=399.062), 0.0100708 s/step
field decay(t = 400.1770833333333): 0.004136723200924616 / 0.004136723200924616 = 1.0
on time step 38707 (time=403.198), 0.0100938 s/step
on time step 39104 (time=407.333), 0.0100823 s/step
on time step 39501 (time=411.469), 0.0100802 s/step
on time step 39900 (time=415.625), 0.0100485 s/step
on time step 40298 (time=419.771), 0.0100509 s/step
field decay(t = 420.1875): 0.007666601085782406 / 0.007666601085782406 = 1.0
on time step 40694 (time=423.896), 0.0101018 s/step
on time step 41092 (time=428.042), 0.0100688 s/step
on time step 41490 (time=432.188), 0.0100547 s/step
on time step 41887 (time=436.323), 0.0100764 s/step
field decay(t = 440.19791666666663): 0.013607300576122151 / 0.013607300576122151 = 1.0
on time step 42286 (time=440.479), 0.0100318 s/step
on time step 42684 (time=444.625), 0.010067 s/step
on time step 43082 (time=448.771), 0.0100567 s/step
on time step 43480 (time=452.917), 0.0100662 s/step
on time step 43877 (time=457.052), 0.0100904 s/step
field decay(t = 460.2083333333333): 0.023133380499882818 / 0.023133380499882818 = 1.0
on time step 44275 (time=461.198), 0.0100704 s/step
on time step 44672 (time=465.333), 0.0100922 s/step
on time step 45071 (time=469.49), 0.0100482 s/step
on time step 45469 (time=473.635), 0.0100619 s/step
on time step 45868 (time=477.792), 0.0100383 s/step
field decay(t = 480.21875): 0.03767163914873438 / 0.03767163914873438 = 1.0
on time step 46266 (time=481.938), 0.0100676 s/step
on time step 46664 (time=486.083), 0.010051 s/step
on time step 47061 (time=490.219), 0.0100919 s/step
on time step 47459 (time=494.365), 0.0100627 s/step
on time step 47856 (time=498.5), 0.0100989 s/step
field decay(t = 500.22916666666663): 0.05877215257249526 / 0.05877215257249526 = 1.0
on time step 48253 (time=502.635), 0.0100977 s/step
on time step 48650 (time=506.771), 0.0100889 s/step
on time step 49047 (time=510.906), 0.0100929 s/step
on time step 49446 (time=515.062), 0.0100406 s/step
on time step 49843 (time=519.198), 0.010079 s/step
field decay(t = 520.2291666666666): 0.0878516955178918 / 0.0878516955178918 = 1.0
on time step 50240 (time=523.333), 0.0100879 s/step
on time step 50638 (time=527.479), 0.0100665 s/step
on time step 51035 (time=531.615), 0.0100892 s/step
on time step 51432 (time=535.75), 0.0100823 s/step
on time step 51829 (time=539.885), 0.0100905 s/step
field decay(t = 540.2395833333333): 0.1258303854615828 / 0.1258303854615828 = 1.0
on time step 52228 (time=544.042), 0.0100487 s/step
on time step 52627 (time=548.198), 0.0100411 s/step
on time step 53024 (time=552.333), 0.0100929 s/step
on time step 53422 (time=556.479), 0.0100682 s/step
field decay(t = 560.25): 0.17271599939325208 / 0.17271599939325208 = 1.0
on time step 53821 (time=560.635), 0.01005 s/step
on time step 54219 (time=564.781), 0.0100604 s/step
on time step 54616 (time=568.917), 0.0100766 s/step
on time step 55014 (time=573.062), 0.0100555 s/step
on time step 55412 (time=577.208), 0.0100528 s/step
field decay(t = 580.2604166666666): 0.22720340078907572 / 0.22720340078907572 = 1.0
on time step 55810 (time=581.354), 0.0100662 s/step
on time step 56208 (time=585.5), 0.0100614 s/step
on time step 56605 (time=589.635), 0.010099 s/step
on time step 57004 (time=593.792), 0.0100385 s/step
on time step 57403 (time=597.948), 0.0100349 s/step
field decay(t = 600.2708333333333): 0.2864676415822633 / 0.2864676415822633 = 1.0
on time step 57801 (time=602.094), 0.0100632 s/step
on time step 58200 (time=606.25), 0.0100486 s/step
on time step 58599 (time=610.406), 0.0100379 s/step
on time step 58998 (time=614.562), 0.0100395 s/step
on time step 59397 (time=618.719), 0.0100351 s/step
field decay(t = 620.28125): 0.3455958327278358 / 0.3455958327278358 = 1.0
on time step 59796 (time=622.875), 0.0100386 s/step
on time step 60195 (time=627.031), 0.0100367 s/step
on time step 60594 (time=631.188), 0.0100363 s/step
on time step 60993 (time=635.344), 0.0100299 s/step
on time step 61391 (time=639.49), 0.0100613 s/step
field decay(t = 640.2916666666666): 0.39076359656189386 / 0.39076359656189386 = 1.0
on time step 61779 (time=643.531), 0.0103189 s/step
on time step 62161 (time=647.51), 0.0104773 s/step
on time step 62538 (time=651.438), 0.0106117 s/step
on time step 62916 (time=655.375), 0.0106047 s/step
on time step 63294 (time=659.312), 0.0106064 s/step
field decay(t = 660.3020833333333): 0.43763204416615953 / 0.43763204416615953 = 1.0
on time step 63671 (time=663.24), 0.0106227 s/step
on time step 64048 (time=667.167), 0.0106185 s/step
on time step 64425 (time=671.094), 0.0106192 s/step
on time step 64802 (time=675.021), 0.0106181 s/step
on time step 65180 (time=678.958), 0.01061 s/step
field decay(t = 680.3125): 0.46983093134876197 / 0.46983093134876197 = 1.0
on time step 65557 (time=682.885), 0.0106106 s/step
on time step 65934 (time=686.812), 0.0106121 s/step
on time step 66311 (time=690.74), 0.0106206 s/step
on time step 66689 (time=694.677), 0.010601 s/step
on time step 67066 (time=698.604), 0.0106204 s/step
field decay(t = 700.3229166666666): 0.4835273329189788 / 0.4835273329189788 = 1.0
on time step 67443 (time=702.531), 0.0106337 s/step
on time step 67820 (time=706.458), 0.0106152 s/step
on time step 68197 (time=710.385), 0.010619 s/step
on time step 68575 (time=714.323), 0.0106091 s/step
on time step 68952 (time=718.25), 0.0106114 s/step
field decay(t = 720.3333333333333): 0.48385140176345776 / 0.48385140176345776 = 1.0
on time step 69330 (time=722.188), 0.0105912 s/step
on time step 69707 (time=726.115), 0.0106156 s/step
on time step 70084 (time=730.042), 0.0106158 s/step
on time step 70461 (time=733.969), 0.0106174 s/step
on time step 70838 (time=737.896), 0.010617 s/step
field decay(t = 740.34375): 0.4733061361464527 / 0.48385140176345776 = 0.9782055697708605
on time step 71215 (time=741.823), 0.010618 s/step
on time step 71592 (time=745.75), 0.0106282 s/step
on time step 71970 (time=749.688), 0.0105888 s/step
on time step 72348 (time=753.625), 0.0106035 s/step
on time step 72726 (time=757.562), 0.0106007 s/step
field decay(t = 760.3541666666666): 0.4437911609116379 / 0.48385140176345776 = 0.9172054876645697
on time step 73104 (time=761.5), 0.0105826 s/step
on time step 73481 (time=765.427), 0.0106205 s/step
on time step 73859 (time=769.365), 0.0105838 s/step
on time step 74236 (time=773.292), 0.0106255 s/step
on time step 74614 (time=777.229), 0.0105937 s/step
field decay(t = 780.3645833333333): 0.398833617341563 / 0.48385140176345776 = 0.82428947376811
on time step 74993 (time=781.177), 0.0105766 s/step
on time step 75371 (time=785.115), 0.0105875 s/step
on time step 75749 (time=789.052), 0.0106068 s/step
on time step 76127 (time=792.99), 0.0106077 s/step
on time step 76505 (time=796.927), 0.0105845 s/step
field decay(t = 800.375): 0.3435089066417102 / 0.48385140176345776 = 0.7099471147334666
on time step 76883 (time=800.865), 0.0105979 s/step
on time step 77261 (time=804.802), 0.0105842 s/step
on time step 77639 (time=808.74), 0.0105874 s/step
on time step 78017 (time=812.677), 0.0106006 s/step
on time step 78395 (time=816.615), 0.0105876 s/step
field decay(t = 820.3854166666666): 0.28350794114587 / 0.48385140176345776 = 0.5859401049838636
on time step 78773 (time=820.552), 0.0105851 s/step
on time step 79151 (time=824.49), 0.0105922 s/step
on time step 79530 (time=828.438), 0.0105806 s/step
on time step 79908 (time=832.375), 0.0106023 s/step
on time step 80286 (time=836.312), 0.0105925 s/step
on time step 80664 (time=840.25), 0.0105867 s/step
field decay(t = 840.3958333333333): 0.22418635995578706 / 0.48385140176345776 = 0.4633372129102271
on time step 81043 (time=844.198), 0.0105557 s/step
on time step 81421 (time=848.135), 0.0105969 s/step
on time step 81799 (time=852.073), 0.0105926 s/step
on time step 82177 (time=856.01), 0.0105961 s/step
on time step 82555 (time=859.948), 0.0106017 s/step
field decay(t = 860.40625): 0.16982286241095507 / 0.48385140176345776 = 0.35098144139298576
on time step 82933 (time=863.885), 0.0105899 s/step
on time step 83311 (time=867.823), 0.0106012 s/step
on time step 83689 (time=871.76), 0.0105947 s/step
on time step 84066 (time=875.688), 0.0106258 s/step
on time step 84441 (time=879.594), 0.0106686 s/step
field decay(t = 880.4166666666666): 0.12320784836694136 / 0.48385140176345776 = 0.2546398499991831
on time step 84823 (time=883.573), 0.0104915 s/step
on time step 85205 (time=887.552), 0.0104736 s/step
on time step 85587 (time=891.531), 0.0104753 s/step
on time step 85970 (time=895.521), 0.0104545 s/step
on time step 86353 (time=899.51), 0.0104497 s/step
field decay(t = 900.4270833333333): 0.08559733214871844 / 0.48385140176345776 = 0.17690830663453308
on time step 86736 (time=903.5), 0.0104452 s/step
on time step 87119 (time=907.49), 0.0104565 s/step
on time step 87502 (time=911.479), 0.0104625 s/step
on time step 87885 (time=915.469), 0.01045 s/step
on time step 88269 (time=919.469), 0.0104417 s/step
field decay(t = 920.4375): 0.05693222280257557 / 0.48385140176345776 = 0.11766468505636002
on time step 88652 (time=923.458), 0.0104444 s/step
on time step 89035 (time=927.448), 0.0104628 s/step
on time step 89418 (time=931.438), 0.0104505 s/step
on time step 89801 (time=935.427), 0.0104513 s/step
on time step 90184 (time=939.417), 0.010449 s/step
field decay(t = 940.4479166666666): 0.03624442638246147 / 0.48385140176345776 = 0.07490817687075839
on time step 90567 (time=943.406), 0.0104716 s/step
on time step 90950 (time=947.396), 0.0104539 s/step
on time step 91333 (time=951.385), 0.0104657 s/step
on time step 91715 (time=955.365), 0.0104956 s/step
on time step 92094 (time=959.312), 0.0105634 s/step
field decay(t = 960.4583333333333): 0.02208280433413493 / 0.48385140176345776 = 0.0456396411246332
on time step 92474 (time=963.271), 0.0105282 s/step
on time step 92855 (time=967.24), 0.010516 s/step
on time step 93235 (time=971.198), 0.010528 s/step
on time step 93616 (time=975.167), 0.0105172 s/step
on time step 93996 (time=979.125), 0.0105431 s/step
field decay(t = 980.46875): 0.013819832248350622 / 0.48385140176345776 = 0.02856214159550327
on time step 94378 (time=983.104), 0.0104976 s/step
on time step 94759 (time=987.073), 0.0105116 s/step
on time step 95140 (time=991.042), 0.0105252 s/step
on time step 95534 (time=995.146), 0.0101695 s/step
on time step 95936 (time=999.333), 0.00997291 s/step
field decay(t = 1000.4791666666666): 0.008097366112385944 / 0.48385140176345776 = 0.016735233344109507
on time step 96339 (time=1003.53), 0.00994525 s/step
on time step 96742 (time=1007.73), 0.0099492 s/step
on time step 97144 (time=1011.92), 0.00995779 s/step
on time step 97547 (time=1016.11), 0.00994168 s/step
on time step 97949 (time=1020.3), 0.00995457 s/step
field decay(t = 1020.4895833333333): 0.004364333385435655 / 0.48385140176345776 = 0.009019987065304118
on time step 98353 (time=1024.51), 0.00991623 s/step
on time step 98756 (time=1028.71), 0.00994514 s/step
on time step 99159 (time=1032.91), 0.00993282 s/step
on time step 99564 (time=1037.12), 0.00989921 s/step
field decay(t = 1040.4895833333333): 0.002251479311618766 / 0.48385140176345776 = 0.00465324540429761
on time step 99968 (time=1041.33), 0.00990558 s/step
on time step 100371 (time=1045.53), 0.00992918 s/step
on time step 100775 (time=1049.74), 0.00991081 s/step
on time step 101177 (time=1053.93), 0.00995464 s/step
on time step 101580 (time=1058.12), 0.00994446 s/step
field decay(t = 1060.5): 0.0011130603657023828 / 0.48385140176345776 = 0.0023004177762959727
on time step 101983 (time=1062.32), 0.00994073 s/step
on time step 102388 (time=1066.54), 0.00988345 s/step
on time step 102791 (time=1070.74), 0.00993079 s/step
on time step 103195 (time=1074.95), 0.00990281 s/step
on time step 103599 (time=1079.16), 0.00991929 s/step
field decay(t = 1080.5104166666665): 0.000528106421837032 / 0.48385140176345776 = 0.001091464073292505
on time step 104003 (time=1083.36), 0.00992019 s/step
on time step 104406 (time=1087.56), 0.00993077 s/step
on time step 104812 (time=1091.79), 0.00986176 s/step
on time step 105215 (time=1095.99), 0.00993668 s/step
on time step 105619 (time=1100.2), 0.00991975 s/step
field decay(t = 1100.5208333333333): 0.00024098708567394986 / 0.48385140176345776 = 0.0004980601167954498
on time step 106023 (time=1104.41), 0.00990758 s/step
on time step 106426 (time=1108.6), 0.00993853 s/step
on time step 106830 (time=1112.81), 0.00990111 s/step
on time step 107233 (time=1117.01), 0.00992875 s/step
field decay(t = 1120.53125): 0.00010600462804267719 / 0.48385140176345776 = 0.0002190850902907998
on time step 107637 (time=1121.22), 0.00991126 s/step
on time step 108040 (time=1125.42), 0.00993462 s/step
on time step 108444 (time=1129.62), 0.00992217 s/step
on time step 108848 (time=1133.83), 0.00990841 s/step
on time step 109253 (time=1138.05), 0.00989447 s/step
field decay(t = 1140.5416666666665): 4.507235172835253e-05 / 0.48385140176345776 = 9.315329368496326e-05
on time step 109657 (time=1142.26), 0.00991245 s/step
on time step 110060 (time=1146.46), 0.00993758 s/step
on time step 110463 (time=1150.66), 0.00993332 s/step
on time step 110866 (time=1154.85), 0.00992739 s/step
on time step 111269 (time=1159.05), 0.00993019 s/step
field decay(t = 1160.5520833333333): 1.856917018951059e-05 / 0.48385140176345776 = 3.8377836918179624e-05
on time step 111672 (time=1163.25), 0.00993152 s/step
on time step 112077 (time=1167.47), 0.00988672 s/step
on time step 112482 (time=1171.69), 0.00987699 s/step
on time step 112891 (time=1175.95), 0.0097857 s/step
on time step 113300 (time=1180.21), 0.00979005 s/step
field decay(t = 1180.5625): 7.414607217767218e-06 / 0.48385140176345776 = 1.5324141235808643e-05
on time step 113712 (time=1184.5), 0.00972057 s/step
on time step 114123 (time=1188.78), 0.00975257 s/step
on time step 114532 (time=1193.04), 0.00980355 s/step
on time step 114943 (time=1197.32), 0.00973552 s/step
field decay(t = 1200.5729166666665): 2.8597856154223473e-06 / 0.48385140176345776 = 5.910462602773282e-06
on time step 115353 (time=1201.59), 0.00977418 s/step
on time step 115763 (time=1205.86), 0.00976942 s/step
on time step 116170 (time=1210.1), 0.00983243 s/step
on time step 116579 (time=1214.36), 0.00980183 s/step
on time step 116987 (time=1218.61), 0.009812 s/step
field decay(t = 1220.5833333333333): 1.054460383055447e-06 / 0.48385140176345776 = 2.179306248183497e-06
on time step 117396 (time=1222.88), 0.0097955 s/step
on time step 117805 (time=1227.14), 0.00980209 s/step
on time step 118212 (time=1231.38), 0.00983913 s/step
on time step 118621 (time=1235.64), 0.00979072 s/step
on time step 119029 (time=1239.89), 0.00982753 s/step
field decay(t = 1240.59375): 3.644286509964217e-07 / 0.48385140176345776 = 7.531830013682203e-07
on time step 119437 (time=1244.14), 0.00981226 s/step
on time step 119843 (time=1248.36), 0.00986744 s/step
on time step 120250 (time=1252.6), 0.00983287 s/step
on time step 120657 (time=1256.84), 0.00982979 s/step
field decay(t = 1260.6041666666665): 1.1423236678838702e-07 / 0.48385140176345776 = 2.3608977130592716e-07
on time step 121066 (time=1261.1), 0.00979791 s/step
on time step 121476 (time=1265.38), 0.00976122 s/step
on time step 121886 (time=1269.65), 0.00977082 s/step
on time step 122294 (time=1273.9), 0.0098144 s/step
on time step 122701 (time=1278.14), 0.00984239 s/step
field decay(t = 1280.6145833333333): 3.982924364418117e-08 / 0.48385140176345776 = 8.231709880144698e-08
on time step 123107 (time=1282.36), 0.00987004 s/step
on time step 123512 (time=1286.58), 0.00988348 s/step
on time step 123919 (time=1290.82), 0.00985019 s/step
on time step 124325 (time=1295.05), 0.00986439 s/step
on time step 124730 (time=1299.27), 0.00989745 s/step
field decay(t = 1300.625): 8.92357236550056e-09 / 0.48385140176345776 = 1.844279531479597e-08
on time step 125136 (time=1303.5), 0.00987517 s/step
on time step 125541 (time=1307.72), 0.00988403 s/step
on time step 125942 (time=1311.9), 0.00998092 s/step
on time step 126338 (time=1316.02), 0.0101183 s/step
on time step 126734 (time=1320.15), 0.0101117 s/step
field decay(t = 1320.6354166666665): 1.5590815759582294e-09 / 0.48385140176345776 = 3.222232218974584e-09
on time step 127130 (time=1324.27), 0.0101154 s/step
on time step 127641 (time=1329.59), 0.0078355 s/step
on time step 128176 (time=1335.17), 0.00748321 s/step
field decay(t = 1340.6458333333333): 1.1490570335484032e-09 / 0.48385140176345776 = 2.3748138981524474e-09
on time step 128789 (time=1341.55), 0.00652694 s/step
on time step 129590 (time=1349.9), 0.0049938 s/step
on time step 130394 (time=1358.27), 0.00497963 s/step
2026-05-30 11:41:27 [INFO] D11_scaled_deep_groove: Checkpointed 1 completed spectra row(s) to /mnt/c/Users/admin/Meep_Simulation/meep_sim/results/diagnostics_v2/tables/D11_thickness_1um_quick_spectra_checkpoint.csv
2026-05-30 11:41:27 [INFO] D11_scaled_deep_groove: >>> task=2/10 case=scaled_inner_wall_film_1um pol=Ez wl=9.0016 res=24 pml=4
2026-05-30 11:41:27 [INFO] D11_scaled_deep_groove: [single ref] wl=9.0016 um, f=0.111091, res=24, comp=Ez
field decay(t = 1360.65625): 2.2602856426918077e-09 / 0.48385140176345776 = 4.671445891143252e-09
run 0 finished at t = 1360.65625 (130623 timesteps)
-----------
Initializing structure...
Splitting into 16 chunks by voxels
time for choose_chunkdivision = 0.000487251 s
Working in 2D dimensions.
Computational cell is 50 x 49 x 0 with resolution 24
time for set_epsilon = 0.151622 s
-----------
field decay(t = 20.010416666666664): 2.336339622469258e-10 / 2.336339622469258e-10 = 1.0
field decay(t = 40.010416666666664): 6.206022014337268e-11 / 2.336339622469258e-10 = 0.26563013162350835
on time step 4311 (time=44.9062), 0.000927923 s/step
field decay(t = 60.02083333333333): 1.7544024799056252e-10 / 2.336339622469258e-10 = 0.7509192854639051
field decay(t = 80.02083333333333): 4.654062105258008e-10 / 4.654062105258008e-10 = 1.0
on time step 8734 (time=90.9792), 0.000904519 s/step
field decay(t = 100.03125): 1.308569720553828e-09 / 1.308569720553828e-09 = 1.0
field decay(t = 120.04166666666666): 4.41318578021305e-09 / 4.41318578021305e-09 = 1.0
on time step 13162 (time=137.104), 0.00090352 s/step
field decay(t = 140.04166666666666): 1.1872497155211753e-08 / 1.1872497155211753e-08 = 1.0
field decay(t = 160.05208333333331): 3.926817227271598e-08 / 3.926817227271598e-08 = 1.0
field decay(t = 180.0625): 9.960735538949478e-08 / 9.960735538949478e-08 = 1.0
on time step 17583 (time=183.156), 0.000904793 s/step
field decay(t = 200.07291666666666): 3.072683435265855e-07 / 3.072683435265855e-07 = 1.0
field decay(t = 220.08333333333331): 7.337391914933132e-07 / 7.337391914933132e-07 = 1.0
on time step 22005 (time=229.219), 0.000904673 s/step
field decay(t = 240.09375): 2.088327141070617e-06 / 2.088327141070617e-06 = 1.0
field decay(t = 260.10416666666663): 4.679889802766637e-06 / 4.679889802766637e-06 = 1.0
on time step 26420 (time=275.208), 0.000906094 s/step
field decay(t = 280.1145833333333): 1.0762744382429434e-05 / 1.0762744382429434e-05 = 1.0
field decay(t = 300.125): 2.5839547436994246e-05 / 2.5839547436994246e-05 = 1.0
field decay(t = 320.13541666666663): 5.268819690183144e-05 / 5.268819690183144e-05 = 1.0
on time step 30836 (time=321.208), 0.000905801 s/step
field decay(t = 340.1458333333333): 0.0001233043074061984 / 0.0001233043074061984 = 1.0
field decay(t = 360.15625): 0.0002356625310834473 / 0.0002356625310834473 = 1.0
on time step 35266 (time=367.354), 0.000903006 s/step
field decay(t = 380.16666666666663): 0.0005085513740424195 / 0.0005085513740424195 = 1.0
field decay(t = 400.1770833333333): 0.0009110124227557341 / 0.0009110124227557341 = 1.0
on time step 39711 (time=413.656), 0.00090004 s/step
field decay(t = 420.1875): 0.001813088320621944 / 0.001813088320621944 = 1.0
field decay(t = 440.19791666666663): 0.003044225870914104 / 0.003044225870914104 = 1.0
on time step 44144 (time=459.833), 0.000902346 s/step
field decay(t = 460.2083333333333): 0.005108336475695059 / 0.005108336475695059 = 1.0
field decay(t = 480.21875): 0.008793194368871852 / 0.008793194368871852 = 1.0
field decay(t = 500.22916666666663): 0.013445201638276309 / 0.013445201638276309 = 1.0
on time step 48581 (time=506.052), 0.000901617 s/step
field decay(t = 520.2291666666666): 0.021954214810842063 / 0.021954214810842063 = 1.0
field decay(t = 540.2395833333333): 0.03146342471770198 / 0.03146342471770198 = 1.0
on time step 53018 (time=552.271), 0.00090165 s/step
field decay(t = 560.25): 0.04737894478260073 / 0.04737894478260073 = 1.0
field decay(t = 580.2604166666666): 0.06364176902612932 / 0.06364176902612932 = 1.0
on time step 57447 (time=598.406), 0.000903262 s/step
field decay(t = 600.2708333333333): 0.08837977939715415 / 0.08837977939715415 = 1.0
field decay(t = 620.28125): 0.1112700648585019 / 0.1112700648585019 = 1.0
field decay(t = 640.2916666666666): 0.13611330061110455 / 0.13611330061110455 = 1.0
on time step 61874 (time=644.521), 0.000903693 s/step
field decay(t = 660.3020833333333): 0.168158320583739 / 0.168158320583739 = 1.0
field decay(t = 680.3125): 0.19280065499342086 / 0.19280065499342086 = 1.0
on time step 66315 (time=690.781), 0.000900895 s/step
field decay(t = 700.3229166666666): 0.21966650282225628 / 0.21966650282225628 = 1.0
field decay(t = 720.3333333333333): 0.23605955244411064 / 0.23605955244411064 = 1.0
on time step 70755 (time=737.031), 0.000900911 s/step
field decay(t = 740.34375): 0.24803520280225239 / 0.24803520280225239 = 1.0
field decay(t = 760.3541666666666): 0.25005056375969037 / 0.25005056375969037 = 1.0
field decay(t = 780.3645833333333): 0.24915382189046467 / 0.25005056375969037 = 0.9964137578586405
on time step 75199 (time=783.323), 0.000900261 s/step
field decay(t = 800.375): 0.2392673687059638 / 0.25005056375969037 = 0.9568759418431477
field decay(t = 820.3854166666666): 0.22425996118472222 / 0.25005056375969037 = 0.8968584505981996
on time step 79641 (time=829.594), 0.000900638 s/step
field decay(t = 840.3958333333333): 0.20422870050540204 / 0.25005056375969037 = 0.816749610297519
field decay(t = 860.40625): 0.1744772810495592 / 0.25005056375969037 = 0.6977679971049359
on time step 84050 (time=875.521), 0.000907366 s/step
field decay(t = 880.4166666666666): 0.1489263770396124 / 0.25005056375969037 = 0.5955850480814641
field decay(t = 900.4270833333333): 0.11733593094711671 / 0.25005056375969037 = 0.4692488158510281
field decay(t = 920.4375): 0.09387102147254424 / 0.25005056375969037 = 0.37540815769869024
on time step 88470 (time=921.562), 0.000905062 s/step
field decay(t = 940.4479166666666): 0.06820683032629712 / 0.25005056375969037 = 0.27277215176306063
field decay(t = 960.4583333333333): 0.05114426816886496 / 0.25005056375969037 = 0.20453570429865883
on time step 92884 (time=967.542), 0.00090639 s/step
field decay(t = 980.46875): 0.035249292466995485 / 0.25005056375969037 = 0.14096865824654414
field decay(t = 1000.4791666666666): 0.024085954564991133 / 0.25005056375969037 = 0.09632433617761725
on time step 97315 (time=1013.7), 0.000902898 s/step
field decay(t = 1020.4895833333333): 0.016447454682847105 / 0.25005056375969037 = 0.06577651509977732
field decay(t = 1040.4895833333333): 0.009804554827660935 / 0.25005056375969037 = 0.03921028883215614
on time step 101732 (time=1059.71), 0.000905615 s/step
field decay(t = 1060.5): 0.0062752359063276125 / 0.25005056375969037 = 0.025095867859583756
field decay(t = 1080.5104166666665): 0.0034497801552094134 / 0.25005056375969037 = 0.013796330243529482
field decay(t = 1100.5208333333333): 0.0020694684936770646 / 0.25005056375969037 = 0.00827620007154199
on time step 106164 (time=1105.88), 0.000902676 s/step
field decay(t = 1120.53125): 0.001049220521281262 / 0.25005056375969037 = 0.0041960334162238055
field decay(t = 1140.5416666666665): 0.0005899287432028579 / 0.25005056375969037 = 0.0023592378050777177
on time step 110582 (time=1151.9), 0.0009054 s/step
field decay(t = 1160.5520833333333): 0.0002954411509747192 / 0.25005056375969037 = 0.0011815256343858964
field decay(t = 1180.5625): 0.000145375246267537 / 0.25005056375969037 = 0.0005813833973485821
on time step 115020 (time=1198.12), 0.000901462 s/step
field decay(t = 1200.5729166666665): 7.443683333293752e-05 / 0.25005056375969037 = 0.0002976871246108231
field decay(t = 1220.5833333333333): 3.096489749087453e-05 / 0.25005056375969037 = 0.00012383454380304122
field decay(t = 1240.59375): 1.4862695841808072e-05 / 0.25005056375969037 = 5.9438761578205355e-05
on time step 119432 (time=1244.08), 0.000906623 s/step
field decay(t = 1260.6041666666665): 5.701144314699609e-06 / 0.25005056375969037 = 2.279996585082152e-05
field decay(t = 1280.6145833333333): 2.564802315292047e-06 / 0.25005056375969037 = 1.025713470399105e-05
on time step 123841 (time=1290.01), 0.000907332 s/step
field decay(t = 1300.625): 9.066687992885053e-07 / 0.25005056375969037 = 3.625941832148213e-06
field decay(t = 1320.6354166666665): 3.825155823968051e-07 / 0.25005056375969037 = 1.5297529293491995e-06
on time step 128254 (time=1335.98), 0.00090654 s/step
field decay(t = 1340.6458333333333): 1.37064999244229e-07 / 0.25005056375969037 = 5.481491310531677e-07
field decay(t = 1360.65625): 4.945871067694714e-08 / 0.25005056375969037 = 1.9779483770522168e-07
field decay(t = 1380.6666666666665): 1.9017671070777484e-08 / 0.25005056375969037 = 7.605530171511353e-08
on time step 133073 (time=1386.18), 0.000830118 s/step
field decay(t = 1400.6770833333333): 5.5570104950140876e-09 / 0.25005056375969037 = 2.2223547155664964e-08
field decay(t = 1420.6875): 2.0232381313267306e-09 / 0.25005056375969037 = 8.0913160158725e-09
on time step 137538 (time=1432.69), 0.000895999 s/step
field decay(t = 1440.6979166666665): 5.53496645504776e-10 / 0.25005056375969037 = 2.213538882626598e-09
field decay(t = 1460.7083333333333): 1.898056151829545e-10 / 0.25005056375969037 = 7.590689352149035e-10
field decay(t = 1480.71875): 4.8446214156896746e-11 / 0.25005056375969037 = 1.9374567058947204e-10
on time step 142191 (time=1481.16), 0.000859667 s/step
field decay(t = 1500.7291666666665): 1.6938004558021095e-11 / 0.25005056375969037 = 6.773831781598887e-11
run 0 finished at t = 1500.7291666666665 (144070 timesteps)
-----------
Initializing structure...
Splitting into 16 chunks by voxels
time for choose_chunkdivision = 0.000659305 s
Working in 2D dimensions.
Computational cell is 50 x 49 x 0 with resolution 24
     block, center = (0,-4,0)
          size (50,25,1e+20)
          axes (1,0,0), (0,1,0), (0,0,1)
          dielectric constant epsilon diagonal = (1,1,1)
     prism, center = (2.72978,1,5e+19)
          height 1e+20, axis (0,0,1), sidewall angle: 0 radians, 4 vertices:
          (-10,8.5,0)
          (10,8.5,0)
          (15.4596,-6.5,0)
          (-4.54045,-6.5,0)
          dielectric constant epsilon diagonal = (1.69684,1.69684,1.69684)
     prism, center = (2.54779,1.5,5e+19)
          height 1e+20, axis (0,0,1), sidewall angle: 0 radians, 4 vertices:
          (-9,8.5,0)
          (9,8.5,0)
          (14.0956,-5.5,0)
          (-3.90442,-5.5,0)
          dielectric constant epsilon diagonal = (1,1,1)
time for set_epsilon = 1.44215 s
time for set_conductivity = 0.0405243 s
time for set_conductivity = 0.0413768 s
time for set_conductivity = 0.0408855 s
lorentzian susceptibility: frequency=15.6714, gamma=1.42115
lorentzian susceptibility: frequency=2.02365, gamma=1.3413
lorentzian susceptibility: frequency=1.24613, gamma=2.0309
lorentzian susceptibility: frequency=0.626693, gamma=1.83572
drude susceptibility: frequency=1e-10, gamma=0.0661375
-----------
2026-05-30 11:43:39 [INFO] D11_scaled_deep_groove: [single struct] 3 geometry objects
on time step 381 (time=3.96875), 0.0105203 s/step
on time step 776 (time=8.08333), 0.010138 s/step
on time step 1171 (time=12.1979), 0.010131 s/step
on time step 1567 (time=16.3229), 0.0101184 s/step
field decay(t = 20.010416666666664): 2.336339622469258e-10 / 2.336339622469258e-10 = 1.0
on time step 1963 (time=20.4479), 0.0101138 s/step
on time step 2359 (time=24.5729), 0.0101246 s/step
on time step 2754 (time=28.6875), 0.0101327 s/step
on time step 3150 (time=32.8125), 0.0101149 s/step
on time step 3547 (time=36.9479), 0.0100802 s/step
field decay(t = 40.010416666666664): 4.4309675866580026e-11 / 2.336339622469258e-10 = 0.18965425848383075
on time step 3945 (time=41.0938), 0.0100718 s/step
on time step 4340 (time=45.2083), 0.0101406 s/step
on time step 4735 (time=49.3229), 0.0101398 s/step
on time step 5131 (time=53.4479), 0.0101013 s/step
on time step 5522 (time=57.5208), 0.0102515 s/step
field decay(t = 60.02083333333333): 1.5231822277787128e-10 / 2.336339622469258e-10 = 0.6519524015814422
on time step 5911 (time=61.5729), 0.010306 s/step
on time step 6299 (time=65.6146), 0.010315 s/step
on time step 6687 (time=69.6562), 0.0103114 s/step
on time step 7075 (time=73.6979), 0.0103138 s/step
on time step 7463 (time=77.7396), 0.0103129 s/step
field decay(t = 80.02083333333333): 4.4995168307780316e-10 / 4.4995168307780316e-10 = 1.0
on time step 7852 (time=81.7917), 0.0103088 s/step
on time step 8240 (time=85.8333), 0.0103136 s/step
on time step 8628 (time=89.875), 0.0103121 s/step
on time step 9016 (time=93.9167), 0.0103258 s/step
on time step 9406 (time=97.9792), 0.0102802 s/step
field decay(t = 100.03125): 1.206886647937195e-09 / 1.206886647937195e-09 = 1.0
on time step 9796 (time=102.042), 0.0102664 s/step
on time step 10186 (time=106.104), 0.0102706 s/step
on time step 10576 (time=110.167), 0.0102757 s/step
on time step 10966 (time=114.229), 0.0102722 s/step
on time step 11355 (time=118.281), 0.0102951 s/step
field decay(t = 120.04166666666666): 3.69437268289018e-09 / 3.69437268289018e-09 = 1.0
on time step 11744 (time=122.333), 0.0102836 s/step
on time step 12134 (time=126.396), 0.0102728 s/step
on time step 12523 (time=130.448), 0.0102889 s/step
on time step 12913 (time=134.51), 0.0102717 s/step
on time step 13303 (time=138.573), 0.0102772 s/step
field decay(t = 140.04166666666666): 9.90365175524523e-09 / 9.90365175524523e-09 = 1.0
on time step 13693 (time=142.635), 0.0102668 s/step
on time step 14083 (time=146.698), 0.0102685 s/step
on time step 14471 (time=150.74), 0.010325 s/step
on time step 14861 (time=154.802), 0.0102656 s/step
on time step 15251 (time=158.865), 0.0102594 s/step
field decay(t = 160.05208333333331): 3.2462895741726556e-08 / 3.2462895741726556e-08 = 1.0
on time step 15641 (time=162.927), 0.010264 s/step
on time step 16031 (time=166.99), 0.0102604 s/step
on time step 16420 (time=171.042), 0.0102949 s/step
on time step 16811 (time=175.115), 0.0102558 s/step
on time step 17201 (time=179.177), 0.0102611 s/step
field decay(t = 180.0625): 8.311449242864469e-08 / 8.311449242864469e-08 = 1.0
on time step 17591 (time=183.24), 0.0102576 s/step
on time step 17981 (time=187.302), 0.0102587 s/step
on time step 18371 (time=191.365), 0.010277 s/step
on time step 18761 (time=195.427), 0.0102661 s/step
on time step 19151 (time=199.49), 0.0102682 s/step
field decay(t = 200.07291666666666): 2.5748725255326895e-07 / 2.5748725255326895e-07 = 1.0
on time step 19541 (time=203.552), 0.0102667 s/step
on time step 19931 (time=207.615), 0.0102624 s/step
on time step 20320 (time=211.667), 0.0102958 s/step
on time step 20709 (time=215.719), 0.010284 s/step
on time step 21098 (time=219.771), 0.0102954 s/step
field decay(t = 220.08333333333331): 6.183696203085776e-07 / 6.183696203085776e-07 = 1.0
on time step 21487 (time=223.823), 0.0102938 s/step
on time step 21876 (time=227.875), 0.010294 s/step
on time step 22265 (time=231.927), 0.0102855 s/step
on time step 22654 (time=235.979), 0.0102838 s/step
on time step 23044 (time=240.042), 0.0102801 s/step
field decay(t = 240.09375): 1.7718898409606719e-06 / 1.7718898409606719e-06 = 1.0
on time step 23434 (time=244.104), 0.0102662 s/step
on time step 23824 (time=248.167), 0.0102764 s/step
on time step 24214 (time=252.229), 0.0102653 s/step
on time step 24604 (time=256.292), 0.0102611 s/step
field decay(t = 260.10416666666663): 3.988628448907746e-06 / 3.988628448907746e-06 = 1.0
on time step 24994 (time=260.354), 0.0102648 s/step
on time step 25384 (time=264.417), 0.0102688 s/step
on time step 25774 (time=268.479), 0.0102683 s/step
on time step 26165 (time=272.552), 0.0102535 s/step
on time step 26555 (time=276.615), 0.0102727 s/step
field decay(t = 280.1145833333333): 9.360930906778282e-06 / 9.360930906778282e-06 = 1.0
on time step 26945 (time=280.677), 0.0102729 s/step
on time step 27335 (time=284.74), 0.0102714 s/step
on time step 27725 (time=288.802), 0.0102689 s/step
on time step 28115 (time=292.865), 0.0102701 s/step
on time step 28505 (time=296.927), 0.0102649 s/step
field decay(t = 300.125): 2.2339793815194046e-05 / 2.2339793815194046e-05 = 1.0
on time step 28895 (time=300.99), 0.0102663 s/step
on time step 29286 (time=305.062), 0.0102538 s/step
on time step 29676 (time=309.125), 0.0102619 s/step
on time step 30066 (time=313.188), 0.0102707 s/step
on time step 30456 (time=317.25), 0.0102761 s/step
field decay(t = 320.13541666666663): 4.5893858948822926e-05 / 4.5893858948822926e-05 = 1.0
on time step 30846 (time=321.312), 0.010274 s/step
on time step 31235 (time=325.365), 0.0102836 s/step
on time step 31625 (time=329.427), 0.0102777 s/step
on time step 32015 (time=333.49), 0.0102725 s/step
on time step 32405 (time=337.552), 0.0102828 s/step
field decay(t = 340.1458333333333): 0.00010848020915672168 / 0.00010848020915672168 = 1.0
on time step 32795 (time=341.615), 0.0102791 s/step
on time step 33185 (time=345.677), 0.0102705 s/step
on time step 33576 (time=349.75), 0.0102437 s/step
on time step 33966 (time=353.812), 0.0102657 s/step
on time step 34357 (time=357.885), 0.0102351 s/step
field decay(t = 360.15625): 0.0002091353769146439 / 0.0002091353769146439 = 1.0
on time step 34748 (time=361.958), 0.0102392 s/step
on time step 35139 (time=366.031), 0.0102355 s/step
on time step 35530 (time=370.104), 0.0102395 s/step
on time step 35921 (time=374.177), 0.0102502 s/step
on time step 36312 (time=378.25), 0.0102493 s/step
field decay(t = 380.16666666666663): 0.00045656864347223385 / 0.00045656864347223385 = 1.0
on time step 36703 (time=382.323), 0.0102556 s/step
on time step 37094 (time=386.396), 0.0102511 s/step
on time step 37485 (time=390.469), 0.0102362 s/step
on time step 37875 (time=394.531), 0.0102653 s/step
on time step 38266 (time=398.604), 0.0102394 s/step
field decay(t = 400.1770833333333): 0.0008259709464876462 / 0.0008259709464876462 = 1.0
on time step 38655 (time=402.656), 0.0102884 s/step
on time step 39046 (time=406.729), 0.0102406 s/step
on time step 39437 (time=410.802), 0.0102467 s/step
on time step 39828 (time=414.875), 0.0102456 s/step
on time step 40218 (time=418.938), 0.0102611 s/step
field decay(t = 420.1875): 0.0016652362038345498 / 0.0016652362038345498 = 1.0
on time step 40609 (time=423.01), 0.0102542 s/step
on time step 41000 (time=427.083), 0.010236 s/step
on time step 41391 (time=431.156), 0.0102494 s/step
on time step 41779 (time=435.198), 0.010317 s/step
on time step 42167 (time=439.24), 0.0103303 s/step
field decay(t = 440.19791666666663): 0.002826883649709191 / 0.002826883649709191 = 1.0
on time step 42555 (time=443.281), 0.0103186 s/step
on time step 42944 (time=447.333), 0.0103079 s/step
on time step 43332 (time=451.375), 0.0103198 s/step
on time step 43720 (time=455.417), 0.0103114 s/step
on time step 44108 (time=459.458), 0.0103285 s/step
field decay(t = 460.2083333333333): 0.004774653622528629 / 0.004774653622528629 = 1.0
on time step 44496 (time=463.5), 0.0103118 s/step
on time step 44884 (time=467.542), 0.0103348 s/step
on time step 45271 (time=471.573), 0.0103427 s/step
on time step 45658 (time=475.604), 0.0103499 s/step
on time step 46046 (time=479.646), 0.0103274 s/step
field decay(t = 480.21875): 0.008388273911238213 / 0.008388273911238213 = 1.0
on time step 46434 (time=483.688), 0.0103354 s/step
on time step 46823 (time=487.74), 0.0103088 s/step
on time step 47211 (time=491.781), 0.0103157 s/step
on time step 47600 (time=495.833), 0.0102887 s/step
on time step 47990 (time=499.896), 0.0102725 s/step
field decay(t = 500.22916666666663): 0.012993718800315242 / 0.012993718800315242 = 1.0
on time step 48381 (time=503.969), 0.0102561 s/step
on time step 48771 (time=508.031), 0.0102831 s/step
on time step 49160 (time=512.083), 0.0102882 s/step
on time step 49549 (time=516.135), 0.0103047 s/step
on time step 49937 (time=520.177), 0.0103177 s/step
field decay(t = 520.2291666666666): 0.02158239051925685 / 0.02158239051925685 = 1.0
on time step 50325 (time=524.219), 0.01032 s/step
on time step 50713 (time=528.26), 0.0103213 s/step
on time step 51102 (time=532.312), 0.0103019 s/step
on time step 51490 (time=536.354), 0.0103157 s/step
field decay(t = 540.2395833333333): 0.03138089034914549 / 0.03138089034914549 = 1.0
on time step 51878 (time=540.396), 0.0103148 s/step
on time step 52266 (time=544.438), 0.0103167 s/step
on time step 52654 (time=548.479), 0.0103168 s/step
on time step 53042 (time=552.521), 0.010317 s/step
on time step 53430 (time=556.562), 0.0103316 s/step
field decay(t = 560.25): 0.04816280470406692 / 0.04816280470406692 = 1.0
on time step 53818 (time=560.604), 0.0103168 s/step
on time step 54206 (time=564.646), 0.0103344 s/step
on time step 54594 (time=568.688), 0.010329 s/step
on time step 54981 (time=572.719), 0.0103477 s/step
on time step 55368 (time=576.75), 0.0103403 s/step
field decay(t = 580.2604166666666): 0.0657404110605103 / 0.0657404110605103 = 1.0
on time step 55756 (time=580.792), 0.0103159 s/step
on time step 56143 (time=584.823), 0.0103435 s/step
on time step 56530 (time=588.854), 0.0103451 s/step
on time step 56917 (time=592.885), 0.0103538 s/step
on time step 57302 (time=596.896), 0.010415 s/step
field decay(t = 600.2708333333333): 0.09324235788790325 / 0.09324235788790325 = 1.0
on time step 57688 (time=600.917), 0.0103875 s/step
on time step 58076 (time=604.958), 0.0103327 s/step
on time step 58464 (time=609), 0.0103167 s/step
on time step 58851 (time=613.031), 0.0103481 s/step
on time step 59238 (time=617.062), 0.0103499 s/step
field decay(t = 620.28125): 0.1194962944963867 / 0.1194962944963867 = 1.0
on time step 59624 (time=621.083), 0.0103837 s/step
on time step 60009 (time=625.094), 0.0104051 s/step
on time step 60395 (time=629.115), 0.0103802 s/step
on time step 60781 (time=633.135), 0.0103706 s/step
on time step 61167 (time=637.156), 0.0103743 s/step
field decay(t = 640.2916666666666): 0.14891424715698587 / 0.14891424715698587 = 1.0
on time step 61554 (time=641.188), 0.010361 s/step
on time step 61940 (time=645.208), 0.0103756 s/step
on time step 62326 (time=649.229), 0.0103707 s/step
on time step 62712 (time=653.25), 0.0103768 s/step
on time step 63098 (time=657.271), 0.0103886 s/step
field decay(t = 660.3020833333333): 0.18850777332774168 / 0.18850777332774168 = 1.0
on time step 63484 (time=661.292), 0.0103778 s/step
on time step 63870 (time=665.312), 0.0103793 s/step
on time step 64256 (time=669.333), 0.0103848 s/step
on time step 64641 (time=673.344), 0.0103912 s/step
on time step 65026 (time=677.354), 0.010398 s/step
field decay(t = 680.3125): 0.22059095996561512 / 0.22059095996561512 = 1.0
on time step 65412 (time=681.375), 0.0103812 s/step
on time step 65798 (time=685.396), 0.0103858 s/step
on time step 66185 (time=689.427), 0.0103592 s/step
on time step 66571 (time=693.448), 0.0103779 s/step
on time step 66958 (time=697.479), 0.0103531 s/step
field decay(t = 700.3229166666666): 0.2581459248303502 / 0.2581459248303502 = 1.0
on time step 67346 (time=701.521), 0.0103279 s/step
on time step 67735 (time=705.573), 0.0103077 s/step
on time step 68123 (time=709.615), 0.0103141 s/step
on time step 68511 (time=713.656), 0.0103322 s/step
on time step 68898 (time=717.688), 0.010336 s/step
field decay(t = 720.3333333333333): 0.28370020476966545 / 0.28370020476966545 = 1.0
on time step 69285 (time=721.719), 0.0103492 s/step
on time step 69673 (time=725.76), 0.0103351 s/step
on time step 70060 (time=729.792), 0.0103523 s/step
on time step 70447 (time=733.823), 0.010341 s/step
on time step 70834 (time=737.854), 0.010341 s/step
field decay(t = 740.34375): 0.3069635059305945 / 0.3069635059305945 = 1.0
on time step 71221 (time=741.885), 0.010359 s/step
on time step 71610 (time=745.938), 0.0103091 s/step
on time step 72005 (time=750.052), 0.0101355 s/step
on time step 72400 (time=754.167), 0.0101389 s/step
on time step 72794 (time=758.271), 0.0101677 s/step
field decay(t = 760.3541666666666): 0.3168602671683185 / 0.3168602671683185 = 1.0
on time step 73189 (time=762.385), 0.0101454 s/step
on time step 73583 (time=766.49), 0.0101544 s/step
on time step 73976 (time=770.583), 0.0101874 s/step
on time step 74373 (time=774.719), 0.0100884 s/step
on time step 74770 (time=778.854), 0.0100954 s/step
field decay(t = 780.3645833333333): 0.3186214383172947 / 0.3186214383172947 = 1.0
on time step 75163 (time=782.948), 0.0101989 s/step
on time step 75561 (time=787.094), 0.0100662 s/step
on time step 75956 (time=791.208), 0.0101273 s/step
on time step 76354 (time=795.354), 0.0100526 s/step
on time step 76754 (time=799.521), 0.0100104 s/step
field decay(t = 800.375): 0.3158164186323605 / 0.3186214383172947 = 0.9911963874755317
on time step 77153 (time=803.677), 0.0100319 s/step
on time step 77555 (time=807.865), 0.00996939 s/step
on time step 77953 (time=812.01), 0.0100598 s/step
on time step 78350 (time=816.146), 0.0100982 s/step
on time step 78744 (time=820.25), 0.0101653 s/step
field decay(t = 820.3854166666666): 0.30371898773864403 / 0.3186214383172947 = 0.9532283494250933
on time step 79139 (time=824.365), 0.0101456 s/step
on time step 79537 (time=828.51), 0.0100634 s/step
on time step 79936 (time=832.667), 0.0100392 s/step
on time step 80330 (time=836.771), 0.0101678 s/step
field decay(t = 840.3958333333333): 0.2844471505275002 / 0.3186214383172947 = 0.89274328817836
on time step 80726 (time=840.896), 0.0101234 s/step
on time step 81125 (time=845.052), 0.0100254 s/step
on time step 81522 (time=849.188), 0.0100771 s/step
on time step 81924 (time=853.375), 0.00996889 s/step
on time step 82321 (time=857.51), 0.010085 s/step
field decay(t = 860.40625): 0.25204282654173815 / 0.3186214383172947 = 0.7910416445071246
on time step 82722 (time=861.688), 0.00997887 s/step
on time step 83119 (time=865.823), 0.0100764 s/step
on time step 83521 (time=870.01), 0.0099659 s/step
on time step 83921 (time=874.177), 0.0100084 s/step
on time step 84323 (time=878.365), 0.00997181 s/step
field decay(t = 880.4166666666666): 0.2217687702981758 / 0.3186214383172947 = 0.696025890377566
on time step 84722 (time=882.521), 0.0100482 s/step
on time step 85119 (time=886.656), 0.0100832 s/step
on time step 85518 (time=890.812), 0.010028 s/step
on time step 85914 (time=894.938), 0.0101195 s/step
on time step 86310 (time=899.062), 0.0101191 s/step
field decay(t = 900.4270833333333): 0.18176589079178546 / 0.3186214383172947 = 0.5704760224287746
on time step 86706 (time=903.188), 0.0101222 s/step
on time step 87101 (time=907.302), 0.0101416 s/step
on time step 87496 (time=911.417), 0.0101362 s/step
on time step 87891 (time=915.531), 0.0101479 s/step
on time step 88286 (time=919.646), 0.0101441 s/step
field decay(t = 920.4375): 0.1502697821711084 / 0.3186214383172947 = 0.47162483153900125
on time step 88680 (time=923.75), 0.0101557 s/step
on time step 89075 (time=927.865), 0.0101492 s/step
on time step 89472 (time=932), 0.0100891 s/step
on time step 89869 (time=936.135), 0.0100837 s/step
on time step 90264 (time=940.25), 0.0101366 s/step
field decay(t = 940.4479166666666): 0.11393837639410137 / 0.3186214383172947 = 0.3575979601241942
on time step 90660 (time=944.375), 0.0101226 s/step
on time step 91057 (time=948.51), 0.0100938 s/step
on time step 91456 (time=952.667), 0.0100386 s/step
on time step 91853 (time=956.802), 0.0100887 s/step
field decay(t = 960.4583333333333): 0.08851083936968938 / 0.3186214383172947 = 0.27779310719684563
on time step 92249 (time=960.927), 0.0101254 s/step
on time step 92645 (time=965.052), 0.0101254 s/step
on time step 93041 (time=969.177), 0.0101084 s/step
on time step 93436 (time=973.292), 0.0101333 s/step
on time step 93832 (time=977.417), 0.0101215 s/step
field decay(t = 980.46875): 0.06667810941068078 / 0.3186214383172947 = 0.20927063088667722
on time step 94228 (time=981.542), 0.0101258 s/step
on time step 94623 (time=985.656), 0.0101341 s/step
on time step 95019 (time=989.781), 0.0101139 s/step
on time step 95418 (time=993.938), 0.0100419 s/step
on time step 95812 (time=998.042), 0.0101535 s/step
field decay(t = 1000.4791666666666): 0.04532582707782432 / 0.3186214383172947 = 0.1422560494271802
on time step 96206 (time=1002.15), 0.0101617 s/step
on time step 96598 (time=1006.23), 0.0102229 s/step
on time step 96989 (time=1010.3), 0.010243 s/step
on time step 97380 (time=1014.38), 0.0102352 s/step
on time step 97771 (time=1018.45), 0.0102476 s/step
field decay(t = 1020.4895833333333): 0.032186165531354026 / 0.3186214383172947 = 0.10101694883224362
on time step 98163 (time=1022.53), 0.0102272 s/step
on time step 98555 (time=1026.61), 0.0102201 s/step
on time step 98946 (time=1030.69), 0.0102427 s/step
on time step 99337 (time=1034.76), 0.0102352 s/step
on time step 99728 (time=1038.83), 0.0102518 s/step
field decay(t = 1040.4895833333333): 0.02018186021258888 / 0.3186214383172947 = 0.06334118733244515
on time step 100120 (time=1042.92), 0.0102272 s/step
on time step 100514 (time=1047.02), 0.0101585 s/step
on time step 100907 (time=1051.11), 0.0101871 s/step
on time step 101301 (time=1055.22), 0.0101742 s/step
on time step 101695 (time=1059.32), 0.0101669 s/step
field decay(t = 1060.5): 0.013468050259262319 / 0.3186214383172947 = 0.04226975538868275
on time step 102089 (time=1063.43), 0.0101727 s/step
on time step 102483 (time=1067.53), 0.0101682 s/step
on time step 102878 (time=1071.65), 0.0101457 s/step
on time step 103272 (time=1075.75), 0.0101737 s/step
on time step 103667 (time=1079.86), 0.0101463 s/step
field decay(t = 1080.5104166666665): 0.0078143201512682 / 0.3186214383172947 = 0.024525406050946323
on time step 104059 (time=1083.95), 0.0102042 s/step
on time step 104451 (time=1088.03), 0.010205 s/step
on time step 104843 (time=1092.11), 0.0102119 s/step
on time step 105237 (time=1096.22), 0.010175 s/step
on time step 105631 (time=1100.32), 0.0101725 s/step
field decay(t = 1100.5208333333333): 0.004900840295770466 / 0.3186214383172947 = 0.015381389029102407
on time step 106024 (time=1104.42), 0.0101836 s/step
on time step 106418 (time=1108.52), 0.0101556 s/step
on time step 106813 (time=1112.64), 0.0101468 s/step
on time step 107207 (time=1116.74), 0.0101702 s/step
field decay(t = 1120.53125): 0.0026310291511016577 / 0.3186214383172947 = 0.008257539621303146
on time step 107601 (time=1120.84), 0.0101527 s/step
on time step 107996 (time=1124.96), 0.0101501 s/step
on time step 108391 (time=1129.07), 0.0101461 s/step
on time step 108786 (time=1133.19), 0.0101334 s/step
on time step 109181 (time=1137.3), 0.0101502 s/step
field decay(t = 1140.5416666666665): 0.0015507079251957164 / 0.3186214383172947 = 0.004866929022056154
on time step 109576 (time=1141.42), 0.0101338 s/step
on time step 109971 (time=1145.53), 0.010151 s/step
on time step 110364 (time=1149.62), 0.0102021 s/step
on time step 110756 (time=1153.71), 0.0102134 s/step
on time step 111148 (time=1157.79), 0.0102143 s/step
field decay(t = 1160.5520833333333): 0.0008880523108954474 / 0.3186214383172947 = 0.00278717061722348
on time step 111540 (time=1161.88), 0.0102226 s/step
on time step 111931 (time=1165.95), 0.0102338 s/step
on time step 112323 (time=1170.03), 0.0102277 s/step
on time step 112714 (time=1174.1), 0.0102381 s/step
on time step 113107 (time=1178.2), 0.0102012 s/step
field decay(t = 1180.5625): 0.0004267166913172561 / 0.3186214383172947 = 0.0013392591960253353
on time step 113499 (time=1182.28), 0.0102208 s/step
on time step 113889 (time=1186.34), 0.010257 s/step
on time step 114281 (time=1190.43), 0.0102277 s/step
on time step 114672 (time=1194.5), 0.0102485 s/step
on time step 115063 (time=1198.57), 0.0102514 s/step
field decay(t = 1200.5729166666665): 0.00022993035990638645 / 0.3186214383172947 = 0.0007216412088298135
on time step 115454 (time=1202.65), 0.0102437 s/step
on time step 115845 (time=1206.72), 0.0102413 s/step
on time step 116236 (time=1210.79), 0.0102438 s/step
on time step 116627 (time=1214.86), 0.0102504 s/step
on time step 117017 (time=1218.93), 0.0102639 s/step
field decay(t = 1220.5833333333333): 0.00010209345389180183 / 0.3186214383172947 = 0.00032042242490329067
on time step 117408 (time=1223), 0.0102468 s/step
on time step 117799 (time=1227.07), 0.0102477 s/step
on time step 118190 (time=1231.15), 0.0102308 s/step
on time step 118581 (time=1235.22), 0.010238 s/step
on time step 118972 (time=1239.29), 0.0102459 s/step
field decay(t = 1240.59375): 5.169197782976696e-05 / 0.3186214383172947 = 0.00016223634574861917
on time step 119362 (time=1243.35), 0.0102636 s/step
on time step 119753 (time=1247.43), 0.0102397 s/step
on time step 120143 (time=1251.49), 0.0102642 s/step
on time step 120533 (time=1255.55), 0.0102571 s/step
on time step 120923 (time=1259.61), 0.0102618 s/step
field decay(t = 1260.6041666666665): 2.1237717178301176e-05 / 0.3186214383172947 = 6.665501634309958e-05
on time step 121314 (time=1263.69), 0.010233 s/step
on time step 121705 (time=1267.76), 0.0102533 s/step
on time step 122095 (time=1271.82), 0.0102584 s/step
on time step 122486 (time=1275.9), 0.0102482 s/step
on time step 122877 (time=1279.97), 0.0102454 s/step
field decay(t = 1280.6145833333333): 1.0106905032545308e-05 / 0.3186214383172947 = 3.172073130396357e-05
on time step 123268 (time=1284.04), 0.0102441 s/step
on time step 123659 (time=1288.11), 0.0102399 s/step
on time step 124050 (time=1292.19), 0.0102537 s/step
on time step 124442 (time=1296.27), 0.0102211 s/step
on time step 124833 (time=1300.34), 0.0102428 s/step
field decay(t = 1300.625): 4.06112338672089e-06 / 0.3186214383172947 = 1.2745920074206297e-05
on time step 125224 (time=1304.42), 0.0102494 s/step
on time step 125615 (time=1308.49), 0.0102447 s/step
on time step 126005 (time=1312.55), 0.0102606 s/step
on time step 126396 (time=1316.62), 0.0102497 s/step
field decay(t = 1320.6354166666665): 1.7198302892500934e-06 / 0.3186214383172947 = 5.397723073289953e-06
on time step 126786 (time=1320.69), 0.0102605 s/step
on time step 127177 (time=1324.76), 0.0102524 s/step
on time step 127568 (time=1328.83), 0.0102411 s/step
on time step 127958 (time=1332.9), 0.0102592 s/step
on time step 128348 (time=1336.96), 0.0102666 s/step
field decay(t = 1340.6458333333333): 7.452309075164583e-07 / 0.3186214383172947 = 2.3389226771813465e-06
on time step 128739 (time=1341.03), 0.0102376 s/step
on time step 129130 (time=1345.1), 0.010234 s/step
on time step 129520 (time=1349.17), 0.0102595 s/step
on time step 129910 (time=1353.23), 0.01026 s/step
on time step 130301 (time=1357.3), 0.0102454 s/step
field decay(t = 1360.65625): 2.5424090147676215e-07 / 0.3186214383172947 = 7.97940348331426e-07
on time step 130693 (time=1361.39), 0.0102079 s/step
on time step 131087 (time=1365.49), 0.0101764 s/step
on time step 131483 (time=1369.61), 0.0101021 s/step
on time step 131878 (time=1373.73), 0.0101281 s/step
on time step 132274 (time=1377.85), 0.0101227 s/step
field decay(t = 1380.6666666666665): 1.0402357538098069e-07 / 0.3186214383172947 = 3.26480151274034e-07
on time step 132669 (time=1381.97), 0.0101488 s/step
on time step 133064 (time=1386.08), 0.0101375 s/step
on time step 133459 (time=1390.2), 0.0101325 s/step
on time step 133854 (time=1394.31), 0.0101519 s/step
on time step 134249 (time=1398.43), 0.010149 s/step
field decay(t = 1400.6770833333333): 3.271494495968643e-08 / 0.3186214383172947 = 1.0267653404761706e-07
on time step 134644 (time=1402.54), 0.0101344 s/step
on time step 135040 (time=1406.67), 0.0101249 s/step
on time step 135435 (time=1410.78), 0.0101472 s/step
on time step 135830 (time=1414.9), 0.0101515 s/step
on time step 136225 (time=1419.01), 0.0101298 s/step
field decay(t = 1420.6875): 1.2561908570855725e-08 / 0.3186214383172947 = 3.942581088453352e-08
on time step 136672 (time=1423.67), 0.00895125 s/step
on time step 137205 (time=1429.22), 0.00751114 s/step
on time step 137739 (time=1434.78), 0.00749902 s/step
on time step 138273 (time=1440.34), 0.00749763 s/step
field decay(t = 1440.6979166666665): 3.65285300992938e-09 / 0.3186214383172947 = 1.1464555019338458e-08
on time step 138873 (time=1446.59), 0.0066669 s/step
on time step 139640 (time=1454.58), 0.00521838 s/step
field decay(t = 1460.7083333333333): 1.3186109799354502e-09 / 0.3186214383172947 = 4.138487940106308e-09
on time step 140406 (time=1462.56), 0.00522416 s/step
on time step 141172 (time=1470.54), 0.00522598 s/step
on time step 141938 (time=1478.52), 0.00522429 s/step
field decay(t = 1480.71875): 4.0257920502331796e-10 / 0.3186214383172947 = 1.263503194102134e-09
on time step 142704 (time=1486.5), 0.00522694 s/step
on time step 143470 (time=1494.48), 0.00522267 s/step
2026-05-30 12:07:41 [INFO] D11_scaled_deep_groove: Checkpointed 2 completed spectra row(s) to /mnt/c/Users/admin/Meep_Simulation/meep_sim/results/diagnostics_v2/tables/D11_thickness_1um_quick_spectra_checkpoint.csv
2026-05-30 12:07:41 [INFO] D11_scaled_deep_groove: >>> task=3/10 case=scaled_inner_wall_film_1um pol=Ez wl=10.009 res=24 pml=4
2026-05-30 12:07:41 [INFO] D11_scaled_deep_groove: [single ref] wl=10.009 um, f=0.0999101, res=24, comp=Ez
field decay(t = 1500.7291666666665): 1.2610038965681301e-10 / 0.3186214383172947 = 3.957686912807094e-10
run 0 finished at t = 1500.7291666666665 (144070 timesteps)
-----------
Initializing structure...
Splitting into 16 chunks by voxels
time for choose_chunkdivision = 0.000563433 s
Working in 2D dimensions.
Computational cell is 50 x 49 x 0 with resolution 24
time for set_epsilon = 0.153163 s
-----------
field decay(t = 20.010416666666664): 2.8620255289198833e-10 / 2.8620255289198833e-10 = 1.0
field decay(t = 40.010416666666664): 5.452418623381255e-11 / 2.8620255289198833e-10 = 0.19050908415338194
on time step 3981 (time=41.4688), 0.0010049 s/step
field decay(t = 60.02083333333333): 1.1489321784701532e-10 / 2.8620255289198833e-10 = 0.4014402271609909
field decay(t = 80.02083333333333): 2.879243497488553e-10 / 2.879243497488553e-10 = 1.0
on time step 8096 (time=84.3333), 0.00097212 s/step
field decay(t = 100.03125): 7.711342597478302e-10 / 7.711342597478302e-10 = 1.0
field decay(t = 120.04166666666666): 2.0859287788575395e-09 / 2.0859287788575395e-09 = 1.0
on time step 12224 (time=127.333), 0.000969216 s/step
field decay(t = 140.04166666666666): 5.697974442910339e-09 / 5.697974442910339e-09 = 1.0
field decay(t = 160.05208333333331): 1.5084423552457186e-08 / 1.5084423552457186e-08 = 1.0
on time step 16351 (time=170.323), 0.000969241 s/step
field decay(t = 180.0625): 3.9232342022662704e-08 / 3.9232342022662704e-08 = 1.0
field decay(t = 200.07291666666666): 9.98087587456717e-08 / 9.98087587456717e-08 = 1.0
on time step 20463 (time=213.156), 0.000972912 s/step
field decay(t = 220.08333333333331): 2.46756031212108e-07 / 2.46756031212108e-07 = 1.0
field decay(t = 240.09375): 5.927117821082613e-07 / 5.927117821082613e-07 = 1.0
on time step 24590 (time=256.146), 0.000969307 s/step
field decay(t = 260.10416666666663): 1.3839976528841446e-06 / 1.3839976528841446e-06 = 1.0
field decay(t = 280.1145833333333): 3.1412180355795217e-06 / 3.1412180355795217e-06 = 1.0
on time step 28711 (time=299.073), 0.000970779 s/step
field decay(t = 300.125): 6.930102732023386e-06 / 6.930102732023386e-06 = 1.0
field decay(t = 320.13541666666663): 1.4860047186976182e-05 / 1.4860047186976182e-05 = 1.0
field decay(t = 340.1458333333333): 3.095635463171417e-05 / 3.095635463171417e-05 = 1.0
on time step 32825 (time=341.927), 0.000972329 s/step
field decay(t = 360.15625): 6.268334313227175e-05 / 6.268334313227175e-05 = 1.0
field decay(t = 380.16666666666663): 0.0001232816253728794 / 0.0001232816253728794 = 1.0
on time step 36953 (time=384.927), 0.000969025 s/step
field decay(t = 400.1770833333333): 0.00023565497010352203 / 0.00023565497010352203 = 1.0
field decay(t = 420.1875): 0.0004375758894755346 / 0.0004375758894755346 = 1.0
on time step 41078 (time=427.896), 0.00096985 s/step
field decay(t = 440.19791666666663): 0.0007895848165344317 / 0.0007895848165344317 = 1.0
field decay(t = 460.2083333333333): 0.0013841762569804011 / 0.0013841762569804011 = 1.0
on time step 45207 (time=470.906), 0.000968858 s/step
field decay(t = 480.21875): 0.002357814486051738 / 0.002357814486051738 = 1.0
field decay(t = 500.22916666666663): 0.003902192859997883 / 0.003902192859997883 = 1.0
on time step 49340 (time=513.958), 0.000967958 s/step
field decay(t = 520.2291666666666): 0.006274954089004014 / 0.006274954089004014 = 1.0
field decay(t = 540.2395833333333): 0.009804123964599568 / 0.009804123964599568 = 1.0
on time step 53458 (time=556.854), 0.000971368 s/step
field decay(t = 560.25): 0.014883340417198871 / 0.014883340417198871 = 1.0
field decay(t = 580.2604166666666): 0.021953342149198977 / 0.021953342149198977 = 1.0
on time step 57568 (time=599.667), 0.000973297 s/step
field decay(t = 600.2708333333333): 0.03146155803786605 / 0.03146155803786605 = 1.0
field decay(t = 620.28125): 0.043810276687998605 / 0.043810276687998605 = 1.0
field decay(t = 640.2916666666666): 0.05927230210125304 / 0.05927230210125304 = 1.0
on time step 61697 (time=642.677), 0.000968983 s/step
field decay(t = 660.3020833333333): 0.07791761895759121 / 0.07791761895759121 = 1.0
field decay(t = 680.3125): 0.09951980275542106 / 0.09951980275542106 = 1.0
on time step 65822 (time=685.646), 0.000969877 s/step
field decay(t = 700.3229166666666): 0.12350527047971546 / 0.12350527047971546 = 1.0
field decay(t = 720.3333333333333): 0.148919941401281 / 0.148919941401281 = 1.0
on time step 69946 (time=728.604), 0.000969984 s/step
field decay(t = 740.34375): 0.17447160497597922 / 0.17447160497597922 = 1.0
field decay(t = 760.3541666666666): 0.19860114144896512 / 0.19860114144896512 = 1.0
on time step 74046 (time=771.312), 0.000975817 s/step
field decay(t = 780.3645833333333): 0.21965904919387197 / 0.21965904919387197 = 1.0
field decay(t = 800.375): 0.23605013155752083 / 0.23605013155752083 = 1.0
on time step 78147 (time=814.031), 0.000975403 s/step
field decay(t = 820.3854166666666): 0.24646693264194156 / 0.24646693264194156 = 1.0
field decay(t = 840.3958333333333): 0.2500418052046788 / 0.2500418052046788 = 1.0
on time step 82254 (time=856.812), 0.000974139 s/step
field decay(t = 860.40625): 0.24981617201531855 / 0.2500418052046788 = 0.9990976181395926
field decay(t = 880.4166666666666): 0.24447930901485332 / 0.2500418052046788 = 0.9777537352792981
on time step 86343 (time=899.406), 0.000978384 s/step
field decay(t = 900.4270833333333): 0.2324692576331893 / 0.2500418052046788 = 0.9297215617320272
field decay(t = 920.4375): 0.2147707749362006 / 0.2500418052046788 = 0.8589394671838732
field decay(t = 940.4479166666666): 0.19279489159432217 / 0.2500418052046788 = 0.771050630659559
on time step 90480 (time=942.5), 0.000966912 s/step
field decay(t = 960.4583333333333): 0.1681519510919449 / 0.2500418052046788 = 0.6724953491449135
field decay(t = 980.46875): 0.14249857895535226 / 0.2500418052046788 = 0.5698990168412279
on time step 94642 (time=985.854), 0.000961248 s/step
field decay(t = 1000.4791666666666): 0.11733145608921042 / 0.2500418052046788 = 0.4692473564297196
field decay(t = 1020.4895833333333): 0.09386765513439244 / 0.2500418052046788 = 0.3754078445304553
on time step 98796 (time=1029.12), 0.000963036 s/step
field decay(t = 1040.4895833333333): 0.07296469187940235 / 0.2500418052046788 = 0.29180997081538046
field decay(t = 1060.5): 0.0551073889008951 / 0.2500418052046788 = 0.2203927013556209
on time step 102941 (time=1072.3), 0.00096504 s/step
field decay(t = 1080.5104166666665): 0.04043864276855222 / 0.2500418052046788 = 0.16172752686475778
field decay(t = 1100.5208333333333): 0.028832882097439297 / 0.2500418052046788 = 0.1153122457816097
on time step 107319 (time=1117.91), 0.000913837 s/step
field decay(t = 1120.53125): 0.01997443048851206 / 0.2500418052046788 = 0.07988436362536026
field decay(t = 1140.5416666666665): 0.013444712078171283 / 0.2500418052046788 = 0.0537698568731966
field decay(t = 1160.5520833333333): 0.00879305996634419 / 0.2500418052046788 = 0.03516635931798037
on time step 111770 (time=1164.27), 0.000898738 s/step
field decay(t = 1180.5625): 0.005587307829227516 / 0.2500418052046788 = 0.022345494684994246
field decay(t = 1200.5729166666665): 0.0034497874112853154 / 0.2500418052046788 = 0.013796842525838408
on time step 116085 (time=1209.22), 0.000927094 s/step
field decay(t = 1220.5833333333333): 0.002069400075414817 / 0.2500418052046788 = 0.00827621634598603
field decay(t = 1240.59375): 0.0012062344289379703 / 0.2500418052046788 = 0.004824131020613025
on time step 120400 (time=1254.17), 0.000927099 s/step
field decay(t = 1260.6041666666665): 0.0006830665699569968 / 0.2500418052046788 = 0.0027318094644127743
field decay(t = 1280.6145833333333): 0.00037589399099451597 / 0.2500418052046788 = 0.0015033245768115348
on time step 124712 (time=1299.08), 0.000927726 s/step
field decay(t = 1300.625): 0.00020094847161235206 / 0.2500418052046788 = 0.0008036594978502096
field decay(t = 1320.6354166666665): 0.00010439500065735613 / 0.2500418052046788 = 0.00041751018623426055
field decay(t = 1340.6458333333333): 5.268572888396681e-05 / 0.2500418052046788 = 0.00021070768082497013
on time step 129582 (time=1349.81), 0.000821447 s/step
field decay(t = 1360.65625): 2.5840435331418832e-05 / 0.2500418052046788 = 0.00010334445998046772
field decay(t = 1380.6666666666665): 1.231218909233006e-05 / 0.2500418052046788 = 4.924052232886244e-05
field decay(t = 1400.6770833333333): 5.699621702505345e-06 / 0.2500418052046788 = 2.2794675065794533e-05
on time step 134577 (time=1401.84), 0.000800959 s/step
field decay(t = 1420.6875): 2.565387576936127e-06 / 0.2500418052046788 = 1.0259834649794487e-05
field decay(t = 1440.6979166666665): 1.1210423794391415e-06 / 0.2500418052046788 = 4.483419796627531e-06
on time step 139500 (time=1453.12), 0.000812603 s/step
field decay(t = 1460.7083333333333): 4.7641839521490335e-07 / 0.2500418052046788 = 1.9053549658422824e-06
field decay(t = 1480.71875): 1.9642760957842011e-07 / 0.2500418052046788 = 7.855790731379048e-07
field decay(t = 1500.7291666666665): 7.894655550322761e-08 / 0.2500418052046788 = 3.1573342481111776e-07
on time step 144425 (time=1504.43), 0.000812327 s/step
field decay(t = 1520.7395833333333): 3.0803649339930455e-08 / 0.2500418052046788 = 1.2319399675872304e-07
field decay(t = 1540.75): 1.1722327466737811e-08 / 0.2500418052046788 = 4.688147030910359e-08
on time step 149352 (time=1555.75), 0.000811966 s/step
field decay(t = 1560.7604166666665): 4.3254872232776256e-09 / 0.2500418052046788 = 1.7299056130781314e-08
field decay(t = 1580.7708333333333): 1.553287775693036e-09 / 0.2500418052046788 = 6.212112308266005e-09
field decay(t = 1600.78125): 5.42554272574316e-10 / 0.2500418052046788 = 2.16985424549384e-09
on time step 154264 (time=1606.92), 0.000814367 s/step
field decay(t = 1620.7916666666665): 1.8879859684725187e-10 / 0.2500418052046788 = 7.550681242790798e-10
field decay(t = 1640.8020833333333): 6.654092650400778e-11 / 0.2500418052046788 = 2.6611920534463755e-10
on time step 159175 (time=1658.07), 0.000814633 s/step
field decay(t = 1660.8125): 2.3789437438637656e-11 / 0.2500418052046788 = 9.514184005816204e-11
field decay(t = 1680.8229166666665): 2.809167036861304e-10 / 0.2500418052046788 = 1.1234789456754166e-09
run 0 finished at t = 1680.8229166666665 (161359 timesteps)
-----------
Initializing structure...
Splitting into 16 chunks by voxels
time for choose_chunkdivision = 0.000939397 s
Working in 2D dimensions.
Computational cell is 50 x 49 x 0 with resolution 24
     block, center = (0,-4,0)
          size (50,25,1e+20)
          axes (1,0,0), (0,1,0), (0,0,1)
          dielectric constant epsilon diagonal = (1,1,1)
     prism, center = (2.72978,1,5e+19)
          height 1e+20, axis (0,0,1), sidewall angle: 0 radians, 4 vertices:
          (-10,8.5,0)
          (10,8.5,0)
          (15.4596,-6.5,0)
          (-4.54045,-6.5,0)
          dielectric constant epsilon diagonal = (2.70559,2.70559,2.70559)
     prism, center = (2.54779,1.5,5e+19)
          height 1e+20, axis (0,0,1), sidewall angle: 0 radians, 4 vertices:
          (-9,8.5,0)
          (9,8.5,0)
          (14.0956,-5.5,0)
          (-3.90442,-5.5,0)
          dielectric constant epsilon diagonal = (1,1,1)
time for set_epsilon = 1.26464 s
time for set_conductivity = 0.0390287 s
time for set_conductivity = 0.0403912 s
time for set_conductivity = 0.0391254 s
lorentzian susceptibility: frequency=15.6714, gamma=1.42115
lorentzian susceptibility: frequency=2.02365, gamma=1.3413
lorentzian susceptibility: frequency=1.24613, gamma=2.0309
lorentzian susceptibility: frequency=0.626693, gamma=1.83572
drude susceptibility: frequency=1e-10, gamma=0.0661375
-----------
2026-05-30 12:10:13 [INFO] D11_scaled_deep_groove: [single struct] 3 geometry objects
on time step 400 (time=4.16667), 0.0100125 s/step
on time step 814 (time=8.47917), 0.00967999 s/step
on time step 1228 (time=12.7917), 0.0096785 s/step
on time step 1642 (time=17.1042), 0.00967107 s/step
field decay(t = 20.010416666666664): 2.8620255289198833e-10 / 2.8620255289198833e-10 = 1.0
on time step 2055 (time=21.4062), 0.0097079 s/step
on time step 2469 (time=25.7188), 0.00966952 s/step
on time step 2883 (time=30.0312), 0.00967284 s/step
on time step 3297 (time=34.3438), 0.00967973 s/step
on time step 3711 (time=38.6562), 0.00966863 s/step
field decay(t = 40.010416666666664): 5.1698938963807786e-11 / 2.8620255289198833e-10 = 0.18063758845407207
on time step 4124 (time=42.9583), 0.00968584 s/step
on time step 4537 (time=47.2604), 0.00969175 s/step
on time step 4951 (time=51.5729), 0.00967448 s/step
on time step 5365 (time=55.8854), 0.0096767 s/step
field decay(t = 60.02083333333333): 1.533780036232895e-10 / 2.8620255289198833e-10 = 0.5359071820759534
on time step 5779 (time=60.1979), 0.00968145 s/step
on time step 6193 (time=64.5104), 0.00968293 s/step
on time step 6607 (time=68.8229), 0.0096851 s/step
on time step 7020 (time=73.125), 0.00970596 s/step
on time step 7433 (time=77.4271), 0.0096964 s/step
field decay(t = 80.02083333333333): 2.2967725636641766e-10 / 2.8620255289198833e-10 = 0.8024989785926085
on time step 7846 (time=81.7292), 0.00968679 s/step
on time step 8257 (time=86.0104), 0.00973798 s/step
on time step 8669 (time=90.3021), 0.00973116 s/step
on time step 9081 (time=94.5938), 0.00972244 s/step
on time step 9493 (time=98.8854), 0.00971962 s/step
field decay(t = 100.03125): 4.561030135441684e-10 / 4.561030135441684e-10 = 1.0
on time step 9906 (time=103.188), 0.00970562 s/step
on time step 10317 (time=107.469), 0.00973807 s/step
on time step 10728 (time=111.75), 0.00973237 s/step
on time step 11140 (time=116.042), 0.00971744 s/step
field decay(t = 120.04166666666666): 1.1015342367651606e-09 / 1.1015342367651606e-09 = 1.0
on time step 11552 (time=120.333), 0.00972694 s/step
on time step 11964 (time=124.625), 0.00972787 s/step
on time step 12376 (time=128.917), 0.00972209 s/step
on time step 12789 (time=133.219), 0.00968696 s/step
on time step 13201 (time=137.51), 0.00972164 s/step
field decay(t = 140.04166666666666): 2.8967169937915816e-09 / 2.8967169937915816e-09 = 1.0
on time step 13612 (time=141.792), 0.00973558 s/step
on time step 14024 (time=146.083), 0.00971194 s/step
on time step 14436 (time=150.375), 0.0097244 s/step
on time step 14848 (time=154.667), 0.00971544 s/step
on time step 15260 (time=158.958), 0.00971036 s/step
field decay(t = 160.05208333333331): 7.257130188231317e-09 / 7.257130188231317e-09 = 1.0
on time step 15673 (time=163.26), 0.00970433 s/step
on time step 16085 (time=167.552), 0.00971937 s/step
on time step 16498 (time=171.854), 0.00970424 s/step
on time step 16911 (time=176.156), 0.00970819 s/step
field decay(t = 180.0625): 1.8678085269903923e-08 / 1.8678085269903923e-08 = 1.0
on time step 17323 (time=180.448), 0.00970974 s/step
on time step 17735 (time=184.74), 0.00971179 s/step
on time step 18148 (time=189.042), 0.00970099 s/step
on time step 18561 (time=193.344), 0.00970649 s/step
on time step 18974 (time=197.646), 0.00969792 s/step
field decay(t = 200.07291666666666): 4.6467635661266217e-08 / 4.6467635661266217e-08 = 1.0
on time step 19386 (time=201.938), 0.00971387 s/step
on time step 19801 (time=206.26), 0.00966124 s/step
on time step 20216 (time=210.583), 0.00965308 s/step
on time step 20632 (time=214.917), 0.00963119 s/step
on time step 21048 (time=219.25), 0.00963327 s/step
field decay(t = 220.08333333333331): 1.1265166822142537e-07 / 1.1265166822142537e-07 = 1.0
on time step 21464 (time=223.583), 0.00963302 s/step
on time step 21879 (time=227.906), 0.00964602 s/step
on time step 22294 (time=232.229), 0.00964544 s/step
on time step 22710 (time=236.562), 0.00962631 s/step
field decay(t = 240.09375): 2.635170273673671e-07 / 2.635170273673671e-07 = 1.0
on time step 23125 (time=240.885), 0.0096398 s/step
on time step 23540 (time=245.208), 0.00965301 s/step
on time step 23954 (time=249.521), 0.00966449 s/step
on time step 24369 (time=253.844), 0.00964881 s/step
on time step 24784 (time=258.167), 0.00964777 s/step
field decay(t = 260.10416666666663): 6.042293953653527e-07 / 6.042293953653527e-07 = 1.0
on time step 25199 (time=262.49), 0.00964019 s/step
on time step 25615 (time=266.823), 0.00962354 s/step
on time step 26033 (time=271.177), 0.00958867 s/step
on time step 26452 (time=275.542), 0.00956843 s/step
on time step 26870 (time=279.896), 0.00957595 s/step
field decay(t = 280.1145833333333): 1.3421516380771896e-06 / 1.3421516380771896e-06 = 1.0
on time step 27289 (time=284.26), 0.00954727 s/step
on time step 27707 (time=288.615), 0.00957455 s/step
on time step 28126 (time=292.979), 0.00955297 s/step
on time step 28545 (time=297.344), 0.00956752 s/step
field decay(t = 300.125): 2.8938250803030545e-06 / 2.8938250803030545e-06 = 1.0
on time step 28964 (time=301.708), 0.00955393 s/step
on time step 29382 (time=306.062), 0.00957195 s/step
on time step 29800 (time=310.417), 0.00957207 s/step
on time step 30219 (time=314.781), 0.00956959 s/step
on time step 30638 (time=319.146), 0.00954849 s/step
field decay(t = 320.13541666666663): 6.072190413530818e-06 / 6.072190413530818e-06 = 1.0
on time step 31057 (time=323.51), 0.00956612 s/step
on time step 31476 (time=327.875), 0.00955924 s/step
on time step 31894 (time=332.229), 0.00957198 s/step
on time step 32312 (time=336.583), 0.00957434 s/step
field decay(t = 340.1458333333333): 1.2361497455085824e-05 / 1.2361497455085824e-05 = 1.0
on time step 32730 (time=340.938), 0.00956967 s/step
on time step 33148 (time=345.292), 0.00958041 s/step
on time step 33567 (time=349.656), 0.00956721 s/step
on time step 33985 (time=354.01), 0.00958004 s/step
on time step 34401 (time=358.344), 0.009627 s/step
field decay(t = 360.15625): 2.4421229401261193e-05 / 2.4421229401261193e-05 = 1.0
on time step 34816 (time=362.667), 0.00966058 s/step
on time step 35231 (time=366.99), 0.0096608 s/step
on time step 35646 (time=371.312), 0.00965047 s/step
on time step 36060 (time=375.625), 0.009664 s/step
on time step 36474 (time=379.938), 0.00967548 s/step
field decay(t = 380.16666666666663): 4.690641884743688e-05 / 4.690641884743688e-05 = 1.0
on time step 36889 (time=384.26), 0.00965627 s/step
on time step 37303 (time=388.573), 0.00966558 s/step
on time step 37718 (time=392.896), 0.00966138 s/step
on time step 38131 (time=397.198), 0.00969756 s/step
field decay(t = 400.1770833333333): 8.741548656506973e-05 / 8.741548656506973e-05 = 1.0
on time step 38544 (time=401.5), 0.00969209 s/step
on time step 38957 (time=405.802), 0.00968578 s/step
on time step 39370 (time=410.104), 0.00969255 s/step
on time step 39784 (time=414.417), 0.00967745 s/step
on time step 40197 (time=418.719), 0.00969121 s/step
field decay(t = 420.1875): 0.00015824213889456998 / 0.00015824213889456998 = 1.0
on time step 40611 (time=423.031), 0.00966981 s/step
on time step 41025 (time=427.344), 0.00966651 s/step
on time step 41438 (time=431.646), 0.00968852 s/step
on time step 41851 (time=435.948), 0.00968916 s/step
field decay(t = 440.19791666666663): 0.0002779620913222274 / 0.0002779620913222274 = 1.0
on time step 42265 (time=440.26), 0.00966625 s/step
on time step 42678 (time=444.562), 0.00968982 s/step
on time step 43089 (time=448.844), 0.0097392 s/step
on time step 43504 (time=453.167), 0.00966014 s/step
on time step 43917 (time=457.469), 0.00969276 s/step
field decay(t = 460.2083333333333): 0.0004741680611966226 / 0.0004741680611966226 = 1.0
on time step 44331 (time=461.781), 0.00968177 s/step
on time step 44745 (time=466.094), 0.00968289 s/step
on time step 45158 (time=470.396), 0.00968757 s/step
on time step 45572 (time=474.708), 0.00967643 s/step
on time step 45986 (time=479.021), 0.00968295 s/step
field decay(t = 480.21875): 0.0007851683932120097 / 0.0007851683932120097 = 1.0
on time step 46399 (time=483.323), 0.00969661 s/step
on time step 46812 (time=487.625), 0.0096861 s/step
on time step 47226 (time=491.938), 0.00967073 s/step
on time step 47640 (time=496.25), 0.00968356 s/step
field decay(t = 500.22916666666663): 0.0012623557361465428 / 0.0012623557361465428 = 1.0
on time step 48053 (time=500.552), 0.00968883 s/step
on time step 48467 (time=504.865), 0.00968369 s/step
on time step 48881 (time=509.177), 0.00967966 s/step
on time step 49294 (time=513.479), 0.00968707 s/step
on time step 49708 (time=517.792), 0.0096662 s/step
field decay(t = 520.2291666666666): 0.0019700071111594672 / 0.0019700071111594672 = 1.0
on time step 50123 (time=522.115), 0.00965792 s/step
on time step 50538 (time=526.438), 0.0096617 s/step
on time step 50952 (time=530.75), 0.00967009 s/step
on time step 51367 (time=535.073), 0.00965793 s/step
on time step 51779 (time=539.365), 0.00972956 s/step
field decay(t = 540.2395833333333): 0.0029844691987097856 / 0.0029844691987097856 = 1.0
on time step 52192 (time=543.667), 0.00968982 s/step
on time step 52606 (time=547.979), 0.00966468 s/step
on time step 53022 (time=552.312), 0.00962767 s/step
on time step 53437 (time=556.635), 0.00964719 s/step
field decay(t = 560.25): 0.004389587630469551 / 0.004389587630469551 = 1.0
on time step 53851 (time=560.948), 0.00966899 s/step
on time step 54267 (time=565.281), 0.00962335 s/step
on time step 54683 (time=569.615), 0.00963819 s/step
on time step 55098 (time=573.938), 0.00964479 s/step
on time step 55513 (time=578.26), 0.00964096 s/step
field decay(t = 580.2604166666666): 0.006267010540182529 / 0.006267010540182529 = 1.0
on time step 55928 (time=582.583), 0.00965698 s/step
on time step 56344 (time=586.917), 0.0096202 s/step
on time step 56759 (time=591.24), 0.00964591 s/step
on time step 57175 (time=595.573), 0.0096301 s/step
on time step 57590 (time=599.896), 0.00965012 s/step
field decay(t = 600.2708333333333): 0.008686484146162923 / 0.008686484146162923 = 1.0
on time step 58005 (time=604.219), 0.00965625 s/step
on time step 58420 (time=608.542), 0.0096584 s/step
on time step 58832 (time=612.833), 0.00972216 s/step
on time step 59244 (time=617.125), 0.00971184 s/step
field decay(t = 620.28125): 0.011688567383925244 / 0.011688567383925244 = 1.0
on time step 59658 (time=621.438), 0.00967571 s/step
on time step 60070 (time=625.729), 0.00971503 s/step
on time step 60479 (time=629.99), 0.00979521 s/step
on time step 60887 (time=634.24), 0.00980664 s/step
on time step 61297 (time=638.51), 0.00977483 s/step
field decay(t = 640.2916666666666): 0.015268608435731976 / 0.015268608435731976 = 1.0
on time step 61707 (time=642.781), 0.00977134 s/step
on time step 62117 (time=647.052), 0.00975854 s/step
on time step 62526 (time=651.312), 0.0097878 s/step
on time step 62936 (time=655.583), 0.00976253 s/step
on time step 63346 (time=659.854), 0.00977678 s/step
field decay(t = 660.3020833333333): 0.019364642353124118 / 0.019364642353124118 = 1.0
on time step 63756 (time=664.125), 0.00976683 s/step
on time step 64168 (time=668.417), 0.00971386 s/step
on time step 64578 (time=672.688), 0.0097716 s/step
on time step 64987 (time=676.948), 0.00980434 s/step
field decay(t = 680.3125): 0.02384535721925846 / 0.02384535721925846 = 1.0
on time step 65399 (time=681.24), 0.00972493 s/step
on time step 65810 (time=685.521), 0.00973985 s/step
on time step 66227 (time=689.865), 0.00959701 s/step
on time step 66649 (time=694.26), 0.00948933 s/step
on time step 67071 (time=698.656), 0.00950092 s/step
field decay(t = 700.3229166666666): 0.02851030358295136 / 0.02851030358295136 = 1.0
on time step 67493 (time=703.052), 0.00949739 s/step
on time step 67916 (time=707.458), 0.0094784 s/step
on time step 68338 (time=711.854), 0.00948043 s/step
on time step 68760 (time=716.25), 0.00949361 s/step
field decay(t = 720.3333333333333): 0.03310193771225289 / 0.03310193771225289 = 1.0
on time step 69183 (time=720.656), 0.00947763 s/step
on time step 69606 (time=725.062), 0.00946327 s/step
on time step 70029 (time=729.469), 0.00947218 s/step
on time step 70452 (time=733.875), 0.00947123 s/step
on time step 70875 (time=738.281), 0.00946542 s/step
field decay(t = 740.34375): 0.03732685129029243 / 0.03732685129029243 = 1.0
on time step 71298 (time=742.688), 0.00946402 s/step
on time step 71720 (time=747.083), 0.0094955 s/step
on time step 72139 (time=751.448), 0.00956044 s/step
on time step 72558 (time=755.812), 0.00955029 s/step
on time step 72978 (time=760.188), 0.00952873 s/step
field decay(t = 760.3541666666666): 0.04088425698795429 / 0.04088425698795429 = 1.0
on time step 73398 (time=764.562), 0.00953724 s/step
on time step 73818 (time=768.938), 0.00952549 s/step
on time step 74239 (time=773.323), 0.00951156 s/step
on time step 74658 (time=777.688), 0.00955894 s/step
field decay(t = 780.3645833333333): 0.04350570294648825 / 0.04350570294648825 = 1.0
on time step 75080 (time=782.083), 0.00949581 s/step
on time step 75501 (time=786.469), 0.00951267 s/step
on time step 75922 (time=790.854), 0.00951389 s/step
on time step 76343 (time=795.24), 0.00950792 s/step
on time step 76765 (time=799.635), 0.00950044 s/step
field decay(t = 800.375): 0.04498658051373646 / 0.04498658051373646 = 1.0
on time step 77187 (time=804.031), 0.00949834 s/step
on time step 77605 (time=808.385), 0.00958648 s/step
on time step 78021 (time=812.719), 0.00962687 s/step
on time step 78436 (time=817.042), 0.0096536 s/step
field decay(t = 820.3854166666666): 0.04527785862831003 / 0.04527785862831003 = 1.0
on time step 78840 (time=821.25), 0.0099098 s/step
on time step 79245 (time=825.469), 0.00988539 s/step
on time step 79650 (time=829.688), 0.00989991 s/step
on time step 80054 (time=833.896), 0.00990317 s/step
on time step 80459 (time=838.115), 0.00988109 s/step
field decay(t = 840.3958333333333): 0.04507459219411096 / 0.04527785862831003 = 0.995510687997246
on time step 80864 (time=842.333), 0.00988937 s/step
on time step 81269 (time=846.552), 0.00989648 s/step
on time step 81673 (time=850.76), 0.00990679 s/step
on time step 82077 (time=854.969), 0.00992384 s/step
on time step 82480 (time=859.167), 0.00993753 s/step
field decay(t = 860.40625): 0.043744370749897 / 0.04527785862831003 = 0.9661316165368692
on time step 82890 (time=863.438), 0.00977268 s/step
on time step 83312 (time=867.833), 0.00950051 s/step
on time step 83731 (time=872.198), 0.00954673 s/step
on time step 84151 (time=876.573), 0.00952402 s/step
field decay(t = 880.4166666666666): 0.04129786947931687 / 0.04527785862831003 = 0.9120985561250755
on time step 84567 (time=880.906), 0.00961901 s/step
on time step 84984 (time=885.25), 0.00960636 s/step
on time step 85401 (time=889.594), 0.00960057 s/step
on time step 85817 (time=893.927), 0.0096213 s/step
on time step 86234 (time=898.271), 0.00960838 s/step
field decay(t = 900.4270833333333): 0.03794281115229458 / 0.04527785862831003 = 0.8379992407275815
on time step 86650 (time=902.604), 0.00961874 s/step
on time step 87067 (time=906.948), 0.0096035 s/step
on time step 87484 (time=911.292), 0.00959827 s/step
on time step 87901 (time=915.635), 0.00959551 s/step
on time step 88318 (time=919.979), 0.00960008 s/step
field decay(t = 920.4375): 0.03394232237130163 / 0.04527785862831003 = 0.7496450450525316
on time step 88735 (time=924.323), 0.00960123 s/step
on time step 89152 (time=928.667), 0.00960498 s/step
on time step 89569 (time=933.01), 0.00961298 s/step
on time step 89985 (time=937.344), 0.00961692 s/step
field decay(t = 940.4479166666666): 0.029579711759397127 / 0.04527785862831003 = 0.6532930808901457
on time step 90405 (time=941.719), 0.00953651 s/step
on time step 90821 (time=946.052), 0.00962099 s/step
on time step 91230 (time=950.312), 0.00978224 s/step
on time step 91635 (time=954.531), 0.00988809 s/step
on time step 92039 (time=958.74), 0.00990941 s/step
field decay(t = 960.4583333333333): 0.025126119158141762 / 0.04527785862831003 = 0.5549317021461706
on time step 92446 (time=962.979), 0.0098509 s/step
on time step 92857 (time=967.26), 0.00974525 s/step
on time step 93270 (time=971.562), 0.00970216 s/step
on time step 93682 (time=975.854), 0.00971012 s/step
on time step 94086 (time=980.062), 0.00991491 s/step
field decay(t = 980.46875): 0.02081526517496764 / 0.04527785862831003 = 0.459722827129304
on time step 94491 (time=984.281), 0.00990104 s/step
on time step 94897 (time=988.51), 0.00987165 s/step
on time step 95305 (time=992.76), 0.0098208 s/step
on time step 95739 (time=997.281), 0.00922106 s/step
field decay(t = 1000.4791666666666): 0.016826853440205992 / 0.04527785862831003 = 0.37163536328736585
on time step 96173 (time=1001.8), 0.00923016 s/step
on time step 96607 (time=1006.32), 0.00921979 s/step
on time step 97041 (time=1010.84), 0.00923367 s/step
on time step 97475 (time=1015.36), 0.00922491 s/step
on time step 97909 (time=1019.89), 0.00922883 s/step
field decay(t = 1020.4895833333333): 0.0132802647566967 / 0.04527785862831003 = 0.29330593714061376
on time step 98343 (time=1024.41), 0.00922659 s/step
on time step 98776 (time=1028.92), 0.00923932 s/step
on time step 99208 (time=1033.42), 0.00926724 s/step
on time step 99640 (time=1037.92), 0.00926391 s/step
field decay(t = 1040.4895833333333): 0.010237269395361605 / 0.04527785862831003 = 0.22609879763529145
on time step 100082 (time=1042.52), 0.00905723 s/step
on time step 100499 (time=1046.86), 0.00959961 s/step
on time step 100910 (time=1051.15), 0.0097487 s/step
on time step 101319 (time=1055.41), 0.00979164 s/step
on time step 101729 (time=1059.68), 0.00977462 s/step
field decay(t = 1060.5): 0.007709950162664327 / 0.04527785862831003 = 0.17028080382413827
on time step 102139 (time=1063.95), 0.00976291 s/step
on time step 102548 (time=1068.21), 0.00979181 s/step
on time step 102958 (time=1072.48), 0.00977539 s/step
on time step 103368 (time=1076.75), 0.00976978 s/step
field decay(t = 1080.5104166666665): 0.005673625540891929 / 0.04527785862831003 = 0.1253068434058957
on time step 103777 (time=1081.01), 0.00978476 s/step
on time step 104187 (time=1085.28), 0.00977479 s/step
on time step 104596 (time=1089.54), 0.00979244 s/step
on time step 105021 (time=1093.97), 0.00943228 s/step
on time step 105449 (time=1098.43), 0.00935607 s/step
field decay(t = 1100.5208333333333): 0.00407921603287169 / 0.04527785862831003 = 0.09009295396141273
on time step 105878 (time=1102.9), 0.00933929 s/step
on time step 106308 (time=1107.38), 0.00930803 s/step
on time step 106735 (time=1111.82), 0.00936811 s/step
on time step 107165 (time=1116.3), 0.00931767 s/step
field decay(t = 1120.53125): 0.0028647547236501647 / 0.04527785862831003 = 0.06327054349383417
on time step 107593 (time=1120.76), 0.00935236 s/step
on time step 108021 (time=1125.22), 0.00935067 s/step
on time step 108450 (time=1129.69), 0.00934198 s/step
on time step 108879 (time=1134.16), 0.00933092 s/step
on time step 109307 (time=1138.61), 0.00936696 s/step
field decay(t = 1140.5416666666665): 0.0019643029116942867 / 0.04527785862831003 = 0.04338329972314777
on time step 109733 (time=1143.05), 0.00939338 s/step
on time step 110158 (time=1147.48), 0.0094303 s/step
on time step 110584 (time=1151.92), 0.00939337 s/step
on time step 111010 (time=1156.35), 0.00938991 s/step
field decay(t = 1160.5520833333333): 0.001314488803164786 / 0.04527785862831003 = 0.029031602707971272
on time step 111437 (time=1160.8), 0.00938666 s/step
on time step 111866 (time=1165.27), 0.00934341 s/step
on time step 112293 (time=1169.72), 0.00938775 s/step
on time step 112720 (time=1174.17), 0.00937493 s/step
on time step 113132 (time=1178.46), 0.00971375 s/step
field decay(t = 1180.5625): 0.0008580566961695705 / 0.04527785862831003 = 0.01895091159706633
on time step 113536 (time=1182.67), 0.0099253 s/step
on time step 113939 (time=1186.86), 0.00992783 s/step
on time step 114342 (time=1191.06), 0.0099289 s/step
on time step 114745 (time=1195.26), 0.00993205 s/step
on time step 115148 (time=1199.46), 0.00994024 s/step
field decay(t = 1200.5729166666665): 0.0005465866024084613 / 0.04527785862831003 = 0.012071829785402161
on time step 115552 (time=1203.67), 0.0099099 s/step
on time step 115957 (time=1207.89), 0.00989713 s/step
on time step 116360 (time=1212.08), 0.00992616 s/step
on time step 116766 (time=1216.31), 0.00986996 s/step
on time step 117172 (time=1220.54), 0.00986758 s/step
field decay(t = 1220.5833333333333): 0.0003401541447801918 / 0.04527785862831003 = 0.007512593463673877
on time step 117576 (time=1224.75), 0.00992238 s/step
on time step 117978 (time=1228.94), 0.00997188 s/step
on time step 118381 (time=1233.14), 0.00993146 s/step
on time step 118783 (time=1237.32), 0.00996131 s/step
field decay(t = 1240.59375): 0.00020767934233619016 / 0.04527785862831003 = 0.004586774830520329
on time step 119187 (time=1241.53), 0.00990178 s/step
on time step 119593 (time=1245.76), 0.00987309 s/step
on time step 119995 (time=1249.95), 0.00997108 s/step
on time step 120402 (time=1254.19), 0.00985032 s/step
on time step 120811 (time=1258.45), 0.00979399 s/step
field decay(t = 1260.6041666666665): 0.0001254652907065723 / 0.04527785862831003 = 0.00277100760741642
on time step 121218 (time=1262.69), 0.009845 s/step
on time step 121623 (time=1266.91), 0.00989099 s/step
on time step 122025 (time=1271.09), 0.00995478 s/step
on time step 122429 (time=1275.3), 0.0099056 s/step
on time step 122834 (time=1279.52), 0.00988771 s/step
field decay(t = 1280.6145833333333): 7.622114578218087e-05 / 0.04527785862831003 = 0.001683408802697297
on time step 123242 (time=1283.77), 0.00982462 s/step
on time step 123660 (time=1288.12), 0.00958358 s/step
on time step 124078 (time=1292.48), 0.00958116 s/step
on time step 124496 (time=1296.83), 0.00958586 s/step
field decay(t = 1300.625): 4.774396307267915e-05 / 0.04527785862831003 = 0.0010544660131702249
on time step 124915 (time=1301.2), 0.00956909 s/step
on time step 125334 (time=1305.56), 0.00955318 s/step
on time step 125750 (time=1309.9), 0.00963396 s/step
on time step 126168 (time=1314.25), 0.00958039 s/step
on time step 126586 (time=1318.6), 0.00957299 s/step
field decay(t = 1320.6354166666665): 3.1791403812482606e-05 / 0.04527785862831003 = 0.000702140180114547
on time step 127006 (time=1322.98), 0.00954448 s/step
on time step 127426 (time=1327.35), 0.00952968 s/step
on time step 127845 (time=1331.72), 0.00955052 s/step
on time step 128264 (time=1336.08), 0.00956159 s/step
on time step 128683 (time=1340.45), 0.00956228 s/step
field decay(t = 1340.6458333333333): 2.2993991734905232e-05 / 0.04527785862831003 = 0.0005078418554124866
on time step 129102 (time=1344.81), 0.00955294 s/step
on time step 129518 (time=1349.15), 0.00962507 s/step
on time step 129930 (time=1353.44), 0.00973182 s/step
on time step 130342 (time=1357.73), 0.00972152 s/step
field decay(t = 1360.65625): 1.8066697101539575e-05 / 0.04527785862831003 = 0.00039901836457970985
on time step 130755 (time=1362.03), 0.00970083 s/step
on time step 131166 (time=1366.31), 0.00973686 s/step
on time step 131578 (time=1370.6), 0.00971592 s/step
on time step 131989 (time=1374.89), 0.00974147 s/step
on time step 132401 (time=1379.18), 0.00972013 s/step
field decay(t = 1380.6666666666665): 1.5056123898147727e-05 / 0.04527785862831003 = 0.00033252729599570483
on time step 132812 (time=1383.46), 0.00974351 s/step
on time step 133224 (time=1387.75), 0.00971591 s/step
on time step 133638 (time=1392.06), 0.00967661 s/step
on time step 134051 (time=1396.36), 0.00969787 s/step
field decay(t = 1400.6770833333333): 1.2950251152607134e-05 / 0.04527785862831003 = 0.00028601730613889885
on time step 134465 (time=1400.68), 0.0096647 s/step
on time step 134881 (time=1405.01), 0.00963171 s/step
on time step 135297 (time=1409.34), 0.00962705 s/step
on time step 135712 (time=1413.67), 0.00964783 s/step
on time step 136128 (time=1418), 0.00963782 s/step
field decay(t = 1420.6875): 1.1241384444464078e-05 / 0.04527785862831003 = 0.0002482755321258808
on time step 136542 (time=1422.31), 0.00966405 s/step
on time step 136956 (time=1426.62), 0.00967863 s/step
on time step 137369 (time=1430.93), 0.00968661 s/step
on time step 137783 (time=1435.24), 0.00967271 s/step
on time step 138197 (time=1439.55), 0.00966751 s/step
field decay(t = 1440.6979166666665): 9.732126046740246e-06 / 0.04527785862831003 = 0.00021494227734204777
on time step 138612 (time=1443.88), 0.00964421 s/step
on time step 139027 (time=1448.2), 0.00965635 s/step
on time step 139443 (time=1452.53), 0.0096356 s/step
on time step 139858 (time=1456.85), 0.00965186 s/step
field decay(t = 1460.7083333333333): 8.34186798745196e-06 / 0.04527785862831003 = 0.00018423724619865743
on time step 140273 (time=1461.18), 0.00964245 s/step
on time step 140689 (time=1465.51), 0.00963543 s/step
on time step 141104 (time=1469.83), 0.00964037 s/step
on time step 141518 (time=1474.15), 0.00966601 s/step
on time step 141933 (time=1478.47), 0.00965306 s/step
field decay(t = 1480.71875): 7.066579830654003e-06 / 0.04527785862831003 = 0.0001560714230914537
on time step 142348 (time=1482.79), 0.00966032 s/step
on time step 142763 (time=1487.11), 0.00964732 s/step
on time step 143178 (time=1491.44), 0.00965198 s/step
on time step 143593 (time=1495.76), 0.00964699 s/step
on time step 144005 (time=1500.05), 0.00971697 s/step
field decay(t = 1500.7291666666665): 5.9201629828628516e-06 / 0.04527785862831003 = 0.00013075183240139504
on time step 144420 (time=1504.38), 0.00964912 s/step
on time step 144836 (time=1508.71), 0.0096376 s/step
on time step 145252 (time=1513.04), 0.00963171 s/step
on time step 145667 (time=1517.36), 0.00964566 s/step
field decay(t = 1520.7395833333333): 4.908551698382246e-06 / 0.04527785862831003 = 0.00010840953717968386
on time step 146082 (time=1521.69), 0.00964115 s/step
on time step 146496 (time=1526), 0.00966222 s/step
on time step 146912 (time=1530.33), 0.00962764 s/step
on time step 147327 (time=1534.66), 0.00964577 s/step
on time step 147742 (time=1538.98), 0.00965444 s/step
field decay(t = 1540.75): 4.032966825830801e-06 / 0.04527785862831003 = 8.907150090594575e-05
on time step 148157 (time=1543.3), 0.00965221 s/step
on time step 148572 (time=1547.62), 0.00965269 s/step
on time step 148985 (time=1551.93), 0.0096982 s/step
on time step 149397 (time=1556.22), 0.00971307 s/step
on time step 149811 (time=1560.53), 0.00967902 s/step
field decay(t = 1560.7604166666665): 3.286240032527683e-06 / 0.04527785862831003 = 7.257940485888963e-05
on time step 150226 (time=1564.85), 0.00965094 s/step
on time step 150640 (time=1569.17), 0.00968423 s/step
on time step 151055 (time=1573.49), 0.00964916 s/step
on time step 151471 (time=1577.82), 0.00962537 s/step
field decay(t = 1580.7708333333333): 2.6665845859234157e-06 / 0.04527785862831003 = 5.889378753120031e-05
on time step 151886 (time=1582.15), 0.00964347 s/step
on time step 152301 (time=1586.47), 0.00964246 s/step
on time step 152715 (time=1590.78), 0.00966374 s/step
on time step 153131 (time=1595.11), 0.00962684 s/step
on time step 153546 (time=1599.44), 0.0096433 s/step
field decay(t = 1600.78125): 2.152056959609328e-06 / 0.04527785862831003 = 4.753000748723023e-05
on time step 153961 (time=1603.76), 0.00965432 s/step
on time step 154376 (time=1608.08), 0.00966062 s/step
on time step 154792 (time=1612.42), 0.00963774 s/step
on time step 155207 (time=1616.74), 0.00964408 s/step
field decay(t = 1620.7916666666665): 1.730510017124368e-06 / 0.04527785862831003 = 3.8219784891557674e-05
on time step 155623 (time=1621.07), 0.00963616 s/step
on time step 156039 (time=1625.41), 0.00962757 s/step
on time step 156454 (time=1629.73), 0.00963908 s/step
on time step 156870 (time=1634.06), 0.00962939 s/step
on time step 157286 (time=1638.4), 0.00962736 s/step
field decay(t = 1640.8020833333333): 1.3891375975058234e-06 / 0.04527785862831003 = 3.0680284792383345e-05
on time step 157700 (time=1642.71), 0.00967368 s/step
on time step 158153 (time=1647.43), 0.00883586 s/step
on time step 158719 (time=1653.32), 0.00707913 s/step
on time step 159284 (time=1659.21), 0.00707986 s/step
field decay(t = 1660.8125): 1.1108098569492442e-06 / 0.04527785862831003 = 2.453318002664351e-05
on time step 159850 (time=1665.1), 0.00707698 s/step
on time step 160415 (time=1670.99), 0.00708093 s/step
on time step 160982 (time=1676.9), 0.00706699 s/step
2026-05-30 12:36:02 [INFO] D11_scaled_deep_groove: Checkpointed 3 completed spectra row(s) to /mnt/c/Users/admin/Meep_Simulation/meep_sim/results/diagnostics_v2/tables/D11_thickness_1um_quick_spectra_checkpoint.csv
2026-05-30 12:36:02 [INFO] D11_scaled_deep_groove: >>> task=4/10 case=scaled_inner_wall_film_1um pol=Ez wl=10.985 res=24 pml=4
2026-05-30 12:36:02 [INFO] D11_scaled_deep_groove: [single ref] wl=10.985 um, f=0.0910332, res=24, comp=Ez
field decay(t = 1680.8229166666665): 8.891560977274286e-07 / 0.04527785862831003 = 1.9637768319093665e-05
run 0 finished at t = 1680.8229166666665 (161359 timesteps)
-----------
Initializing structure...
Splitting into 16 chunks by voxels
time for choose_chunkdivision = 0.000547354 s
Working in 2D dimensions.
Computational cell is 50 x 49 x 0 with resolution 24
time for set_epsilon = 0.139919 s
-----------
field decay(t = 20.010416666666664): 3.4215899527749997e-10 / 3.4215899527749997e-10 = 1.0
field decay(t = 40.010416666666664): 5.622223159762893e-11 / 3.4215899527749997e-10 = 0.1643160997478123
on time step 4349 (time=45.3021), 0.000919846 s/step
field decay(t = 60.02083333333333): 9.536770325750524e-11 / 3.4215899527749997e-10 = 0.27872335543936094
field decay(t = 80.02083333333333): 2.285759686154867e-10 / 3.4215899527749997e-10 = 0.6680402145502723
on time step 8865 (time=92.3438), 0.000885834 s/step
field decay(t = 100.03125): 5.964151573381866e-10 / 5.964151573381866e-10 = 1.0
field decay(t = 120.04166666666666): 1.2666050335759306e-09 / 1.2666050335759306e-09 = 1.0
on time step 13385 (time=139.427), 0.000885043 s/step
field decay(t = 140.04166666666666): 3.4827566743399767e-09 / 3.4827566743399767e-09 = 1.0
field decay(t = 160.05208333333331): 8.314636924569397e-09 / 8.314636924569397e-09 = 1.0
field decay(t = 180.0625): 1.9172982532611296e-08 / 1.9172982532611296e-08 = 1.0
on time step 17907 (time=186.531), 0.000884675 s/step
field decay(t = 200.07291666666666): 4.982421775386784e-08 / 4.982421775386784e-08 = 1.0
field decay(t = 220.08333333333331): 9.989276725805586e-08 / 9.989276725805586e-08 = 1.0
on time step 22419 (time=233.531), 0.000886594 s/step
field decay(t = 240.09375): 2.469629928024308e-07 / 2.469629928024308e-07 = 1.0
field decay(t = 260.10416666666663): 5.924276049680474e-07 / 5.924276049680474e-07 = 1.0
field decay(t = 280.1145833333333): 1.122172155466413e-06 / 1.122172155466413e-06 = 1.0
on time step 26951 (time=280.74), 0.000882662 s/step
field decay(t = 300.125): 2.5659225188819756e-06 / 2.5659225188819756e-06 = 1.0
field decay(t = 320.13541666666663): 5.6974368877367064e-06 / 5.6974368877367064e-06 = 1.0
on time step 31306 (time=326.104), 0.000918542 s/step
field decay(t = 340.1458333333333): 1.0183441580175604e-05 / 1.0183441580175604e-05 = 1.0
field decay(t = 360.15625): 2.1527234032401157e-05 / 2.1527234032401157e-05 = 1.0
on time step 35677 (time=371.635), 0.000915158 s/step
field decay(t = 380.16666666666663): 4.4113297618509755e-05 / 4.4113297618509755e-05 = 1.0
field decay(t = 400.1770833333333): 7.442808346771345e-05 / 7.442808346771345e-05 = 1.0
on time step 40044 (time=417.125), 0.000916059 s/step
field decay(t = 420.1875): 0.0001453657848894825 / 0.0001453657848894825 = 1.0
field decay(t = 440.19791666666663): 0.0002573688391239173 / 0.0002573688391239173 = 1.0
field decay(t = 460.2083333333333): 0.00043760586106006893 / 0.00043760586106006893 = 1.0
on time step 44414 (time=462.646), 0.000915534 s/step
field decay(t = 480.21875): 0.0007895463807686414 / 0.0007895463807686414 = 1.0
field decay(t = 500.22916666666663): 0.0012060940091880867 / 0.0012060940091880867 = 1.0
on time step 48781 (time=508.135), 0.000916109 s/step
field decay(t = 520.2291666666666): 0.002069441575294599 / 0.002069441575294599 = 1.0
field decay(t = 540.2395833333333): 0.0034495037711865665 / 0.0034495037711865665 = 1.0
on time step 53163 (time=553.781), 0.000912886 s/step
field decay(t = 560.25): 0.004965973079908204 / 0.004965973079908204 = 1.0
field decay(t = 580.2604166666666): 0.007871720306013954 / 0.007871720306013954 = 1.0
on time step 57590 (time=599.896), 0.000903625 s/step
field decay(t = 600.2708333333333): 0.012122676510326214 / 0.012122676510326214 = 1.0
field decay(t = 620.28125): 0.016446154958839037 / 0.016446154958839037 = 1.0
field decay(t = 640.2916666666666): 0.02408416850059759 / 0.02408416850059759 = 1.0
on time step 62027 (time=646.115), 0.000901711 s/step
field decay(t = 660.3020833333333): 0.034265962041660145 / 0.034265962041660145 = 1.0
field decay(t = 680.3125): 0.04380904400109354 / 0.04380904400109354 = 1.0
on time step 66453 (time=692.219), 0.000903872 s/step
field decay(t = 700.3229166666666): 0.059270916392994234 / 0.059270916392994234 = 1.0
field decay(t = 720.3333333333333): 0.07411679414371922 / 0.07411679414371922 = 1.0
on time step 70884 (time=738.375), 0.000902905 s/step
field decay(t = 740.34375): 0.09386546191900416 / 0.09386546191900416 = 1.0
field decay(t = 760.3541666666666): 0.11732729191339991 / 0.11732729191339991 = 1.0
field decay(t = 780.3645833333333): 0.13610375322840024 / 0.13610375322840024 = 1.0
on time step 75307 (time=784.448), 0.000904369 s/step
field decay(t = 800.375): 0.16176782753914182 / 0.16176782753914182 = 1.0
field decay(t = 820.3854166666666): 0.1868111332398371 / 0.1868111332398371 = 1.0
on time step 79734 (time=830.562), 0.000903604 s/step
field decay(t = 840.3958333333333): 0.20421482540558392 / 0.20421482540558392 = 1.0
field decay(t = 860.40625): 0.22424540523010542 / 0.22424540523010542 = 1.0
on time step 84161 (time=876.677), 0.000903592 s/step
field decay(t = 880.4166666666666): 0.23925016095915422 / 0.23925016095915422 = 1.0
field decay(t = 900.4270833333333): 0.24646138062061798 / 0.24646138062061798 = 1.0
field decay(t = 920.4375): 0.2500345829123351 / 0.2500345829123351 = 1.0
on time step 88575 (time=922.656), 0.000906332 s/step
field decay(t = 940.4479166666666): 0.2498089767001411 / 0.2500345829123351 = 0.9990976999678757
field decay(t = 960.4583333333333): 0.24600142774924894 / 0.2500345829123351 = 0.983869610691013
on time step 93001 (time=968.76), 0.000903872 s/step
field decay(t = 980.46875): 0.2360433947779766 / 0.2500345829123351 = 0.9440429880883159
field decay(t = 1000.4791666666666): 0.2196515986141974 / 0.2500345829123351 = 0.8784848721954982
on time step 97351 (time=1014.07), 0.000919735 s/step
field decay(t = 1020.4895833333333): 0.20421487109698558 / 0.2500345829123351 = 0.8167465024971589
field decay(t = 1040.4895833333333): 0.18069543294076026 / 0.2500345829123351 = 0.722681762002955
on time step 101688 (time=1059.25), 0.000922488 s/step
field decay(t = 1060.5): 0.15534818526985258 / 0.2500345829123351 = 0.621306794685755
field decay(t = 1080.5104166666665): 0.13610462929001646 / 0.2500345829123351 = 0.5443432172650143
field decay(t = 1100.5208333333333): 0.1112622234206451 / 0.2500345829123351 = 0.44498733785019995
on time step 106047 (time=1104.66), 0.000917739 s/step
field decay(t = 1120.53125): 0.08837385584897578 / 0.2500345829123351 = 0.3534465305543779
field decay(t = 1140.5416666666665): 0.07296315051350873 / 0.2500345829123351 = 0.2918122351862439
on time step 110398 (time=1149.98), 0.000919381 s/step
field decay(t = 1160.5520833333333): 0.05510523042325119 / 0.2500345829123351 = 0.220390434720671
field decay(t = 1180.5625): 0.040437777746886734 / 0.2500345829123351 = 0.16172873878436514
on time step 114740 (time=1195.21), 0.000921283 s/step
field decay(t = 1200.5729166666665): 0.031461502072520665 / 0.2500345829123351 = 0.12582860221200448
field decay(t = 1220.5833333333333): 0.021952416389940044 / 0.2500345829123351 = 0.08779752038395747
on time step 119090 (time=1240.52), 0.000919646 s/step
field decay(t = 1240.59375): 0.016333864737746707 / 0.2500345829123351 = 0.06532642223925296
field decay(t = 1260.6041666666665): 0.010911896505810472 / 0.2500345829123351 = 0.04364154901578676
field decay(t = 1280.6145833333333): 0.0070342159124715375 / 0.2500345829123351 = 0.028132971969472766
on time step 123442 (time=1285.85), 0.000919206 s/step
field decay(t = 1300.625): 0.004966115886969678 / 0.2500345829123351 = 0.019861716043939624
field decay(t = 1320.6354166666665): 0.003044141772830944 / 0.2500345829123351 = 0.012174882919688969
on time step 127797 (time=1331.22), 0.000918626 s/step
field decay(t = 1340.6458333333333): 0.001812980864676106 / 0.2500345829123351 = 0.007250920426922531
field decay(t = 1360.65625): 0.0012062060136253203 / 0.2500345829123351 = 0.004824156720945396
on time step 132150 (time=1376.56), 0.000919027 s/step
field decay(t = 1380.6666666666665): 0.0006830714691945164 / 0.2500345829123351 = 0.002731907967443083
field decay(t = 1400.6770833333333): 0.0003758558813235908 / 0.2500345829123351 = 0.0015032155830034522
field decay(t = 1420.6875): 0.0002356580972480408 / 0.2500345829123351 = 0.0009425020111344563
on time step 136498 (time=1421.85), 0.000920104 s/step
field decay(t = 1440.6979166666665): 0.0001232780872349487 / 0.2500345829123351 = 0.0004930441453299736
field decay(t = 1460.7083333333333): 6.607022431753628e-05 / 0.2500345829123351 = 0.0002642443439142226
on time step 140846 (time=1467.15), 0.000920082 s/step
field decay(t = 1480.71875): 3.703199875915577e-05 / 0.2500345829123351 = 0.00014810750708088889
field decay(t = 1500.7291666666665): 1.7895674733286158e-05 / 0.2500345829123351 = 7.157279814992865e-05
on time step 145159 (time=1512.07), 0.000927485 s/step
field decay(t = 1520.7395833333333): 1.001996223811961e-05 / 0.2500345829123351 = 4.007430540771522e-05
field decay(t = 1540.75): 4.68224427069217e-06 / 0.2500345829123351 = 1.872638663081985e-05
field decay(t = 1560.7604166666665): 2.0903130783326907e-06 / 0.2500345829123351 = 8.360095847483536e-06
on time step 149911 (time=1561.57), 0.000841756 s/step
field decay(t = 1580.7708333333333): 1.1212957834219846e-06 / 0.2500345829123351 = 4.484562776722464e-06
field decay(t = 1600.78125): 4.76138029714699e-07 / 0.2500345829123351 = 1.9042886954627323e-06
on time step 154543 (time=1609.82), 0.000863747 s/step
field decay(t = 1620.7916666666665): 1.9655130188345145e-07 / 0.2500345829123351 = 7.860964655131907e-07
field decay(t = 1640.8020833333333): 9.950892085634604e-08 / 0.2500345829123351 = 3.9798063010841575e-07
on time step 159031 (time=1656.57), 0.000891433 s/step
field decay(t = 1660.8125): 3.912577024362325e-08 / 0.2500345829123351 = 1.5648143463954815e-07
field decay(t = 1680.8229166666665): 1.496043538092199e-08 / 0.2500345829123351 = 5.983346466183553e-08
field decay(t = 1700.8333333333333): 7.131911821835231e-09 / 0.2500345829123351 = 2.8523701556659298e-08
on time step 163501 (time=1703.14), 0.000894884 s/step
field decay(t = 1720.84375): 2.5815546812073638e-09 / 0.2500345829123351 = 1.0324790479533327e-08
field decay(t = 1740.8541666666665): 1.000518484820461e-09 / 0.2500345829123351 = 4.001520402364716e-09
on time step 167977 (time=1749.76), 0.000893657 s/step
field decay(t = 1760.8645833333333): 4.226723726113697e-10 / 0.2500345829123351 = 1.6904556469277026e-09
field decay(t = 1780.875): 1.49149717816089e-10 / 0.2500345829123351 = 5.965163541732247e-10
on time step 172455 (time=1796.41), 0.000893358 s/step
field decay(t = 1800.8854166666665): 6.539978970126734e-11 / 0.2500345829123351 = 2.615629763671421e-10
field decay(t = 1820.8958333333333): 2.337947540331266e-11 / 0.2500345829123351 = 9.350496691695549e-11
field decay(t = 1840.90625): 3.2979761278552853e-10 / 0.2500345829123351 = 1.3190079905912825e-09
run 0 finished at t = 1840.90625 (176727 timesteps)
-----------
Initializing structure...
Splitting into 16 chunks by voxels
time for choose_chunkdivision = 0.000843967 s
Working in 2D dimensions.
Computational cell is 50 x 49 x 0 with resolution 24
     block, center = (0,-4,0)
          size (50,25,1e+20)
          axes (1,0,0), (0,1,0), (0,0,1)
          dielectric constant epsilon diagonal = (1,1,1)
     prism, center = (2.72978,1,5e+19)
          height 1e+20, axis (0,0,1), sidewall angle: 0 radians, 4 vertices:
          (-10,8.5,0)
          (10,8.5,0)
          (15.4596,-6.5,0)
          (-4.54045,-6.5,0)
          dielectric constant epsilon diagonal = (2.30448,2.30448,2.30448)
     prism, center = (2.54779,1.5,5e+19)
          height 1e+20, axis (0,0,1), sidewall angle: 0 radians, 4 vertices:
          (-9,8.5,0)
          (9,8.5,0)
          (14.0956,-5.5,0)
          (-3.90442,-5.5,0)
          dielectric constant epsilon diagonal = (1,1,1)
time for set_epsilon = 1.22512 s
time for set_conductivity = 0.0374685 s
time for set_conductivity = 0.0370678 s
time for set_conductivity = 0.0379305 s
lorentzian susceptibility: frequency=15.6714, gamma=1.42115
lorentzian susceptibility: frequency=2.02365, gamma=1.3413
lorentzian susceptibility: frequency=1.24613, gamma=2.0309
lorentzian susceptibility: frequency=0.626693, gamma=1.83572
drude susceptibility: frequency=1e-10, gamma=0.0661375
-----------
2026-05-30 12:38:44 [INFO] D11_scaled_deep_groove: [single struct] 3 geometry objects
on time step 512 (time=5.33333), 0.00781425 s/step
on time step 1048 (time=10.9167), 0.0074757 s/step
on time step 1584 (time=16.5), 0.00747 s/step
field decay(t = 20.010416666666664): 3.4215899527749997e-10 / 3.4215899527749997e-10 = 1.0
on time step 2121 (time=22.0938), 0.0074579 s/step
on time step 2657 (time=27.6771), 0.00746992 s/step
on time step 3303 (time=34.4062), 0.00619758 s/step
on time step 3789 (time=39.4688), 0.00823344 s/step
field decay(t = 40.010416666666664): 7.824671748180373e-11 / 3.4215899527749997e-10 = 0.22868525615801383
on time step 4197 (time=43.7188), 0.00980977 s/step
on time step 4604 (time=47.9583), 0.00984478 s/step
on time step 5009 (time=52.1771), 0.0098776 s/step
on time step 5416 (time=56.4167), 0.00985094 s/step
field decay(t = 60.02083333333333): 2.1646347097904828e-10 / 3.4215899527749997e-10 = 0.6326400122945495
on time step 5822 (time=60.6458), 0.00985299 s/step
on time step 6229 (time=64.8854), 0.00984767 s/step
on time step 6635 (time=69.1146), 0.00987473 s/step
on time step 7041 (time=73.3438), 0.00986829 s/step
on time step 7447 (time=77.5729), 0.00986318 s/step
field decay(t = 80.02083333333333): 3.80827124048555e-10 / 3.80827124048555e-10 = 1.0
on time step 7853 (time=81.8021), 0.00986155 s/step
on time step 8259 (time=86.0312), 0.00986412 s/step
on time step 8665 (time=90.2604), 0.00986868 s/step
on time step 9071 (time=94.4896), 0.00985501 s/step
on time step 9477 (time=98.7188), 0.00986716 s/step
field decay(t = 100.03125): 7.017075039947892e-10 / 7.017075039947892e-10 = 1.0
on time step 9882 (time=102.938), 0.00988162 s/step
on time step 10287 (time=107.156), 0.00989439 s/step
on time step 10692 (time=111.375), 0.00989336 s/step
on time step 11097 (time=115.594), 0.00988513 s/step
on time step 11502 (time=119.812), 0.0098977 s/step
field decay(t = 120.04166666666666): 1.7648707251164794e-09 / 1.7648707251164794e-09 = 1.0
on time step 11907 (time=124.031), 0.00988189 s/step
on time step 12312 (time=128.25), 0.00988951 s/step
on time step 12717 (time=132.469), 0.00988551 s/step
on time step 13122 (time=136.688), 0.00990071 s/step
field decay(t = 140.04166666666666): 4.777301334071918e-09 / 4.777301334071918e-09 = 1.0
on time step 13527 (time=140.906), 0.00987829 s/step
on time step 13932 (time=145.125), 0.00989822 s/step
on time step 14337 (time=149.344), 0.00988516 s/step
on time step 14742 (time=153.562), 0.00989128 s/step
on time step 15147 (time=157.781), 0.00988467 s/step
field decay(t = 160.05208333333331): 9.684259106729448e-09 / 9.684259106729448e-09 = 1.0
on time step 15552 (time=162), 0.00989521 s/step
on time step 15958 (time=166.229), 0.00987445 s/step
on time step 16364 (time=170.458), 0.00986365 s/step
on time step 16770 (time=174.688), 0.00986019 s/step
on time step 17176 (time=178.917), 0.00986108 s/step
field decay(t = 180.0625): 2.6684268465964658e-08 / 2.6684268465964658e-08 = 1.0
on time step 17581 (time=183.135), 0.00988116 s/step
on time step 17987 (time=187.365), 0.00986848 s/step
on time step 18393 (time=191.594), 0.00986225 s/step
on time step 18799 (time=195.823), 0.00986049 s/step
on time step 19205 (time=200.052), 0.00986134 s/step
field decay(t = 200.07291666666666): 6.886490262845713e-08 / 6.886490262845713e-08 = 1.0
on time step 19611 (time=204.281), 0.00985913 s/step
on time step 20017 (time=208.51), 0.00986695 s/step
on time step 20423 (time=212.74), 0.00987137 s/step
on time step 20828 (time=216.958), 0.00988186 s/step
field decay(t = 220.08333333333331): 1.3990562148571247e-07 / 1.3990562148571247e-07 = 1.0
on time step 21233 (time=221.177), 0.00987938 s/step
on time step 21638 (time=225.396), 0.00987844 s/step
on time step 22043 (time=229.615), 0.00988525 s/step
on time step 22449 (time=233.844), 0.00987132 s/step
on time step 22854 (time=238.062), 0.00987783 s/step
field decay(t = 240.09375): 3.471202541278253e-07 / 3.471202541278253e-07 = 1.0
on time step 23259 (time=242.281), 0.00989291 s/step
on time step 23664 (time=246.5), 0.00988687 s/step
on time step 24069 (time=250.719), 0.00988551 s/step
on time step 24474 (time=254.938), 0.00988291 s/step
on time step 24882 (time=259.188), 0.0098133 s/step
field decay(t = 260.10416666666663): 8.022695621548746e-07 / 8.022695621548746e-07 = 1.0
on time step 25291 (time=263.448), 0.00979736 s/step
on time step 25700 (time=267.708), 0.00979341 s/step
on time step 26109 (time=271.969), 0.00980104 s/step
on time step 26518 (time=276.229), 0.0097931 s/step
field decay(t = 280.1145833333333): 1.5962373255945456e-06 / 1.5962373255945456e-06 = 1.0
on time step 26927 (time=280.49), 0.00979296 s/step
on time step 27336 (time=284.75), 0.00980124 s/step
on time step 27745 (time=289.01), 0.00979309 s/step
on time step 28154 (time=293.271), 0.00979235 s/step
on time step 28563 (time=297.531), 0.00979317 s/step
field decay(t = 300.125): 3.673944963207745e-06 / 3.673944963207745e-06 = 1.0
on time step 28972 (time=301.792), 0.00979277 s/step
on time step 29381 (time=306.052), 0.00978375 s/step
on time step 29790 (time=310.312), 0.00979626 s/step
on time step 30198 (time=314.562), 0.00981256 s/step
on time step 30607 (time=318.823), 0.00979727 s/step
field decay(t = 320.13541666666663): 6.767676221692667e-06 / 6.767676221692667e-06 = 1.0
on time step 31016 (time=323.083), 0.00979865 s/step
on time step 31424 (time=327.333), 0.00980737 s/step
on time step 31832 (time=331.583), 0.00981896 s/step
on time step 32240 (time=335.833), 0.00980992 s/step
on time step 32649 (time=340.094), 0.00980325 s/step
field decay(t = 340.1458333333333): 1.479435662186207e-05 / 1.479435662186207e-05 = 1.0
on time step 33057 (time=344.344), 0.00981872 s/step
on time step 33465 (time=348.594), 0.00982254 s/step
on time step 33873 (time=352.844), 0.00982355 s/step
on time step 34280 (time=357.083), 0.00984506 s/step
field decay(t = 360.15625): 3.152893873826786e-05 / 3.152893873826786e-05 = 1.0
on time step 34687 (time=361.323), 0.00984217 s/step
on time step 35094 (time=365.562), 0.00983592 s/step
on time step 35501 (time=369.802), 0.00983735 s/step
on time step 35909 (time=374.052), 0.00981652 s/step
on time step 36317 (time=378.302), 0.00981716 s/step
field decay(t = 380.16666666666663): 5.458756620573577e-05 / 5.458756620573577e-05 = 1.0
on time step 36725 (time=382.552), 0.00981537 s/step
on time step 37133 (time=386.802), 0.0098185 s/step
on time step 37541 (time=391.052), 0.009809 s/step
on time step 37949 (time=395.302), 0.00982087 s/step
on time step 38357 (time=399.552), 0.00981533 s/step
field decay(t = 400.1770833333333): 0.00011067377337649651 / 0.00011067377337649651 = 1.0
on time step 38765 (time=403.802), 0.00981537 s/step
on time step 39173 (time=408.052), 0.00981234 s/step
on time step 39581 (time=412.302), 0.00981528 s/step
on time step 39989 (time=416.552), 0.00980846 s/step
field decay(t = 420.1875): 0.00021809260023166895 / 0.00021809260023166895 = 1.0
on time step 40398 (time=420.812), 0.00979882 s/step
on time step 40807 (time=425.073), 0.00979616 s/step
on time step 41215 (time=429.323), 0.00981296 s/step
on time step 41624 (time=433.583), 0.00979335 s/step
on time step 42033 (time=437.844), 0.00979767 s/step
field decay(t = 440.19791666666663): 0.00035599948966168925 / 0.00035599948966168925 = 1.0
on time step 42441 (time=442.094), 0.00980631 s/step
on time step 42850 (time=446.354), 0.00979807 s/step
on time step 43259 (time=450.615), 0.00980259 s/step
on time step 43668 (time=454.875), 0.00979505 s/step
on time step 44077 (time=459.135), 0.00979216 s/step
field decay(t = 460.2083333333333): 0.0006674687363071171 / 0.0006674687363071171 = 1.0
on time step 44485 (time=463.385), 0.00982637 s/step
on time step 44893 (time=467.635), 0.00982778 s/step
on time step 45300 (time=471.875), 0.00983473 s/step
on time step 45707 (time=476.115), 0.00982837 s/step
field decay(t = 480.21875): 0.0012142423010347235 / 0.0012142423010347235 = 1.0
on time step 46115 (time=480.365), 0.00982591 s/step
on time step 46523 (time=484.615), 0.00982534 s/step
on time step 46930 (time=488.854), 0.00982998 s/step
on time step 47337 (time=493.094), 0.00982882 s/step
on time step 47743 (time=497.323), 0.00986702 s/step
field decay(t = 500.22916666666663): 0.0018719711887086525 / 0.0018719711887086525 = 1.0
on time step 48149 (time=501.552), 0.009865 s/step
on time step 48555 (time=505.781), 0.00986177 s/step
on time step 48961 (time=510.01), 0.00986019 s/step
on time step 49367 (time=514.24), 0.00985881 s/step
on time step 49773 (time=518.469), 0.00985898 s/step
field decay(t = 520.2291666666666): 0.003244451139169984 / 0.003244451139169984 = 1.0
on time step 50179 (time=522.698), 0.00986069 s/step
on time step 50584 (time=526.917), 0.00988136 s/step
on time step 50990 (time=531.146), 0.009865 s/step
on time step 51391 (time=535.323), 0.00999144 s/step
on time step 51791 (time=539.49), 0.0100195 s/step
field decay(t = 540.2395833333333): 0.005014047422533818 / 0.005014047422533818 = 1.0
on time step 52191 (time=543.656), 0.0100013 s/step
on time step 52591 (time=547.823), 0.0100152 s/step
on time step 52991 (time=551.99), 0.0100098 s/step
on time step 53391 (time=556.156), 0.0100002 s/step
field decay(t = 560.25): 0.007932207402941644 / 0.007932207402941644 = 1.0
on time step 53796 (time=560.375), 0.00987887 s/step
on time step 54209 (time=564.677), 0.00969008 s/step
on time step 54622 (time=568.979), 0.00969874 s/step
on time step 55034 (time=573.271), 0.00972196 s/step
on time step 55447 (time=577.573), 0.00970554 s/step
field decay(t = 580.2604166666666): 0.012712180624833749 / 0.012712180624833749 = 1.0
on time step 55859 (time=581.865), 0.00970971 s/step
on time step 56272 (time=586.167), 0.00969247 s/step
on time step 56692 (time=590.542), 0.00954579 s/step
on time step 57112 (time=594.917), 0.00953451 s/step
on time step 57532 (time=599.292), 0.00954153 s/step
field decay(t = 600.2708333333333): 0.01777055181030166 / 0.01777055181030166 = 1.0
on time step 57952 (time=603.667), 0.00953174 s/step
on time step 58370 (time=608.021), 0.00958776 s/step
on time step 58790 (time=612.396), 0.00953076 s/step
on time step 59210 (time=616.771), 0.00954392 s/step
field decay(t = 620.28125): 0.027094068549722516 / 0.027094068549722516 = 1.0
on time step 59630 (time=621.146), 0.00954127 s/step
on time step 60050 (time=625.521), 0.00954435 s/step
on time step 60470 (time=629.896), 0.00953613 s/step
on time step 60890 (time=634.271), 0.00954443 s/step
on time step 61310 (time=638.646), 0.00954169 s/step
field decay(t = 640.2916666666666): 0.040148608362369005 / 0.040148608362369005 = 1.0
on time step 61729 (time=643.01), 0.00954825 s/step
on time step 62149 (time=647.385), 0.00953172 s/step
on time step 62569 (time=651.76), 0.00954374 s/step
on time step 62989 (time=656.135), 0.00954395 s/step
field decay(t = 660.3020833333333): 0.05292434738122312 / 0.05292434738122312 = 1.0
on time step 63409 (time=660.51), 0.00954478 s/step
on time step 63828 (time=664.875), 0.0095542 s/step
on time step 64248 (time=669.25), 0.00954327 s/step
on time step 64667 (time=673.615), 0.0095487 s/step
on time step 65087 (time=677.99), 0.00954257 s/step
field decay(t = 680.3125): 0.07460946068020675 / 0.07460946068020675 = 1.0
on time step 65507 (time=682.365), 0.00953598 s/step
on time step 65926 (time=686.729), 0.00954809 s/step
on time step 66346 (time=691.104), 0.00953687 s/step
on time step 66766 (time=695.479), 0.00953599 s/step
on time step 67185 (time=699.844), 0.00954732 s/step
field decay(t = 700.3229166666666): 0.10222842024503888 / 0.10222842024503888 = 1.0
on time step 67605 (time=704.219), 0.00953586 s/step
on time step 68025 (time=708.594), 0.00953854 s/step
on time step 68445 (time=712.969), 0.00953293 s/step
on time step 68864 (time=717.333), 0.00955296 s/step
field decay(t = 720.3333333333333): 0.12706788436320726 / 0.12706788436320726 = 1.0
on time step 69283 (time=721.698), 0.0095467 s/step
on time step 69702 (time=726.062), 0.00954837 s/step
on time step 70121 (time=730.427), 0.0095556 s/step
on time step 70541 (time=734.802), 0.00954393 s/step
on time step 70961 (time=739.177), 0.00953885 s/step
field decay(t = 740.34375): 0.16564491630465977 / 0.16564491630465977 = 1.0
on time step 71381 (time=743.552), 0.00953118 s/step
on time step 71801 (time=747.927), 0.00953974 s/step
on time step 72221 (time=752.302), 0.00954078 s/step
on time step 72641 (time=756.677), 0.0095341 s/step
field decay(t = 760.3541666666666): 0.20473102637868043 / 0.20473102637868043 = 1.0
on time step 73061 (time=761.052), 0.00953804 s/step
on time step 73481 (time=765.427), 0.00954604 s/step
on time step 73900 (time=769.792), 0.00954812 s/step
on time step 74320 (time=774.167), 0.0095421 s/step
on time step 74740 (time=778.542), 0.00953736 s/step
field decay(t = 780.3645833333333): 0.2459864820861013 / 0.2459864820861013 = 1.0
on time step 75160 (time=782.917), 0.00953993 s/step
on time step 75580 (time=787.292), 0.00953741 s/step
on time step 76000 (time=791.667), 0.00954457 s/step
on time step 76420 (time=796.042), 0.0095405 s/step
field decay(t = 800.375): 0.29651025482744103 / 0.29651025482744103 = 1.0
on time step 76840 (time=800.417), 0.00953869 s/step
on time step 77259 (time=804.781), 0.00954924 s/step
on time step 77678 (time=809.146), 0.00954882 s/step
on time step 78098 (time=813.521), 0.0095401 s/step
on time step 78517 (time=817.885), 0.00954827 s/step
field decay(t = 820.3854166666666): 0.33479420132094995 / 0.33479420132094995 = 1.0
on time step 78937 (time=822.26), 0.00953786 s/step
on time step 79357 (time=826.635), 0.00954408 s/step
on time step 79777 (time=831.01), 0.00953795 s/step
on time step 80196 (time=835.375), 0.00955839 s/step
on time step 80615 (time=839.74), 0.00954883 s/step
field decay(t = 840.3958333333333): 0.3839529770117778 / 0.3839529770117778 = 1.0
on time step 81034 (time=844.104), 0.00954748 s/step
on time step 81454 (time=848.479), 0.00954085 s/step
on time step 81874 (time=852.854), 0.00952724 s/step
on time step 82294 (time=857.229), 0.00953911 s/step
field decay(t = 860.40625): 0.4279675942576359 / 0.4279675942576359 = 1.0
on time step 82714 (time=861.604), 0.00953424 s/step
on time step 83134 (time=865.979), 0.0095282 s/step
on time step 83554 (time=870.354), 0.00952845 s/step
on time step 83974 (time=874.729), 0.00953012 s/step
on time step 84394 (time=879.104), 0.00954575 s/step
field decay(t = 880.4166666666666): 0.4556674413852192 / 0.4556674413852192 = 1.0
on time step 84814 (time=883.479), 0.0095249 s/step
on time step 85234 (time=887.854), 0.00953181 s/step
on time step 85654 (time=892.229), 0.00954422 s/step
on time step 86074 (time=896.604), 0.00953084 s/step
field decay(t = 900.4270833333333): 0.48322126979633373 / 0.48322126979633373 = 1.0
on time step 86494 (time=900.979), 0.00952709 s/step
on time step 86914 (time=905.354), 0.0095307 s/step
on time step 87334 (time=909.729), 0.00953656 s/step
on time step 87754 (time=914.104), 0.00953398 s/step
on time step 88174 (time=918.479), 0.00952741 s/step
field decay(t = 920.4375): 0.498060066552341 / 0.498060066552341 = 1.0
on time step 88594 (time=922.854), 0.00953131 s/step
on time step 89015 (time=927.24), 0.00951949 s/step
on time step 89437 (time=931.635), 0.00948511 s/step
on time step 89860 (time=936.042), 0.00947367 s/step
on time step 90282 (time=940.438), 0.00948273 s/step
field decay(t = 940.4479166666666): 0.5002859198208286 / 0.5002859198208286 = 1.0
on time step 90704 (time=944.833), 0.00947908 s/step
on time step 91127 (time=949.24), 0.00947625 s/step
on time step 91550 (time=953.646), 0.00947409 s/step
on time step 91973 (time=958.052), 0.00947267 s/step
field decay(t = 960.4583333333333): 0.49895115000816875 / 0.5002859198208286 = 0.997331986050821
on time step 92395 (time=962.448), 0.00947967 s/step
on time step 92817 (time=966.844), 0.00949465 s/step
on time step 93240 (time=971.25), 0.00947858 s/step
on time step 93662 (time=975.646), 0.00948904 s/step
on time step 94085 (time=980.052), 0.00947644 s/step
field decay(t = 980.46875): 0.4858142951880235 / 0.5002859198208286 = 0.9710732921726282
on time step 94507 (time=984.448), 0.00948829 s/step
on time step 94930 (time=988.854), 0.00947833 s/step
on time step 95352 (time=993.25), 0.00949223 s/step
on time step 95774 (time=997.646), 0.0094853 s/step
field decay(t = 1000.4791666666666): 0.4673740785966802 / 0.5002859198208286 = 0.9342139366306064
on time step 96196 (time=1002.04), 0.00949059 s/step
on time step 96618 (time=1006.44), 0.00949354 s/step
on time step 97038 (time=1010.81), 0.00954063 s/step
on time step 97460 (time=1015.21), 0.00949398 s/step
on time step 97882 (time=1019.6), 0.00950005 s/step
field decay(t = 1020.4895833333333): 0.4329493651310484 / 0.5002859198208286 = 0.8654038580300322
on time step 98304 (time=1024), 0.00949359 s/step
on time step 98726 (time=1028.4), 0.00949847 s/step
on time step 99148 (time=1032.79), 0.00949795 s/step
on time step 99570 (time=1037.19), 0.00950064 s/step
field decay(t = 1040.4895833333333): 0.389798194091512 / 0.5002859198208286 = 0.7791508388465411
on time step 99991 (time=1041.57), 0.00951077 s/step
on time step 100413 (time=1045.97), 0.009494 s/step
on time step 100835 (time=1050.36), 0.00949618 s/step
on time step 101256 (time=1054.75), 0.00951431 s/step
on time step 101678 (time=1059.15), 0.00949593 s/step
field decay(t = 1060.5): 0.3536164449920168 / 0.5002859198208286 = 0.7068286973150479
on time step 102100 (time=1063.54), 0.00949287 s/step
on time step 102521 (time=1067.93), 0.00950319 s/step
on time step 102942 (time=1072.31), 0.00950536 s/step
on time step 103364 (time=1076.71), 0.00949327 s/step
field decay(t = 1080.5104166666665): 0.3028998625625283 / 0.5002859198208286 = 0.6054535028109691
on time step 103785 (time=1081.09), 0.0095023 s/step
on time step 104206 (time=1085.48), 0.00950609 s/step
on time step 104627 (time=1089.86), 0.00950308 s/step
on time step 105049 (time=1094.26), 0.00949997 s/step
on time step 105470 (time=1098.65), 0.00950621 s/step
field decay(t = 1100.5208333333333): 0.2521675933623251 / 0.5002859198208286 = 0.5040469526958422
on time step 105891 (time=1103.03), 0.00950976 s/step
on time step 106312 (time=1107.42), 0.00950251 s/step
on time step 106734 (time=1111.81), 0.00948542 s/step
on time step 107156 (time=1116.21), 0.0094927 s/step
field decay(t = 1120.53125): 0.2157077236204359 / 0.5002859198208286 = 0.43116888777859075
on time step 107578 (time=1120.6), 0.009497 s/step
on time step 107999 (time=1124.99), 0.00950874 s/step
on time step 108421 (time=1129.39), 0.00949928 s/step
on time step 108843 (time=1133.78), 0.00949266 s/step
on time step 109265 (time=1138.18), 0.00949263 s/step
field decay(t = 1140.5416666666665): 0.17084696303774666 / 0.5002859198208286 = 0.34149864361350296
on time step 109686 (time=1142.56), 0.00950676 s/step
on time step 110107 (time=1146.95), 0.0095085 s/step
on time step 110528 (time=1151.33), 0.00950395 s/step
on time step 110949 (time=1155.72), 0.0095126 s/step
on time step 111370 (time=1160.1), 0.0095043 s/step
field decay(t = 1160.5520833333333): 0.13151365243869065 / 0.5002859198208286 = 0.26287698139853843
on time step 111792 (time=1164.5), 0.00949661 s/step
on time step 112213 (time=1168.89), 0.00951388 s/step
on time step 112634 (time=1173.27), 0.00951087 s/step
on time step 113056 (time=1177.67), 0.00949971 s/step
field decay(t = 1180.5625): 0.10607826628199589 / 0.5002859198208286 = 0.21203528238409458
on time step 113478 (time=1182.06), 0.0094986 s/step
on time step 113900 (time=1186.46), 0.00949868 s/step
on time step 114322 (time=1190.85), 0.0094987 s/step
on time step 114743 (time=1195.24), 0.00950566 s/step
on time step 115165 (time=1199.64), 0.00949024 s/step
field decay(t = 1200.5729166666665): 0.0776840339020264 / 0.5002859198208286 = 0.1552792729602464
on time step 115587 (time=1204.03), 0.00949743 s/step
on time step 116009 (time=1208.43), 0.00949345 s/step
on time step 116431 (time=1212.82), 0.00949344 s/step
on time step 116852 (time=1217.21), 0.00950323 s/step
field decay(t = 1220.5833333333333): 0.060043323146756054 / 0.5002859198208286 = 0.1200180152346879
on time step 117274 (time=1221.6), 0.00948956 s/step
on time step 117696 (time=1226), 0.00949992 s/step
on time step 118117 (time=1230.39), 0.00951124 s/step
on time step 118539 (time=1234.78), 0.00948457 s/step
on time step 118962 (time=1239.19), 0.00946586 s/step
field decay(t = 1240.59375): 0.042050066333249085 / 0.5002859198208286 = 0.08405206836184559
on time step 119386 (time=1243.6), 0.00945493 s/step
on time step 119809 (time=1248.01), 0.00946351 s/step
on time step 120233 (time=1252.43), 0.00944964 s/step
on time step 120656 (time=1256.83), 0.00946897 s/step
field decay(t = 1260.6041666666665): 0.028471498444752046 / 0.5002859198208286 = 0.05691045323631889
on time step 121080 (time=1261.25), 0.00945587 s/step
on time step 121503 (time=1265.66), 0.00947349 s/step
on time step 121927 (time=1270.07), 0.00945642 s/step
on time step 122351 (time=1274.49), 0.0094456 s/step
on time step 122775 (time=1278.91), 0.00944899 s/step
field decay(t = 1280.6145833333333): 0.02085762648762888 / 0.5002859198208286 = 0.041691412173060535
on time step 123199 (time=1283.32), 0.00944181 s/step
on time step 123623 (time=1287.74), 0.00945511 s/step
on time step 124047 (time=1292.16), 0.00945019 s/step
on time step 124471 (time=1296.57), 0.00945142 s/step
field decay(t = 1300.625): 0.013434810267504609 / 0.5002859198208286 = 0.02685426420219087
on time step 124896 (time=1301), 0.00943221 s/step
on time step 125321 (time=1305.43), 0.00943065 s/step
on time step 125746 (time=1309.85), 0.00942893 s/step
on time step 126171 (time=1314.28), 0.00942587 s/step
on time step 126596 (time=1318.71), 0.00943221 s/step
field decay(t = 1320.6354166666665): 0.008410412663793925 / 0.5002859198208286 = 0.01681121201013615
on time step 127021 (time=1323.14), 0.00942929 s/step
on time step 127446 (time=1327.56), 0.00943271 s/step
on time step 127871 (time=1331.99), 0.00943138 s/step
on time step 128296 (time=1336.42), 0.00941809 s/step
field decay(t = 1340.6458333333333): 0.005809050489303308 / 0.5002859198208286 = 0.011611461084860731
on time step 128712 (time=1340.75), 0.00962815 s/step
on time step 129127 (time=1345.07), 0.00965661 s/step
on time step 129543 (time=1349.41), 0.00962214 s/step
on time step 129957 (time=1353.72), 0.00966645 s/step
on time step 130374 (time=1358.06), 0.00960659 s/step
field decay(t = 1360.65625): 0.0034590245638504483 / 0.5002859198208286 = 0.0069140953738799135
on time step 130790 (time=1362.4), 0.00963355 s/step
on time step 131208 (time=1366.75), 0.00959146 s/step
on time step 131623 (time=1371.07), 0.00964406 s/step
on time step 132038 (time=1375.4), 0.00964812 s/step
on time step 132456 (time=1379.75), 0.00957913 s/step
field decay(t = 1380.6666666666665): 0.0020017759559524274 / 0.5002859198208286 = 0.004001263830629771
on time step 132871 (time=1384.07), 0.00964316 s/step
on time step 133285 (time=1388.39), 0.00966826 s/step
on time step 133703 (time=1392.74), 0.00958884 s/step
on time step 134127 (time=1397.16), 0.00944214 s/step
field decay(t = 1400.6770833333333): 0.0013036124577123678 / 0.5002859198208286 = 0.0026057348529401766
on time step 134552 (time=1401.58), 0.00942792 s/step
on time step 134977 (time=1406.01), 0.00942156 s/step
on time step 135400 (time=1410.42), 0.00945772 s/step
on time step 135825 (time=1414.84), 0.00941177 s/step
on time step 136250 (time=1419.27), 0.00943029 s/step
field decay(t = 1420.6875): 0.0007176553837028522 / 0.5002859198208286 = 0.0014344904688900137
on time step 136675 (time=1423.7), 0.00941632 s/step
on time step 137100 (time=1428.12), 0.00941779 s/step
on time step 137525 (time=1432.55), 0.00941794 s/step
on time step 137950 (time=1436.98), 0.00942528 s/step
field decay(t = 1440.6979166666665): 0.0004374888943935221 / 0.5002859198208286 = 0.0008744777277565667
on time step 138375 (time=1441.41), 0.0094192 s/step
on time step 138800 (time=1445.83), 0.00942285 s/step
on time step 139225 (time=1450.26), 0.00942061 s/step
on time step 139650 (time=1454.69), 0.00942842 s/step
on time step 140075 (time=1459.11), 0.00942109 s/step
field decay(t = 1460.7083333333333): 0.00023569333075180535 / 0.5002859198208286 = 0.0004711172579796291
on time step 140500 (time=1463.54), 0.00942034 s/step
on time step 140925 (time=1467.97), 0.00941866 s/step
on time step 141349 (time=1472.39), 0.00944252 s/step
on time step 141774 (time=1476.81), 0.00941432 s/step
field decay(t = 1480.71875): 0.00011995004781233118 / 0.5002859198208286 = 0.00023976298964258248
on time step 142199 (time=1481.24), 0.00942389 s/step
on time step 142624 (time=1485.67), 0.00943146 s/step
on time step 143049 (time=1490.09), 0.00942069 s/step
on time step 143474 (time=1494.52), 0.00942032 s/step
on time step 143899 (time=1498.95), 0.00941556 s/step
field decay(t = 1500.7291666666665): 7.092590934654422e-05 / 0.5002859198208286 = 0.00014177074855903498
on time step 144324 (time=1503.38), 0.00941829 s/step
on time step 144750 (time=1507.81), 0.00941075 s/step
on time step 145174 (time=1512.23), 0.00943407 s/step
on time step 145599 (time=1516.66), 0.00942388 s/step
field decay(t = 1520.7395833333333): 3.432887543184465e-05 / 0.5002859198208286 = 6.861851207833138e-05
on time step 146024 (time=1521.08), 0.00942296 s/step
on time step 146449 (time=1525.51), 0.00942091 s/step
on time step 146874 (time=1529.94), 0.00941887 s/step
on time step 147299 (time=1534.36), 0.00942773 s/step
on time step 147722 (time=1538.77), 0.00946359 s/step
field decay(t = 1540.75): 1.614265527123582e-05 / 0.5002859198208286 = 3.226685907334174e-05
on time step 148147 (time=1543.2), 0.00942326 s/step
on time step 148572 (time=1547.62), 0.00942806 s/step
on time step 148997 (time=1552.05), 0.00941897 s/step
on time step 149422 (time=1556.48), 0.00942328 s/step
field decay(t = 1560.7604166666665): 9.002629128178426e-06 / 0.5002859198208286 = 1.7994968020292496e-05
on time step 149847 (time=1560.91), 0.00942329 s/step
on time step 150263 (time=1565.24), 0.00961553 s/step
on time step 150685 (time=1569.64), 0.00947958 s/step
on time step 151111 (time=1574.07), 0.00939244 s/step
on time step 151537 (time=1578.51), 0.00939369 s/step
field decay(t = 1580.7708333333333): 4.030054260479593e-06 / 0.5002859198208286 = 8.055502065544656e-06
on time step 151964 (time=1582.96), 0.00938712 s/step
on time step 152390 (time=1587.4), 0.00939624 s/step
on time step 152816 (time=1591.83), 0.00939058 s/step
on time step 153239 (time=1596.24), 0.00947174 s/step
on time step 153664 (time=1600.67), 0.00943196 s/step
field decay(t = 1600.78125): 1.7536802907691128e-06 / 0.5002859198208286 = 3.505356079973573e-06
on time step 154089 (time=1605.09), 0.00943179 s/step
on time step 154511 (time=1609.49), 0.00948149 s/step
on time step 154928 (time=1613.83), 0.00960029 s/step
on time step 155342 (time=1618.15), 0.00967531 s/step
field decay(t = 1620.7916666666665): 9.222758388074762e-07 / 0.5002859198208286 = 1.8434974926693483e-06
on time step 155763 (time=1622.53), 0.00952233 s/step
on time step 156178 (time=1626.85), 0.00964963 s/step
on time step 156599 (time=1631.24), 0.00951732 s/step
on time step 157015 (time=1635.57), 0.00963028 s/step
on time step 157430 (time=1639.9), 0.00965134 s/step
field decay(t = 1640.8020833333333): 3.8168848374763006e-07 / 0.5002859198208286 = 7.629406877657625e-07
on time step 157844 (time=1644.21), 0.00967746 s/step
on time step 158258 (time=1648.52), 0.00967177 s/step
on time step 158672 (time=1652.83), 0.00966431 s/step
on time step 159087 (time=1657.16), 0.00965329 s/step
field decay(t = 1660.8125): 1.8169752956124872e-07 / 0.5002859198208286 = 3.631873741845893e-07
on time step 159502 (time=1661.48), 0.00965603 s/step
on time step 159917 (time=1665.8), 0.00964112 s/step
on time step 160332 (time=1670.12), 0.00964341 s/step
on time step 160749 (time=1674.47), 0.00959669 s/step
on time step 161166 (time=1678.81), 0.00959291 s/step
field decay(t = 1680.8229166666665): 7.618721617725007e-08 / 0.5002859198208286 = 1.5228734841175543e-07
on time step 161583 (time=1683.16), 0.00959247 s/step
on time step 162002 (time=1687.52), 0.00954917 s/step
on time step 162422 (time=1691.9), 0.00952434 s/step
on time step 162841 (time=1696.26), 0.00955035 s/step
on time step 163262 (time=1700.65), 0.00951802 s/step
field decay(t = 1700.8333333333333): 2.924996851134236e-08 / 0.5002859198208286 = 5.846650355824102e-08
on time step 163682 (time=1705.02), 0.00952404 s/step
on time step 164103 (time=1709.41), 0.00951111 s/step
on time step 164523 (time=1713.78), 0.00952528 s/step
on time step 164943 (time=1718.16), 0.00952895 s/step
field decay(t = 1720.84375): 1.4015916704495898e-08 / 0.5002859198208286 = 2.801581285660714e-08
on time step 165363 (time=1722.53), 0.00952572 s/step
on time step 165783 (time=1726.91), 0.0095249 s/step
on time step 166203 (time=1731.28), 0.00953373 s/step
on time step 166623 (time=1735.66), 0.00954123 s/step
on time step 167044 (time=1740.04), 0.00952058 s/step
field decay(t = 1740.8541666666665): 5.127948379611757e-09 / 0.5002859198208286 = 1.0250035382663319e-08
on time step 167465 (time=1744.43), 0.00950591 s/step
on time step 167885 (time=1748.8), 0.00953078 s/step
on time step 168305 (time=1753.18), 0.00952398 s/step
on time step 168726 (time=1757.56), 0.00950723 s/step
field decay(t = 1760.8645833333333): 1.8253648085009598e-09 / 0.5002859198208286 = 3.648643178194366e-09
on time step 169148 (time=1761.96), 0.00949774 s/step
on time step 169569 (time=1766.34), 0.00950585 s/step
on time step 169990 (time=1770.73), 0.00951586 s/step
on time step 170411 (time=1775.11), 0.00950519 s/step
on time step 170832 (time=1779.5), 0.0095089 s/step
field decay(t = 1780.875): 8.28051341498353e-10 / 0.5002859198208286 = 1.6551561990689438e-09
on time step 171250 (time=1783.85), 0.00958488 s/step
on time step 171664 (time=1788.17), 0.00968028 s/step
on time step 172076 (time=1792.46), 0.00972032 s/step
on time step 172487 (time=1796.74), 0.00974125 s/step
field decay(t = 1800.8854166666665): 2.8672370397726756e-10 / 0.5002859198208286 = 5.73119675404725e-10
on time step 172900 (time=1801.04), 0.00969229 s/step
on time step 173313 (time=1805.34), 0.00970679 s/step
on time step 173728 (time=1809.67), 0.00964677 s/step
on time step 174148 (time=1814.04), 0.00953755 s/step
on time step 174568 (time=1818.42), 0.00953985 s/step
field decay(t = 1820.8958333333333): 9.871302281344218e-11 / 0.5002859198208286 = 1.973132141092339e-10
on time step 174988 (time=1822.79), 0.00952966 s/step
on time step 175408 (time=1827.17), 0.00954372 s/step
on time step 175827 (time=1831.53), 0.00954957 s/step
on time step 176330 (time=1836.77), 0.0079597 s/step
2026-05-30 13:06:53 [INFO] D11_scaled_deep_groove: Checkpointed 4 completed spectra row(s) to /mnt/c/Users/admin/Meep_Simulation/meep_sim/results/diagnostics_v2/tables/D11_thickness_1um_quick_spectra_checkpoint.csv
2026-05-30 13:06:53 [INFO] D11_scaled_deep_groove: >>> task=5/10 case=scaled_inner_wall_film_1um pol=Ez wl=12.345 res=24 pml=4
2026-05-30 13:06:53 [INFO] D11_scaled_deep_groove: [single ref] wl=12.345 um, f=0.0810045, res=24, comp=Ez
field decay(t = 1840.90625): 3.265123335145691e-10 / 0.5002859198208286 = 6.526514550549526e-10
run 0 finished at t = 1840.90625 (176727 timesteps)
-----------
Initializing structure...
Splitting into 16 chunks by voxels
time for choose_chunkdivision = 0.000606424 s
Working in 2D dimensions.
Computational cell is 50 x 49 x 0 with resolution 24
time for set_epsilon = 0.144616 s
-----------
field decay(t = 20.010416666666664): 4.283817394690116e-10 / 4.283817394690116e-10 = 1.0
field decay(t = 40.010416666666664): 5.1963283829777956e-11 / 4.283817394690116e-10 = 0.12130135120649066
on time step 4479 (time=46.6562), 0.000893082 s/step
field decay(t = 60.02083333333333): 8.090830092548821e-11 / 4.283817394690116e-10 = 0.188869630684482
field decay(t = 80.02083333333333): 1.4827043644364836e-10 / 4.283817394690116e-10 = 0.3461175460640147
on time step 9135 (time=95.1562), 0.000859238 s/step
field decay(t = 100.03125): 3.756344409499983e-10 / 4.283817394690116e-10 = 0.8768684711341929
field decay(t = 120.04166666666666): 7.729145644232849e-10 / 7.729145644232849e-10 = 1.0
field decay(t = 140.04166666666666): 1.660003051701223e-09 / 1.660003051701223e-09 = 1.0
on time step 13801 (time=143.76), 0.000857445 s/step
field decay(t = 160.05208333333331): 3.4659124593660768e-09 / 3.4659124593660768e-09 = 1.0
field decay(t = 180.0625): 9.20469872911357e-09 / 9.20469872911357e-09 = 1.0
on time step 18467 (time=192.365), 0.000857355 s/step
field decay(t = 200.07291666666666): 1.9283054556536088e-08 / 1.9283054556536088e-08 = 1.0
field decay(t = 220.08333333333331): 3.9528227246865024e-08 / 3.9528227246865024e-08 = 1.0
field decay(t = 240.09375): 7.951347834578859e-08 / 7.951347834578859e-08 = 1.0
on time step 23074 (time=240.354), 0.000868417 s/step
field decay(t = 260.10416666666663): 1.942348231128875e-07 / 1.942348231128875e-07 = 1.0
field decay(t = 280.1145833333333): 3.8347591823829864e-07 / 3.8347591823829864e-07 = 1.0
on time step 27609 (time=287.594), 0.000882125 s/step
field decay(t = 300.125): 7.341905186648199e-07 / 7.341905186648199e-07 = 1.0
field decay(t = 320.13541666666663): 1.3827291914045891e-06 / 1.3827291914045891e-06 = 1.0
on time step 32157 (time=334.969), 0.000879684 s/step
field decay(t = 340.1458333333333): 3.004863733677525e-06 / 3.004863733677525e-06 = 1.0
field decay(t = 360.15625): 5.69797135424753e-06 / 5.69797135424753e-06 = 1.0
field decay(t = 380.16666666666663): 1.0185254365854628e-05 / 1.0185254365854628e-05 = 1.0
on time step 36680 (time=382.083), 0.000884527 s/step
field decay(t = 400.1770833333333): 1.789605126439047e-05 / 1.789605126439047e-05 = 1.0
field decay(t = 420.1875): 3.37247782904601e-05 / 3.37247782904601e-05 = 1.0
on time step 41206 (time=429.229), 0.000883801 s/step
field decay(t = 440.19791666666663): 6.266147826505943e-05 / 6.266147826505943e-05 = 1.0
field decay(t = 460.2083333333333): 0.00010439999897714058 / 0.00010439999897714058 = 1.0
on time step 45721 (time=476.26), 0.000886094 s/step
field decay(t = 480.21875): 0.00017104494660825207 / 0.00017104494660825207 = 1.0
field decay(t = 500.22916666666663): 0.0002758260060570879 / 0.0002758260060570879 = 1.0
field decay(t = 520.2291666666666): 0.0005084740323234977 / 0.0005084740323234977 = 1.0
on time step 50253 (time=523.469), 0.000882768 s/step
field decay(t = 540.2395833333333): 0.0007895579840863984 / 0.0007895579840863984 = 1.0
field decay(t = 560.25): 0.0012061160420329994 / 0.0012061160420329994 = 1.0
on time step 54774 (time=570.562), 0.000884861 s/step
field decay(t = 580.2604166666666): 0.001812968204990026 / 0.001812968204990026 = 1.0
field decay(t = 600.2708333333333): 0.0030439663588475675 / 0.0030439663588475675 = 1.0
on time step 59291 (time=617.615), 0.00088574 s/step
field decay(t = 620.28125): 0.004405919700800306 / 0.004405919700800306 = 1.0
field decay(t = 640.2916666666666): 0.0062746708511723205 / 0.0062746708511723205 = 1.0
field decay(t = 660.3020833333333): 0.008792281672890416 / 0.008792281672890416 = 1.0
on time step 63811 (time=664.698), 0.00088497 s/step
field decay(t = 680.3125): 0.013444036093278315 / 0.013444036093278315 = 1.0
field decay(t = 700.3229166666666): 0.01814001022114239 / 0.01814001022114239 = 1.0
on time step 68321 (time=711.677), 0.000886925 s/step
field decay(t = 720.3333333333333): 0.02408361536847362 / 0.02408361536847362 = 1.0
field decay(t = 740.34375): 0.03145982357149882 / 0.03145982357149882 = 1.0
on time step 72833 (time=758.677), 0.000886612 s/step
field decay(t = 760.3541666666666): 0.043807664277508436 / 0.043807664277508436 = 1.0
field decay(t = 780.3645833333333): 0.05510331292067335 / 0.05510331292067335 = 1.0
field decay(t = 800.375): 0.06820035464738973 / 0.06820035464738973 = 1.0
on time step 77347 (time=805.698), 0.000886148 s/step
field decay(t = 820.3854166666666): 0.08305174712956942 / 0.08305174712956942 = 1.0
field decay(t = 840.3958333333333): 0.10527113071665793 / 0.10527113071665793 = 1.0
on time step 81858 (time=852.688), 0.000886772 s/step
field decay(t = 860.40625): 0.12349720707735226 / 0.12349720707735226 = 1.0
field decay(t = 880.4166666666666): 0.1424908760192114 / 0.1424908760192114 = 1.0
on time step 86368 (time=899.667), 0.000887017 s/step
field decay(t = 900.4270833333333): 0.1617616746169477 / 0.1617616746169477 = 1.0
field decay(t = 920.4375): 0.1843068677424338 / 0.1843068677424338 = 1.0
field decay(t = 940.4479166666666): 0.20420791661290402 / 0.20420791661290402 = 1.0
on time step 90882 (time=946.688), 0.000886301 s/step
field decay(t = 960.4583333333333): 0.21964596821111992 / 0.21964596821111992 = 1.0
field decay(t = 980.46875): 0.23245432563630733 / 0.23245432563630733 = 1.0
on time step 95392 (time=993.667), 0.000887083 s/step
field decay(t = 1000.4791666666666): 0.2420592990426364 / 0.2420592990426364 = 1.0
field decay(t = 1020.4895833333333): 0.249128485668725 / 0.249128485668725 = 1.0
on time step 99511 (time=1036.57), 0.000971317 s/step
field decay(t = 1040.4895833333333): 0.25002778818516386 / 0.25002778818516386 = 1.0
field decay(t = 1060.5): 0.2491301081097768 / 0.25002778818516386 = 0.996409678772496
on time step 103645 (time=1079.64), 0.000967816 s/step
field decay(t = 1080.5104166666665): 0.2444654762739583 / 0.25002778818516386 = 0.9777532251451736
field decay(t = 1100.5208333333333): 0.23603766334255644 / 0.25002778818516386 = 0.9440457201011325
field decay(t = 1120.53125): 0.21964439350220352 / 0.25002778818516386 = 0.8784799285571442
on time step 107780 (time=1122.71), 0.000967573 s/step
field decay(t = 1140.5416666666665): 0.20420966683902894 / 0.25002778818516386 = 0.8167478835904302
field decay(t = 1160.5520833333333): 0.18680663416336468 / 0.25002778818516386 = 0.747143489606926
on time step 111900 (time=1165.62), 0.000970914 s/step
field decay(t = 1180.5625): 0.16814277964748056 / 0.25002778818516386 = 0.672496368775452
field decay(t = 1200.5729166666665): 0.142489803676357 / 0.25002778818516386 = 0.5698958692176762
on time step 116035 (time=1208.7), 0.000967376 s/step
field decay(t = 1220.5833333333333): 0.12349854894810895 / 0.25002778818516386 = 0.49393929308629186
field decay(t = 1240.59375): 0.10531781356579548 / 0.25002778818516386 = 0.4212244340129103
on time step 120162 (time=1251.69), 0.000969457 s/step
field decay(t = 1260.6041666666665): 0.08837162787327017 / 0.25002778818516386 = 0.35344722486535984
field decay(t = 1280.6145833333333): 0.06819973299204864 / 0.25002778818516386 = 0.272768612989296
on time step 124290 (time=1294.69), 0.000969202 s/step
field decay(t = 1300.625): 0.05510404954890241 / 0.25002778818516386 = 0.22039170105401978
field decay(t = 1320.6354166666665): 0.043807327173448374 / 0.25002778818516386 = 0.17520983364059456
on time step 128426 (time=1337.77), 0.000967149 s/step
field decay(t = 1340.6458333333333): 0.03426757324102677 / 0.25002778818516386 = 0.13705505891868758
field decay(t = 1360.65625): 0.025604970623168036 / 0.25002778818516386 = 0.10240849950728549
field decay(t = 1380.6666666666665): 0.018140199408883288 / 0.25002778818516386 = 0.07255273320039589
on time step 132562 (time=1380.85), 0.00096713 s/step
field decay(t = 1400.6770833333333): 0.013443946018952147 / 0.25002778818516386 = 0.05376980741434997
field decay(t = 1420.6875): 0.009803702831477353 / 0.25002778818516386 = 0.039210452976598725
on time step 136698 (time=1423.94), 0.00096713 s/step
field decay(t = 1440.6979166666665): 0.006992437960551919 / 0.25002778818516386 = 0.02796664327316093
field decay(t = 1460.7083333333333): 0.004405922374513624 / 0.25002778818516386 = 0.017621730794381608
on time step 140829 (time=1466.97), 0.00096831 s/step
field decay(t = 1480.71875): 0.0030439865782740405 / 0.25002778818516386 = 0.012174593073709654
field decay(t = 1500.7291666666665): 0.0020693417682976435 / 0.25002778818516386 = 0.008276447123409917
on time step 144967 (time=1510.07), 0.000966807 s/step
field decay(t = 1520.7395833333333): 0.0013841292124731892 / 0.25002778818516386 = 0.005535901519266892
field decay(t = 1540.75): 0.0007895360038719984 / 0.25002778818516386 = 0.0031577930181396047
on time step 149097 (time=1553.09), 0.000968558 s/step
field decay(t = 1560.7604166666665): 0.0005085168626755219 / 0.25002778818516386 = 0.0020338413836582356
field decay(t = 1580.7708333333333): 0.0003222539501648005 / 0.25002778818516386 = 0.001288872538944143
on time step 153233 (time=1596.18), 0.000967264 s/step
field decay(t = 1600.78125): 0.0002009492008889539 / 0.25002778818516386 = 0.0008037074692679213
field decay(t = 1620.7916666666665): 0.00010438924874575034 / 0.25002778818516386 = 0.00041751058753694396
on time step 157358 (time=1639.15), 0.00096987 s/step
field decay(t = 1640.8020833333333): 6.267621932613631e-05 / 0.25002778818516386 = 0.00025067701386743453
field decay(t = 1660.8125): 3.702758454354875e-05 / 0.25002778818516386 = 0.00014809387713387727
field decay(t = 1680.8229166666665): 2.1528661526691886e-05 / 0.25002778818516386 = 8.610507529166453e-05
on time step 161500 (time=1682.29), 0.000965776 s/step
field decay(t = 1700.8333333333333): 1.0182267395474495e-05 / 0.25002778818516386 = 4.072454293733855e-05
field decay(t = 1720.84375): 5.70015016499238e-06 / 0.25002778818516386 = 2.279806659238613e-05
on time step 165642 (time=1725.44), 0.000965738 s/step
field decay(t = 1740.8541666666665): 3.1392828038840196e-06 / 0.25002778818516386 = 1.2555735611111959e-05
field decay(t = 1760.8645833333333): 1.7020269956305768e-06 / 0.25002778818516386 = 6.807351326765733e-06
on time step 169787 (time=1768.61), 0.000965031 s/step
field decay(t = 1780.875): 7.336987335788471e-07 / 0.25002778818516386 = 2.9344687600703387e-06
field decay(t = 1800.8854166666665): 3.8313694785639654e-07 / 0.25002778818516386 = 1.5323774634708027e-06
on time step 173931 (time=1811.78), 0.000965382 s/step
field decay(t = 1820.8958333333333): 1.9666376236043613e-07 / 0.25002778818516386 = 7.86567620295038e-07
field decay(t = 1840.90625): 9.944206855136428e-08 / 0.25002778818516386 = 3.9772406608548714e-07
on time step 178073 (time=1854.93), 0.000965865 s/step
field decay(t = 1860.9166666666665): 4.3184200675266295e-08 / 0.25002778818516386 = 1.7271760466594711e-07
field decay(t = 1880.9270833333333): 1.900530021675853e-08 / 0.25002778818516386 = 7.60127518413422e-08
on time step 182218 (time=1898.1), 0.000965169 s/step
field decay(t = 1900.9375): 9.130025077808613e-09 / 0.25002778818516386 = 3.6516041453149045e-08
field decay(t = 1920.9479166666665): 4.328547191499135e-09 / 0.25002778818516386 = 1.731226446035482e-08
field decay(t = 1940.9583333333333): 1.8521670237805225e-09 / 0.25002778818516386 = 7.407844692882126e-09
on time step 186382 (time=1941.48), 0.000960761 s/step
field decay(t = 1960.96875): 7.165702482911875e-10 / 0.25002778818516386 = 2.865962433585641e-09
field decay(t = 1980.9791666666665): 3.2429105953199237e-10 / 0.25002778818516386 = 1.2970200707924157e-09
on time step 190595 (time=1985.36), 0.000949621 s/step
field decay(t = 2000.9895833333333): 1.458398008378967e-10 / 0.25002778818516386 = 5.832943685839099e-10
field decay(t = 2021.0): 6.255325931247092e-11 / 0.25002778818516386 = 2.5018522847606705e-10
on time step 194790 (time=2029.06), 0.000953661 s/step
field decay(t = 2041.0104166666665): 2.2131585722028766e-11 / 0.25002778818516386 = 8.851650403609822e-11
field decay(t = 2061.0104166666665): 4.0953919872416993e-10 / 0.25002778818516386 = 1.6379747295163697e-09
run 0 finished at t = 2061.0104166666665 (197857 timesteps)
-----------
Initializing structure...
Splitting into 16 chunks by voxels
time for choose_chunkdivision = 0.000743541 s
Working in 2D dimensions.
Computational cell is 50 x 49 x 0 with resolution 24
     block, center = (0,-4,0)
          size (50,25,1e+20)
          axes (1,0,0), (0,1,0), (0,0,1)
          dielectric constant epsilon diagonal = (1,1,1)
     prism, center = (2.72978,1,5e+19)
          height 1e+20, axis (0,0,1), sidewall angle: 0 radians, 4 vertices:
          (-10,8.5,0)
          (10,8.5,0)
          (15.4596,-6.5,0)
          (-4.54045,-6.5,0)
          dielectric constant epsilon diagonal = (2.07945,2.07945,2.07945)
     prism, center = (2.54779,1.5,5e+19)
          height 1e+20, axis (0,0,1), sidewall angle: 0 radians, 4 vertices:
          (-9,8.5,0)
          (9,8.5,0)
          (14.0956,-5.5,0)
          (-3.90442,-5.5,0)
          dielectric constant epsilon diagonal = (1,1,1)
time for set_epsilon = 1.64166 s
time for set_conductivity = 0.050214 s
time for set_conductivity = 0.0497924 s
time for set_conductivity = 0.0513563 s
lorentzian susceptibility: frequency=15.6714, gamma=1.42115
lorentzian susceptibility: frequency=2.02365, gamma=1.3413
lorentzian susceptibility: frequency=1.24613, gamma=2.0309
lorentzian susceptibility: frequency=0.626693, gamma=1.83572
drude susceptibility: frequency=1e-10, gamma=0.0661375
-----------
2026-05-30 13:10:00 [INFO] D11_scaled_deep_groove: [single struct] 3 geometry objects
/home/gyh/miniforge3/envs/meep_mpi/lib/python3.11/site-packages/meep/simulation.py:1664: RuntimeWarning: Note: your sources include frequencies outside the range of validity of the material models. This is fine as long as you eventually only look at outputs (fluxes, resonant modes, etc.) at valid frequencies.
  warnings.warn(warn_src, RuntimeWarning)
/home/gyh/miniforge3/envs/meep_mpi/lib/python3.11/site-packages/meep/simulation.py:1664: RuntimeWarning: Note: your sources include frequencies outside the range of validity of the material models. This is fine as long as you eventually only look at outputs (fluxes, resonant modes, etc.) at valid frequencies.
  warnings.warn(warn_src, RuntimeWarning)
/home/gyh/miniforge3/envs/meep_mpi/lib/python3.11/site-packages/meep/simulation.py:1664: RuntimeWarning: Note: your sources include frequencies outside the range of validity of the material models. This is fine as long as you eventually only look at outputs (fluxes, resonant modes, etc.) at valid frequencies.
  warnings.warn(warn_src, RuntimeWarning)
/home/gyh/miniforge3/envs/meep_mpi/lib/python3.11/site-packages/meep/simulation.py:1664: RuntimeWarning: Note: your sources include frequencies outside the range of validity of the material models. This is fine as long as you eventually only look at outputs (fluxes, resonant modes, etc.) at valid frequencies.
  warnings.warn(warn_src, RuntimeWarning)
/home/gyh/miniforge3/envs/meep_mpi/lib/python3.11/site-packages/meep/simulation.py:1664: RuntimeWarning: Note: your sources include frequencies outside the range of validity of the material models. This is fine as long as you eventually only look at outputs (fluxes, resonant modes, etc.) at valid frequencies.
  warnings.warn(warn_src, RuntimeWarning)
/home/gyh/miniforge3/envs/meep_mpi/lib/python3.11/site-packages/meep/simulation.py:1664: RuntimeWarning: Note: your sources include frequencies outside the range of validity of the material models. This is fine as long as you eventually only look at outputs (fluxes, resonant modes, etc.) at valid frequencies.
  warnings.warn(warn_src, RuntimeWarning)
/home/gyh/miniforge3/envs/meep_mpi/lib/python3.11/site-packages/meep/simulation.py:1664: RuntimeWarning: Note: your sources include frequencies outside the range of validity of the material models. This is fine as long as you eventually only look at outputs (fluxes, resonant modes, etc.) at valid frequencies.
  warnings.warn(warn_src, RuntimeWarning)
/home/gyh/miniforge3/envs/meep_mpi/lib/python3.11/site-packages/meep/simulation.py:1664: RuntimeWarning: Note: your sources include frequencies outside the range of validity of the material models. This is fine as long as you eventually only look at outputs (fluxes, resonant modes, etc.) at valid frequencies.
  warnings.warn(warn_src, RuntimeWarning)
/home/gyh/miniforge3/envs/meep_mpi/lib/python3.11/site-packages/meep/simulation.py:1664: RuntimeWarning: Note: your sources include frequencies outside the range of validity of the material models. This is fine as long as you eventually only look at outputs (fluxes, resonant modes, etc.) at valid frequencies.
  warnings.warn(warn_src, RuntimeWarning)
/home/gyh/miniforge3/envs/meep_mpi/lib/python3.11/site-packages/meep/simulation.py:1664: RuntimeWarning: Note: your sources include frequencies outside the range of validity of the material models. This is fine as long as you eventually only look at outputs (fluxes, resonant modes, etc.) at valid frequencies.
  warnings.warn(warn_src, RuntimeWarning)
/home/gyh/miniforge3/envs/meep_mpi/lib/python3.11/site-packages/meep/simulation.py:1664: RuntimeWarning: Note: your sources include frequencies outside the range of validity of the material models. This is fine as long as you eventually only look at outputs (fluxes, resonant modes, etc.) at valid frequencies.
  warnings.warn(warn_src, RuntimeWarning)
/home/gyh/miniforge3/envs/meep_mpi/lib/python3.11/site-packages/meep/simulation.py:1664: RuntimeWarning: Note: your sources include frequencies outside the range of validity of the material models. This is fine as long as you eventually only look at outputs (fluxes, resonant modes, etc.) at valid frequencies.
  warnings.warn(warn_src, RuntimeWarning)
/home/gyh/miniforge3/envs/meep_mpi/lib/python3.11/site-packages/meep/simulation.py:1664: RuntimeWarning: Note: your sources include frequencies outside the range of validity of the material models. This is fine as long as you eventually only look at outputs (fluxes, resonant modes, etc.) at valid frequencies.
  warnings.warn(warn_src, RuntimeWarning)
/home/gyh/miniforge3/envs/meep_mpi/lib/python3.11/site-packages/meep/simulation.py:1664: RuntimeWarning: Note: your sources include frequencies outside the range of validity of the material models. This is fine as long as you eventually only look at outputs (fluxes, resonant modes, etc.) at valid frequencies.
  warnings.warn(warn_src, RuntimeWarning)
/home/gyh/miniforge3/envs/meep_mpi/lib/python3.11/site-packages/meep/simulation.py:1664: RuntimeWarning: Note: your sources include frequencies outside the range of validity of the material models. This is fine as long as you eventually only look at outputs (fluxes, resonant modes, etc.) at valid frequencies.
  warnings.warn(warn_src, RuntimeWarning)
/home/gyh/miniforge3/envs/meep_mpi/lib/python3.11/site-packages/meep/simulation.py:1664: RuntimeWarning: Note: your sources include frequencies outside the range of validity of the material models. This is fine as long as you eventually only look at outputs (fluxes, resonant modes, etc.) at valid frequencies.
  warnings.warn(warn_src, RuntimeWarning)
on time step 692 (time=7.20833), 0.00578236 s/step
on time step 1236 (time=12.875), 0.00735936 s/step
on time step 1780 (time=18.5417), 0.00736108 s/step
field decay(t = 20.010416666666664): 4.283817394690116e-10 / 4.283817394690116e-10 = 1.0
on time step 2324 (time=24.2083), 0.0073556 s/step
on time step 2861 (time=29.8021), 0.00745154 s/step
on time step 3396 (time=35.375), 0.00748812 s/step
field decay(t = 40.010416666666664): 7.979299918437225e-11 / 4.283817394690116e-10 = 0.1862661076153185
on time step 3929 (time=40.9271), 0.00750612 s/step
on time step 4462 (time=46.4792), 0.0075051 s/step
on time step 4995 (time=52.0312), 0.00751172 s/step
on time step 5529 (time=57.5938), 0.0074996 s/step
field decay(t = 60.02083333333333): 1.920504184580571e-10 / 4.283817394690116e-10 = 0.44831607130618534
on time step 6063 (time=63.1562), 0.00750091 s/step
on time step 6597 (time=68.7188), 0.00750136 s/step
on time step 7130 (time=74.2708), 0.00751148 s/step
on time step 7664 (time=79.8333), 0.00750223 s/step
field decay(t = 80.02083333333333): 3.5628307672791545e-10 / 4.283817394690116e-10 = 0.8316952939439856
on time step 8197 (time=85.3854), 0.00750827 s/step
on time step 8732 (time=90.9583), 0.00749002 s/step
on time step 9266 (time=96.5208), 0.00750197 s/step
field decay(t = 100.03125): 8.188826548308239e-10 / 8.188826548308239e-10 = 1.0
on time step 9799 (time=102.073), 0.00751469 s/step
on time step 10462 (time=108.979), 0.00603644 s/step
on time step 10909 (time=113.635), 0.00896706 s/step
on time step 11295 (time=117.656), 0.0103886 s/step
field decay(t = 120.04166666666666): 1.6830684492426928e-09 / 1.6830684492426928e-09 = 1.0
on time step 11684 (time=121.708), 0.0103057 s/step
on time step 12072 (time=125.75), 0.0103224 s/step
on time step 12460 (time=129.792), 0.0103159 s/step
on time step 12848 (time=133.833), 0.010321 s/step
on time step 13236 (time=137.875), 0.0103149 s/step
field decay(t = 140.04166666666666): 3.4784070576188414e-09 / 3.4784070576188414e-09 = 1.0
on time step 13624 (time=141.917), 0.0103136 s/step
on time step 14013 (time=145.969), 0.0103047 s/step
on time step 14401 (time=150.01), 0.0103198 s/step
on time step 14790 (time=154.062), 0.0103041 s/step
on time step 15178 (time=158.104), 0.0103193 s/step
field decay(t = 160.05208333333331): 7.379946020030281e-09 / 7.379946020030281e-09 = 1.0
on time step 15565 (time=162.135), 0.0103493 s/step
on time step 15953 (time=166.177), 0.0103346 s/step
on time step 16342 (time=170.229), 0.0102866 s/step
on time step 16730 (time=174.271), 0.0103137 s/step
on time step 17119 (time=178.323), 0.0103048 s/step
field decay(t = 180.0625): 1.9471156511207845e-08 / 1.9471156511207845e-08 = 1.0
on time step 17507 (time=182.365), 0.0103147 s/step
on time step 17895 (time=186.406), 0.0103225 s/step
on time step 18284 (time=190.458), 0.0103024 s/step
on time step 18672 (time=194.5), 0.0103177 s/step
on time step 19060 (time=198.542), 0.010318 s/step
field decay(t = 200.07291666666666): 4.179703160002304e-08 / 4.179703160002304e-08 = 1.0
on time step 19448 (time=202.583), 0.0103355 s/step
on time step 19836 (time=206.625), 0.0103275 s/step
on time step 20223 (time=210.656), 0.0103374 s/step
on time step 20612 (time=214.708), 0.0103068 s/step
on time step 20999 (time=218.74), 0.0103463 s/step
field decay(t = 220.08333333333331): 8.610103317475043e-08 / 8.610103317475043e-08 = 1.0
on time step 21388 (time=222.792), 0.010306 s/step
on time step 21776 (time=226.833), 0.0103202 s/step
on time step 22164 (time=230.875), 0.0103278 s/step
on time step 22552 (time=234.917), 0.01031 s/step
on time step 22940 (time=238.958), 0.0103119 s/step
field decay(t = 240.09375): 1.725892002402678e-07 / 1.725892002402678e-07 = 1.0
on time step 23329 (time=243.01), 0.0103088 s/step
on time step 23717 (time=247.052), 0.0103296 s/step
on time step 24105 (time=251.094), 0.0103115 s/step
on time step 24493 (time=255.135), 0.0103273 s/step
on time step 24882 (time=259.188), 0.0102866 s/step
field decay(t = 260.10416666666663): 4.3765319094420354e-07 / 4.3765319094420354e-07 = 1.0
on time step 25267 (time=263.198), 0.0103974 s/step
on time step 25653 (time=267.219), 0.0103747 s/step
on time step 26039 (time=271.24), 0.0103774 s/step
on time step 26426 (time=275.271), 0.0103613 s/step
on time step 26812 (time=279.292), 0.0103711 s/step
field decay(t = 280.1145833333333): 8.58768983905858e-07 / 8.58768983905858e-07 = 1.0
on time step 27198 (time=283.312), 0.0103629 s/step
on time step 27584 (time=287.333), 0.0103817 s/step
on time step 27971 (time=291.365), 0.0103493 s/step
on time step 28358 (time=295.396), 0.0103535 s/step
on time step 28745 (time=299.427), 0.010355 s/step
field decay(t = 300.125): 1.6541274671038805e-06 / 1.6541274671038805e-06 = 1.0
on time step 29132 (time=303.458), 0.0103605 s/step
on time step 29517 (time=307.469), 0.0103977 s/step
on time step 29901 (time=311.469), 0.0104184 s/step
on time step 30286 (time=315.479), 0.0104052 s/step
on time step 30672 (time=319.5), 0.01038 s/step
field decay(t = 320.13541666666663): 3.1490922637162126e-06 / 3.1490922637162126e-06 = 1.0
on time step 31057 (time=323.51), 0.010395 s/step
on time step 31442 (time=327.521), 0.0103944 s/step
on time step 31828 (time=331.542), 0.0103747 s/step
on time step 32213 (time=335.552), 0.0103943 s/step
on time step 32599 (time=339.573), 0.0103788 s/step
field decay(t = 340.1458333333333): 7.218461908161527e-06 / 7.218461908161527e-06 = 1.0
on time step 32985 (time=343.594), 0.0103703 s/step
on time step 33371 (time=347.615), 0.0103724 s/step
on time step 33757 (time=351.635), 0.0103694 s/step
on time step 34143 (time=355.656), 0.0103697 s/step
on time step 34529 (time=359.677), 0.0103803 s/step
field decay(t = 360.15625): 1.3257278538363571e-05 / 1.3257278538363571e-05 = 1.0
on time step 34915 (time=363.698), 0.0103634 s/step
on time step 35301 (time=367.719), 0.0103841 s/step
on time step 35686 (time=371.729), 0.0103928 s/step
on time step 36072 (time=375.75), 0.0103821 s/step
on time step 36458 (time=379.771), 0.0103847 s/step
field decay(t = 380.16666666666663): 2.3907020060491947e-05 / 2.3907020060491947e-05 = 1.0
on time step 36843 (time=383.781), 0.010398 s/step
on time step 37229 (time=387.802), 0.0103848 s/step
on time step 37615 (time=391.823), 0.0103855 s/step
on time step 38001 (time=395.844), 0.0103645 s/step
on time step 38389 (time=399.885), 0.0103327 s/step
field decay(t = 400.1770833333333): 4.244434273097551e-05 / 4.244434273097551e-05 = 1.0
on time step 38777 (time=403.927), 0.0103214 s/step
on time step 39165 (time=407.969), 0.0103136 s/step
on time step 39552 (time=412), 0.0103398 s/step
on time step 39941 (time=416.052), 0.0103021 s/step
on time step 40329 (time=420.094), 0.0103194 s/step
field decay(t = 420.1875): 8.799761644306369e-05 / 8.799761644306369e-05 = 1.0
on time step 40717 (time=424.135), 0.0103305 s/step
on time step 41102 (time=428.146), 0.01039 s/step
on time step 41488 (time=432.167), 0.0103865 s/step
on time step 41874 (time=436.188), 0.0103806 s/step
field decay(t = 440.19791666666663): 0.00015218854379690005 / 0.00015218854379690005 = 1.0
on time step 42259 (time=440.198), 0.0103905 s/step
on time step 42646 (time=444.229), 0.0103497 s/step
on time step 43032 (time=448.25), 0.0103762 s/step
on time step 43418 (time=452.271), 0.0103796 s/step
on time step 43803 (time=456.281), 0.0103965 s/step
field decay(t = 460.2083333333333): 0.00025619528477138147 / 0.00025619528477138147 = 1.0
on time step 44188 (time=460.292), 0.0104014 s/step
on time step 44575 (time=464.323), 0.0103586 s/step
on time step 44963 (time=468.365), 0.0103331 s/step
on time step 45351 (time=472.406), 0.0103128 s/step
on time step 45739 (time=476.448), 0.0103321 s/step
field decay(t = 480.21875): 0.00042437492154503385 / 0.00042437492154503385 = 1.0
on time step 46127 (time=480.49), 0.010318 s/step
on time step 46515 (time=484.531), 0.0103167 s/step
on time step 46904 (time=488.583), 0.010304 s/step
on time step 47292 (time=492.625), 0.0103128 s/step
on time step 47681 (time=496.677), 0.0103004 s/step
field decay(t = 500.22916666666663): 0.0007851574685697344 / 0.0007851574685697344 = 1.0
on time step 48070 (time=500.729), 0.0103049 s/step
on time step 48458 (time=504.771), 0.0103252 s/step
on time step 48846 (time=508.812), 0.0103213 s/step
on time step 49234 (time=512.854), 0.0103197 s/step
on time step 49622 (time=516.896), 0.0103349 s/step
field decay(t = 520.2291666666666): 0.0012946116523198858 / 0.0012946116523198858 = 1.0
on time step 50010 (time=520.938), 0.0103173 s/step
on time step 50398 (time=524.979), 0.0103221 s/step
on time step 50786 (time=529.021), 0.0103191 s/step
on time step 51174 (time=533.062), 0.0103148 s/step
on time step 51562 (time=537.104), 0.0103108 s/step
field decay(t = 540.2395833333333): 0.002033076943335647 / 0.002033076943335647 = 1.0
on time step 51950 (time=541.146), 0.0103208 s/step
on time step 52339 (time=545.198), 0.0103034 s/step
on time step 52727 (time=549.24), 0.0103181 s/step
on time step 53115 (time=553.281), 0.0103237 s/step
on time step 53504 (time=557.333), 0.0102926 s/step
field decay(t = 560.25): 0.0031427279500266135 / 0.0031427279500266135 = 1.0
on time step 53893 (time=561.385), 0.0102984 s/step
on time step 54281 (time=565.427), 0.0103223 s/step
on time step 54669 (time=569.469), 0.0103188 s/step
on time step 55058 (time=573.521), 0.0102874 s/step
on time step 55449 (time=577.594), 0.0102439 s/step
field decay(t = 580.2604166666666): 0.00512030252273207 / 0.00512030252273207 = 1.0
on time step 55841 (time=581.677), 0.0102218 s/step
on time step 56232 (time=585.75), 0.0102513 s/step
on time step 56623 (time=589.823), 0.01024 s/step
on time step 57015 (time=593.906), 0.0102277 s/step
on time step 57407 (time=597.99), 0.0102196 s/step
field decay(t = 600.2708333333333): 0.008159987620595482 / 0.008159987620595482 = 1.0
on time step 57798 (time=602.062), 0.0102506 s/step
on time step 58189 (time=606.135), 0.0102321 s/step
on time step 58581 (time=610.219), 0.0102275 s/step
on time step 58973 (time=614.302), 0.0102259 s/step
on time step 59364 (time=618.375), 0.010233 s/step
field decay(t = 620.28125): 0.011961103981941392 / 0.011961103981941392 = 1.0
on time step 59755 (time=622.448), 0.0102487 s/step
on time step 60147 (time=626.531), 0.010209 s/step
on time step 60538 (time=630.604), 0.0102371 s/step
on time step 60930 (time=634.688), 0.0102177 s/step
on time step 61321 (time=638.76), 0.010232 s/step
field decay(t = 640.2916666666666): 0.01725479023109309 / 0.01725479023109309 = 1.0
on time step 61712 (time=642.833), 0.0102346 s/step
on time step 62103 (time=646.906), 0.0102477 s/step
on time step 62495 (time=650.99), 0.0102289 s/step
on time step 62885 (time=655.052), 0.0102696 s/step
on time step 63275 (time=659.115), 0.0102719 s/step
field decay(t = 660.3020833333333): 0.024553642195592057 / 0.024553642195592057 = 1.0
on time step 63667 (time=663.198), 0.010227 s/step
on time step 64057 (time=667.26), 0.0102591 s/step
on time step 64449 (time=671.344), 0.0102162 s/step
on time step 64840 (time=675.417), 0.0102329 s/step
on time step 65231 (time=679.49), 0.0102377 s/step
field decay(t = 680.3125): 0.03814164110479116 / 0.03814164110479116 = 1.0
on time step 65623 (time=683.573), 0.0102119 s/step
on time step 66014 (time=687.646), 0.0102382 s/step
on time step 66406 (time=691.729), 0.0102256 s/step
on time step 66799 (time=695.823), 0.0101945 s/step
on time step 67191 (time=699.906), 0.0102104 s/step
field decay(t = 700.3229166666666): 0.052182626895520744 / 0.052182626895520744 = 1.0
on time step 67582 (time=703.979), 0.0102348 s/step
on time step 67974 (time=708.062), 0.010222 s/step
on time step 68366 (time=712.146), 0.0102198 s/step
on time step 68758 (time=716.229), 0.0102131 s/step
on time step 69150 (time=720.312), 0.0102293 s/step
field decay(t = 720.3333333333333): 0.07026909534487163 / 0.07026909534487163 = 1.0
on time step 69541 (time=724.385), 0.0102321 s/step
on time step 69933 (time=728.469), 0.0102298 s/step
on time step 70324 (time=732.542), 0.0102444 s/step
on time step 70716 (time=736.625), 0.0102176 s/step
field decay(t = 740.34375): 0.09313141735111852 / 0.09313141735111852 = 1.0
on time step 71108 (time=740.708), 0.0102145 s/step
on time step 71500 (time=744.792), 0.0102257 s/step
on time step 71891 (time=748.865), 0.010251 s/step
on time step 72282 (time=752.938), 0.0102471 s/step
on time step 72672 (time=757), 0.0102609 s/step
field decay(t = 760.3541666666666): 0.13228047121661973 / 0.13228047121661973 = 1.0
on time step 73064 (time=761.083), 0.0102278 s/step
on time step 73456 (time=765.167), 0.010218 s/step
on time step 73847 (time=769.24), 0.010253 s/step
on time step 74239 (time=773.323), 0.0102268 s/step
on time step 74631 (time=777.406), 0.0102235 s/step
field decay(t = 780.3645833333333): 0.168952123412949 / 0.168952123412949 = 1.0
on time step 75022 (time=781.479), 0.0102388 s/step
on time step 75412 (time=785.542), 0.0102583 s/step
on time step 75804 (time=789.625), 0.0102258 s/step
on time step 76195 (time=793.698), 0.0102551 s/step
on time step 76586 (time=797.771), 0.0102458 s/step
field decay(t = 800.375): 0.2123957996289372 / 0.2123957996289372 = 1.0
on time step 76977 (time=801.844), 0.010244 s/step
on time step 77369 (time=805.927), 0.0102249 s/step
on time step 77761 (time=810.01), 0.0102201 s/step
on time step 78152 (time=814.083), 0.0102427 s/step
on time step 78544 (time=818.167), 0.0102159 s/step
field decay(t = 820.3854166666666): 0.26282127782770853 / 0.26282127782770853 = 1.0
on time step 78935 (time=822.24), 0.010251 s/step
on time step 79327 (time=826.323), 0.0102297 s/step
on time step 79719 (time=830.406), 0.0102189 s/step
on time step 80111 (time=834.49), 0.0102266 s/step
on time step 80503 (time=838.573), 0.01023 s/step
field decay(t = 840.3958333333333): 0.3406624525829707 / 0.3406624525829707 = 1.0
on time step 80895 (time=842.656), 0.0102171 s/step
on time step 81286 (time=846.729), 0.0102384 s/step
on time step 81677 (time=850.802), 0.0102503 s/step
on time step 82068 (time=854.875), 0.0102506 s/step
on time step 82459 (time=858.948), 0.0102479 s/step
field decay(t = 860.40625): 0.4062665240691512 / 0.4062665240691512 = 1.0
on time step 82850 (time=863.021), 0.0102449 s/step
on time step 83241 (time=867.094), 0.0102553 s/step
on time step 83632 (time=871.167), 0.0102337 s/step
on time step 84022 (time=875.229), 0.0102629 s/step
on time step 84413 (time=879.302), 0.0102333 s/step
field decay(t = 880.4166666666666): 0.4769139611104278 / 0.4769139611104278 = 1.0
on time step 84804 (time=883.375), 0.0102474 s/step
on time step 85195 (time=887.448), 0.0102438 s/step
on time step 85585 (time=891.51), 0.0102672 s/step
on time step 85970 (time=895.521), 0.0104035 s/step
on time step 86355 (time=899.531), 0.0103905 s/step
field decay(t = 900.4270833333333): 0.5510758023308204 / 0.5510758023308204 = 1.0
on time step 86740 (time=903.542), 0.0104139 s/step
on time step 87125 (time=907.552), 0.0103941 s/step
on time step 87513 (time=911.594), 0.0103151 s/step
on time step 87901 (time=915.635), 0.0103305 s/step
on time step 88290 (time=919.688), 0.0103021 s/step
field decay(t = 920.4375): 0.6520119674173543 / 0.6520119674173543 = 1.0
on time step 88678 (time=923.729), 0.010321 s/step
on time step 89066 (time=927.771), 0.0103234 s/step
on time step 89446 (time=931.729), 0.0105391 s/step
on time step 89824 (time=935.667), 0.0106056 s/step
on time step 90202 (time=939.604), 0.0106048 s/step
field decay(t = 940.4479166666666): 0.7262002862015169 / 0.7262002862015169 = 1.0
on time step 90581 (time=943.552), 0.0105814 s/step
on time step 90960 (time=947.5), 0.0105801 s/step
on time step 91339 (time=951.448), 0.0105707 s/step
on time step 91718 (time=955.396), 0.0105678 s/step
on time step 92096 (time=959.333), 0.0105836 s/step
field decay(t = 960.4583333333333): 0.7961928591871381 / 0.7961928591871381 = 1.0
on time step 92474 (time=963.271), 0.0105901 s/step
on time step 92853 (time=967.219), 0.0105696 s/step
on time step 93232 (time=971.167), 0.0105679 s/step
on time step 93611 (time=975.115), 0.0105696 s/step
on time step 93990 (time=979.062), 0.0105692 s/step
field decay(t = 980.46875): 0.8593110748514023 / 0.8593110748514023 = 1.0
on time step 94369 (time=983.01), 0.0105804 s/step
on time step 94748 (time=986.958), 0.010581 s/step
on time step 95127 (time=990.906), 0.0105735 s/step
on time step 95506 (time=994.854), 0.0105738 s/step
on time step 95884 (time=998.792), 0.0105855 s/step
field decay(t = 1000.4791666666666): 0.9283396030543326 / 0.9283396030543326 = 1.0
on time step 96263 (time=1002.74), 0.0105795 s/step
on time step 96642 (time=1006.69), 0.0105642 s/step
on time step 97021 (time=1010.64), 0.0105789 s/step
on time step 97400 (time=1014.58), 0.0105723 s/step
on time step 97779 (time=1018.53), 0.0105641 s/step
field decay(t = 1020.4895833333333): 0.9658689517485821 / 0.9658689517485821 = 1.0
on time step 98159 (time=1022.49), 0.0105515 s/step
on time step 98540 (time=1026.46), 0.0105192 s/step
on time step 98923 (time=1030.45), 0.0104589 s/step
on time step 99305 (time=1034.43), 0.0104794 s/step
on time step 99688 (time=1038.42), 0.0104604 s/step
field decay(t = 1040.4895833333333): 0.9892690751070975 / 0.9892690751070975 = 1.0
on time step 100073 (time=1042.43), 0.0103921 s/step
on time step 100459 (time=1046.45), 0.0103824 s/step
on time step 100844 (time=1050.46), 0.0104149 s/step
on time step 101229 (time=1054.47), 0.0103899 s/step
on time step 101615 (time=1058.49), 0.0103694 s/step
field decay(t = 1060.5): 0.9974684749106615 / 0.9974684749106615 = 1.0
on time step 101999 (time=1062.49), 0.0104307 s/step
on time step 102382 (time=1066.48), 0.0104537 s/step
on time step 102768 (time=1070.5), 0.0103816 s/step
on time step 103152 (time=1074.5), 0.0104432 s/step
on time step 103535 (time=1078.49), 0.0104451 s/step
field decay(t = 1080.5104166666665): 0.9967409390404677 / 0.9974684749106615 = 0.9992706176801638
on time step 103919 (time=1082.49), 0.0104432 s/step
on time step 104302 (time=1086.48), 0.0104607 s/step
on time step 104687 (time=1090.49), 0.0104046 s/step
on time step 105073 (time=1094.51), 0.0103827 s/step
on time step 105459 (time=1098.53), 0.0103732 s/step
field decay(t = 1100.5208333333333): 0.976706372364888 / 0.9974684749106615 = 0.9791852042766234
on time step 105845 (time=1102.55), 0.0103664 s/step
on time step 106231 (time=1106.57), 0.0103691 s/step
on time step 106616 (time=1110.58), 0.0104089 s/step
on time step 107000 (time=1114.58), 0.0104412 s/step
on time step 107385 (time=1118.59), 0.0103932 s/step
field decay(t = 1120.53125): 0.9445340495536759 / 0.9974684749106615 = 0.9469312297195892
on time step 107771 (time=1122.61), 0.0103665 s/step
on time step 108157 (time=1126.64), 0.0103861 s/step
on time step 108543 (time=1130.66), 0.010365 s/step
on time step 108929 (time=1134.68), 0.0103891 s/step
on time step 109315 (time=1138.7), 0.0103682 s/step
field decay(t = 1140.5416666666665): 0.8992470620741742 / 0.9974684749106615 = 0.9015293061314198
on time step 109701 (time=1142.72), 0.0103728 s/step
on time step 110086 (time=1146.73), 0.0103968 s/step
on time step 110472 (time=1150.75), 0.0103706 s/step
on time step 110858 (time=1154.77), 0.0103833 s/step
on time step 111244 (time=1158.79), 0.0103842 s/step
field decay(t = 1160.5520833333333): 0.8428515289845323 / 0.9974684749106615 = 0.8449906440000748
on time step 111630 (time=1162.81), 0.0103657 s/step
on time step 112013 (time=1166.8), 0.0104488 s/step
on time step 112397 (time=1170.8), 0.0104211 s/step
on time step 112784 (time=1174.83), 0.0103617 s/step
on time step 113169 (time=1178.84), 0.0104044 s/step
field decay(t = 1180.5625): 0.7770232547517636 / 0.9974684749106615 = 0.77899530090047
on time step 113553 (time=1182.84), 0.0104372 s/step
on time step 113937 (time=1186.84), 0.0104413 s/step
on time step 114321 (time=1190.84), 0.0104185 s/step
on time step 114705 (time=1194.84), 0.0104354 s/step
on time step 115089 (time=1198.84), 0.010429 s/step
field decay(t = 1200.5729166666665): 0.6819011284084164 / 0.9974684749106615 = 0.6836317593591026
on time step 115471 (time=1202.82), 0.0104922 s/step
on time step 115851 (time=1206.78), 0.0105356 s/step
on time step 116231 (time=1210.74), 0.0105508 s/step
on time step 116611 (time=1214.7), 0.0105489 s/step
on time step 116991 (time=1218.66), 0.0105508 s/step
field decay(t = 1220.5833333333333): 0.6066935079025656 / 0.9974684749106615 = 0.6082332656747916
on time step 117371 (time=1222.61), 0.0105286 s/step
on time step 117751 (time=1226.57), 0.0105344 s/step
on time step 118134 (time=1230.56), 0.0104616 s/step
on time step 118516 (time=1234.54), 0.0104731 s/step
on time step 118898 (time=1238.52), 0.0104983 s/step
field decay(t = 1240.59375): 0.5314050142614771 / 0.9974684749106615 = 0.5327536936032716
on time step 119281 (time=1242.51), 0.0104466 s/step
on time step 119664 (time=1246.5), 0.0104637 s/step
on time step 120047 (time=1250.49), 0.010467 s/step
on time step 120430 (time=1254.48), 0.0104628 s/step
on time step 120813 (time=1258.47), 0.0104532 s/step
field decay(t = 1260.6041666666665): 0.45823158984821555 / 0.9974684749106615 = 0.4593945586994688
on time step 121196 (time=1262.46), 0.0104594 s/step
on time step 121579 (time=1266.45), 0.0104597 s/step
on time step 121962 (time=1270.44), 0.0104503 s/step
on time step 122345 (time=1274.43), 0.0104597 s/step
on time step 122728 (time=1278.42), 0.010471 s/step
field decay(t = 1280.6145833333333): 0.36703623122490386 / 0.9974684749106615 = 0.3679677508181675
on time step 123111 (time=1282.41), 0.0104618 s/step
on time step 123494 (time=1286.4), 0.010458 s/step
on time step 123877 (time=1290.39), 0.0104597 s/step
on time step 124260 (time=1294.38), 0.010459 s/step
on time step 124643 (time=1298.36), 0.010453 s/step
field decay(t = 1300.625): 0.30511852145156787 / 0.9974684749106615 = 0.3058928969949611
on time step 125026 (time=1302.35), 0.0104667 s/step
on time step 125409 (time=1306.34), 0.0104646 s/step
on time step 125792 (time=1310.33), 0.0104512 s/step
on time step 126175 (time=1314.32), 0.0104685 s/step
on time step 126558 (time=1318.31), 0.010456 s/step
field decay(t = 1320.6354166666665): 0.24968086809666865 / 0.9974684749106615 = 0.25031454564920597
on time step 126941 (time=1322.3), 0.0104638 s/step
on time step 127324 (time=1326.29), 0.0104663 s/step
on time step 127707 (time=1330.28), 0.0104577 s/step
on time step 128090 (time=1334.27), 0.0104494 s/step
on time step 128473 (time=1338.26), 0.0104571 s/step
field decay(t = 1340.6458333333333): 0.20110662458634954 / 0.9974684749106615 = 0.20161702313886332
on time step 128856 (time=1342.25), 0.0104598 s/step
on time step 129239 (time=1346.24), 0.0104689 s/step
on time step 129622 (time=1350.23), 0.0104496 s/step
on time step 130005 (time=1354.22), 0.0104558 s/step
on time step 130388 (time=1358.21), 0.0104567 s/step
field decay(t = 1360.65625): 0.14703156651943283 / 0.9974684749106615 = 0.1474047252797656
on time step 130771 (time=1362.2), 0.0104693 s/step
on time step 131154 (time=1366.19), 0.010454 s/step
on time step 131537 (time=1370.18), 0.0104669 s/step
on time step 131920 (time=1374.17), 0.0104481 s/step
on time step 132303 (time=1378.16), 0.0104521 s/step
field decay(t = 1380.6666666666665): 0.114096014682915 / 0.9974684749106615 = 0.11438558466034131
on time step 132686 (time=1382.15), 0.0104675 s/step
on time step 133069 (time=1386.14), 0.0104516 s/step
on time step 133452 (time=1390.12), 0.0104607 s/step
on time step 133835 (time=1394.11), 0.0104586 s/step
on time step 134218 (time=1398.1), 0.0104501 s/step
field decay(t = 1400.6770833333333): 0.08711857440179242 / 0.9974684749106615 = 0.08733967698537562
on time step 134601 (time=1402.09), 0.0104551 s/step
on time step 134983 (time=1406.07), 0.0104827 s/step
on time step 135366 (time=1410.06), 0.0104594 s/step
on time step 135749 (time=1414.05), 0.0104501 s/step
on time step 136132 (time=1418.04), 0.0104581 s/step
field decay(t = 1420.6875): 0.06543990495327316 / 0.9974684749106615 = 0.06560598815830676
on time step 136515 (time=1422.03), 0.0104481 s/step
on time step 136898 (time=1426.02), 0.0104622 s/step
on time step 137281 (time=1430.01), 0.0104634 s/step
on time step 137664 (time=1434), 0.0104595 s/step
on time step 138047 (time=1437.99), 0.010451 s/step
field decay(t = 1440.6979166666665): 0.04354413643091183 / 0.9974684749106615 = 0.04365464927080715
on time step 138429 (time=1441.97), 0.0104743 s/step
on time step 138811 (time=1445.95), 0.010479 s/step
on time step 139194 (time=1449.94), 0.0104566 s/step
on time step 139577 (time=1453.93), 0.0104639 s/step
on time step 139960 (time=1457.92), 0.0104645 s/step
field decay(t = 1460.7083333333333): 0.03145301822511406 / 0.9974684749106615 = 0.03153284441188094
on time step 140343 (time=1461.91), 0.0104659 s/step
on time step 140726 (time=1465.9), 0.0104676 s/step
on time step 141109 (time=1469.89), 0.010457 s/step
on time step 141492 (time=1473.88), 0.0104591 s/step
on time step 141875 (time=1477.86), 0.0104511 s/step
field decay(t = 1480.71875): 0.022328139890080752 / 0.9974684749106615 = 0.02238480759212022
on time step 142258 (time=1481.85), 0.0104671 s/step
on time step 142641 (time=1485.84), 0.0104605 s/step
on time step 143024 (time=1489.83), 0.0104598 s/step
on time step 143407 (time=1493.82), 0.01046 s/step
on time step 143790 (time=1497.81), 0.0104478 s/step
field decay(t = 1500.7291666666665): 0.015570206134174057 / 0.9974684749106615 = 0.015609722538417675
on time step 144173 (time=1501.8), 0.0104612 s/step
on time step 144556 (time=1505.79), 0.0104558 s/step
on time step 144939 (time=1509.78), 0.0104538 s/step
on time step 145321 (time=1513.76), 0.010474 s/step
on time step 145703 (time=1517.74), 0.0104744 s/step
field decay(t = 1520.7395833333333): 0.009354941823045785 / 0.9974684749106615 = 0.009378684197396476
on time step 146085 (time=1521.72), 0.0104801 s/step
on time step 146467 (time=1525.7), 0.0104731 s/step
on time step 146850 (time=1529.69), 0.01046 s/step
on time step 147233 (time=1533.68), 0.0104626 s/step
on time step 147615 (time=1537.66), 0.0104766 s/step
field decay(t = 1540.75): 0.006241338240211015 / 0.9974684749106615 = 0.006257178444431561
on time step 147997 (time=1541.64), 0.0104799 s/step
on time step 148379 (time=1545.61), 0.0104786 s/step
on time step 148762 (time=1549.6), 0.0104637 s/step
on time step 149145 (time=1553.59), 0.0104633 s/step
on time step 149526 (time=1557.56), 0.0105206 s/step
field decay(t = 1560.7604166666665): 0.004079121765477022 / 0.9974684749106615 = 0.004089474372453094
on time step 149908 (time=1561.54), 0.0104768 s/step
on time step 150290 (time=1565.52), 0.010474 s/step
on time step 150672 (time=1569.5), 0.0104778 s/step
on time step 151055 (time=1573.49), 0.0104621 s/step
on time step 151438 (time=1577.48), 0.0104626 s/step
field decay(t = 1580.7708333333333): 0.0026084383647966276 / 0.9974684749106615 = 0.0026150584508751046
on time step 151821 (time=1581.47), 0.0104667 s/step
on time step 152203 (time=1585.45), 0.0104787 s/step
on time step 152586 (time=1589.44), 0.0104619 s/step
on time step 152968 (time=1593.42), 0.010472 s/step
on time step 153350 (time=1597.4), 0.0104829 s/step
field decay(t = 1600.78125): 0.0014650994237243148 / 0.9974684749106615 = 0.0014688177727677427
on time step 153733 (time=1601.39), 0.0104655 s/step
on time step 154115 (time=1605.36), 0.0104796 s/step
on time step 154498 (time=1609.35), 0.0104612 s/step
on time step 154880 (time=1613.33), 0.010521 s/step
on time step 155262 (time=1617.31), 0.0104883 s/step
field decay(t = 1620.7916666666665): 0.0008345850197328707 / 0.9974684749106615 = 0.0008367031547614781
on time step 155644 (time=1621.29), 0.0104761 s/step
on time step 156026 (time=1625.27), 0.0104818 s/step
on time step 156408 (time=1629.25), 0.0104875 s/step
on time step 156791 (time=1633.24), 0.010464 s/step
on time step 157176 (time=1637.25), 0.0104128 s/step
field decay(t = 1640.8020833333333): 0.0004882066243295265 / 0.9974684749106615 = 0.0004894456683187435
on time step 157561 (time=1641.26), 0.0103901 s/step
on time step 157946 (time=1645.27), 0.0103914 s/step
on time step 158331 (time=1649.28), 0.0103985 s/step
on time step 158716 (time=1653.29), 0.0103913 s/step
on time step 159101 (time=1657.3), 0.0104002 s/step
field decay(t = 1660.8125): 0.00027570141833787004 / 0.9974684749106615 = 0.00027640113474519917
on time step 159487 (time=1661.32), 0.0103866 s/step
on time step 159873 (time=1665.34), 0.010387 s/step
on time step 160258 (time=1669.35), 0.0103933 s/step
on time step 160643 (time=1673.36), 0.0103965 s/step
on time step 161029 (time=1677.39), 0.0103734 s/step
field decay(t = 1680.8229166666665): 0.0001458640932297864 / 0.9974684749106615 = 0.00014623428900131482
on time step 161415 (time=1681.41), 0.0103866 s/step
on time step 161800 (time=1685.42), 0.0104109 s/step
on time step 162185 (time=1689.43), 0.0103991 s/step
on time step 162570 (time=1693.44), 0.0104023 s/step
on time step 162955 (time=1697.45), 0.0103942 s/step
field decay(t = 1700.8333333333333): 6.063751937430222e-05 / 0.9974684749106615 = 6.079141436498355e-05
on time step 163341 (time=1701.47), 0.0103896 s/step
on time step 163726 (time=1705.48), 0.0103916 s/step
on time step 164112 (time=1709.5), 0.0103895 s/step
on time step 164497 (time=1713.51), 0.0103907 s/step
on time step 164882 (time=1717.52), 0.0103976 s/step
field decay(t = 1720.84375): 2.8335525528952897e-05 / 0.9974684749106615 = 2.8407439675214572e-05
on time step 165267 (time=1721.53), 0.0104125 s/step
on time step 165652 (time=1725.54), 0.0103976 s/step
on time step 166037 (time=1729.55), 0.0103904 s/step
on time step 166422 (time=1733.56), 0.0103951 s/step
on time step 166807 (time=1737.57), 0.0103979 s/step
field decay(t = 1740.8541666666665): 1.188010029765109e-05 / 0.9974684749106615 = 1.1910251397885165e-05
on time step 167192 (time=1741.58), 0.0104027 s/step
on time step 167577 (time=1745.59), 0.0103994 s/step
on time step 167962 (time=1749.6), 0.0104029 s/step
on time step 168348 (time=1753.62), 0.0103901 s/step
on time step 168734 (time=1757.65), 0.0103797 s/step
field decay(t = 1760.8645833333333): 4.177022166081609e-06 / 0.9974684749106615 = 4.187623239376789e-06
on time step 169119 (time=1761.66), 0.0103923 s/step
on time step 169505 (time=1765.68), 0.010384 s/step
on time step 169890 (time=1769.69), 0.0103946 s/step
on time step 170275 (time=1773.7), 0.010394 s/step
on time step 170660 (time=1777.71), 0.0104088 s/step
field decay(t = 1780.875): 5.767294337683222e-07 / 0.9974684749106615 = 5.78193144219397e-07
on time step 171045 (time=1781.72), 0.0103975 s/step
on time step 171430 (time=1785.73), 0.0103966 s/step
on time step 171816 (time=1789.75), 0.0103864 s/step
on time step 172201 (time=1793.76), 0.0103898 s/step
on time step 172587 (time=1797.78), 0.0103878 s/step
field decay(t = 1800.8854166666665): 1.0626474304411563e-07 / 0.9974684749106615 = 1.0653443764589479e-07
on time step 172972 (time=1801.79), 0.0103922 s/step
on time step 173357 (time=1805.8), 0.0103934 s/step
on time step 173743 (time=1809.82), 0.01038 s/step
on time step 174128 (time=1813.83), 0.0104058 s/step
on time step 174513 (time=1817.84), 0.0103947 s/step
field decay(t = 1820.8958333333333): 3.8464813305372227e-07 / 0.9974684749106615 = 3.856243507727634e-07
on time step 174898 (time=1821.85), 0.0104062 s/step
on time step 175281 (time=1825.84), 0.0104459 s/step
on time step 175664 (time=1829.83), 0.0104439 s/step
on time step 176047 (time=1833.82), 0.0104547 s/step
on time step 176429 (time=1837.8), 0.0104749 s/step
field decay(t = 1840.90625): 7.397100963219591e-07 / 0.9974684749106615 = 7.415874435412221e-07
on time step 176811 (time=1841.78), 0.0104847 s/step
on time step 177193 (time=1845.76), 0.0104947 s/step
on time step 177575 (time=1849.74), 0.0104919 s/step
on time step 177957 (time=1853.72), 0.0104939 s/step
on time step 178338 (time=1857.69), 0.0105023 s/step
field decay(t = 1860.9166666666665): 8.911770194467137e-07 / 0.9974684749106615 = 8.934387821394879e-07
on time step 178720 (time=1861.67), 0.0104814 s/step
on time step 179103 (time=1865.66), 0.0104608 s/step
on time step 179487 (time=1869.66), 0.010443 s/step
on time step 179871 (time=1873.66), 0.0104383 s/step
on time step 180255 (time=1877.66), 0.0104382 s/step
field decay(t = 1880.9270833333333): 9.424210935194714e-07 / 0.9974684749106615 = 9.44812911108674e-07
on time step 180639 (time=1881.66), 0.0104409 s/step
on time step 181023 (time=1885.66), 0.0104387 s/step
on time step 181406 (time=1889.65), 0.0104476 s/step
on time step 181789 (time=1893.64), 0.0104486 s/step
on time step 182172 (time=1897.62), 0.0104453 s/step
field decay(t = 1900.9375): 9.409794525504895e-07 / 0.9974684749106615 = 9.433676113270333e-07
on time step 182555 (time=1901.61), 0.0104487 s/step
on time step 182939 (time=1905.61), 0.0104392 s/step
on time step 183322 (time=1909.6), 0.0104453 s/step
on time step 183706 (time=1913.6), 0.0104419 s/step
on time step 184090 (time=1917.6), 0.0104348 s/step
field decay(t = 1920.9479166666665): 8.979109441209625e-07 / 0.9974684749106615 = 9.001897971776843e-07
on time step 184473 (time=1921.59), 0.0104462 s/step
on time step 184857 (time=1925.59), 0.010427 s/step
on time step 185240 (time=1929.58), 0.0104483 s/step
on time step 185623 (time=1933.57), 0.0104496 s/step
on time step 186006 (time=1937.56), 0.0104458 s/step
field decay(t = 1940.9583333333333): 8.172663225833845e-07 / 0.9974684749106615 = 8.193405036250225e-07
on time step 186389 (time=1941.55), 0.0104483 s/step
on time step 186773 (time=1945.55), 0.0104387 s/step
on time step 187157 (time=1949.55), 0.0104247 s/step
on time step 187541 (time=1953.55), 0.0104417 s/step
on time step 187925 (time=1957.55), 0.0104432 s/step
field decay(t = 1960.96875): 6.980346831662553e-07 / 0.9974684749106615 = 6.998062602718095e-07
on time step 188398 (time=1962.48), 0.00846047 s/step
on time step 188903 (time=1967.74), 0.00793229 s/step
on time step 189408 (time=1973), 0.00793617 s/step
on time step 189914 (time=1978.27), 0.00791394 s/step
field decay(t = 1980.9791666666665): 5.872322117412002e-07 / 0.9974684749106615 = 5.887225777173517e-07
on time step 190419 (time=1983.53), 0.00793085 s/step
on time step 190924 (time=1988.79), 0.007929 s/step
on time step 191429 (time=1994.05), 0.00792465 s/step
on time step 191935 (time=1999.32), 0.0079196 s/step
field decay(t = 2000.9895833333333): 4.955722960360428e-07 / 0.9974684749106615 = 4.968300337315712e-07
on time step 192441 (time=2004.59), 0.00791609 s/step
on time step 192945 (time=2009.84), 0.00794591 s/step
on time step 193450 (time=2015.1), 0.00792278 s/step
on time step 193956 (time=2020.38), 0.00791592 s/step
field decay(t = 2021.0): 4.1415393736114645e-07 / 0.9974684749106615 = 4.152050393354439e-07
on time step 194549 (time=2026.55), 0.00675422 s/step
on time step 195207 (time=2033.41), 0.00608792 s/step
on time step 195864 (time=2040.25), 0.00609314 s/step
field decay(t = 2041.0104166666665): 3.444918850366082e-07 / 0.9974684749106615 = 3.4536618820706363e-07
on time step 196522 (time=2047.1), 0.00608714 s/step
on time step 197180 (time=2053.96), 0.00608436 s/step
on time step 197837 (time=2060.8), 0.00608903 s/step
2026-05-30 13:43:10 [INFO] D11_scaled_deep_groove: Checkpointed 5 completed spectra row(s) to /mnt/c/Users/admin/Meep_Simulation/meep_sim/results/diagnostics_v2/tables/D11_thickness_1um_quick_spectra_checkpoint.csv
2026-05-30 13:43:10 [INFO] D11_scaled_deep_groove: >>> task=6/10 case=scaled_inner_wall_film_1um pol=Hz wl=8.1014 res=24 pml=4
2026-05-30 13:43:10 [INFO] D11_scaled_deep_groove: [single ref] wl=8.1014 um, f=0.123435, res=24, comp=Hz
field decay(t = 2061.0104166666665): 2.808128492901732e-07 / 0.9974684749106615 = 2.815255382535516e-07
run 0 finished at t = 2061.0104166666665 (197857 timesteps)
-----------
Initializing structure...
Splitting into 16 chunks by voxels
time for choose_chunkdivision = 0.000580917 s
Working in 2D dimensions.
Computational cell is 50 x 49 x 0 with resolution 24
time for set_epsilon = 0.147082 s
-----------
field decay(t = 20.010416666666664): 1.6923554008979375e-10 / 1.6923554008979375e-10 = 1.0
on time step 2997 (time=31.2188), 0.00133472 s/step
field decay(t = 40.010416666666664): 4.413289333674316e-11 / 1.6923554008979375e-10 = 0.26077792710282327
field decay(t = 60.02083333333333): 1.7848707883855732e-10 / 1.7848707883855732e-10 = 1.0
on time step 6061 (time=63.1354), 0.00130561 s/step
field decay(t = 80.02083333333333): 6.908541180478997e-10 / 6.908541180478997e-10 = 1.0
on time step 9130 (time=95.1042), 0.0013035 s/step
field decay(t = 100.03125): 2.558120434015057e-09 / 2.558120434015057e-09 = 1.0
field decay(t = 120.04166666666666): 9.055271662976689e-09 / 9.055271662976689e-09 = 1.0
on time step 12214 (time=127.229), 0.00129704 s/step
field decay(t = 140.04166666666666): 3.064249755213635e-08 / 3.064249755213635e-08 = 1.0
on time step 15291 (time=159.281), 0.00130004 s/step
field decay(t = 160.05208333333331): 9.913344975372662e-08 / 9.913344975372662e-08 = 1.0
field decay(t = 180.0625): 3.0660137611957e-07 / 3.0660137611957e-07 = 1.0
on time step 18368 (time=191.333), 0.00129998 s/step
field decay(t = 200.07291666666666): 8.937773228294496e-07 / 8.937773228294496e-07 = 1.0
field decay(t = 220.08333333333331): 2.333023217277929e-06 / 2.333023217277929e-06 = 1.0
on time step 21432 (time=223.25), 0.00130552 s/step
field decay(t = 240.09375): 5.696974406712786e-06 / 5.696974406712786e-06 = 1.0
on time step 24502 (time=255.229), 0.0013031 s/step
field decay(t = 260.10416666666663): 1.4851277043841392e-05 / 1.4851277043841392e-05 = 1.0
field decay(t = 280.1145833333333): 3.701241100822835e-05 / 3.701241100822835e-05 = 1.0
on time step 27567 (time=287.156), 0.00130539 s/step
field decay(t = 300.125): 8.81850209993989e-05 / 8.81850209993989e-05 = 1.0
on time step 30635 (time=319.115), 0.00130387 s/step
field decay(t = 320.13541666666663): 0.00020086582481253467 / 0.00020086582481253467 = 1.0
field decay(t = 340.1458333333333): 0.0004374023534775846 / 0.0004374023534775846 = 1.0
on time step 33708 (time=351.125), 0.00130168 s/step
field decay(t = 360.15625): 0.0009105840584342647 / 0.0009105840584342647 = 1.0
field decay(t = 380.16666666666663): 0.0018122696998324967 / 0.0018122696998324967 = 1.0
on time step 36776 (time=383.083), 0.00130382 s/step
field decay(t = 400.1770833333333): 0.0034481762919956406 / 0.0034481762919956406 = 1.0
on time step 39815 (time=414.74), 0.00131631 s/step
field decay(t = 420.1875): 0.006272200587074164 / 0.006272200587074164 = 1.0
field decay(t = 440.19791666666663): 0.010907224799739736 / 0.010907224799739736 = 1.0
on time step 42824 (time=446.083), 0.00132956 s/step
field decay(t = 460.2083333333333): 0.018133116089755614 / 0.018133116089755614 = 1.0
on time step 45835 (time=477.448), 0.00132847 s/step
field decay(t = 480.21875): 0.028820032939502985 / 0.028820032939502985 = 1.0
field decay(t = 500.22916666666663): 0.04379054561272308 / 0.04379054561272308 = 1.0
on time step 48854 (time=508.896), 0.00132531 s/step
field decay(t = 520.2291666666666): 0.06361068790953502 / 0.06361068790953502 = 1.0
on time step 51860 (time=540.208), 0.00133107 s/step
field decay(t = 540.2395833333333): 0.08655755012961776 / 0.08655755012961776 = 1.0
field decay(t = 560.25): 0.11121712749985505 / 0.11121712749985505 = 1.0
on time step 54874 (time=571.604), 0.00132738 s/step
field decay(t = 580.2604166666666): 0.1424362097074514 / 0.1424362097074514 = 1.0
field decay(t = 600.2708333333333): 0.17439458550339448 / 0.17439458550339448 = 1.0
on time step 57886 (time=602.979), 0.00132828 s/step
field decay(t = 620.28125): 0.20413122444276766 / 0.20413122444276766 = 1.0
on time step 60895 (time=634.323), 0.00132936 s/step
field decay(t = 640.2916666666666): 0.228428211330708 / 0.228428211330708 = 1.0
field decay(t = 660.3020833333333): 0.2443733782541186 / 0.2443733782541186 = 1.0
on time step 63906 (time=665.688), 0.00132851 s/step
field decay(t = 680.3125): 0.249932021102649 / 0.249932021102649 = 1.0
on time step 66912 (time=697), 0.00133073 s/step
field decay(t = 700.3229166666666): 0.24970470215501578 / 0.249932021102649 = 0.9990904768959562
field decay(t = 720.3333333333333): 0.2419645458216842 / 0.249932021102649 = 0.968121430596152
on time step 69928 (time=728.417), 0.00132646 s/step
field decay(t = 740.34375): 0.22415119699852287 / 0.249932021102649 = 0.8968486551247559
on time step 72945 (time=759.844), 0.00132614 s/step
field decay(t = 760.3541666666666): 0.19851541900849373 / 0.249932021102649 = 0.7942776525100076
field decay(t = 780.3645833333333): 0.1680781587127442 / 0.249932021102649 = 0.6724954968603771
on time step 76722 (time=799.188), 0.00105917 s/step
field decay(t = 800.375): 0.1360480035375658 / 0.249932021102649 = 0.5443400286900006
field decay(t = 820.3854166666666): 0.10527782854462985 / 0.249932021102649 = 0.4212258520543529
on time step 79962 (time=832.938), 0.00123492 s/step
field decay(t = 840.3958333333333): 0.07788351057355289 / 0.249932021102649 = 0.31161877629743784
field decay(t = 860.40625): 0.05638777883083881 / 0.249932021102649 = 0.2256124628691732
on time step 82995 (time=864.531), 0.00131916 s/step
field decay(t = 880.4166666666666): 0.040369255145721664 / 0.249932021102649 = 0.16152094064466313
on time step 86028 (time=896.125), 0.00131924 s/step
field decay(t = 900.4270833333333): 0.02636416406219922 / 0.249932021102649 = 0.10548533935702163
field decay(t = 920.4375): 0.01643934125281215 / 0.249932021102649 = 0.06577525032720952
on time step 89061 (time=927.719), 0.00131892 s/step
field decay(t = 940.4479166666666): 0.00979984485191404 / 0.249932021102649 = 0.03921004122912753
on time step 92089 (time=959.26), 0.00132119 s/step
field decay(t = 960.4583333333333): 0.005584937988161239 / 0.249932021102649 = 0.022345828131672102
field decay(t = 980.46875): 0.0030428556565558974 / 0.249932021102649 = 0.012174733125957371
on time step 95115 (time=990.781), 0.0013219 s/step
field decay(t = 1000.4791666666666): 0.0015849231538989414 / 0.249932021102649 = 0.0063414169457222174
field decay(t = 1020.4895833333333): 0.0007892214933079788 / 0.249932021102649 = 0.003157744613219606
on time step 98148 (time=1022.38), 0.00131922 s/step
field decay(t = 1040.4895833333333): 0.00037571060613152796 / 0.249932021102649 = 0.001503251181957276
on time step 101179 (time=1053.95), 0.00131984 s/step
field decay(t = 1060.5): 0.00017099044986249064 / 0.249932021102649 = 0.0006841478299103722
field decay(t = 1080.5104166666665): 7.439677077927379e-05 / 0.249932021102649 = 0.0002976680236932044
on time step 104195 (time=1085.36), 0.00132656 s/step
field decay(t = 1100.5208333333333): 3.094569132720336e-05 / 0.249932021102649 = 0.0001238164329271507
on time step 107286 (time=1117.56), 0.00129414 s/step
field decay(t = 1120.53125): 1.2305806664247393e-05 / 0.249932021102649 = 4.923661486013952e-05
field decay(t = 1140.5416666666665): 4.678254990129705e-06 / 0.249932021102649 = 1.871810970635215e-05
on time step 110394 (time=1149.94), 0.00128719 s/step
field decay(t = 1160.5520833333333): 1.7002841129485401e-06 / 0.249932021102649 = 6.802986289820864e-06
field decay(t = 1180.5625): 6.304404234338774e-07 / 0.249932021102649 = 2.522447586557749e-06
on time step 113503 (time=1182.32), 0.00128677 s/step
field decay(t = 1200.5729166666665): 2.360199069969636e-07 / 0.249932021102649 = 9.443364077787712e-07
on time step 116617 (time=1214.76), 0.00128482 s/step
field decay(t = 1220.5833333333333): 7.865881752055514e-08 / 0.249932021102649 = 3.1472084758698987e-07
field decay(t = 1240.59375): 2.4099636290173404e-08 / 0.249932021102649 = 9.642476455738137e-08
on time step 120826 (time=1258.6), 0.000950354 s/step
field decay(t = 1260.6041666666665): 7.057930611787754e-09 / 0.249932021102649 = 2.8239401180567447e-08
field decay(t = 1280.6145833333333): 1.976050456396978e-09 / 0.249932021102649 = 7.90635168586661e-09
on time step 124429 (time=1296.14), 0.00111034 s/step
field decay(t = 1300.625): 5.289359149067713e-10 / 0.249932021102649 = 2.1163191197879094e-09
field decay(t = 1320.6354166666665): 1.3534664078243123e-10 / 0.249932021102649 = 5.415338146161084e-10
on time step 127985 (time=1333.18), 0.00112521 s/step
/home/gyh/miniforge3/envs/meep_mpi/lib/python3.11/site-packages/meep/simulation.py:2479: RuntimeWarning: Epsilon < 1 may require adjusting the Courant parameter. See the 'Numerical Stability' entry under the 'Materials' section of the documentation
  warnings.warn(eps_warning, RuntimeWarning)
/home/gyh/miniforge3/envs/meep_mpi/lib/python3.11/site-packages/meep/simulation.py:2479: RuntimeWarning: Epsilon < 1 may require adjusting the Courant parameter. See the 'Numerical Stability' entry under the 'Materials' section of the documentation
  warnings.warn(eps_warning, RuntimeWarning)
/home/gyh/miniforge3/envs/meep_mpi/lib/python3.11/site-packages/meep/simulation.py:2479: RuntimeWarning: Epsilon < 1 may require adjusting the Courant parameter. See the 'Numerical Stability' entry under the 'Materials' section of the documentation
  warnings.warn(eps_warning, RuntimeWarning)
/home/gyh/miniforge3/envs/meep_mpi/lib/python3.11/site-packages/meep/simulation.py:2479: RuntimeWarning: Epsilon < 1 may require adjusting the Courant parameter. See the 'Numerical Stability' entry under the 'Materials' section of the documentation
  warnings.warn(eps_warning, RuntimeWarning)
/home/gyh/miniforge3/envs/meep_mpi/lib/python3.11/site-packages/meep/simulation.py:2479: RuntimeWarning: Epsilon < 1 may require adjusting the Courant parameter. See the 'Numerical Stability' entry under the 'Materials' section of the documentation
  warnings.warn(eps_warning, RuntimeWarning)
/home/gyh/miniforge3/envs/meep_mpi/lib/python3.11/site-packages/meep/simulation.py:2479: RuntimeWarning: Epsilon < 1 may require adjusting the Courant parameter. See the 'Numerical Stability' entry under the 'Materials' section of the documentation
  warnings.warn(eps_warning, RuntimeWarning)
/home/gyh/miniforge3/envs/meep_mpi/lib/python3.11/site-packages/meep/simulation.py:2479: RuntimeWarning: Epsilon < 1 may require adjusting the Courant parameter. See the 'Numerical Stability' entry under the 'Materials' section of the documentation
  warnings.warn(eps_warning, RuntimeWarning)
/home/gyh/miniforge3/envs/meep_mpi/lib/python3.11/site-packages/meep/simulation.py:2479: RuntimeWarning: Epsilon < 1 may require adjusting the Courant parameter. See the 'Numerical Stability' entry under the 'Materials' section of the documentation
  warnings.warn(eps_warning, RuntimeWarning)
/home/gyh/miniforge3/envs/meep_mpi/lib/python3.11/site-packages/meep/simulation.py:2479: RuntimeWarning: Epsilon < 1 may require adjusting the Courant parameter. See the 'Numerical Stability' entry under the 'Materials' section of the documentation
  warnings.warn(eps_warning, RuntimeWarning)
/home/gyh/miniforge3/envs/meep_mpi/lib/python3.11/site-packages/meep/simulation.py:2479: RuntimeWarning: Epsilon < 1 may require adjusting the Courant parameter. See the 'Numerical Stability' entry under the 'Materials' section of the documentation
  warnings.warn(eps_warning, RuntimeWarning)
/home/gyh/miniforge3/envs/meep_mpi/lib/python3.11/site-packages/meep/simulation.py:2479: RuntimeWarning: Epsilon < 1 may require adjusting the Courant parameter. See the 'Numerical Stability' entry under the 'Materials' section of the documentation
  warnings.warn(eps_warning, RuntimeWarning)
/home/gyh/miniforge3/envs/meep_mpi/lib/python3.11/site-packages/meep/simulation.py:2479: RuntimeWarning: Epsilon < 1 may require adjusting the Courant parameter. See the 'Numerical Stability' entry under the 'Materials' section of the documentation
  warnings.warn(eps_warning, RuntimeWarning)
/home/gyh/miniforge3/envs/meep_mpi/lib/python3.11/site-packages/meep/simulation.py:2479: RuntimeWarning: Epsilon < 1 may require adjusting the Courant parameter. See the 'Numerical Stability' entry under the 'Materials' section of the documentation
  warnings.warn(eps_warning, RuntimeWarning)
/home/gyh/miniforge3/envs/meep_mpi/lib/python3.11/site-packages/meep/simulation.py:2479: RuntimeWarning: Epsilon < 1 may require adjusting the Courant parameter. See the 'Numerical Stability' entry under the 'Materials' section of the documentation
  warnings.warn(eps_warning, RuntimeWarning)
/home/gyh/miniforge3/envs/meep_mpi/lib/python3.11/site-packages/meep/simulation.py:2479: RuntimeWarning: Epsilon < 1 may require adjusting the Courant parameter. See the 'Numerical Stability' entry under the 'Materials' section of the documentation
  warnings.warn(eps_warning, RuntimeWarning)
/home/gyh/miniforge3/envs/meep_mpi/lib/python3.11/site-packages/meep/simulation.py:2479: RuntimeWarning: Epsilon < 1 may require adjusting the Courant parameter. See the 'Numerical Stability' entry under the 'Materials' section of the documentation
  warnings.warn(eps_warning, RuntimeWarning)
field decay(t = 1340.6458333333333): 3.310959967225297e-11 / 0.249932021102649 = 1.3247442054915645e-10
field decay(t = 1360.65625): 1.5852364891874775e-10 / 0.249932021102649 = 6.342670627772056e-10
run 0 finished at t = 1360.65625 (130623 timesteps)
-----------
Initializing structure...
Splitting into 16 chunks by voxels
time for choose_chunkdivision = 0.000785428 s
Working in 2D dimensions.
Computational cell is 50 x 49 x 0 with resolution 24
     block, center = (0,-4,0)
          size (50,25,1e+20)
          axes (1,0,0), (0,1,0), (0,0,1)
          dielectric constant epsilon diagonal = (1,1,1)
     prism, center = (2.72978,1,5e+19)
          height 1e+20, axis (0,0,1), sidewall angle: 0 radians, 4 vertices:
          (-10,8.5,0)
          (10,8.5,0)
          (15.4596,-6.5,0)
          (-4.54045,-6.5,0)
          dielectric constant epsilon diagonal = (0.969194,0.969194,0.969194)
     prism, center = (2.54779,1.5,5e+19)
          height 1e+20, axis (0,0,1), sidewall angle: 0 radians, 4 vertices:
          (-9,8.5,0)
          (9,8.5,0)
          (14.0956,-5.5,0)
          (-3.90442,-5.5,0)
          dielectric constant epsilon diagonal = (1,1,1)
time for set_epsilon = 1.34676 s
time for set_conductivity = 0.0400119 s
time for set_conductivity = 0.0400681 s
time for set_conductivity = 0.0406726 s
lorentzian susceptibility: frequency=15.6714, gamma=1.42115
lorentzian susceptibility: frequency=2.02365, gamma=1.3413
lorentzian susceptibility: frequency=1.24613, gamma=2.0309
lorentzian susceptibility: frequency=0.626693, gamma=1.83572
drude susceptibility: frequency=1e-10, gamma=0.0661375
-----------
2026-05-30 13:46:00 [INFO] D11_scaled_deep_groove: [single struct] 3 geometry objects
on time step 176 (time=1.83333), 0.0228366 s/step
on time step 357 (time=3.71875), 0.0221709 s/step
on time step 537 (time=5.59375), 0.0222455 s/step
on time step 717 (time=7.46875), 0.0222861 s/step
on time step 897 (time=9.34375), 0.0222714 s/step
on time step 1077 (time=11.2188), 0.0223002 s/step
on time step 1257 (time=13.0938), 0.0222933 s/step
on time step 1437 (time=14.9688), 0.0223043 s/step
on time step 1617 (time=16.8438), 0.0222946 s/step
on time step 1797 (time=18.7188), 0.0222757 s/step
field decay(t = 20.010416666666664): 1.6923554008979375e-10 / 1.6923554008979375e-10 = 1.0
on time step 1977 (time=20.5938), 0.0223042 s/step
on time step 2157 (time=22.4688), 0.0222702 s/step
on time step 2337 (time=24.3438), 0.022287 s/step
on time step 2517 (time=26.2188), 0.022319 s/step
on time step 2697 (time=28.0938), 0.022265 s/step
on time step 2877 (time=29.9688), 0.022306 s/step
on time step 3057 (time=31.8438), 0.0222736 s/step
on time step 3237 (time=33.7188), 0.0222382 s/step
on time step 3421 (time=35.6354), 0.0218392 s/step
on time step 3604 (time=37.5417), 0.0219037 s/step
on time step 3787 (time=39.4479), 0.0219079 s/step
field decay(t = 40.010416666666664): 4.2085454501857554e-11 / 1.6923554008979375e-10 = 0.24867976596126123
on time step 3970 (time=41.3542), 0.0218988 s/step
on time step 4153 (time=43.2604), 0.0219223 s/step
on time step 4336 (time=45.1667), 0.0219082 s/step
on time step 4519 (time=47.0729), 0.0219475 s/step
on time step 4701 (time=48.9688), 0.0220659 s/step
on time step 4883 (time=50.8646), 0.0220877 s/step
on time step 5065 (time=52.7604), 0.0220668 s/step
on time step 5247 (time=54.6562), 0.0220865 s/step
on time step 5429 (time=56.5521), 0.022073 s/step
on time step 5611 (time=58.4479), 0.0220744 s/step
field decay(t = 60.02083333333333): 2.3473024494923027e-10 / 2.3473024494923027e-10 = 1.0
on time step 5793 (time=60.3438), 0.022075 s/step
on time step 5975 (time=62.2396), 0.0220788 s/step
on time step 6158 (time=64.1458), 0.0219491 s/step
on time step 6340 (time=66.0417), 0.0220027 s/step
on time step 6522 (time=67.9375), 0.0220642 s/step
on time step 6704 (time=69.8333), 0.0220664 s/step
on time step 6886 (time=71.7292), 0.0220817 s/step
on time step 7069 (time=73.6354), 0.0219415 s/step
on time step 7252 (time=75.5417), 0.0219409 s/step
on time step 7434 (time=77.4375), 0.0220633 s/step
on time step 7616 (time=79.3333), 0.0220837 s/step
field decay(t = 80.02083333333333): 8.646745379941296e-10 / 8.646745379941296e-10 = 1.0
on time step 7798 (time=81.2292), 0.0220547 s/step
on time step 7980 (time=83.125), 0.022078 s/step
on time step 8162 (time=85.0208), 0.0220718 s/step
on time step 8345 (time=86.9271), 0.021937 s/step
on time step 8528 (time=88.8333), 0.021968 s/step
on time step 8711 (time=90.7396), 0.0219299 s/step
on time step 8894 (time=92.6458), 0.0219039 s/step
on time step 9076 (time=94.5417), 0.0219852 s/step
on time step 9259 (time=96.4479), 0.0218794 s/step
on time step 9442 (time=98.3542), 0.0219331 s/step
field decay(t = 100.03125): 3.169308271545179e-09 / 3.169308271545179e-09 = 1.0
on time step 9624 (time=100.25), 0.0220686 s/step
on time step 9806 (time=102.146), 0.0220805 s/step
on time step 9988 (time=104.042), 0.0220743 s/step
on time step 10170 (time=105.938), 0.0220737 s/step
on time step 10352 (time=107.833), 0.0220859 s/step
on time step 10534 (time=109.729), 0.0220747 s/step
on time step 10717 (time=111.635), 0.0219463 s/step
on time step 10900 (time=113.542), 0.0219176 s/step
on time step 11083 (time=115.448), 0.0219112 s/step
on time step 11266 (time=117.354), 0.0218848 s/step
on time step 11449 (time=119.26), 0.0219154 s/step
field decay(t = 120.04166666666666): 1.1231814705328267e-08 / 1.1231814705328267e-08 = 1.0
on time step 11632 (time=121.167), 0.0218946 s/step
on time step 11815 (time=123.073), 0.0219138 s/step
on time step 11998 (time=124.979), 0.0219627 s/step
on time step 12179 (time=126.865), 0.022111 s/step
on time step 12361 (time=128.76), 0.0220448 s/step
on time step 12542 (time=130.646), 0.0221569 s/step
on time step 12723 (time=132.531), 0.0221278 s/step
on time step 12904 (time=134.417), 0.0221657 s/step
on time step 13085 (time=136.302), 0.0221424 s/step
on time step 13266 (time=138.188), 0.0221096 s/step
field decay(t = 140.04166666666666): 3.849434516464228e-08 / 3.849434516464228e-08 = 1.0
on time step 13448 (time=140.083), 0.0220745 s/step
on time step 13630 (time=141.979), 0.0220763 s/step
on time step 13812 (time=143.875), 0.022021 s/step
on time step 13995 (time=145.781), 0.0219211 s/step
on time step 14179 (time=147.698), 0.0218133 s/step
on time step 14363 (time=149.615), 0.0218246 s/step
on time step 14546 (time=151.521), 0.0218609 s/step
on time step 14729 (time=153.427), 0.0219767 s/step
on time step 14911 (time=155.323), 0.0220403 s/step
on time step 15092 (time=157.208), 0.0221164 s/step
on time step 15274 (time=159.104), 0.0220883 s/step
field decay(t = 160.05208333333331): 1.2599358395411893e-07 / 1.2599358395411893e-07 = 1.0
on time step 15456 (time=161), 0.0220823 s/step
on time step 15637 (time=162.885), 0.0221048 s/step
on time step 15819 (time=164.781), 0.0220747 s/step
on time step 16000 (time=166.667), 0.0221113 s/step
on time step 16181 (time=168.552), 0.0221564 s/step
on time step 16362 (time=170.438), 0.0221101 s/step
on time step 16544 (time=172.333), 0.0220831 s/step
on time step 16727 (time=174.24), 0.0219202 s/step
on time step 16911 (time=176.156), 0.0217827 s/step
on time step 17094 (time=178.062), 0.0219193 s/step
on time step 17277 (time=179.969), 0.0219061 s/step
field decay(t = 180.0625): 3.811404428285945e-07 / 3.811404428285945e-07 = 1.0
on time step 17459 (time=181.865), 0.0220171 s/step
on time step 17644 (time=183.792), 0.0216605 s/step
on time step 17829 (time=185.719), 0.0216291 s/step
on time step 18015 (time=187.656), 0.0215667 s/step
on time step 18201 (time=189.594), 0.0215418 s/step
on time step 18387 (time=191.531), 0.0215975 s/step
on time step 18570 (time=193.438), 0.0219011 s/step
on time step 18753 (time=195.344), 0.0219597 s/step
on time step 18937 (time=197.26), 0.0218068 s/step
on time step 19119 (time=199.156), 0.0220887 s/step
field decay(t = 200.07291666666666): 1.0224218765563106e-06 / 1.0224218765563106e-06 = 1.0
on time step 19300 (time=201.042), 0.0221542 s/step
on time step 19481 (time=202.927), 0.0222015 s/step
on time step 19662 (time=204.812), 0.02211 s/step
on time step 19843 (time=206.698), 0.0221189 s/step
on time step 20025 (time=208.594), 0.0220185 s/step
on time step 20208 (time=210.5), 0.0219676 s/step
on time step 20391 (time=212.406), 0.0219677 s/step
on time step 20576 (time=214.333), 0.0217244 s/step
on time step 20762 (time=216.271), 0.0215688 s/step
on time step 20949 (time=218.219), 0.0214442 s/step
field decay(t = 220.08333333333331): 2.7532058880744774e-06 / 2.7532058880744774e-06 = 1.0
on time step 21136 (time=220.167), 0.0214318 s/step
on time step 21322 (time=222.104), 0.0215481 s/step
on time step 21509 (time=224.052), 0.0214217 s/step
on time step 21696 (time=226), 0.021496 s/step
on time step 21883 (time=227.948), 0.0214244 s/step
on time step 22070 (time=229.896), 0.0214581 s/step
on time step 22256 (time=231.833), 0.0215936 s/step
on time step 22442 (time=233.771), 0.0215597 s/step
on time step 22629 (time=235.719), 0.0214754 s/step
on time step 22815 (time=237.656), 0.0216007 s/step
on time step 23002 (time=239.604), 0.0214239 s/step
field decay(t = 240.09375): 7.613352708345947e-06 / 7.613352708345947e-06 = 1.0
on time step 23189 (time=241.552), 0.0214281 s/step
on time step 23376 (time=243.5), 0.021421 s/step
on time step 23563 (time=245.448), 0.021454 s/step
on time step 23750 (time=247.396), 0.0214552 s/step
on time step 23936 (time=249.333), 0.0215919 s/step
on time step 24122 (time=251.271), 0.0215647 s/step
on time step 24308 (time=253.208), 0.0215805 s/step
on time step 24494 (time=255.146), 0.0215819 s/step
on time step 24680 (time=257.083), 0.0215525 s/step
on time step 24866 (time=259.021), 0.0215638 s/step
field decay(t = 260.10416666666663): 2.0139185350302338e-05 / 2.0139185350302338e-05 = 1.0
on time step 25052 (time=260.958), 0.0215776 s/step
on time step 25236 (time=262.875), 0.0217763 s/step
on time step 25419 (time=264.781), 0.0218593 s/step
on time step 25603 (time=266.698), 0.0218458 s/step
on time step 25786 (time=268.604), 0.0218648 s/step
on time step 25971 (time=270.531), 0.0216855 s/step
on time step 26156 (time=272.458), 0.0216709 s/step
on time step 26339 (time=274.365), 0.021884 s/step
on time step 26522 (time=276.271), 0.0219177 s/step
on time step 26706 (time=278.188), 0.0217651 s/step
field decay(t = 280.1145833333333): 5.095850024058373e-05 / 5.095850024058373e-05 = 1.0
on time step 26891 (time=280.115), 0.0217084 s/step
on time step 27074 (time=282.021), 0.0218772 s/step
on time step 27260 (time=283.958), 0.0215228 s/step
on time step 27443 (time=285.865), 0.0219287 s/step
on time step 27628 (time=287.792), 0.0217329 s/step
on time step 27815 (time=289.74), 0.0214669 s/step
on time step 27998 (time=291.646), 0.021956 s/step
on time step 28181 (time=293.552), 0.0219498 s/step
on time step 28366 (time=295.479), 0.021708 s/step
on time step 28550 (time=297.396), 0.0218494 s/step
on time step 28734 (time=299.312), 0.0218504 s/step
field decay(t = 300.125): 0.00012334233192227108 / 0.00012334233192227108 = 1.0
on time step 28918 (time=301.229), 0.0218468 s/step
on time step 29101 (time=303.135), 0.0219352 s/step
on time step 29284 (time=305.042), 0.0218947 s/step
on time step 29467 (time=306.948), 0.0218739 s/step
on time step 29650 (time=308.854), 0.0218879 s/step
on time step 29833 (time=310.76), 0.0218826 s/step
on time step 30020 (time=312.708), 0.0214451 s/step
on time step 30207 (time=314.656), 0.0214418 s/step
on time step 30394 (time=316.604), 0.0214287 s/step
on time step 30581 (time=318.552), 0.0214479 s/step
field decay(t = 320.13541666666663): 0.0002855899509859801 / 0.0002855899509859801 = 1.0
on time step 30768 (time=320.5), 0.0214419 s/step
on time step 30955 (time=322.448), 0.0214478 s/step
on time step 31142 (time=324.396), 0.0214474 s/step
on time step 31329 (time=326.344), 0.0214436 s/step
on time step 31516 (time=328.292), 0.0214514 s/step
on time step 31703 (time=330.24), 0.0214424 s/step
on time step 31890 (time=332.188), 0.0214487 s/step
on time step 32077 (time=334.135), 0.021449 s/step
on time step 32264 (time=336.083), 0.0214385 s/step
on time step 32451 (time=338.031), 0.0214436 s/step
on time step 32638 (time=339.979), 0.0214474 s/step
field decay(t = 340.1458333333333): 0.0006325710783824283 / 0.0006325710783824283 = 1.0
on time step 32825 (time=341.927), 0.0214414 s/step
on time step 33009 (time=343.844), 0.0218323 s/step
on time step 33194 (time=345.771), 0.0216483 s/step
on time step 33380 (time=347.708), 0.0215912 s/step
on time step 33567 (time=349.656), 0.0215025 s/step
on time step 33752 (time=351.583), 0.0216536 s/step
on time step 33936 (time=353.5), 0.0218115 s/step
on time step 34121 (time=355.427), 0.0216454 s/step
on time step 34306 (time=357.354), 0.0216326 s/step
on time step 34491 (time=359.281), 0.0216979 s/step
field decay(t = 360.15625): 0.0013403521632378724 / 0.0013403521632378724 = 1.0
on time step 34674 (time=361.188), 0.0218676 s/step
on time step 34857 (time=363.094), 0.0218955 s/step
on time step 35040 (time=365), 0.0219025 s/step
on time step 35223 (time=366.906), 0.0219661 s/step
on time step 35406 (time=368.812), 0.0219434 s/step
on time step 35590 (time=370.729), 0.0218447 s/step
on time step 35773 (time=372.635), 0.0218587 s/step
on time step 35956 (time=374.542), 0.0218621 s/step
on time step 36139 (time=376.448), 0.0218587 s/step
on time step 36322 (time=378.354), 0.0218594 s/step
field decay(t = 380.16666666666663): 0.0027168771980128044 / 0.0027168771980128044 = 1.0
on time step 36506 (time=380.271), 0.0218501 s/step
on time step 36690 (time=382.188), 0.0218529 s/step
on time step 36874 (time=384.104), 0.0218535 s/step
on time step 37058 (time=386.021), 0.0218562 s/step
on time step 37241 (time=387.927), 0.0218672 s/step
on time step 37425 (time=389.844), 0.0218572 s/step
on time step 37609 (time=391.76), 0.0218531 s/step
on time step 37791 (time=393.656), 0.0220206 s/step
on time step 37971 (time=395.531), 0.0222806 s/step
on time step 38151 (time=397.406), 0.0223291 s/step
on time step 38330 (time=399.271), 0.0223986 s/step
field decay(t = 400.1770833333333): 0.005268221765172177 / 0.005268221765172177 = 1.0
on time step 38510 (time=401.146), 0.0223204 s/step
on time step 38690 (time=403.021), 0.0223426 s/step
on time step 38870 (time=404.896), 0.0223155 s/step
on time step 39050 (time=406.771), 0.0222762 s/step
on time step 39230 (time=408.646), 0.0222801 s/step
on time step 39410 (time=410.521), 0.0222796 s/step
on time step 39590 (time=412.396), 0.0222641 s/step
on time step 39773 (time=414.302), 0.0219324 s/step
on time step 39955 (time=416.198), 0.021987 s/step
on time step 40137 (time=418.094), 0.0220614 s/step
on time step 40319 (time=419.99), 0.0220454 s/step
field decay(t = 420.1875): 0.009772429170626162 / 0.009772429170626162 = 1.0
on time step 40501 (time=421.885), 0.0220689 s/step
on time step 40683 (time=423.781), 0.0220434 s/step
on time step 40864 (time=425.667), 0.0221041 s/step
on time step 41046 (time=427.562), 0.0220857 s/step
on time step 41227 (time=429.448), 0.0220995 s/step
on time step 41408 (time=431.333), 0.022136 s/step
on time step 41589 (time=433.219), 0.0221418 s/step
on time step 41771 (time=435.115), 0.0220918 s/step
on time step 41951 (time=436.99), 0.022315 s/step
on time step 42129 (time=438.844), 0.0225023 s/step
field decay(t = 440.19791666666663): 0.017341578334715363 / 0.017341578334715363 = 1.0
on time step 42307 (time=440.698), 0.0225237 s/step
on time step 42485 (time=442.552), 0.0225259 s/step
on time step 42663 (time=444.406), 0.0225354 s/step
on time step 42841 (time=446.26), 0.0225313 s/step
on time step 43019 (time=448.115), 0.0225122 s/step
on time step 43197 (time=449.969), 0.0225298 s/step
on time step 43375 (time=451.823), 0.0225292 s/step
on time step 43553 (time=453.677), 0.0225302 s/step
on time step 43731 (time=455.531), 0.0225073 s/step
on time step 43909 (time=457.385), 0.0225261 s/step
on time step 44087 (time=459.24), 0.0225239 s/step
field decay(t = 460.2083333333333): 0.029439725274754386 / 0.029439725274754386 = 1.0
on time step 44265 (time=461.094), 0.022531 s/step
on time step 44443 (time=462.948), 0.0225346 s/step
on time step 44621 (time=464.802), 0.0225176 s/step
on time step 44799 (time=466.656), 0.0225343 s/step
on time step 44977 (time=468.51), 0.0225284 s/step
on time step 45155 (time=470.365), 0.0225107 s/step
on time step 45333 (time=472.219), 0.0225519 s/step
on time step 45511 (time=474.073), 0.0225289 s/step
on time step 45689 (time=475.927), 0.0225337 s/step
on time step 45867 (time=477.781), 0.0225281 s/step
on time step 46045 (time=479.635), 0.0225344 s/step
field decay(t = 480.21875): 0.0478110097730289 / 0.0478110097730289 = 1.0
on time step 46223 (time=481.49), 0.0225182 s/step
on time step 46401 (time=483.344), 0.0224996 s/step
on time step 46579 (time=485.198), 0.0225326 s/step
on time step 46757 (time=487.052), 0.0225289 s/step
on time step 46935 (time=488.906), 0.0225319 s/step
on time step 47113 (time=490.76), 0.0225199 s/step
on time step 47291 (time=492.615), 0.0225412 s/step
on time step 47469 (time=494.469), 0.0225087 s/step
on time step 47647 (time=496.323), 0.0225296 s/step
on time step 47825 (time=498.177), 0.0225246 s/step
on time step 48003 (time=500.031), 0.0225266 s/step
field decay(t = 500.22916666666663): 0.0732339226824606 / 0.0732339226824606 = 1.0
on time step 48182 (time=501.896), 0.0223736 s/step
on time step 48363 (time=503.781), 0.022127 s/step
on time step 48542 (time=505.646), 0.0224491 s/step
on time step 48720 (time=507.5), 0.0225379 s/step
on time step 48898 (time=509.354), 0.0225331 s/step
on time step 49076 (time=511.208), 0.022538 s/step
on time step 49255 (time=513.073), 0.0223532 s/step
on time step 49435 (time=514.948), 0.0222705 s/step
on time step 49617 (time=516.844), 0.0220486 s/step
on time step 49798 (time=518.729), 0.0221416 s/step
field decay(t = 520.2291666666666): 0.10234999202438391 / 0.10234999202438391 = 1.0
on time step 49979 (time=520.615), 0.022121 s/step
on time step 50161 (time=522.51), 0.0220556 s/step
on time step 50342 (time=524.396), 0.0221191 s/step
on time step 50523 (time=526.281), 0.0221067 s/step
on time step 50705 (time=528.177), 0.0220767 s/step
on time step 50887 (time=530.073), 0.0220381 s/step
on time step 51068 (time=531.958), 0.0221119 s/step
on time step 51254 (time=533.896), 0.0215369 s/step
on time step 51441 (time=535.844), 0.0214849 s/step
on time step 51627 (time=537.781), 0.0215289 s/step
on time step 51814 (time=539.729), 0.0215002 s/step
field decay(t = 540.2395833333333): 0.1468259905043654 / 0.1468259905043654 = 1.0
on time step 52000 (time=541.667), 0.0215711 s/step
on time step 52185 (time=543.594), 0.0217189 s/step
on time step 52369 (time=545.51), 0.0217519 s/step
on time step 52553 (time=547.427), 0.0217626 s/step
on time step 52736 (time=549.333), 0.0218605 s/step
on time step 52920 (time=551.25), 0.0218315 s/step
on time step 53104 (time=553.167), 0.0218338 s/step
on time step 53288 (time=555.083), 0.0217563 s/step
on time step 53472 (time=557), 0.0217987 s/step
on time step 53656 (time=558.917), 0.0217912 s/step
field decay(t = 560.25): 0.2014997184758323 / 0.2014997184758323 = 1.0
on time step 53840 (time=560.833), 0.0217608 s/step
on time step 54022 (time=562.729), 0.0219814 s/step
on time step 54207 (time=564.656), 0.0217363 s/step
on time step 54391 (time=566.573), 0.0217807 s/step
on time step 54575 (time=568.49), 0.0218388 s/step
on time step 54759 (time=570.406), 0.0218323 s/step
on time step 54943 (time=572.323), 0.0218585 s/step
on time step 55127 (time=574.24), 0.0217471 s/step
on time step 55311 (time=576.156), 0.0218102 s/step
on time step 55495 (time=578.073), 0.0217698 s/step
on time step 55679 (time=579.99), 0.0218065 s/step
field decay(t = 580.2604166666666): 0.26455336962681053 / 0.26455336962681053 = 1.0
on time step 55863 (time=581.906), 0.0218496 s/step
on time step 56047 (time=583.823), 0.0217769 s/step
on time step 56231 (time=585.74), 0.0218302 s/step
on time step 56415 (time=587.656), 0.0218203 s/step
on time step 56600 (time=589.583), 0.0217343 s/step
on time step 56784 (time=591.5), 0.0218338 s/step
on time step 56967 (time=593.406), 0.0219064 s/step
on time step 57151 (time=595.323), 0.0217429 s/step
on time step 57334 (time=597.229), 0.0218644 s/step
on time step 57518 (time=599.146), 0.0217608 s/step
field decay(t = 600.2708333333333): 0.3323062002769823 / 0.3323062002769823 = 1.0
on time step 57702 (time=601.062), 0.0218387 s/step
on time step 57885 (time=602.969), 0.0218666 s/step
on time step 58069 (time=604.885), 0.0217403 s/step
on time step 58252 (time=606.792), 0.0219032 s/step
on time step 58436 (time=608.708), 0.0217937 s/step
on time step 58619 (time=610.615), 0.0219128 s/step
on time step 58803 (time=612.531), 0.0217921 s/step
on time step 58987 (time=614.448), 0.0218419 s/step
on time step 59172 (time=616.375), 0.0217306 s/step
on time step 59356 (time=618.292), 0.021822 s/step
on time step 59540 (time=620.208), 0.0218337 s/step
field decay(t = 620.28125): 0.3993470496050472 / 0.3993470496050472 = 1.0
on time step 59724 (time=622.125), 0.0217864 s/step
on time step 59908 (time=624.042), 0.0218224 s/step
on time step 60092 (time=625.958), 0.0217644 s/step
on time step 60276 (time=627.875), 0.0218524 s/step
on time step 60460 (time=629.792), 0.0218155 s/step
on time step 60644 (time=631.708), 0.0218215 s/step
on time step 60828 (time=633.625), 0.021831 s/step
on time step 61011 (time=635.531), 0.0218772 s/step
on time step 61195 (time=637.448), 0.0217678 s/step
on time step 61379 (time=639.365), 0.0217896 s/step
field decay(t = 640.2916666666666): 0.4591794775269518 / 0.4591794775269518 = 1.0
on time step 61563 (time=641.281), 0.0218286 s/step
on time step 61747 (time=643.198), 0.0218252 s/step
on time step 61932 (time=645.125), 0.0217343 s/step
on time step 62116 (time=647.042), 0.0218562 s/step
on time step 62300 (time=648.958), 0.0218455 s/step
on time step 62484 (time=650.875), 0.0218028 s/step
on time step 62667 (time=652.781), 0.0218863 s/step
on time step 62851 (time=654.698), 0.0217457 s/step
on time step 63036 (time=656.625), 0.0216642 s/step
on time step 63224 (time=658.583), 0.0213037 s/step
field decay(t = 660.3020833333333): 0.5051910623883993 / 0.5051910623883993 = 1.0
on time step 63408 (time=660.5), 0.0217521 s/step
on time step 63593 (time=662.427), 0.0216353 s/step
on time step 63781 (time=664.385), 0.0213056 s/step
on time step 63969 (time=666.344), 0.0213771 s/step
on time step 64157 (time=668.302), 0.0213509 s/step
on time step 64345 (time=670.26), 0.02132 s/step
on time step 64533 (time=672.219), 0.0213484 s/step
on time step 64721 (time=674.177), 0.0213767 s/step
on time step 64909 (time=676.135), 0.0213531 s/step
on time step 65097 (time=678.094), 0.0213731 s/step
on time step 65285 (time=680.052), 0.0213522 s/step
field decay(t = 680.3125): 0.5318680775744558 / 0.5318680775744558 = 1.0
on time step 65473 (time=682.01), 0.0213595 s/step
on time step 65659 (time=683.948), 0.021579 s/step
on time step 65843 (time=685.865), 0.0218366 s/step
on time step 66027 (time=687.781), 0.0218076 s/step
on time step 66211 (time=689.698), 0.0217884 s/step
on time step 66395 (time=691.615), 0.0218407 s/step
on time step 66579 (time=693.531), 0.0218571 s/step
on time step 66763 (time=695.448), 0.0217498 s/step
on time step 66947 (time=697.365), 0.0217552 s/step
on time step 67131 (time=699.281), 0.0217879 s/step
field decay(t = 700.3229166666666): 0.5371021278582085 / 0.5371021278582085 = 1.0
on time step 67315 (time=701.198), 0.0218047 s/step
on time step 67498 (time=703.104), 0.0218689 s/step
on time step 67682 (time=705.021), 0.021829 s/step
on time step 67866 (time=706.938), 0.0218427 s/step
on time step 68050 (time=708.854), 0.0218079 s/step
on time step 68234 (time=710.771), 0.0218544 s/step
on time step 68418 (time=712.688), 0.0217503 s/step
on time step 68602 (time=714.604), 0.0217939 s/step
on time step 68787 (time=716.531), 0.0217302 s/step
on time step 68971 (time=718.448), 0.0218317 s/step
field decay(t = 720.3333333333333): 0.5338939000030254 / 0.5371021278582085 = 0.9940267824520143
on time step 69155 (time=720.365), 0.0217504 s/step
on time step 69339 (time=722.281), 0.0218459 s/step
on time step 69524 (time=724.208), 0.0217413 s/step
on time step 69708 (time=726.125), 0.0218376 s/step
on time step 69892 (time=728.042), 0.0217599 s/step
on time step 70076 (time=729.958), 0.0218139 s/step
on time step 70260 (time=731.875), 0.0218555 s/step
on time step 70444 (time=733.792), 0.0218315 s/step
on time step 70628 (time=735.708), 0.0217631 s/step
on time step 70811 (time=737.615), 0.0219743 s/step
on time step 70995 (time=739.531), 0.0217658 s/step
field decay(t = 740.34375): 0.5104221368050933 / 0.5371021278582085 = 0.950326037322722
on time step 71179 (time=741.448), 0.021802 s/step
on time step 71362 (time=743.354), 0.0218904 s/step
on time step 71546 (time=745.271), 0.0218583 s/step
on time step 71731 (time=747.198), 0.0216876 s/step
on time step 71916 (time=749.125), 0.0217381 s/step
on time step 72101 (time=751.052), 0.0216881 s/step
on time step 72286 (time=752.979), 0.0216847 s/step
on time step 72471 (time=754.906), 0.0216509 s/step
on time step 72656 (time=756.833), 0.0216648 s/step
on time step 72842 (time=758.771), 0.0216125 s/step
field decay(t = 760.3541666666666): 0.4671868661106847 / 0.5371021278582085 = 0.8698287381092241
on time step 73028 (time=760.708), 0.0215353 s/step
on time step 73214 (time=762.646), 0.0215555 s/step
on time step 73399 (time=764.573), 0.0217034 s/step
on time step 73584 (time=766.5), 0.0216699 s/step
on time step 73769 (time=768.427), 0.021738 s/step
on time step 73954 (time=770.354), 0.0216521 s/step
on time step 74139 (time=772.281), 0.0216271 s/step
on time step 74325 (time=774.219), 0.0215786 s/step
on time step 74509 (time=776.135), 0.0217858 s/step
on time step 74694 (time=778.062), 0.0216942 s/step
on time step 74878 (time=779.979), 0.0217925 s/step
field decay(t = 780.3645833333333): 0.4094821022241652 / 0.5371021278582085 = 0.7623915098922598
on time step 75061 (time=781.885), 0.0219078 s/step
on time step 75244 (time=783.792), 0.0219408 s/step
on time step 75427 (time=785.698), 0.0219051 s/step
on time step 75610 (time=787.604), 0.0219254 s/step
on time step 75795 (time=789.531), 0.0217167 s/step
on time step 75980 (time=791.458), 0.0217347 s/step
on time step 76164 (time=793.375), 0.0218548 s/step
on time step 76345 (time=795.26), 0.0221244 s/step
on time step 76528 (time=797.167), 0.0219407 s/step
on time step 76711 (time=799.073), 0.0219653 s/step
field decay(t = 800.375): 0.34377637104859843 / 0.5371021278582085 = 0.6400577343073813
on time step 76893 (time=800.969), 0.021997 s/step
on time step 77078 (time=802.896), 0.0216701 s/step
on time step 77261 (time=804.802), 0.0218625 s/step
on time step 77444 (time=806.708), 0.0218854 s/step
on time step 77627 (time=808.615), 0.0219021 s/step
on time step 77812 (time=810.542), 0.0217339 s/step
on time step 77994 (time=812.438), 0.0219896 s/step
on time step 78178 (time=814.354), 0.0218005 s/step
on time step 78362 (time=816.271), 0.0217429 s/step
on time step 78546 (time=818.188), 0.0217678 s/step
on time step 78730 (time=820.104), 0.0218232 s/step
field decay(t = 820.3854166666666): 0.2774845106724407 / 0.5371021278582085 = 0.5166326779954497
on time step 78914 (time=822.021), 0.0217811 s/step
on time step 79098 (time=823.938), 0.0218095 s/step
on time step 79281 (time=825.844), 0.0219589 s/step
on time step 79464 (time=827.75), 0.0218783 s/step
on time step 79648 (time=829.667), 0.021816 s/step
on time step 79832 (time=831.583), 0.021845 s/step
on time step 80017 (time=833.51), 0.0216954 s/step
on time step 80201 (time=835.427), 0.02182 s/step
on time step 80386 (time=837.354), 0.0217228 s/step
on time step 80571 (time=839.281), 0.0217352 s/step
field decay(t = 840.3958333333333): 0.22519618966297064 / 0.5371021278582085 = 0.419280017677422
on time step 80755 (time=841.198), 0.0218206 s/step
on time step 80939 (time=843.115), 0.0218343 s/step
on time step 81124 (time=845.042), 0.0216807 s/step
on time step 81308 (time=846.958), 0.0217529 s/step
on time step 81493 (time=848.885), 0.0216994 s/step
on time step 81677 (time=850.802), 0.0217886 s/step
on time step 81861 (time=852.719), 0.0218267 s/step
on time step 82046 (time=854.646), 0.0216803 s/step
on time step 82229 (time=856.552), 0.0218932 s/step
on time step 82413 (time=858.469), 0.0218017 s/step
on time step 82597 (time=860.385), 0.0218016 s/step
field decay(t = 860.40625): 0.1680003438530898 / 0.5371021278582085 = 0.3127903151734316
on time step 82782 (time=862.312), 0.0216884 s/step
on time step 82966 (time=864.229), 0.0218257 s/step
on time step 83151 (time=866.156), 0.0216885 s/step
on time step 83335 (time=868.073), 0.0217492 s/step
on time step 83519 (time=869.99), 0.0217606 s/step
on time step 83704 (time=871.917), 0.0216839 s/step
on time step 83888 (time=873.833), 0.021854 s/step
on time step 84072 (time=875.75), 0.021822 s/step
on time step 84257 (time=877.677), 0.0216552 s/step
on time step 84442 (time=879.604), 0.0216447 s/step
field decay(t = 880.4166666666666): 0.12010916807224015 / 0.5371021278582085 = 0.22362445025343147
on time step 84627 (time=881.531), 0.021647 s/step
on time step 84810 (time=883.438), 0.0219554 s/step
on time step 84995 (time=885.365), 0.0217384 s/step
on time step 85178 (time=887.271), 0.0219309 s/step
on time step 85360 (time=889.167), 0.022079 s/step
on time step 85545 (time=891.094), 0.0217212 s/step
on time step 85732 (time=893.042), 0.0214714 s/step
on time step 85919 (time=894.99), 0.0214563 s/step
on time step 86102 (time=896.896), 0.0218679 s/step
on time step 86286 (time=898.812), 0.0218091 s/step
field decay(t = 900.4270833333333): 0.08237288874887932 / 0.5371021278582085 = 0.1533654112996276
on time step 86470 (time=900.729), 0.021854 s/step
on time step 86656 (time=902.667), 0.0215881 s/step
on time step 86840 (time=904.583), 0.0217604 s/step
on time step 87023 (time=906.49), 0.0218654 s/step
on time step 87208 (time=908.417), 0.0216644 s/step
on time step 87390 (time=910.312), 0.0220739 s/step
on time step 87573 (time=912.219), 0.021882 s/step
on time step 87754 (time=914.104), 0.0221268 s/step
on time step 87936 (time=916), 0.0220847 s/step
on time step 88122 (time=917.938), 0.0215868 s/step
on time step 88305 (time=919.844), 0.0218729 s/step
field decay(t = 920.4375): 0.054198326311971017 / 0.5371021278582085 = 0.10090879089996646
on time step 88491 (time=921.781), 0.0215922 s/step
on time step 88676 (time=923.708), 0.0217397 s/step
on time step 88857 (time=925.594), 0.0221266 s/step
on time step 89042 (time=927.521), 0.0217189 s/step
on time step 89230 (time=929.479), 0.0213669 s/step
on time step 89418 (time=931.438), 0.0213069 s/step
on time step 89606 (time=933.396), 0.0213033 s/step
on time step 89790 (time=935.312), 0.0217598 s/step
on time step 89974 (time=937.229), 0.0217489 s/step
on time step 90159 (time=939.156), 0.0217305 s/step
field decay(t = 940.4479166666666): 0.03420905651846993 / 0.5371021278582085 = 0.06369190279488317
on time step 90343 (time=941.073), 0.0217864 s/step
on time step 90525 (time=942.969), 0.0220674 s/step
on time step 90707 (time=944.865), 0.0220561 s/step
on time step 90889 (time=946.76), 0.0220638 s/step
on time step 91071 (time=948.656), 0.0220435 s/step
on time step 91253 (time=950.552), 0.0220507 s/step
on time step 91435 (time=952.448), 0.0220353 s/step
on time step 91617 (time=954.344), 0.0220311 s/step
on time step 91799 (time=956.24), 0.0220405 s/step
on time step 91981 (time=958.135), 0.0220522 s/step
on time step 92163 (time=960.031), 0.0220584 s/step
field decay(t = 960.4583333333333): 0.02070543532720666 / 0.5371021278582085 = 0.03855027610814597
on time step 92346 (time=961.938), 0.0219474 s/step
on time step 92529 (time=963.844), 0.0218999 s/step
on time step 92711 (time=965.74), 0.0220599 s/step
on time step 92893 (time=967.635), 0.0220556 s/step
on time step 93075 (time=969.531), 0.0220412 s/step
on time step 93257 (time=971.427), 0.0219831 s/step
on time step 93441 (time=973.344), 0.0217754 s/step
on time step 93625 (time=975.26), 0.0218152 s/step
on time step 93808 (time=977.167), 0.0219689 s/step
on time step 93992 (time=979.083), 0.0218397 s/step
field decay(t = 980.46875): 0.012008639355533573 / 0.5371021278582085 = 0.02235820476716446
on time step 94175 (time=980.99), 0.0218708 s/step
on time step 94358 (time=982.896), 0.0219108 s/step
on time step 94539 (time=984.781), 0.0221162 s/step
on time step 94719 (time=986.656), 0.0222585 s/step
on time step 94899 (time=988.531), 0.0222458 s/step
on time step 95081 (time=990.427), 0.0220718 s/step
on time step 95264 (time=992.333), 0.0219507 s/step
on time step 95445 (time=994.219), 0.0221516 s/step
on time step 95630 (time=996.146), 0.021684 s/step
on time step 95813 (time=998.052), 0.0218764 s/step
on time step 95998 (time=999.979), 0.0217314 s/step
field decay(t = 1000.4791666666666): 0.006666221359724241 / 0.5371021278582085 = 0.012411459597650448
on time step 96183 (time=1001.91), 0.0217314 s/step
on time step 96366 (time=1003.81), 0.0219574 s/step
on time step 96551 (time=1005.74), 0.0217262 s/step
on time step 96736 (time=1007.67), 0.0217044 s/step
on time step 96920 (time=1009.58), 0.021743 s/step
on time step 97105 (time=1011.51), 0.0217345 s/step
on time step 97290 (time=1013.44), 0.0217283 s/step
on time step 97475 (time=1015.36), 0.0217238 s/step
on time step 97660 (time=1017.29), 0.0217331 s/step
on time step 97843 (time=1019.2), 0.0219594 s/step
field decay(t = 1020.4895833333333): 0.0035368665591080668 / 0.5371021278582085 = 0.006585091318129681
on time step 98028 (time=1021.12), 0.0217195 s/step
on time step 98211 (time=1023.03), 0.0219651 s/step
on time step 98394 (time=1024.94), 0.0219038 s/step
on time step 98577 (time=1026.84), 0.0219651 s/step
on time step 98761 (time=1028.76), 0.0217721 s/step
on time step 98947 (time=1030.7), 0.0215318 s/step
on time step 99129 (time=1032.59), 0.0219864 s/step
on time step 99311 (time=1034.49), 0.022004 s/step
on time step 99494 (time=1036.4), 0.0218747 s/step
on time step 99677 (time=1038.3), 0.021915 s/step
on time step 99863 (time=1040.24), 0.0215272 s/step
field decay(t = 1040.4895833333333): 0.0017906961628188036 / 0.5371021278582085 = 0.0033339956591859486
on time step 100049 (time=1042.18), 0.0215331 s/step
on time step 100235 (time=1044.11), 0.0215307 s/step
on time step 100418 (time=1046.02), 0.0219392 s/step
on time step 100602 (time=1047.94), 0.0218218 s/step
on time step 100785 (time=1049.84), 0.0218897 s/step
on time step 100967 (time=1051.74), 0.0220078 s/step
on time step 101152 (time=1053.67), 0.0217356 s/step
on time step 101335 (time=1055.57), 0.0219261 s/step
on time step 101517 (time=1057.47), 0.021984 s/step
on time step 101702 (time=1059.4), 0.0216884 s/step
field decay(t = 1060.5): 0.0008641674843686612 / 0.5371021278582085 = 0.0016089444437963495
on time step 101885 (time=1061.3), 0.0218748 s/step
on time step 102067 (time=1063.2), 0.0219911 s/step
on time step 102250 (time=1065.1), 0.0219597 s/step
on time step 102435 (time=1067.03), 0.0216971 s/step
on time step 102618 (time=1068.94), 0.0218854 s/step
on time step 102802 (time=1070.85), 0.0217987 s/step
on time step 102988 (time=1072.79), 0.0216215 s/step
on time step 103170 (time=1074.69), 0.0219843 s/step
on time step 103353 (time=1076.59), 0.0218901 s/step
on time step 103535 (time=1078.49), 0.0220182 s/step
on time step 103719 (time=1080.41), 0.0218473 s/step
field decay(t = 1080.5104166666665): 0.00039765312637023576 / 0.5371021278582085 = 0.0007403678104124241
on time step 103902 (time=1082.31), 0.0218901 s/step
on time step 104086 (time=1084.23), 0.0218248 s/step
on time step 104269 (time=1086.14), 0.0219082 s/step
on time step 104452 (time=1088.04), 0.0219681 s/step
on time step 104638 (time=1089.98), 0.02158 s/step
on time step 104820 (time=1091.88), 0.0220655 s/step
on time step 105004 (time=1093.79), 0.0218551 s/step
on time step 105187 (time=1095.7), 0.0219095 s/step
on time step 105373 (time=1097.64), 0.0215563 s/step
on time step 105559 (time=1099.57), 0.0215408 s/step
field decay(t = 1100.5208333333333): 0.00017514398713812295 / 0.5371021278582085 = 0.0003260906595856195
on time step 105745 (time=1101.51), 0.0215714 s/step
on time step 105928 (time=1103.42), 0.021973 s/step
on time step 106114 (time=1105.35), 0.0215489 s/step
on time step 106300 (time=1107.29), 0.021525 s/step
on time step 106484 (time=1109.21), 0.0217717 s/step
on time step 106670 (time=1111.15), 0.0215257 s/step
on time step 106856 (time=1113.08), 0.0216182 s/step
on time step 107038 (time=1114.98), 0.0219991 s/step
on time step 107222 (time=1116.9), 0.0218451 s/step
on time step 107411 (time=1118.86), 0.0212755 s/step
field decay(t = 1120.53125): 7.459002856856242e-05 / 0.5371021278582085 = 0.0001388749451915292
on time step 107600 (time=1120.83), 0.0212384 s/step
on time step 107789 (time=1122.8), 0.0212446 s/step
on time step 107978 (time=1124.77), 0.0212032 s/step
on time step 108167 (time=1126.74), 0.0211825 s/step
on time step 108356 (time=1128.71), 0.021223 s/step
on time step 108545 (time=1130.68), 0.0211962 s/step
on time step 108734 (time=1132.65), 0.0211992 s/step
on time step 108923 (time=1134.61), 0.0211878 s/step
on time step 109112 (time=1136.58), 0.0211881 s/step
on time step 109301 (time=1138.55), 0.0211835 s/step
on time step 109490 (time=1140.52), 0.0211861 s/step
field decay(t = 1140.5416666666665): 3.132228461259986e-05 / 0.5371021278582085 = 5.831718585346722e-05
on time step 109678 (time=1142.48), 0.0212782 s/step
on time step 109868 (time=1144.46), 0.0211576 s/step
on time step 110057 (time=1146.43), 0.0212292 s/step
on time step 110246 (time=1148.4), 0.0211947 s/step
on time step 110435 (time=1150.36), 0.0211796 s/step
on time step 110624 (time=1152.33), 0.0212628 s/step
on time step 110813 (time=1154.3), 0.0211737 s/step
on time step 111001 (time=1156.26), 0.0212849 s/step
on time step 111189 (time=1158.22), 0.0212909 s/step
on time step 111378 (time=1160.19), 0.0212649 s/step
field decay(t = 1160.5520833333333): 1.3369580716001606e-05 / 0.5371021278582085 = 2.489206432548539e-05
on time step 111566 (time=1162.15), 0.0213216 s/step
on time step 111755 (time=1164.11), 0.0212478 s/step
on time step 111943 (time=1166.07), 0.0213008 s/step
on time step 112132 (time=1168.04), 0.0212573 s/step
on time step 112320 (time=1170), 0.0213218 s/step
on time step 112509 (time=1171.97), 0.0212175 s/step
on time step 112698 (time=1173.94), 0.0212579 s/step
on time step 112887 (time=1175.91), 0.0212569 s/step
on time step 113075 (time=1177.86), 0.0213162 s/step
on time step 113264 (time=1179.83), 0.0211987 s/step
field decay(t = 1180.5625): 6.49608292163673e-06 / 0.5371021278582085 = 1.20946884860446e-05
on time step 113453 (time=1181.8), 0.0212656 s/step
on time step 113642 (time=1183.77), 0.0212322 s/step
on time step 113831 (time=1185.74), 0.0211672 s/step
on time step 114020 (time=1187.71), 0.0212061 s/step
on time step 114206 (time=1189.65), 0.0215399 s/step
on time step 114391 (time=1191.57), 0.0216651 s/step
on time step 114578 (time=1193.52), 0.0214652 s/step
on time step 114766 (time=1195.48), 0.0213597 s/step
on time step 114954 (time=1197.44), 0.0213783 s/step
on time step 115142 (time=1199.4), 0.021371 s/step
field decay(t = 1200.5729166666665): 3.1444359057575698e-06 / 0.5371021278582085 = 5.854446934136296e-06
on time step 115329 (time=1201.34), 0.0213919 s/step
on time step 115518 (time=1203.31), 0.0212188 s/step
on time step 115707 (time=1205.28), 0.0212201 s/step
on time step 115897 (time=1207.26), 0.0211512 s/step
on time step 116086 (time=1209.23), 0.0212326 s/step
on time step 116276 (time=1211.21), 0.0211576 s/step
on time step 116465 (time=1213.18), 0.0212352 s/step
on time step 116654 (time=1215.15), 0.0212312 s/step
on time step 116843 (time=1217.11), 0.0212202 s/step
on time step 117032 (time=1219.08), 0.0211678 s/step
field decay(t = 1220.5833333333333): 1.4663124328369126e-06 / 0.5371021278582085 = 2.7300439837840477e-06
on time step 117221 (time=1221.05), 0.0212083 s/step
on time step 117411 (time=1223.03), 0.0211189 s/step
on time step 117600 (time=1225), 0.0212086 s/step
on time step 117789 (time=1226.97), 0.0211832 s/step
on time step 117978 (time=1228.94), 0.021209 s/step
on time step 118167 (time=1230.91), 0.0212086 s/step
on time step 118356 (time=1232.88), 0.0212288 s/step
on time step 118545 (time=1234.84), 0.0212381 s/step
on time step 118734 (time=1236.81), 0.0212086 s/step
on time step 118923 (time=1238.78), 0.0211915 s/step
field decay(t = 1240.59375): 6.728915882286243e-07 / 0.5371021278582085 = 1.252818697464299e-06
on time step 119112 (time=1240.75), 0.0212321 s/step
on time step 119301 (time=1242.72), 0.0212131 s/step
on time step 119490 (time=1244.69), 0.0212172 s/step
on time step 119676 (time=1246.62), 0.0215118 s/step
on time step 119864 (time=1248.58), 0.0213077 s/step
on time step 120053 (time=1250.55), 0.0212103 s/step
on time step 120243 (time=1252.53), 0.0211179 s/step
on time step 120432 (time=1254.5), 0.0211897 s/step
on time step 120620 (time=1256.46), 0.0212796 s/step
on time step 120807 (time=1258.41), 0.0214155 s/step
on time step 120992 (time=1260.33), 0.0216741 s/step
field decay(t = 1260.6041666666665): 3.0512689573584483e-07 / 0.5371021278582085 = 5.680984675160258e-07
on time step 121178 (time=1262.27), 0.0215182 s/step
on time step 121365 (time=1264.22), 0.0214977 s/step
on time step 121553 (time=1266.18), 0.0213437 s/step
on time step 121742 (time=1268.15), 0.0211686 s/step
on time step 121931 (time=1270.11), 0.0211864 s/step
on time step 122120 (time=1272.08), 0.0212149 s/step
on time step 122309 (time=1274.05), 0.0211939 s/step
on time step 122498 (time=1276.02), 0.0212369 s/step
on time step 122687 (time=1277.99), 0.0212192 s/step
on time step 122876 (time=1279.96), 0.0212135 s/step
field decay(t = 1280.6145833333333): 1.5198944855789082e-07 / 0.5371021278582085 = 2.829805369864687e-07
on time step 123065 (time=1281.93), 0.0212202 s/step
on time step 123254 (time=1283.9), 0.0212286 s/step
on time step 123443 (time=1285.86), 0.0212287 s/step
on time step 123632 (time=1287.83), 0.0212201 s/step
on time step 123821 (time=1289.8), 0.0211943 s/step
on time step 124010 (time=1291.77), 0.0212174 s/step
on time step 124199 (time=1293.74), 0.0211826 s/step
on time step 124388 (time=1295.71), 0.0211989 s/step
on time step 124618 (time=1298.1), 0.0174183 s/step
field decay(t = 1300.625): 1.0259592399749546e-07 / 0.5371021278582085 = 1.910175340518854e-07
on time step 124863 (time=1300.66), 0.0163761 s/step
on time step 125104 (time=1303.17), 0.0166102 s/step
on time step 125342 (time=1305.65), 0.0168766 s/step
on time step 125580 (time=1308.12), 0.0168722 s/step
on time step 125820 (time=1310.62), 0.0166983 s/step
on time step 126064 (time=1313.17), 0.0164 s/step
on time step 126302 (time=1315.65), 0.016844 s/step
on time step 126541 (time=1318.14), 0.0167961 s/step
on time step 126780 (time=1320.62), 0.0167379 s/step
field decay(t = 1320.6354166666665): 9.740037580203405e-08 / 0.5371021278582085 = 1.8134423743662232e-07
on time step 127022 (time=1323.15), 0.0165806 s/step
on time step 127263 (time=1325.66), 0.0166346 s/step
on time step 127508 (time=1328.21), 0.0163738 s/step
on time step 127752 (time=1330.75), 0.0164013 s/step
on time step 127996 (time=1333.29), 0.0163963 s/step
on time step 128240 (time=1335.83), 0.0164065 s/step
on time step 128479 (time=1338.32), 0.0167545 s/step
field decay(t = 1340.6458333333333): 1.019522388484656e-07 / 0.5371021278582085 = 1.8981909316765978e-07
on time step 128746 (time=1341.1), 0.0150185 s/step
on time step 129089 (time=1344.68), 0.0116847 s/step
on time step 129432 (time=1348.25), 0.011687 s/step
on time step 129776 (time=1351.83), 0.0116347 s/step
on time step 130120 (time=1355.42), 0.0116395 s/step
on time step 130464 (time=1359), 0.0116339 s/step
2026-05-30 14:32:46 [INFO] D11_scaled_deep_groove: Checkpointed 6 completed spectra row(s) to /mnt/c/Users/admin/Meep_Simulation/meep_sim/results/diagnostics_v2/tables/D11_thickness_1um_quick_spectra_checkpoint.csv
2026-05-30 14:32:46 [INFO] D11_scaled_deep_groove: >>> task=7/10 case=scaled_inner_wall_film_1um pol=Hz wl=9.0016 res=24 pml=4
2026-05-30 14:32:46 [INFO] D11_scaled_deep_groove: [single ref] wl=9.0016 um, f=0.111091, res=24, comp=Hz
field decay(t = 1360.65625): 1.0584732966898766e-07 / 0.5371021278582085 = 1.9707114192802204e-07
run 0 finished at t = 1360.65625 (130623 timesteps)
-----------
Initializing structure...
Splitting into 16 chunks by voxels
time for choose_chunkdivision = 0.000561334 s
Working in 2D dimensions.
Computational cell is 50 x 49 x 0 with resolution 24
time for set_epsilon = 0.154919 s
-----------
field decay(t = 20.010416666666664): 2.0685234179530424e-10 / 2.0685234179530424e-10 = 1.0
on time step 2750 (time=28.6458), 0.0014546 s/step
field decay(t = 40.010416666666664): 3.322563202431625e-11 / 2.0685234179530424e-10 = 0.16062487732043895
on time step 5577 (time=58.0938), 0.00141516 s/step
field decay(t = 60.02083333333333): 1.3435678580404234e-10 / 2.0685234179530424e-10 = 0.6495299237994528
field decay(t = 80.02083333333333): 4.042599315204442e-10 / 4.042599315204442e-10 = 1.0
on time step 8403 (time=87.5312), 0.00141572 s/step
field decay(t = 100.03125): 1.2658709458715304e-09 / 1.2658709458715304e-09 = 1.0
on time step 11238 (time=117.062), 0.00141097 s/step
field decay(t = 120.04166666666666): 4.264743250847122e-09 / 4.264743250847122e-09 = 1.0
field decay(t = 140.04166666666666): 1.159757543385447e-08 / 1.159757543385447e-08 = 1.0
on time step 14075 (time=146.615), 0.00141019 s/step
field decay(t = 160.05208333333331): 3.889407489512778e-08 / 3.889407489512778e-08 = 1.0
on time step 16909 (time=176.135), 0.00141147 s/step
field decay(t = 180.0625): 9.913753668795712e-08 / 9.913753668795712e-08 = 1.0
field decay(t = 200.07291666666666): 3.066161704314131e-07 / 3.066161704314131e-07 = 1.0
on time step 19742 (time=205.646), 0.00141228 s/step
field decay(t = 220.08333333333331): 7.325130201587734e-07 / 7.325130201587734e-07 = 1.0
on time step 22571 (time=235.115), 0.00141398 s/step
field decay(t = 240.09375): 2.087085271070267e-06 / 2.087085271070267e-06 = 1.0
field decay(t = 260.10416666666663): 4.678368446968467e-06 / 4.678368446968467e-06 = 1.0
on time step 25378 (time=264.354), 0.00142508 s/step
field decay(t = 280.1145833333333): 1.072894443616635e-05 / 1.072894443616635e-05 = 1.0
on time step 28210 (time=293.854), 0.00141258 s/step
field decay(t = 300.125): 2.582714984929448e-05 / 2.582714984929448e-05 = 1.0
field decay(t = 320.13541666666663): 5.2665808268630084e-05 / 5.2665808268630084e-05 = 1.0
on time step 31061 (time=323.552), 0.00140308 s/step
field decay(t = 340.1458333333333): 0.0001232429206982356 / 0.0001232429206982356 = 1.0
on time step 33892 (time=353.042), 0.00141317 s/step
field decay(t = 360.15625): 0.0002355496881807037 / 0.0002355496881807037 = 1.0
field decay(t = 380.16666666666663): 0.000508335807077817 / 0.000508335807077817 = 1.0
on time step 36749 (time=382.802), 0.00140038 s/step
field decay(t = 400.1770833333333): 0.0009106242757946037 / 0.0009106242757946037 = 1.0
on time step 39589 (time=412.385), 0.00140892 s/step
field decay(t = 420.1875): 0.001812351154188543 / 0.001812351154188543 = 1.0
field decay(t = 440.19791666666663): 0.0030429781722834427 / 0.0030429781722834427 = 1.0
on time step 42441 (time=442.094), 0.00140261 s/step
field decay(t = 460.2083333333333): 0.005094897501496772 / 0.005094897501496772 = 1.0
on time step 45280 (time=471.667), 0.00140925 s/step
field decay(t = 480.21875): 0.008789443440547716 / 0.008789443440547716 = 1.0
field decay(t = 500.22916666666663): 0.013439487399779652 / 0.013439487399779652 = 1.0
on time step 48119 (time=501.24), 0.00140929 s/step
field decay(t = 520.2291666666666): 0.0219445582757028 / 0.0219445582757028 = 1.0
on time step 50974 (time=530.979), 0.00140143 s/step
field decay(t = 540.2395833333333): 0.03144967340197333 / 0.03144967340197333 = 1.0
field decay(t = 560.25): 0.047358205882924595 / 0.047358205882924595 = 1.0
on time step 53813 (time=560.552), 0.00140906 s/step
field decay(t = 580.2604166666666): 0.06361397106260473 / 0.06361397106260473 = 1.0
on time step 56659 (time=590.198), 0.00140588 s/step
field decay(t = 600.2708333333333): 0.08834186659384459 / 0.08834186659384459 = 1.0
on time step 59495 (time=619.74), 0.00141086 s/step
field decay(t = 620.28125): 0.11122228367299943 / 0.11122228367299943 = 1.0
field decay(t = 640.2916666666666): 0.1360548165004477 / 0.1360548165004477 = 1.0
on time step 62334 (time=649.312), 0.00140913 s/step
field decay(t = 660.3020833333333): 0.1680869685125989 / 0.1680869685125989 = 1.0
on time step 65170 (time=678.854), 0.00141086 s/step
field decay(t = 680.3125): 0.19271882075845087 / 0.19271882075845087 = 1.0
field decay(t = 700.3229166666666): 0.21957314310132192 / 0.21957314310132192 = 1.0
field decay(t = 720.3333333333333): 0.2359593964051324 / 0.2359593964051324 = 1.0
on time step 69207 (time=720.906), 0.000990858 s/step
field decay(t = 740.34375): 0.24792900142191474 / 0.24792900142191474 = 1.0
on time step 72309 (time=753.219), 0.00128988 s/step
field decay(t = 760.3541666666666): 0.24994475164810834 / 0.24994475164810834 = 1.0
field decay(t = 780.3645833333333): 0.24904696656517547 / 0.24994475164810834 = 0.9964080658745064
on time step 75357 (time=784.969), 0.00131261 s/step
field decay(t = 800.375): 0.23916578604764152 / 0.24994475164810834 = 0.9568746071706187
on time step 78401 (time=816.677), 0.0013141 s/step
field decay(t = 820.3854166666666): 0.22416472576347063 / 0.24994475164810834 = 0.8968571025610779
field decay(t = 840.3958333333333): 0.20414200383405515 / 0.24994475164810834 = 0.8167485113728739
on time step 81440 (time=848.333), 0.00131645 s/step
field decay(t = 860.40625): 0.1744039149191316 / 0.24994475164810834 = 0.6977698622160748
on time step 84484 (time=880.042), 0.00131408 s/step
field decay(t = 880.4166666666666): 0.14886386882360747 / 0.24994475164810834 = 0.5955870961163033
field decay(t = 900.4270833333333): 0.11728652597927251 / 0.24994475164810834 = 0.46924980503050373
on time step 87520 (time=911.667), 0.00131766 s/step
field decay(t = 920.4375): 0.09383160951840044 / 0.24994475164810834 = 0.3754094010763782
field decay(t = 940.4479166666666): 0.06817779511632084 / 0.24994475164810834 = 0.27277146115997203
on time step 90536 (time=943.083), 0.00132673 s/step
field decay(t = 960.4583333333333): 0.05112248592342876 / 0.24994475164810834 = 0.20453514461229005
on time step 93556 (time=974.542), 0.00132499 s/step
field decay(t = 980.46875): 0.035295339139901 / 0.24994475164810834 = 0.14121256360522635
field decay(t = 1000.4791666666666): 0.024075632006168968 / 0.24994475164810834 = 0.0963238149527721
on time step 96577 (time=1006.01), 0.00132433 s/step
field decay(t = 1020.4895833333333): 0.01644036867144778 / 0.24994475164810834 = 0.06577601075054303
on time step 99592 (time=1037.42), 0.00132677 s/step
field decay(t = 1040.4895833333333): 0.009800457668736367 / 0.24994475164810834 = 0.03921049593605475
field decay(t = 1060.5): 0.006272608505889276 / 0.24994475164810834 = 0.025095980069708933
on time step 102617 (time=1068.93), 0.00132232 s/step
field decay(t = 1080.5104166666665): 0.003448402403558485 / 0.24994475164810834 = 0.013796658584827634
on time step 105606 (time=1100.06), 0.00133855 s/step
field decay(t = 1100.5208333333333): 0.0020686533959597157 / 0.24994475164810834 = 0.00827644262309667
field decay(t = 1120.53125): 0.0010487994548354306 / 0.24994475164810834 = 0.004196125135333956
on time step 108584 (time=1131.08), 0.0013435 s/step
field decay(t = 1140.5416666666665): 0.0005896987501536231 / 0.24994475164810834 = 0.002359316393983927
field decay(t = 1160.5520833333333): 0.0002959464166636507 / 0.24994475164810834 = 0.001184047333309511
on time step 111564 (time=1162.12), 0.00134228 s/step
field decay(t = 1180.5625): 0.00014530333122055977 / 0.24994475164810834 = 0.0005813417975870488
on time step 114539 (time=1193.11), 0.00134456 s/step
field decay(t = 1200.5729166666665): 7.440089955453011e-05 / 0.24994475164810834 = 0.00029766938118899766
field decay(t = 1220.5833333333333): 3.0947381148641505e-05 / 0.24994475164810834 = 0.00012381688731040704
on time step 117516 (time=1224.12), 0.00134373 s/step
field decay(t = 1240.59375): 1.4852324838931273e-05 / 0.24994475164810834 = 5.942243132130868e-05
on time step 120638 (time=1256.65), 0.00128125 s/step
field decay(t = 1260.6041666666665): 5.697378548005485e-06 / 0.24994475164810834 = 2.27945516376623e-05
field decay(t = 1280.6145833333333): 2.5627922525633664e-06 / 0.24994475164810834 = 1.0253434951782722e-05
on time step 124539 (time=1297.28), 0.00102561 s/step
field decay(t = 1300.625): 9.066274849377143e-07 / 0.24994475164810834 = 3.627311551690971e-06
field decay(t = 1320.6354166666665): 3.8223967408279694e-07 / 0.24994475164810834 = 1.5292966608114407e-06
on time step 127917 (time=1332.47), 0.00118419 s/step
field decay(t = 1340.6458333333333): 1.3770926858264456e-07 / 0.24994475164810834 = 5.509588326004235e-07
field decay(t = 1360.65625): 4.927897736385711e-08 / 0.24994475164810834 = 1.9715948040083629e-07
on time step 131294 (time=1367.65), 0.00118464 s/step
field decay(t = 1380.6666666666665): 1.8911823993833022e-08 / 0.24994475164810834 = 7.566401722432867e-08
field decay(t = 1400.6770833333333): 5.491443806695631e-09 / 0.24994475164810834 = 2.1970630591303284e-08
on time step 134696 (time=1403.08), 0.00117589 s/step
field decay(t = 1420.6875): 1.9761616868278598e-09 / 0.24994475164810834 = 7.90639400826489e-09
on time step 138094 (time=1438.48), 0.00117747 s/step
field decay(t = 1440.6979166666665): 5.289439361329273e-10 / 0.24994475164810834 = 2.116243420376419e-09
field decay(t = 1460.7083333333333): 1.7841212902912714e-10 / 0.24994475164810834 = 7.138062625948218e-10
on time step 141477 (time=1473.72), 0.00118259 s/step
field decay(t = 1480.71875): 4.403973572804506e-11 / 0.24994475164810834 = 1.7619788148241505e-10
field decay(t = 1500.7291666666665): 1.3924031870353646e-11 / 0.24994475164810834 = 5.57084386791085e-11
run 0 finished at t = 1500.7291666666665 (144070 timesteps)
-----------
Initializing structure...
Splitting into 16 chunks by voxels
time for choose_chunkdivision = 0.000798768 s
Working in 2D dimensions.
Computational cell is 50 x 49 x 0 with resolution 24
     block, center = (0,-4,0)
          size (50,25,1e+20)
          axes (1,0,0), (0,1,0), (0,0,1)
          dielectric constant epsilon diagonal = (1,1,1)
     prism, center = (2.72978,1,5e+19)
          height 1e+20, axis (0,0,1), sidewall angle: 0 radians, 4 vertices:
          (-10,8.5,0)
          (10,8.5,0)
          (15.4596,-6.5,0)
          (-4.54045,-6.5,0)
          dielectric constant epsilon diagonal = (1.69684,1.69684,1.69684)
     prism, center = (2.54779,1.5,5e+19)
          height 1e+20, axis (0,0,1), sidewall angle: 0 radians, 4 vertices:
          (-9,8.5,0)
          (9,8.5,0)
          (14.0956,-5.5,0)
          (-3.90442,-5.5,0)
          dielectric constant epsilon diagonal = (1,1,1)
time for set_epsilon = 1.53175 s
time for set_conductivity = 0.0485804 s
time for set_conductivity = 0.0478167 s
time for set_conductivity = 0.0478734 s
lorentzian susceptibility: frequency=15.6714, gamma=1.42115
lorentzian susceptibility: frequency=2.02365, gamma=1.3413
lorentzian susceptibility: frequency=1.24613, gamma=2.0309
lorentzian susceptibility: frequency=0.626693, gamma=1.83572
drude susceptibility: frequency=1e-10, gamma=0.0661375
-----------
2026-05-30 14:36:00 [INFO] D11_scaled_deep_groove: [single struct] 3 geometry objects
on time step 186 (time=1.9375), 0.0215135 s/step
on time step 380 (time=3.95833), 0.0206948 s/step
on time step 574 (time=5.97917), 0.020699 s/step
on time step 768 (time=8), 0.0207011 s/step
on time step 962 (time=10.0208), 0.0206974 s/step
on time step 1156 (time=12.0417), 0.0207173 s/step
on time step 1350 (time=14.0625), 0.020707 s/step
on time step 1544 (time=16.0833), 0.020704 s/step
on time step 1738 (time=18.1042), 0.0206856 s/step
field decay(t = 20.010416666666664): 2.0685234179530424e-10 / 2.0685234179530424e-10 = 1.0
on time step 1932 (time=20.125), 0.0207101 s/step
on time step 2125 (time=22.1354), 0.0207332 s/step
on time step 2319 (time=24.1562), 0.020698 s/step
on time step 2513 (time=26.1771), 0.0207018 s/step
on time step 2707 (time=28.1979), 0.0206685 s/step
on time step 2901 (time=30.2188), 0.0206947 s/step
on time step 3094 (time=32.2292), 0.0207275 s/step
on time step 3288 (time=34.25), 0.0206991 s/step
on time step 3481 (time=36.2604), 0.020735 s/step
on time step 3675 (time=38.2812), 0.0206494 s/step
field decay(t = 40.010416666666664): 4.373345779193207e-11 / 2.0685234179530424e-10 = 0.21142355659289355
on time step 3870 (time=40.3125), 0.0206019 s/step
on time step 4065 (time=42.3438), 0.0206048 s/step
on time step 4260 (time=44.375), 0.0206116 s/step
on time step 4454 (time=46.3958), 0.0206994 s/step
on time step 4648 (time=48.4167), 0.0206906 s/step
on time step 4843 (time=50.4479), 0.0205874 s/step
on time step 5039 (time=52.4896), 0.020498 s/step
on time step 5235 (time=54.5312), 0.0204269 s/step
on time step 5431 (time=56.5729), 0.0205083 s/step
on time step 5627 (time=58.6146), 0.020477 s/step
field decay(t = 60.02083333333333): 1.5046151297253637e-10 / 2.0685234179530424e-10 = 0.727386074852511
on time step 5823 (time=60.6562), 0.0204696 s/step
on time step 6019 (time=62.6979), 0.0204603 s/step
on time step 6215 (time=64.7396), 0.020509 s/step
on time step 6411 (time=66.7812), 0.0204786 s/step
on time step 6606 (time=68.8125), 0.0205224 s/step
on time step 6801 (time=70.8438), 0.0206078 s/step
on time step 6997 (time=72.8854), 0.0205096 s/step
on time step 7193 (time=74.9271), 0.0204915 s/step
on time step 7389 (time=76.9688), 0.0204917 s/step
on time step 7585 (time=79.0104), 0.0205073 s/step
field decay(t = 80.02083333333333): 4.5716390901913496e-10 / 4.5716390901913496e-10 = 1.0
on time step 7781 (time=81.0521), 0.0204787 s/step
on time step 7977 (time=83.0938), 0.0204988 s/step
on time step 8173 (time=85.1354), 0.0204925 s/step
on time step 8369 (time=87.1771), 0.0205012 s/step
on time step 8565 (time=89.2188), 0.0204792 s/step
on time step 8761 (time=91.2604), 0.0204964 s/step
on time step 8957 (time=93.3021), 0.0205059 s/step
on time step 9153 (time=95.3438), 0.0205066 s/step
on time step 9349 (time=97.3854), 0.0204807 s/step
on time step 9545 (time=99.4271), 0.0204695 s/step
field decay(t = 100.03125): 1.3930199223430911e-09 / 1.3930199223430911e-09 = 1.0
on time step 9741 (time=101.469), 0.0204945 s/step
on time step 9937 (time=103.51), 0.0204922 s/step
on time step 10133 (time=105.552), 0.0205032 s/step
on time step 10329 (time=107.594), 0.0204591 s/step
on time step 10524 (time=109.625), 0.0205143 s/step
on time step 10720 (time=111.667), 0.0205033 s/step
on time step 10916 (time=113.708), 0.0204422 s/step
on time step 11111 (time=115.74), 0.0205379 s/step
on time step 11307 (time=117.781), 0.0205087 s/step
on time step 11503 (time=119.823), 0.0204921 s/step
field decay(t = 120.04166666666666): 4.579794058905248e-09 / 4.579794058905248e-09 = 1.0
on time step 11698 (time=121.854), 0.0205196 s/step
on time step 11892 (time=123.875), 0.0206528 s/step
on time step 12086 (time=125.896), 0.0207272 s/step
on time step 12280 (time=127.917), 0.0206935 s/step
on time step 12473 (time=129.927), 0.0207866 s/step
on time step 12667 (time=131.948), 0.0207063 s/step
on time step 12861 (time=133.969), 0.0206803 s/step
on time step 13054 (time=135.979), 0.0207419 s/step
on time step 13248 (time=138), 0.0206816 s/step
on time step 13441 (time=140.01), 0.0207387 s/step
field decay(t = 140.04166666666666): 1.2393329880188945e-08 / 1.2393329880188945e-08 = 1.0
on time step 13634 (time=142.021), 0.0207758 s/step
on time step 13828 (time=144.042), 0.0207014 s/step
on time step 14022 (time=146.062), 0.0206934 s/step
on time step 14216 (time=148.083), 0.0207011 s/step
on time step 14409 (time=150.094), 0.0207398 s/step
on time step 14603 (time=152.115), 0.0206954 s/step
on time step 14797 (time=154.135), 0.0206975 s/step
on time step 14991 (time=156.156), 0.0207089 s/step
on time step 15185 (time=158.177), 0.0207266 s/step
field decay(t = 160.05208333333331): 4.137497424167571e-08 / 4.137497424167571e-08 = 1.0
on time step 15379 (time=160.198), 0.0206987 s/step
on time step 15573 (time=162.219), 0.020692 s/step
on time step 15766 (time=164.229), 0.0207631 s/step
on time step 15959 (time=166.24), 0.0207266 s/step
on time step 16153 (time=168.26), 0.0206849 s/step
on time step 16346 (time=170.271), 0.020726 s/step
on time step 16540 (time=172.292), 0.0206867 s/step
on time step 16734 (time=174.312), 0.0206877 s/step
on time step 16928 (time=176.333), 0.020715 s/step
on time step 17122 (time=178.354), 0.0207152 s/step
field decay(t = 180.0625): 1.0498340464402973e-07 / 1.0498340464402973e-07 = 1.0
on time step 17315 (time=180.365), 0.0207577 s/step
on time step 17508 (time=182.375), 0.0207449 s/step
on time step 17702 (time=184.396), 0.0206992 s/step
on time step 17895 (time=186.406), 0.0207984 s/step
on time step 18089 (time=188.427), 0.0207231 s/step
on time step 18282 (time=190.438), 0.0207586 s/step
on time step 18475 (time=192.448), 0.0207328 s/step
on time step 18668 (time=194.458), 0.0207299 s/step
on time step 18861 (time=196.469), 0.0207583 s/step
on time step 19054 (time=198.479), 0.0207541 s/step
field decay(t = 200.07291666666666): 3.2276702652263736e-07 / 3.2276702652263736e-07 = 1.0
on time step 19247 (time=200.49), 0.0207326 s/step
on time step 19441 (time=202.51), 0.0207033 s/step
on time step 19635 (time=204.531), 0.0207145 s/step
on time step 19828 (time=206.542), 0.0207386 s/step
on time step 20022 (time=208.562), 0.0207004 s/step
on time step 20215 (time=210.573), 0.0207669 s/step
on time step 20409 (time=212.594), 0.0206911 s/step
on time step 20602 (time=214.604), 0.02073 s/step
on time step 20795 (time=216.615), 0.0207595 s/step
on time step 20988 (time=218.625), 0.0207326 s/step
field decay(t = 220.08333333333331): 7.674389052421819e-07 / 7.674389052421819e-07 = 1.0
on time step 21181 (time=220.635), 0.0207739 s/step
on time step 21374 (time=222.646), 0.0207391 s/step
on time step 21568 (time=224.667), 0.0207242 s/step
on time step 21761 (time=226.677), 0.0207831 s/step
on time step 21954 (time=228.688), 0.0207582 s/step
on time step 22147 (time=230.698), 0.0207496 s/step
on time step 22341 (time=232.719), 0.020722 s/step
on time step 22534 (time=234.729), 0.0207294 s/step
on time step 22727 (time=236.74), 0.020801 s/step
on time step 22920 (time=238.75), 0.0207855 s/step
field decay(t = 240.09375): 2.1748057672736596e-06 / 2.1748057672736596e-06 = 1.0
on time step 23113 (time=240.76), 0.0207353 s/step
on time step 23307 (time=242.781), 0.0206986 s/step
on time step 23500 (time=244.792), 0.0207398 s/step
on time step 23694 (time=246.812), 0.020679 s/step
on time step 23888 (time=248.833), 0.0207237 s/step
on time step 24081 (time=250.844), 0.0207518 s/step
on time step 24275 (time=252.865), 0.0206992 s/step
on time step 24468 (time=254.875), 0.0207776 s/step
on time step 24661 (time=256.885), 0.0207646 s/step
on time step 24855 (time=258.906), 0.0207059 s/step
field decay(t = 260.10416666666663): 4.8437260572607674e-06 / 4.8437260572607674e-06 = 1.0
on time step 25049 (time=260.927), 0.0207145 s/step
on time step 25243 (time=262.948), 0.0207224 s/step
on time step 25437 (time=264.969), 0.0207211 s/step
on time step 25630 (time=266.979), 0.0207371 s/step
on time step 25823 (time=268.99), 0.0207458 s/step
on time step 26017 (time=271.01), 0.0206955 s/step
on time step 26210 (time=273.021), 0.02074 s/step
on time step 26403 (time=275.031), 0.0207455 s/step
on time step 26596 (time=277.042), 0.020782 s/step
on time step 26789 (time=279.052), 0.0207773 s/step
field decay(t = 280.1145833333333): 1.1244937586434704e-05 / 1.1244937586434704e-05 = 1.0
on time step 26983 (time=281.073), 0.0207205 s/step
on time step 27176 (time=283.083), 0.0207577 s/step
on time step 27370 (time=285.104), 0.020703 s/step
on time step 27564 (time=287.125), 0.0206825 s/step
on time step 27757 (time=289.135), 0.020751 s/step
on time step 27950 (time=291.146), 0.0207373 s/step
on time step 28144 (time=293.167), 0.0207259 s/step
on time step 28338 (time=295.188), 0.0207001 s/step
on time step 28532 (time=297.208), 0.0207196 s/step
on time step 28725 (time=299.219), 0.0207564 s/step
field decay(t = 300.125): 2.6377345656432352e-05 / 2.6377345656432352e-05 = 1.0
on time step 28919 (time=301.24), 0.0206949 s/step
on time step 29112 (time=303.25), 0.0207687 s/step
on time step 29305 (time=305.26), 0.0207483 s/step
on time step 29499 (time=307.281), 0.0206902 s/step
on time step 29693 (time=309.302), 0.020721 s/step
on time step 29885 (time=311.302), 0.0208687 s/step
on time step 30076 (time=313.292), 0.0210529 s/step
on time step 30267 (time=315.281), 0.0209834 s/step
on time step 30457 (time=317.26), 0.0210708 s/step
on time step 30647 (time=319.24), 0.0210696 s/step
field decay(t = 320.13541666666663): 5.343225578565057e-05 / 5.343225578565057e-05 = 1.0
on time step 30838 (time=321.229), 0.0210484 s/step
on time step 31029 (time=323.219), 0.0209975 s/step
on time step 31219 (time=325.198), 0.0211083 s/step
on time step 31410 (time=327.188), 0.0210421 s/step
on time step 31600 (time=329.167), 0.0210536 s/step
on time step 31791 (time=331.156), 0.0210397 s/step
on time step 31981 (time=333.135), 0.0210979 s/step
on time step 32171 (time=335.115), 0.0210769 s/step
on time step 32361 (time=337.094), 0.0210759 s/step
on time step 32551 (time=339.073), 0.0210573 s/step
field decay(t = 340.1458333333333): 0.00012393423312890498 / 0.00012393423312890498 = 1.0
on time step 32741 (time=341.052), 0.021062 s/step
on time step 32931 (time=343.031), 0.0210895 s/step
on time step 33122 (time=345.021), 0.0210331 s/step
on time step 33313 (time=347.01), 0.0210472 s/step
on time step 33503 (time=348.99), 0.0210898 s/step
on time step 33693 (time=350.969), 0.021114 s/step
on time step 33883 (time=352.948), 0.0210737 s/step
on time step 34074 (time=354.938), 0.0210488 s/step
on time step 34264 (time=356.917), 0.0210843 s/step
on time step 34454 (time=358.896), 0.0210825 s/step
field decay(t = 360.15625): 0.00023508789318094967 / 0.00023508789318094967 = 1.0
on time step 34645 (time=360.885), 0.0210219 s/step
on time step 34835 (time=362.865), 0.0210903 s/step
on time step 35025 (time=364.844), 0.0210817 s/step
on time step 35215 (time=366.823), 0.0210749 s/step
on time step 35405 (time=368.802), 0.021081 s/step
on time step 35595 (time=370.781), 0.021061 s/step
on time step 35785 (time=372.76), 0.021065 s/step
on time step 35975 (time=374.74), 0.0210953 s/step
on time step 36164 (time=376.708), 0.0212378 s/step
on time step 36353 (time=378.677), 0.0212452 s/step
field decay(t = 380.16666666666663): 0.000502275448632615 / 0.000502275448632615 = 1.0
on time step 36542 (time=380.646), 0.0212546 s/step
on time step 36731 (time=382.615), 0.0212316 s/step
on time step 36920 (time=384.583), 0.0212235 s/step
on time step 37108 (time=386.542), 0.0213072 s/step
on time step 37297 (time=388.51), 0.0212447 s/step
on time step 37486 (time=390.479), 0.0212315 s/step
on time step 37675 (time=392.448), 0.021247 s/step
on time step 37863 (time=394.406), 0.0212773 s/step
on time step 38050 (time=396.354), 0.0214187 s/step
on time step 38239 (time=398.323), 0.0212439 s/step
field decay(t = 400.1770833333333): 0.0008920999917257545 / 0.0008920999917257545 = 1.0
on time step 38428 (time=400.292), 0.0212491 s/step
on time step 38617 (time=402.26), 0.0212006 s/step
on time step 38805 (time=404.219), 0.0213293 s/step
on time step 38994 (time=406.188), 0.0212375 s/step
on time step 39183 (time=408.156), 0.0212414 s/step
on time step 39372 (time=410.125), 0.0212564 s/step
on time step 39561 (time=412.094), 0.0212348 s/step
on time step 39750 (time=414.062), 0.021254 s/step
on time step 39939 (time=416.031), 0.0212376 s/step
on time step 40128 (time=418), 0.021239 s/step
on time step 40317 (time=419.969), 0.0212453 s/step
field decay(t = 420.1875): 0.0017553896922109383 / 0.0017553896922109383 = 1.0
on time step 40506 (time=421.938), 0.0212496 s/step
on time step 40695 (time=423.906), 0.0212541 s/step
on time step 40884 (time=425.875), 0.0212445 s/step
on time step 41073 (time=427.844), 0.0212501 s/step
on time step 41262 (time=429.812), 0.0212422 s/step
on time step 41451 (time=431.781), 0.0212511 s/step
on time step 41640 (time=433.75), 0.0212546 s/step
on time step 41829 (time=435.719), 0.0212354 s/step
on time step 42018 (time=437.688), 0.0212653 s/step
on time step 42207 (time=439.656), 0.0212246 s/step
field decay(t = 440.19791666666663): 0.0029189173364292434 / 0.0029189173364292434 = 1.0
on time step 42396 (time=441.625), 0.0212238 s/step
on time step 42584 (time=443.583), 0.0212922 s/step
on time step 42772 (time=445.542), 0.0213068 s/step
on time step 42961 (time=447.51), 0.0212658 s/step
on time step 43149 (time=449.469), 0.0212858 s/step
on time step 43338 (time=451.438), 0.0212054 s/step
on time step 43527 (time=453.406), 0.0212374 s/step
on time step 43716 (time=455.375), 0.0212346 s/step
on time step 43905 (time=457.344), 0.0212122 s/step
on time step 44093 (time=459.302), 0.0212861 s/step
field decay(t = 460.2083333333333): 0.004967780246202746 / 0.004967780246202746 = 1.0
on time step 44282 (time=461.271), 0.0212447 s/step
on time step 44471 (time=463.24), 0.0212439 s/step
on time step 44660 (time=465.208), 0.0212674 s/step
on time step 44849 (time=467.177), 0.0212392 s/step
on time step 45038 (time=469.146), 0.021246 s/step
on time step 45227 (time=471.115), 0.0211964 s/step
on time step 45416 (time=473.083), 0.0212549 s/step
on time step 45605 (time=475.052), 0.0211863 s/step
on time step 45794 (time=477.021), 0.0212478 s/step
on time step 45983 (time=478.99), 0.0212422 s/step
field decay(t = 480.21875): 0.008232328787156167 / 0.008232328787156167 = 1.0
on time step 46172 (time=480.958), 0.02124 s/step
on time step 46361 (time=482.927), 0.0212522 s/step
on time step 46550 (time=484.896), 0.021233 s/step
on time step 46739 (time=486.865), 0.0212374 s/step
on time step 46927 (time=488.823), 0.0213267 s/step
on time step 47116 (time=490.792), 0.0212205 s/step
on time step 47304 (time=492.75), 0.0212782 s/step
on time step 47493 (time=494.719), 0.0212447 s/step
on time step 47681 (time=496.677), 0.0213038 s/step
on time step 47870 (time=498.646), 0.0212546 s/step
field decay(t = 500.22916666666663): 0.012442535214430304 / 0.012442535214430304 = 1.0
on time step 48058 (time=500.604), 0.0213285 s/step
on time step 48247 (time=502.573), 0.0212374 s/step
on time step 48435 (time=504.531), 0.0212863 s/step
on time step 48622 (time=506.479), 0.0214004 s/step
on time step 48811 (time=508.448), 0.0212374 s/step
on time step 48998 (time=510.396), 0.0214035 s/step
on time step 49186 (time=512.354), 0.021283 s/step
on time step 49375 (time=514.323), 0.0212695 s/step
on time step 49564 (time=516.292), 0.0211914 s/step
on time step 49752 (time=518.25), 0.0213343 s/step
on time step 49941 (time=520.219), 0.0212439 s/step
field decay(t = 520.2291666666666): 0.020006016608559163 / 0.020006016608559163 = 1.0
on time step 50130 (time=522.188), 0.0212299 s/step
on time step 50319 (time=524.156), 0.0212256 s/step
on time step 50508 (time=526.125), 0.0212195 s/step
on time step 50697 (time=528.094), 0.0212488 s/step
on time step 50886 (time=530.062), 0.021252 s/step
on time step 51074 (time=532.021), 0.0212961 s/step
on time step 51263 (time=533.99), 0.0212012 s/step
on time step 51452 (time=535.958), 0.0212314 s/step
on time step 51641 (time=537.927), 0.02124 s/step
on time step 51830 (time=539.896), 0.0212685 s/step
field decay(t = 540.2395833333333): 0.028297992458738454 / 0.028297992458738454 = 1.0
on time step 52018 (time=541.854), 0.0212909 s/step
on time step 52206 (time=543.812), 0.0213244 s/step
on time step 52395 (time=545.781), 0.0211809 s/step
on time step 52583 (time=547.74), 0.0213038 s/step
on time step 52772 (time=549.708), 0.021246 s/step
on time step 52961 (time=551.677), 0.0211901 s/step
on time step 53149 (time=553.635), 0.0213147 s/step
on time step 53338 (time=555.604), 0.0212112 s/step
on time step 53527 (time=557.573), 0.0212374 s/step
on time step 53715 (time=559.531), 0.021286 s/step
field decay(t = 560.25): 0.041875119563754344 / 0.041875119563754344 = 1.0
on time step 53904 (time=561.5), 0.0212573 s/step
on time step 54093 (time=563.469), 0.0212348 s/step
on time step 54281 (time=565.427), 0.0212801 s/step
on time step 54470 (time=567.396), 0.0212034 s/step
on time step 54659 (time=569.365), 0.0212297 s/step
on time step 54847 (time=571.323), 0.0213369 s/step
on time step 55036 (time=573.292), 0.0212398 s/step
on time step 55224 (time=575.25), 0.0213034 s/step
on time step 55412 (time=577.208), 0.0212828 s/step
on time step 55600 (time=579.167), 0.0213167 s/step
field decay(t = 580.2604166666666): 0.0554206689171644 / 0.0554206689171644 = 1.0
on time step 55788 (time=581.125), 0.021335 s/step
on time step 55977 (time=583.094), 0.0212421 s/step
on time step 56165 (time=585.052), 0.0213468 s/step
on time step 56353 (time=587.01), 0.0213295 s/step
on time step 56540 (time=588.958), 0.0214021 s/step
on time step 56728 (time=590.917), 0.0213752 s/step
on time step 56916 (time=592.875), 0.0213168 s/step
on time step 57104 (time=594.833), 0.0213541 s/step
on time step 57292 (time=596.792), 0.0213226 s/step
on time step 57481 (time=598.76), 0.0212381 s/step
field decay(t = 600.2708333333333): 0.07545913537796389 / 0.07545913537796389 = 1.0
on time step 57669 (time=600.719), 0.0213203 s/step
on time step 57858 (time=602.688), 0.0212395 s/step
on time step 58054 (time=604.729), 0.0204572 s/step
on time step 58251 (time=606.781), 0.0203464 s/step
on time step 58448 (time=608.833), 0.020366 s/step
on time step 58645 (time=610.885), 0.020332 s/step
on time step 58842 (time=612.938), 0.0203516 s/step
on time step 59039 (time=614.99), 0.0203448 s/step
on time step 59236 (time=617.042), 0.0203168 s/step
on time step 59433 (time=619.094), 0.020309 s/step
field decay(t = 620.28125): 0.09341879538825495 / 0.09341879538825495 = 1.0
on time step 59631 (time=621.156), 0.0202949 s/step
on time step 59829 (time=623.219), 0.0202956 s/step
on time step 60026 (time=625.271), 0.0203054 s/step
on time step 60223 (time=627.323), 0.0203106 s/step
on time step 60420 (time=629.375), 0.020309 s/step
on time step 60618 (time=631.438), 0.0202985 s/step
on time step 60816 (time=633.5), 0.0203001 s/step
on time step 61014 (time=635.562), 0.0202972 s/step
on time step 61212 (time=637.625), 0.0203004 s/step
on time step 61410 (time=639.688), 0.0202951 s/step
field decay(t = 640.2916666666666): 0.11441625682527215 / 0.11441625682527215 = 1.0
on time step 61607 (time=641.74), 0.0203115 s/step
on time step 61804 (time=643.792), 0.0203157 s/step
on time step 61997 (time=645.802), 0.0207813 s/step
on time step 62185 (time=647.76), 0.0213067 s/step
on time step 62374 (time=649.729), 0.0212513 s/step
on time step 62563 (time=651.698), 0.0212344 s/step
on time step 62752 (time=653.667), 0.0212343 s/step
on time step 62941 (time=655.635), 0.0212267 s/step
on time step 63130 (time=657.604), 0.0212357 s/step
on time step 63319 (time=659.573), 0.0212259 s/step
field decay(t = 660.3020833333333): 0.135454357188544 / 0.135454357188544 = 1.0
on time step 63508 (time=661.542), 0.0212358 s/step
on time step 63697 (time=663.51), 0.0212309 s/step
on time step 63886 (time=665.479), 0.0212051 s/step
on time step 64075 (time=667.448), 0.0212144 s/step
on time step 64264 (time=669.417), 0.021219 s/step
on time step 64453 (time=671.385), 0.0212046 s/step
on time step 64641 (time=673.344), 0.021353 s/step
on time step 64827 (time=675.281), 0.021588 s/step
on time step 65013 (time=677.219), 0.0215846 s/step
on time step 65201 (time=679.177), 0.0213039 s/step
field decay(t = 680.3125): 0.15220738599610412 / 0.15220738599610412 = 1.0
on time step 65390 (time=681.146), 0.0212085 s/step
on time step 65579 (time=683.115), 0.021243 s/step
on time step 65768 (time=685.083), 0.0212643 s/step
on time step 65957 (time=687.052), 0.0212207 s/step
on time step 66146 (time=689.021), 0.0212119 s/step
on time step 66335 (time=690.99), 0.0212254 s/step
on time step 66524 (time=692.958), 0.0212299 s/step
on time step 66713 (time=694.927), 0.0212138 s/step
on time step 66902 (time=696.896), 0.0212152 s/step
on time step 67091 (time=698.865), 0.0212307 s/step
field decay(t = 700.3229166666666): 0.16882574616888713 / 0.16882574616888713 = 1.0
on time step 67280 (time=700.833), 0.0212482 s/step
on time step 67469 (time=702.802), 0.0212761 s/step
on time step 67658 (time=704.771), 0.0212708 s/step
on time step 67847 (time=706.74), 0.0212712 s/step
on time step 68036 (time=708.708), 0.0212619 s/step
on time step 68225 (time=710.677), 0.0212627 s/step
on time step 68414 (time=712.646), 0.0212576 s/step
on time step 68603 (time=714.615), 0.0212132 s/step
on time step 68792 (time=716.583), 0.0212125 s/step
on time step 68981 (time=718.552), 0.0212074 s/step
field decay(t = 720.3333333333333): 0.17732241551592126 / 0.17732241551592126 = 1.0
on time step 69169 (time=720.51), 0.0212782 s/step
on time step 69358 (time=722.479), 0.0211736 s/step
on time step 69547 (time=724.448), 0.0212051 s/step
on time step 69736 (time=726.417), 0.0212435 s/step
on time step 69925 (time=728.385), 0.0211925 s/step
on time step 70114 (time=730.354), 0.0212265 s/step
on time step 70303 (time=732.323), 0.0212026 s/step
on time step 70492 (time=734.292), 0.0212235 s/step
on time step 70681 (time=736.26), 0.0212211 s/step
on time step 70870 (time=738.229), 0.0212046 s/step
on time step 71059 (time=740.198), 0.02118 s/step
field decay(t = 740.34375): 0.1807221507244023 / 0.1807221507244023 = 1.0
on time step 71248 (time=742.167), 0.021197 s/step
on time step 71437 (time=744.135), 0.0211785 s/step
on time step 71626 (time=746.104), 0.0211824 s/step
on time step 71815 (time=748.073), 0.0211723 s/step
on time step 72004 (time=750.042), 0.0211984 s/step
on time step 72193 (time=752.01), 0.0211952 s/step
on time step 72382 (time=753.979), 0.0211762 s/step
on time step 72571 (time=755.948), 0.0211919 s/step
on time step 72760 (time=757.917), 0.0211731 s/step
on time step 72949 (time=759.885), 0.02117 s/step
field decay(t = 760.3541666666666): 0.18038452297907348 / 0.1807221507244023 = 0.9981317854840955
on time step 73138 (time=761.854), 0.0211979 s/step
on time step 73327 (time=763.823), 0.0212115 s/step
on time step 73516 (time=765.792), 0.0212037 s/step
on time step 73705 (time=767.76), 0.0212183 s/step
on time step 73894 (time=769.729), 0.0212192 s/step
on time step 74083 (time=771.698), 0.0211964 s/step
on time step 74272 (time=773.667), 0.0212079 s/step
on time step 74461 (time=775.635), 0.0212127 s/step
on time step 74650 (time=777.604), 0.0212073 s/step
on time step 74839 (time=779.573), 0.0212266 s/step
field decay(t = 780.3645833333333): 0.17568669230710196 / 0.1807221507244023 = 0.9721370158715115
on time step 75028 (time=781.542), 0.0211717 s/step
on time step 75217 (time=783.51), 0.0212207 s/step
on time step 75406 (time=785.479), 0.0212143 s/step
on time step 75595 (time=787.448), 0.0212033 s/step
on time step 75784 (time=789.417), 0.0212218 s/step
on time step 75973 (time=791.385), 0.0211983 s/step
on time step 76162 (time=793.354), 0.0211952 s/step
on time step 76350 (time=795.312), 0.0213225 s/step
on time step 76537 (time=797.26), 0.0214158 s/step
on time step 76724 (time=799.208), 0.0214175 s/step
field decay(t = 800.375): 0.1628788969196246 / 0.1807221507244023 = 0.9012669242079334
on time step 76911 (time=801.156), 0.0214395 s/step
on time step 77098 (time=803.104), 0.0214178 s/step
on time step 77285 (time=805.052), 0.0214205 s/step
on time step 77472 (time=807), 0.0213997 s/step
on time step 77659 (time=808.948), 0.0214146 s/step
on time step 77846 (time=810.896), 0.0214034 s/step
on time step 78033 (time=812.844), 0.0214046 s/step
on time step 78220 (time=814.792), 0.02145 s/step
on time step 78407 (time=816.74), 0.0214146 s/step
on time step 78594 (time=818.688), 0.0214128 s/step
field decay(t = 820.3854166666666): 0.14813719690284854 / 0.1807221507244023 = 0.8196958497287632
on time step 78781 (time=820.635), 0.021423 s/step
on time step 78968 (time=822.583), 0.0214213 s/step
on time step 79155 (time=824.531), 0.0214431 s/step
on time step 79342 (time=826.479), 0.0214094 s/step
on time step 79529 (time=828.427), 0.0214372 s/step
on time step 79716 (time=830.375), 0.0214121 s/step
on time step 79903 (time=832.323), 0.02143 s/step
on time step 80090 (time=834.271), 0.0214194 s/step
on time step 80277 (time=836.219), 0.0214228 s/step
on time step 80464 (time=838.167), 0.021421 s/step
on time step 80651 (time=840.115), 0.0214947 s/step
field decay(t = 840.3958333333333): 0.1306679465484303 / 0.1807221507244023 = 0.7230322681788817
on time step 80837 (time=842.052), 0.021517 s/step
on time step 81024 (time=844), 0.0214582 s/step
on time step 81211 (time=845.948), 0.0214644 s/step
on time step 81398 (time=847.896), 0.0214519 s/step
on time step 81585 (time=849.844), 0.0214332 s/step
on time step 81771 (time=851.781), 0.0215118 s/step
on time step 81957 (time=853.719), 0.0215397 s/step
on time step 82143 (time=855.656), 0.0215662 s/step
on time step 82332 (time=857.625), 0.0212145 s/step
on time step 82522 (time=859.604), 0.0210677 s/step
field decay(t = 860.40625): 0.10697023079558017 / 0.1807221507244023 = 0.5919043701439104
on time step 82712 (time=861.583), 0.0210857 s/step
on time step 82902 (time=863.562), 0.0211135 s/step
on time step 83092 (time=865.542), 0.0210648 s/step
on time step 83282 (time=867.521), 0.0210546 s/step
on time step 83472 (time=869.5), 0.0210746 s/step
on time step 83662 (time=871.479), 0.0211495 s/step
on time step 83852 (time=873.458), 0.0210983 s/step
on time step 84042 (time=875.438), 0.021108 s/step
on time step 84232 (time=877.417), 0.0211425 s/step
on time step 84422 (time=879.396), 0.0210804 s/step
field decay(t = 880.4166666666666): 0.08803277213553379 / 0.1807221507244023 = 0.48711666933281483
on time step 84612 (time=881.375), 0.02108 s/step
on time step 84802 (time=883.354), 0.0210762 s/step
on time step 84992 (time=885.333), 0.0211063 s/step
on time step 85182 (time=887.312), 0.0210645 s/step
on time step 85372 (time=889.292), 0.0210611 s/step
on time step 85562 (time=891.271), 0.0211068 s/step
on time step 85753 (time=893.26), 0.021048 s/step
on time step 85943 (time=895.24), 0.0210847 s/step
on time step 86133 (time=897.219), 0.0211097 s/step
on time step 86323 (time=899.198), 0.0210617 s/step
field decay(t = 900.4270833333333): 0.06605079800723188 / 0.1807221507244023 = 0.36548258053855304
on time step 86514 (time=901.188), 0.0210346 s/step
on time step 86704 (time=903.167), 0.0211072 s/step
on time step 86894 (time=905.146), 0.0210999 s/step
on time step 87084 (time=907.125), 0.021068 s/step
on time step 87274 (time=909.104), 0.0210884 s/step
on time step 87464 (time=911.083), 0.021105 s/step
on time step 87654 (time=913.062), 0.0211407 s/step
on time step 87844 (time=915.042), 0.021061 s/step
on time step 88034 (time=917.021), 0.0211062 s/step
on time step 88224 (time=919), 0.0211362 s/step
field decay(t = 920.4375): 0.050674544338404626 / 0.1807221507244023 = 0.2804002947911034
on time step 88414 (time=920.979), 0.0211073 s/step
on time step 88604 (time=922.958), 0.0210664 s/step
on time step 88794 (time=924.938), 0.0210824 s/step
on time step 88984 (time=926.917), 0.0210958 s/step
on time step 89174 (time=928.896), 0.0210641 s/step
on time step 89364 (time=930.875), 0.0210547 s/step
on time step 89554 (time=932.854), 0.0211431 s/step
on time step 89744 (time=934.833), 0.0211003 s/step
on time step 89934 (time=936.812), 0.021074 s/step
on time step 90124 (time=938.792), 0.0211363 s/step
field decay(t = 940.4479166666666): 0.03480977295973785 / 0.1807221507244023 = 0.19261486663481592
on time step 90314 (time=940.771), 0.0211332 s/step
on time step 90504 (time=942.75), 0.0210836 s/step
on time step 90694 (time=944.729), 0.021082 s/step
on time step 90884 (time=946.708), 0.0211158 s/step
on time step 91074 (time=948.688), 0.02107 s/step
on time step 91263 (time=950.656), 0.0212217 s/step
on time step 91452 (time=952.625), 0.0211642 s/step
on time step 91641 (time=954.594), 0.0211685 s/step
on time step 91830 (time=956.562), 0.021265 s/step
on time step 92019 (time=958.531), 0.021181 s/step
field decay(t = 960.4583333333333): 0.02487440181309549 / 0.1807221507244023 = 0.13763892092579433
on time step 92208 (time=960.5), 0.0212204 s/step
on time step 92397 (time=962.469), 0.0212242 s/step
on time step 92586 (time=964.438), 0.0212308 s/step
on time step 92776 (time=966.417), 0.0211634 s/step
on time step 92965 (time=968.385), 0.0212519 s/step
on time step 93154 (time=970.354), 0.0212197 s/step
on time step 93343 (time=972.323), 0.0212352 s/step
on time step 93532 (time=974.292), 0.0212145 s/step
on time step 93722 (time=976.271), 0.0210945 s/step
on time step 93911 (time=978.24), 0.0211697 s/step
on time step 94101 (time=980.219), 0.0211488 s/step
field decay(t = 980.46875): 0.015624719044750579 / 0.1807221507244023 = 0.08645713313017156
on time step 94291 (time=982.198), 0.0211433 s/step
on time step 94481 (time=984.177), 0.0211065 s/step
on time step 94671 (time=986.156), 0.0211455 s/step
on time step 94861 (time=988.135), 0.0211396 s/step
on time step 95050 (time=990.104), 0.0212576 s/step
on time step 95240 (time=992.083), 0.0211273 s/step
on time step 95429 (time=994.052), 0.0211672 s/step
on time step 95619 (time=996.031), 0.0211492 s/step
on time step 95809 (time=998.01), 0.0211617 s/step
on time step 95999 (time=999.99), 0.0211429 s/step
field decay(t = 1000.4791666666666): 0.010388242974075267 / 0.1807221507244023 = 0.05748184675998645
on time step 96189 (time=1001.97), 0.0211007 s/step
on time step 96378 (time=1003.94), 0.0211887 s/step
on time step 96566 (time=1005.9), 0.0213485 s/step
on time step 96754 (time=1007.85), 0.0213709 s/step
on time step 96942 (time=1009.81), 0.0213542 s/step
on time step 97130 (time=1011.77), 0.021314 s/step
on time step 97318 (time=1013.73), 0.0213387 s/step
on time step 97506 (time=1015.69), 0.0213273 s/step
on time step 97694 (time=1017.65), 0.0212993 s/step
on time step 97883 (time=1019.61), 0.0212298 s/step
field decay(t = 1020.4895833333333): 0.006374827233753487 / 0.1807221507244023 = 0.03527418862713167
on time step 98072 (time=1021.58), 0.0212293 s/step
on time step 98260 (time=1023.54), 0.0212953 s/step
on time step 98449 (time=1025.51), 0.0212707 s/step
on time step 98638 (time=1027.48), 0.0212251 s/step
on time step 98827 (time=1029.45), 0.0212583 s/step
on time step 99015 (time=1031.41), 0.021384 s/step
on time step 99204 (time=1033.38), 0.0212637 s/step
on time step 99392 (time=1035.33), 0.0213222 s/step
on time step 99581 (time=1037.3), 0.0212646 s/step
on time step 99770 (time=1039.27), 0.0212696 s/step
field decay(t = 1040.4895833333333): 0.0036819237719317274 / 0.1807221507244023 = 0.02037339505518938
on time step 99958 (time=1041.23), 0.0213071 s/step
on time step 100147 (time=1043.2), 0.0212238 s/step
on time step 100335 (time=1045.16), 0.0213783 s/step
on time step 100523 (time=1047.11), 0.0213172 s/step
on time step 100712 (time=1049.08), 0.0212276 s/step
on time step 100899 (time=1051.03), 0.0214346 s/step
on time step 101088 (time=1053), 0.0212022 s/step
on time step 101276 (time=1054.96), 0.0213599 s/step
on time step 101465 (time=1056.93), 0.0212655 s/step
on time step 101653 (time=1058.89), 0.0212978 s/step
field decay(t = 1060.5): 0.002201504425402144 / 0.1807221507244023 = 0.012181707757337366
on time step 101841 (time=1060.84), 0.0213067 s/step
on time step 102029 (time=1062.8), 0.0213538 s/step
on time step 102217 (time=1064.76), 0.0212954 s/step
on time step 102406 (time=1066.73), 0.0212021 s/step
on time step 102595 (time=1068.7), 0.0212151 s/step
on time step 102784 (time=1070.67), 0.0212714 s/step
on time step 102972 (time=1072.62), 0.0213681 s/step
on time step 103161 (time=1074.59), 0.021207 s/step
on time step 103350 (time=1076.56), 0.0211994 s/step
on time step 103538 (time=1078.52), 0.0213007 s/step
on time step 103727 (time=1080.49), 0.0212375 s/step
field decay(t = 1080.5104166666665): 0.0011049382696834034 / 0.1807221507244023 = 0.006114016822256683
on time step 103915 (time=1082.45), 0.0213597 s/step
on time step 104103 (time=1084.41), 0.0213102 s/step
on time step 104292 (time=1086.38), 0.0212667 s/step
on time step 104480 (time=1088.33), 0.0213069 s/step
on time step 104668 (time=1090.29), 0.0212997 s/step
on time step 104857 (time=1092.26), 0.0212292 s/step
on time step 105046 (time=1094.23), 0.0212052 s/step
on time step 105235 (time=1096.2), 0.0212689 s/step
on time step 105424 (time=1098.17), 0.021229 s/step
on time step 105613 (time=1100.14), 0.0212152 s/step
field decay(t = 1100.5208333333333): 0.000613269566478734 / 0.1807221507244023 = 0.003393438845324268
on time step 105802 (time=1102.1), 0.0212707 s/step
on time step 105990 (time=1104.06), 0.0212916 s/step
on time step 106180 (time=1106.04), 0.0211438 s/step
on time step 106370 (time=1108.02), 0.0211511 s/step
on time step 106559 (time=1109.99), 0.0211834 s/step
on time step 106749 (time=1111.97), 0.021158 s/step
on time step 106938 (time=1113.94), 0.0212084 s/step
on time step 107127 (time=1115.91), 0.0211697 s/step
on time step 107316 (time=1117.88), 0.0212607 s/step
on time step 107504 (time=1119.83), 0.0213206 s/step
field decay(t = 1120.53125): 0.0002804647717181248 / 0.1807221507244023 = 0.0015519114319629144
on time step 107693 (time=1121.8), 0.0211856 s/step
on time step 107882 (time=1123.77), 0.0211742 s/step
on time step 108071 (time=1125.74), 0.0211884 s/step
on time step 108260 (time=1127.71), 0.0211896 s/step
on time step 108449 (time=1129.68), 0.0211842 s/step
on time step 108638 (time=1131.65), 0.0211724 s/step
on time step 108827 (time=1133.61), 0.021207 s/step
on time step 109015 (time=1135.57), 0.0213067 s/step
on time step 109204 (time=1137.54), 0.0212063 s/step
on time step 109393 (time=1139.51), 0.0212063 s/step
field decay(t = 1140.5416666666665): 0.00014458347907603537 / 0.1807221507244023 = 0.0008000318638113284
on time step 109581 (time=1141.47), 0.0213152 s/step
on time step 109772 (time=1143.46), 0.0209872 s/step
on time step 109964 (time=1145.46), 0.0209184 s/step
on time step 110156 (time=1147.46), 0.0209225 s/step
on time step 110347 (time=1149.45), 0.0209472 s/step
on time step 110538 (time=1151.44), 0.0209482 s/step
on time step 110730 (time=1153.44), 0.0208847 s/step
on time step 110921 (time=1155.43), 0.0209471 s/step
on time step 111113 (time=1157.43), 0.020934 s/step
on time step 111305 (time=1159.43), 0.0209388 s/step
field decay(t = 1160.5520833333333): 6.040444629629093e-05 / 0.1807221507244023 = 0.00033423930632834557
on time step 111497 (time=1161.43), 0.0209107 s/step
on time step 111689 (time=1163.43), 0.0209234 s/step
on time step 111880 (time=1165.42), 0.0209553 s/step
on time step 112071 (time=1167.41), 0.020952 s/step
on time step 112263 (time=1169.41), 0.0209356 s/step
on time step 112454 (time=1171.4), 0.0209488 s/step
on time step 112645 (time=1173.39), 0.0209985 s/step
on time step 112836 (time=1175.38), 0.0209525 s/step
on time step 113027 (time=1177.36), 0.0209488 s/step
on time step 113219 (time=1179.36), 0.02094 s/step
field decay(t = 1180.5625): 2.9050139284286786e-05 / 0.1807221507244023 = 0.00016074476298474157
on time step 113410 (time=1181.35), 0.0209634 s/step
on time step 113601 (time=1183.34), 0.0209654 s/step
on time step 113792 (time=1185.33), 0.021029 s/step
on time step 113983 (time=1187.32), 0.0209766 s/step
on time step 114174 (time=1189.31), 0.021009 s/step
on time step 114365 (time=1191.3), 0.020989 s/step
on time step 114556 (time=1193.29), 0.0209559 s/step
on time step 114747 (time=1195.28), 0.0209723 s/step
on time step 114938 (time=1197.27), 0.0209597 s/step
on time step 115129 (time=1199.26), 0.0209855 s/step
field decay(t = 1200.5729166666665): 1.120005930991614e-05 / 0.1807221507244023 = 6.197391556608913e-05
on time step 115321 (time=1201.26), 0.0209353 s/step
on time step 115512 (time=1203.25), 0.0209878 s/step
on time step 115703 (time=1205.24), 0.0209608 s/step
on time step 115894 (time=1207.23), 0.0210136 s/step
on time step 116085 (time=1209.22), 0.0210274 s/step
on time step 116276 (time=1211.21), 0.0209956 s/step
on time step 116466 (time=1213.19), 0.0210557 s/step
on time step 116656 (time=1215.17), 0.0210613 s/step
on time step 116847 (time=1217.16), 0.0209961 s/step
on time step 117038 (time=1219.15), 0.0209655 s/step
field decay(t = 1220.5833333333333): 5.093384859713706e-06 / 0.1807221507244023 = 2.8183511757122777e-05
on time step 117229 (time=1221.14), 0.0209784 s/step
on time step 117420 (time=1223.12), 0.0210103 s/step
on time step 117611 (time=1225.11), 0.0209823 s/step
on time step 117802 (time=1227.1), 0.0209687 s/step
on time step 117993 (time=1229.09), 0.0209575 s/step
on time step 118185 (time=1231.09), 0.0209033 s/step
on time step 118376 (time=1233.08), 0.020973 s/step
on time step 118568 (time=1235.08), 0.0209043 s/step
on time step 118759 (time=1237.07), 0.0210047 s/step
on time step 118950 (time=1239.06), 0.0209532 s/step
field decay(t = 1240.59375): 1.8602684033297548e-06 / 0.1807221507244023 = 1.0293527361605093e-05
on time step 119142 (time=1241.06), 0.0209382 s/step
on time step 119333 (time=1243.05), 0.0209549 s/step
on time step 119524 (time=1245.04), 0.020958 s/step
on time step 119715 (time=1247.03), 0.020991 s/step
on time step 119906 (time=1249.02), 0.021037 s/step
on time step 120098 (time=1251.02), 0.0209387 s/step
on time step 120289 (time=1253.01), 0.0209778 s/step
on time step 120481 (time=1255.01), 0.0209371 s/step
on time step 120671 (time=1256.99), 0.0211641 s/step
on time step 120861 (time=1258.97), 0.0211153 s/step
field decay(t = 1260.6041666666665): 8.240836626871244e-07 / 0.1807221507244023 = 4.559948292912005e-06
on time step 121051 (time=1260.95), 0.0210803 s/step
on time step 121241 (time=1262.93), 0.0211374 s/step
on time step 121430 (time=1264.9), 0.0211856 s/step
on time step 121617 (time=1266.84), 0.0213958 s/step
on time step 121806 (time=1268.81), 0.0212567 s/step
on time step 121994 (time=1270.77), 0.021278 s/step
on time step 122183 (time=1272.74), 0.0211873 s/step
on time step 122373 (time=1274.72), 0.0211546 s/step
on time step 122563 (time=1276.7), 0.0211468 s/step
on time step 122754 (time=1278.69), 0.0210407 s/step
field decay(t = 1280.6145833333333): 2.988197381826598e-07 / 0.1807221507244023 = 1.6534759960794956e-06
on time step 122942 (time=1280.65), 0.0213399 s/step
on time step 123130 (time=1282.6), 0.021301 s/step
on time step 123319 (time=1284.57), 0.0211758 s/step
on time step 123509 (time=1286.55), 0.0211276 s/step
on time step 123698 (time=1288.52), 0.0212222 s/step
on time step 123887 (time=1290.49), 0.0212167 s/step
on time step 124077 (time=1292.47), 0.0211364 s/step
on time step 124266 (time=1294.44), 0.0212193 s/step
on time step 124455 (time=1296.41), 0.021216 s/step
on time step 124644 (time=1298.38), 0.0212319 s/step
on time step 124833 (time=1300.34), 0.0212409 s/step
field decay(t = 1300.625): 1.3426158637735098e-07 / 0.1807221507244023 = 7.42917156746863e-07
on time step 125020 (time=1302.29), 0.021403 s/step
on time step 125208 (time=1304.25), 0.0212789 s/step
on time step 125396 (time=1306.21), 0.0213333 s/step
on time step 125584 (time=1308.17), 0.0213513 s/step
on time step 125770 (time=1310.1), 0.0215241 s/step
on time step 125957 (time=1312.05), 0.0213983 s/step
on time step 126146 (time=1314.02), 0.0212023 s/step
on time step 126333 (time=1315.97), 0.0214353 s/step
on time step 126521 (time=1317.93), 0.0213205 s/step
on time step 126708 (time=1319.88), 0.0214004 s/step
field decay(t = 1320.6354166666665): 5.037396480738051e-08 / 0.1807221507244023 = 2.787370812347171e-07
on time step 126894 (time=1321.81), 0.0215578 s/step
on time step 127079 (time=1323.74), 0.0216759 s/step
on time step 127264 (time=1325.67), 0.0216331 s/step
on time step 127453 (time=1327.64), 0.0212794 s/step
on time step 127641 (time=1329.59), 0.0213183 s/step
on time step 127828 (time=1331.54), 0.0214838 s/step
on time step 128015 (time=1333.49), 0.0214373 s/step
on time step 128200 (time=1335.42), 0.0217169 s/step
on time step 128385 (time=1337.34), 0.0216392 s/step
on time step 128573 (time=1339.3), 0.0213082 s/step
field decay(t = 1340.6458333333333): 2.3299623929683096e-08 / 0.1807221507244023 = 1.2892511425018708e-07
on time step 128762 (time=1341.27), 0.0212273 s/step
on time step 128949 (time=1343.22), 0.0214058 s/step
on time step 129138 (time=1345.19), 0.0212639 s/step
on time step 129325 (time=1347.14), 0.021434 s/step
on time step 129512 (time=1349.08), 0.0214003 s/step
on time step 129698 (time=1351.02), 0.0215107 s/step
on time step 129885 (time=1352.97), 0.0214003 s/step
on time step 130073 (time=1354.93), 0.0213139 s/step
on time step 130261 (time=1356.89), 0.0213346 s/step
on time step 130450 (time=1358.85), 0.0212364 s/step
field decay(t = 1360.65625): 8.939239199909058e-09 / 0.1807221507244023 = 4.946399300847864e-08
on time step 130640 (time=1360.83), 0.0211406 s/step
on time step 130829 (time=1362.8), 0.0212743 s/step
on time step 131018 (time=1364.77), 0.0212586 s/step
on time step 131206 (time=1366.73), 0.0213095 s/step
on time step 131396 (time=1368.71), 0.0211269 s/step
on time step 131586 (time=1370.69), 0.0211339 s/step
on time step 131776 (time=1372.67), 0.021128 s/step
on time step 131966 (time=1374.65), 0.0211389 s/step
on time step 132156 (time=1376.62), 0.0211437 s/step
on time step 132344 (time=1378.58), 0.0212774 s/step
on time step 132532 (time=1380.54), 0.0213178 s/step
field decay(t = 1380.6666666666665): 4.130203777307458e-09 / 0.1807221507244023 = 2.2853887919948105e-08
on time step 132718 (time=1382.48), 0.021604 s/step
on time step 132902 (time=1384.4), 0.0217768 s/step
on time step 133087 (time=1386.32), 0.0217278 s/step
on time step 133272 (time=1388.25), 0.0216926 s/step
on time step 133456 (time=1390.17), 0.021742 s/step
on time step 133642 (time=1392.1), 0.0216153 s/step
on time step 133826 (time=1394.02), 0.0217557 s/step
on time step 134010 (time=1395.94), 0.0217603 s/step
on time step 134194 (time=1397.85), 0.0217714 s/step
on time step 134378 (time=1399.77), 0.0217884 s/step
field decay(t = 1400.6770833333333): 1.5675884128562128e-09 / 0.1807221507244023 = 8.674024775450765e-09
on time step 134563 (time=1401.7), 0.0216819 s/step
on time step 134754 (time=1403.69), 0.0209598 s/step
on time step 134945 (time=1405.68), 0.0209679 s/step
on time step 135136 (time=1407.67), 0.0209705 s/step
on time step 135327 (time=1409.66), 0.0209597 s/step
on time step 135518 (time=1411.65), 0.0209624 s/step
on time step 135709 (time=1413.64), 0.0209863 s/step
on time step 135900 (time=1415.62), 0.0209473 s/step
on time step 136092 (time=1417.62), 0.0209296 s/step
on time step 136284 (time=1419.62), 0.0209289 s/step
field decay(t = 1420.6875): 6.835042632492371e-10 / 0.1807221507244023 = 3.7820724272564e-09
on time step 136476 (time=1421.62), 0.0209353 s/step
on time step 136668 (time=1423.62), 0.0209169 s/step
on time step 136858 (time=1425.6), 0.0210824 s/step
on time step 137049 (time=1427.59), 0.0209763 s/step
on time step 137240 (time=1429.58), 0.0209789 s/step
on time step 137430 (time=1431.56), 0.0211269 s/step
on time step 137621 (time=1433.55), 0.0210457 s/step
on time step 137812 (time=1435.54), 0.0210306 s/step
on time step 138003 (time=1437.53), 0.0209761 s/step
on time step 138193 (time=1439.51), 0.0211042 s/step
field decay(t = 1440.6979166666665): 2.7520494060964025e-10 / 0.1807221507244023 = 1.5228069138537554e-09
on time step 138383 (time=1441.49), 0.0210742 s/step
on time step 138574 (time=1443.48), 0.020978 s/step
on time step 138764 (time=1445.46), 0.02112 s/step
on time step 138951 (time=1447.41), 0.0213972 s/step
on time step 139138 (time=1449.35), 0.0213935 s/step
on time step 139325 (time=1451.3), 0.0214038 s/step
on time step 139513 (time=1453.26), 0.0213619 s/step
on time step 139701 (time=1455.22), 0.0213701 s/step
on time step 139889 (time=1457.18), 0.0213759 s/step
on time step 140077 (time=1459.14), 0.021359 s/step
field decay(t = 1460.7083333333333): 9.910844920249088e-11 / 0.1807221507244023 = 5.484023336664984e-10
on time step 140310 (time=1461.56), 0.0171843 s/step
on time step 140547 (time=1464.03), 0.0168802 s/step
on time step 140783 (time=1466.49), 0.0169976 s/step
on time step 141019 (time=1468.95), 0.0169838 s/step
on time step 141255 (time=1471.41), 0.0169738 s/step
on time step 141491 (time=1473.86), 0.0169746 s/step
on time step 141728 (time=1476.33), 0.0168895 s/step
on time step 141967 (time=1478.82), 0.016776 s/step
field decay(t = 1480.71875): 3.993594306898511e-11 / 0.1807221507244023 = 2.20979790849693e-10
on time step 142206 (time=1481.31), 0.0167656 s/step
on time step 142445 (time=1483.8), 0.0167721 s/step
on time step 142684 (time=1486.29), 0.0167608 s/step
on time step 142923 (time=1488.78), 0.0167576 s/step
on time step 143162 (time=1491.27), 0.0167427 s/step
on time step 143401 (time=1493.76), 0.0167768 s/step
on time step 143640 (time=1496.25), 0.0167555 s/step
on time step 143879 (time=1498.74), 0.016755 s/step
2026-05-30 15:26:19 [INFO] D11_scaled_deep_groove: Checkpointed 7 completed spectra row(s) to /mnt/c/Users/admin/Meep_Simulation/meep_sim/results/diagnostics_v2/tables/D11_thickness_1um_quick_spectra_checkpoint.csv
2026-05-30 15:26:19 [INFO] D11_scaled_deep_groove: >>> task=8/10 case=scaled_inner_wall_film_1um pol=Hz wl=10.009 res=24 pml=4
2026-05-30 15:26:19 [INFO] D11_scaled_deep_groove: [single ref] wl=10.009 um, f=0.0999101, res=24, comp=Hz
field decay(t = 1500.7291666666665): 1.2326881690971431e-11 / 0.1807221507244023 = 6.820902496766808e-11
run 0 finished at t = 1500.7291666666665 (144070 timesteps)
-----------
Initializing structure...
Splitting into 16 chunks by voxels
time for choose_chunkdivision = 0.000583419 s
Working in 2D dimensions.
Computational cell is 50 x 49 x 0 with resolution 24
time for set_epsilon = 0.14867 s
-----------
field decay(t = 20.010416666666664): 2.5335633193753584e-10 / 2.5335633193753584e-10 = 1.0
on time step 2978 (time=31.0208), 0.00134323 s/step
field decay(t = 40.010416666666664): 2.4997380401062046e-11 / 2.5335633193753584e-10 = 0.09866491281230369
field decay(t = 60.02083333333333): 7.751982386470893e-11 / 2.5335633193753584e-10 = 0.30597152742099687
on time step 6079 (time=63.3229), 0.00129038 s/step
field decay(t = 80.02083333333333): 2.34778594475275e-10 / 2.5335633193753584e-10 = 0.9266734826787708
on time step 9142 (time=95.2292), 0.0013061 s/step
field decay(t = 100.03125): 6.910243093609341e-10 / 6.910243093609341e-10 = 1.0
field decay(t = 120.04166666666666): 1.9761760311890746e-09 / 1.9761760311890746e-09 = 1.0
on time step 12205 (time=127.135), 0.00130631 s/step
field decay(t = 140.04166666666666): 5.491617965926656e-09 / 5.491617965926656e-09 = 1.0
on time step 15266 (time=159.021), 0.00130697 s/step
field decay(t = 160.05208333333331): 1.4827173592573885e-08 / 1.4827173592573885e-08 = 1.0
field decay(t = 180.0625): 3.8896686545183836e-08 / 3.8896686545183836e-08 = 1.0
on time step 18333 (time=190.969), 0.00130426 s/step
field decay(t = 200.07291666666666): 9.914176181840263e-08 / 9.914176181840263e-08 = 1.0
field decay(t = 220.08333333333331): 2.4553367413675e-07 / 2.4553367413675e-07 = 1.0
on time step 21431 (time=223.24), 0.00129145 s/step
field decay(t = 240.09375): 5.908205742032644e-07 / 5.908205742032644e-07 = 1.0
on time step 24421 (time=254.385), 0.00133792 s/step
field decay(t = 260.10416666666663): 1.3813210300041446e-06 / 1.3813210300041446e-06 = 1.0
field decay(t = 280.1145833333333): 3.1378898577579806e-06 / 3.1378898577579806e-06 = 1.0
on time step 27408 (time=285.5), 0.00133944 s/step
field decay(t = 300.125): 6.925827677668753e-06 / 6.925827677668753e-06 = 1.0
on time step 30378 (time=316.438), 0.00134706 s/step
field decay(t = 320.13541666666663): 1.485267625879372e-05 / 1.485267625879372e-05 = 1.0
field decay(t = 340.1458333333333): 3.094824675872066e-05 / 3.094824675872066e-05 = 1.0
on time step 33361 (time=347.51), 0.00134122 s/step
field decay(t = 360.15625): 6.26554983643387e-05 / 6.26554983643387e-05 = 1.0
on time step 36334 (time=378.479), 0.00134561 s/step
field decay(t = 380.16666666666663): 0.0001232496347284719 / 0.0001232496347284719 = 1.0
field decay(t = 400.1770833333333): 0.00023556236421464144 / 0.00023556236421464144 = 1.0
on time step 39310 (time=409.479), 0.00134409 s/step
field decay(t = 420.1875): 0.0004374420106227874 / 0.0004374420106227874 = 1.0
field decay(t = 440.19791666666663): 0.0007892923863720993 / 0.0007892923863720993 = 1.0
on time step 42296 (time=440.583), 0.00133995 s/step
field decay(t = 460.2083333333333): 0.0013837157260329796 / 0.0013837157260329796 = 1.0
on time step 45296 (time=471.833), 0.00133373 s/step
field decay(t = 480.21875): 0.0023569762386386286 / 0.0023569762386386286 = 1.0
field decay(t = 500.22916666666663): 0.0039008689203064812 / 0.0039008689203064812 = 1.0
on time step 48273 (time=502.844), 0.00134379 s/step
field decay(t = 520.2291666666666): 0.006272766060193828 / 0.006272766060193828 = 1.0
on time step 51262 (time=533.979), 0.00133857 s/step
field decay(t = 540.2395833333333): 0.009800790820176623 / 0.009800790820176623 = 1.0
field decay(t = 560.25): 0.014878393423478596 / 0.014878393423478596 = 1.0
on time step 54228 (time=564.875), 0.00134894 s/step
field decay(t = 580.2604166666666): 0.021945534826234264 / 0.021945534826234264 = 1.0
on time step 57220 (time=596.042), 0.00133701 s/step
field decay(t = 600.2708333333333): 0.03145127633502517 / 0.03145127633502517 = 1.0
field decay(t = 620.28125): 0.043794740160197555 / 0.043794740160197555 = 1.0
on time step 60200 (time=627.083), 0.00134253 s/step
field decay(t = 640.2916666666666): 0.05925238002090586 / 0.05925238002090586 = 1.0
on time step 63182 (time=658.146), 0.00134175 s/step
field decay(t = 660.3020833333333): 0.07789089056063968 / 0.07789089056063968 = 1.0
field decay(t = 680.3125): 0.09948534689898013 / 0.09948534689898013 = 1.0
on time step 66197 (time=689.552), 0.00132689 s/step
field decay(t = 700.3229166666666): 0.12346295748701791 / 0.12346295748701791 = 1.0
field decay(t = 720.3333333333333): 0.1488697012434175 / 0.1488697012434175 = 1.0
on time step 69246 (time=721.312), 0.00131192 s/step
field decay(t = 740.34375): 0.1744102381799309 / 0.1744102381799309 = 1.0
on time step 72291 (time=753.031), 0.00131386 s/step
field decay(t = 760.3541666666666): 0.1985357894982572 / 0.1985357894982572 = 1.0
field decay(t = 780.3645833333333): 0.21958224466390602 / 0.21958224466390602 = 1.0
on time step 75326 (time=784.646), 0.00131838 s/step
field decay(t = 800.375): 0.23596989114009123 / 0.23596989114009123 = 1.0
on time step 78363 (time=816.281), 0.00131741 s/step
field decay(t = 820.3854166666666): 0.24638382773820813 / 0.24638382773820813 = 1.0
field decay(t = 840.3958333333333): 0.249953758338007 / 0.249953758338007 = 1.0
on time step 81405 (time=847.969), 0.00131499 s/step
field decay(t = 860.40625): 0.24973135269077634 / 0.249953758338007 = 0.9991102128301271
on time step 84433 (time=879.51), 0.0013211 s/step
field decay(t = 880.4166666666666): 0.2443966541019286 / 0.249953758338007 = 0.9777674707792805
field decay(t = 900.4270833333333): 0.23238763365884288 / 0.249953758338007 = 0.9297225022901643
on time step 87469 (time=911.135), 0.00131783 s/step
field decay(t = 920.4375): 0.21470017213963333 / 0.249953758338007 = 0.8589595674304644
field decay(t = 940.4479166666666): 0.19272735112625214 / 0.249953758338007 = 0.7710520234131913
on time step 90505 (time=942.76), 0.00131763 s/step
field decay(t = 960.4583333333333): 0.16809501062471027 / 0.249953758338007 = 0.6725044333896315
on time step 93529 (time=974.26), 0.00132276 s/step
field decay(t = 980.46875): 0.14245017090045006 / 0.249953758338007 = 0.5699060972222623
field decay(t = 1000.4791666666666): 0.11729046456799776 / 0.249953758338007 = 0.46924865362251694
on time step 96566 (time=1005.9), 0.00131737 s/step
field decay(t = 1020.4895833333333): 0.09383565493076586 / 0.249953758338007 = 0.37541205843312003
on time step 99606 (time=1037.56), 0.00131583 s/step
field decay(t = 1040.4895833333333): 0.07293984109777013 / 0.249953758338007 = 0.2918133401264372
field decay(t = 1060.5): 0.05508813868953247 / 0.249953758338007 = 0.22039332017179747
on time step 102631 (time=1069.07), 0.00132254 s/step
field decay(t = 1080.5104166666665): 0.04042520330815524 / 0.249953758338007 = 0.16173072802325747
field decay(t = 1100.5208333333333): 0.028822915136590205 / 0.249953758338007 = 0.11531298960351541
on time step 105656 (time=1100.58), 0.00132232 s/step
field decay(t = 1120.53125): 0.019967555397793574 / 0.249953758338007 = 0.07988499765141313
on time step 108648 (time=1131.75), 0.0013373 s/step
field decay(t = 1140.5416666666665): 0.013440263263856432 / 0.249953758338007 = 0.05377099889684978
field decay(t = 1160.5520833333333): 0.008789878591584416 / 0.249953758338007 = 0.03516601890697741
on time step 112007 (time=1166.74), 0.00119096 s/step
field decay(t = 1180.5625): 0.005585511425489305 / 0.249953758338007 = 0.02234617899978179
field decay(t = 1200.5729166666665): 0.0034485345453959828 / 0.249953758338007 = 0.013796690109106521
on time step 115853 (time=1206.8), 0.00104034 s/step
field decay(t = 1220.5833333333333): 0.002068727969476647 / 0.249953758338007 = 0.008276442743778038
field decay(t = 1240.59375): 0.0012057914904179787 / 0.249953758338007 = 0.004824058251556327
on time step 119135 (time=1240.99), 0.00121901 s/step
field decay(t = 1260.6041666666665): 0.0006828614796996503 / 0.249953758338007 = 0.0027319512386616393
on time step 122394 (time=1274.94), 0.0012275 s/step
field decay(t = 1280.6145833333333): 0.00037574664931549156 / 0.249953758338007 = 0.0015032646510854922
field decay(t = 1300.625): 0.0002008873941175199 / 0.249953758338007 = 0.0008036982338383737
on time step 125651 (time=1308.86), 0.00122813 s/step
field decay(t = 1320.6354166666665): 0.00010435261840301767 / 0.249953758338007 = 0.00041748769491156804
field decay(t = 1340.6458333333333): 5.266936567086699e-05 / 0.249953758338007 = 0.0002107164381967138
on time step 128915 (time=1342.86), 0.00122562 s/step
field decay(t = 1360.65625): 2.582880558865716e-05 / 0.249953758338007 = 0.00010333433576033464
on time step 132169 (time=1376.76), 0.00122933 s/step
field decay(t = 1380.6666666666665): 1.2306902478805105e-05 / 0.249953758338007 = 4.9236717065733215e-05
field decay(t = 1400.6770833333333): 5.69760453713897e-06 / 0.249953758338007 = 2.2794634395671793e-05
on time step 135438 (time=1410.81), 0.00122391 s/step
field decay(t = 1420.6875): 2.5628732569570808e-06 / 0.249953758338007 = 1.0253389562926129e-05
field decay(t = 1440.6979166666665): 1.1201220250014813e-06 / 0.249953758338007 = 4.48131699418884e-06
on time step 138702 (time=1444.81), 0.00122566 s/step
field decay(t = 1460.7083333333333): 4.756612702087899e-07 / 0.249953758338007 = 1.9029970718246354e-06
on time step 141956 (time=1478.71), 0.00122951 s/step
field decay(t = 1480.71875): 1.962561056083638e-07 / 0.249953758338007 = 7.851696526321919e-07
field decay(t = 1500.7291666666665): 7.867801175589247e-08 / 0.249953758338007 = 3.1477026902511265e-07
on time step 145205 (time=1512.55), 0.00123125 s/step
field decay(t = 1520.7395833333333): 3.06460630142904e-08 / 0.249953758338007 = 1.2260693025006807e-07
field decay(t = 1540.75): 1.1598231801620612e-08 / 0.249953758338007 = 4.6401509938236565e-08
on time step 148453 (time=1546.39), 0.00123168 s/step
field decay(t = 1560.7604166666665): 4.2649588300589714e-09 / 0.249953758338007 = 1.7062991404560362e-08
on time step 151705 (time=1580.26), 0.00123014 s/step
field decay(t = 1580.7708333333333): 1.5237813257774061e-09 / 0.249953758338007 = 6.096252906574943e-09
field decay(t = 1600.78125): 5.289666623202731e-10 / 0.249953758338007 = 2.116258086445586e-09
on time step 154942 (time=1613.98), 0.00123577 s/step
field decay(t = 1620.7916666666665): 1.784255144394334e-10 / 0.249953758338007 = 7.138340932571714e-10
field decay(t = 1640.8020833333333): 5.847016053261766e-11 / 0.249953758338007 = 2.3392391025203046e-10
on time step 158206 (time=1647.98), 0.00122595 s/step
field decay(t = 1660.8125): 1.8618265632534955e-11 / 0.249953758338007 = 7.448684011127323e-11
field decay(t = 1680.8229166666665): 2.3903929845573876e-10 / 0.249953758338007 = 9.563340837327643e-10
run 0 finished at t = 1680.8229166666665 (161359 timesteps)
-----------
Initializing structure...
Splitting into 16 chunks by voxels
time for choose_chunkdivision = 0.000830659 s
Working in 2D dimensions.
Computational cell is 50 x 49 x 0 with resolution 24
     block, center = (0,-4,0)
          size (50,25,1e+20)
          axes (1,0,0), (0,1,0), (0,0,1)
          dielectric constant epsilon diagonal = (1,1,1)
     prism, center = (2.72978,1,5e+19)
          height 1e+20, axis (0,0,1), sidewall angle: 0 radians, 4 vertices:
          (-10,8.5,0)
          (10,8.5,0)
          (15.4596,-6.5,0)
          (-4.54045,-6.5,0)
          dielectric constant epsilon diagonal = (2.70559,2.70559,2.70559)
     prism, center = (2.54779,1.5,5e+19)
          height 1e+20, axis (0,0,1), sidewall angle: 0 radians, 4 vertices:
          (-9,8.5,0)
          (9,8.5,0)
          (14.0956,-5.5,0)
          (-3.90442,-5.5,0)
          dielectric constant epsilon diagonal = (1,1,1)
time for set_epsilon = 1.62115 s
time for set_conductivity = 0.0503037 s
time for set_conductivity = 0.0499933 s
time for set_conductivity = 0.0512315 s
lorentzian susceptibility: frequency=15.6714, gamma=1.42115
lorentzian susceptibility: frequency=2.02365, gamma=1.3413
lorentzian susceptibility: frequency=1.24613, gamma=2.0309
lorentzian susceptibility: frequency=0.626693, gamma=1.83572
drude susceptibility: frequency=1e-10, gamma=0.0661375
-----------
2026-05-30 15:29:51 [INFO] D11_scaled_deep_groove: [single struct] 3 geometry objects
on time step 238 (time=2.47917), 0.0168177 s/step
on time step 485 (time=5.05208), 0.0161999 s/step
on time step 732 (time=7.625), 0.0162087 s/step
on time step 979 (time=10.1979), 0.0162011 s/step
on time step 1231 (time=12.8229), 0.0159119 s/step
on time step 1500 (time=15.625), 0.0149365 s/step
on time step 1688 (time=17.5833), 0.0213409 s/step
on time step 1876 (time=19.5417), 0.0213304 s/step
field decay(t = 20.010416666666664): 2.5335633193753584e-10 / 2.5335633193753584e-10 = 1.0
on time step 2064 (time=21.5), 0.0213234 s/step
on time step 2252 (time=23.4583), 0.021323 s/step
on time step 2440 (time=25.4167), 0.0213226 s/step
on time step 2628 (time=27.375), 0.0213188 s/step
on time step 2816 (time=29.3333), 0.0213294 s/step
on time step 3004 (time=31.2917), 0.0213262 s/step
on time step 3192 (time=33.25), 0.0213221 s/step
on time step 3380 (time=35.2083), 0.021321 s/step
on time step 3568 (time=37.1667), 0.021322 s/step
on time step 3756 (time=39.125), 0.0213261 s/step
field decay(t = 40.010416666666664): 3.331348580429107e-11 / 2.5335633193753584e-10 = 0.131488664796838
on time step 3944 (time=41.0833), 0.0213254 s/step
on time step 4132 (time=43.0417), 0.0213297 s/step
on time step 4320 (time=45), 0.0213253 s/step
on time step 4508 (time=46.9583), 0.0213269 s/step
on time step 4696 (time=48.9167), 0.0213264 s/step
on time step 4884 (time=50.875), 0.0213243 s/step
on time step 5072 (time=52.8333), 0.0213229 s/step
on time step 5260 (time=54.7917), 0.0213232 s/step
on time step 5448 (time=56.75), 0.0213272 s/step
on time step 5636 (time=58.7083), 0.021322 s/step
field decay(t = 60.02083333333333): 1.515192282658285e-10 / 2.5335633193753584e-10 = 0.5980479236776489
on time step 5824 (time=60.6667), 0.0213153 s/step
on time step 6013 (time=62.6354), 0.0212517 s/step
on time step 6202 (time=64.6042), 0.0212602 s/step
on time step 6391 (time=66.5729), 0.021246 s/step
on time step 6580 (time=68.5417), 0.0212638 s/step
on time step 6769 (time=70.5104), 0.0212447 s/step
on time step 6958 (time=72.4792), 0.0212527 s/step
on time step 7147 (time=74.4479), 0.0212474 s/step
on time step 7336 (time=76.4167), 0.0212636 s/step
on time step 7525 (time=78.3854), 0.0212525 s/step
field decay(t = 80.02083333333333): 3.3465719192223705e-10 / 3.3465719192223705e-10 = 1.0
on time step 7714 (time=80.3542), 0.021249 s/step
on time step 7903 (time=82.3229), 0.0212561 s/step
on time step 8092 (time=84.2917), 0.0212552 s/step
on time step 8281 (time=86.2604), 0.0212606 s/step
on time step 8470 (time=88.2292), 0.0212503 s/step
on time step 8659 (time=90.1979), 0.0212428 s/step
on time step 8848 (time=92.1667), 0.021256 s/step
on time step 9037 (time=94.1354), 0.021254 s/step
on time step 9226 (time=96.1042), 0.0212537 s/step
on time step 9415 (time=98.0729), 0.0212593 s/step
field decay(t = 100.03125): 9.43077009352683e-10 / 9.43077009352683e-10 = 1.0
on time step 9604 (time=100.042), 0.0212527 s/step
on time step 9793 (time=102.01), 0.0212642 s/step
on time step 9982 (time=103.979), 0.0212485 s/step
on time step 10171 (time=105.948), 0.0212512 s/step
on time step 10360 (time=107.917), 0.0212577 s/step
on time step 10549 (time=109.885), 0.0212524 s/step
on time step 10738 (time=111.854), 0.0212526 s/step
on time step 10927 (time=113.823), 0.0212552 s/step
on time step 11116 (time=115.792), 0.0212617 s/step
on time step 11305 (time=117.76), 0.0212575 s/step
on time step 11494 (time=119.729), 0.021253 s/step
field decay(t = 120.04166666666666): 2.6631210120799315e-09 / 2.6631210120799315e-09 = 1.0
on time step 11682 (time=121.688), 0.0212979 s/step
on time step 11870 (time=123.646), 0.0213514 s/step
on time step 12058 (time=125.604), 0.0213575 s/step
on time step 12246 (time=127.562), 0.0213616 s/step
on time step 12434 (time=129.521), 0.0213575 s/step
on time step 12622 (time=131.479), 0.0213326 s/step
on time step 12810 (time=133.438), 0.0213129 s/step
on time step 12998 (time=135.396), 0.0213231 s/step
on time step 13186 (time=137.354), 0.0213394 s/step
on time step 13374 (time=139.312), 0.0213355 s/step
field decay(t = 140.04166666666666): 7.410158408882797e-09 / 7.410158408882797e-09 = 1.0
on time step 13562 (time=141.271), 0.0213604 s/step
on time step 13750 (time=143.229), 0.0213464 s/step
on time step 13938 (time=145.188), 0.0213571 s/step
on time step 14126 (time=147.146), 0.0213628 s/step
on time step 14314 (time=149.104), 0.0213651 s/step
on time step 14502 (time=151.062), 0.0213347 s/step
on time step 14690 (time=153.021), 0.0213412 s/step
on time step 14878 (time=154.979), 0.0213564 s/step
on time step 15066 (time=156.938), 0.0213533 s/step
on time step 15254 (time=158.896), 0.0213529 s/step
field decay(t = 160.05208333333331): 2.0055307642489378e-08 / 2.0055307642489378e-08 = 1.0
on time step 15442 (time=160.854), 0.0213515 s/step
on time step 15630 (time=162.812), 0.0213474 s/step
on time step 15818 (time=164.771), 0.0213449 s/step
on time step 16006 (time=166.729), 0.0213198 s/step
on time step 16194 (time=168.688), 0.0213491 s/step
on time step 16382 (time=170.646), 0.021323 s/step
on time step 16570 (time=172.604), 0.0213367 s/step
on time step 16758 (time=174.562), 0.0213477 s/step
on time step 16946 (time=176.521), 0.0213428 s/step
on time step 17134 (time=178.479), 0.0213568 s/step
field decay(t = 180.0625): 5.28817541395537e-08 / 5.28817541395537e-08 = 1.0
on time step 17322 (time=180.438), 0.0213505 s/step
on time step 17510 (time=182.396), 0.0213364 s/step
on time step 17698 (time=184.354), 0.0213181 s/step
on time step 17886 (time=186.312), 0.0213196 s/step
on time step 18074 (time=188.271), 0.0213337 s/step
on time step 18262 (time=190.229), 0.0213412 s/step
on time step 18450 (time=192.188), 0.0213291 s/step
on time step 18638 (time=194.146), 0.0213514 s/step
on time step 18826 (time=196.104), 0.0213534 s/step
on time step 19014 (time=198.062), 0.0213343 s/step
on time step 19202 (time=200.021), 0.021352 s/step
field decay(t = 200.07291666666666): 1.3559041208887056e-07 / 1.3559041208887056e-07 = 1.0
on time step 19390 (time=201.979), 0.0213522 s/step
on time step 19578 (time=203.938), 0.0213546 s/step
on time step 19766 (time=205.896), 0.0213248 s/step
on time step 19954 (time=207.854), 0.0213147 s/step
on time step 20142 (time=209.812), 0.0213395 s/step
on time step 20330 (time=211.771), 0.021337 s/step
on time step 20518 (time=213.729), 0.0213458 s/step
on time step 20706 (time=215.688), 0.0213156 s/step
on time step 20894 (time=217.646), 0.0213552 s/step
on time step 21082 (time=219.604), 0.0213516 s/step
field decay(t = 220.08333333333331): 3.3768672946919754e-07 / 3.3768672946919754e-07 = 1.0
on time step 21269 (time=221.552), 0.0214363 s/step
on time step 21457 (time=223.51), 0.0213522 s/step
on time step 21645 (time=225.469), 0.0213273 s/step
on time step 21834 (time=227.438), 0.0211951 s/step
on time step 22023 (time=229.406), 0.0212053 s/step
on time step 22212 (time=231.375), 0.021199 s/step
on time step 22401 (time=233.344), 0.0212032 s/step
on time step 22590 (time=235.312), 0.0212045 s/step
on time step 22779 (time=237.281), 0.021198 s/step
on time step 22968 (time=239.25), 0.0211839 s/step
field decay(t = 240.09375): 8.174880080887204e-07 / 8.174880080887204e-07 = 1.0
on time step 23157 (time=241.219), 0.0212182 s/step
on time step 23347 (time=243.198), 0.0211623 s/step
on time step 23536 (time=245.167), 0.0211912 s/step
on time step 23725 (time=247.135), 0.0211806 s/step
on time step 23914 (time=249.104), 0.021208 s/step
on time step 24103 (time=251.073), 0.0211657 s/step
on time step 24292 (time=253.042), 0.0212031 s/step
on time step 24481 (time=255.01), 0.0212409 s/step
on time step 24670 (time=256.979), 0.0212493 s/step
on time step 24859 (time=258.948), 0.0211989 s/step
field decay(t = 260.10416666666663): 1.922935548621041e-06 / 1.922935548621041e-06 = 1.0
on time step 25048 (time=260.917), 0.0212326 s/step
on time step 25237 (time=262.885), 0.0212333 s/step
on time step 25425 (time=264.844), 0.0212842 s/step
on time step 25614 (time=266.812), 0.0212361 s/step
on time step 25803 (time=268.781), 0.0212246 s/step
on time step 25991 (time=270.74), 0.0212879 s/step
on time step 26180 (time=272.708), 0.0212599 s/step
on time step 26369 (time=274.677), 0.02126 s/step
on time step 26558 (time=276.646), 0.0212625 s/step
on time step 26747 (time=278.615), 0.021265 s/step
field decay(t = 280.1145833333333): 4.3951121258690206e-06 / 4.3951121258690206e-06 = 1.0
on time step 26936 (time=280.583), 0.0212586 s/step
on time step 27125 (time=282.552), 0.0212621 s/step
on time step 27314 (time=284.521), 0.0212599 s/step
on time step 27503 (time=286.49), 0.0212652 s/step
on time step 27692 (time=288.458), 0.0212619 s/step
on time step 27881 (time=290.427), 0.0212589 s/step
on time step 28070 (time=292.396), 0.0212662 s/step
on time step 28259 (time=294.365), 0.0212578 s/step
on time step 28448 (time=296.333), 0.021269 s/step
on time step 28637 (time=298.302), 0.0212632 s/step
field decay(t = 300.125): 9.761810603230723e-06 / 9.761810603230723e-06 = 1.0
on time step 28826 (time=300.271), 0.0212604 s/step
on time step 29015 (time=302.24), 0.0212653 s/step
on time step 29204 (time=304.208), 0.0212632 s/step
on time step 29393 (time=306.177), 0.0212641 s/step
on time step 29582 (time=308.146), 0.0212625 s/step
on time step 29771 (time=310.115), 0.0212593 s/step
on time step 29959 (time=312.073), 0.0213484 s/step
on time step 30148 (time=314.042), 0.0212623 s/step
on time step 30337 (time=316.01), 0.0212649 s/step
on time step 30526 (time=317.979), 0.0212566 s/step
on time step 30715 (time=319.948), 0.0212638 s/step
field decay(t = 320.13541666666663): 2.106724398818137e-05 / 2.106724398818137e-05 = 1.0
on time step 30904 (time=321.917), 0.0212708 s/step
on time step 31093 (time=323.885), 0.0212563 s/step
on time step 31282 (time=325.854), 0.0212608 s/step
on time step 31471 (time=327.823), 0.0212513 s/step
on time step 31660 (time=329.792), 0.0212589 s/step
on time step 31849 (time=331.76), 0.0212573 s/step
on time step 32038 (time=333.729), 0.0212569 s/step
on time step 32227 (time=335.698), 0.0212609 s/step
on time step 32416 (time=337.667), 0.0212473 s/step
on time step 32605 (time=339.635), 0.0212576 s/step
field decay(t = 340.1458333333333): 4.4179742640075356e-05 / 4.4179742640075356e-05 = 1.0
on time step 32794 (time=341.604), 0.0212221 s/step
on time step 32983 (time=343.573), 0.0212108 s/step
on time step 33172 (time=345.542), 0.0212169 s/step
on time step 33361 (time=347.51), 0.0212176 s/step
on time step 33550 (time=349.479), 0.0212114 s/step
on time step 33739 (time=351.448), 0.0212223 s/step
on time step 33928 (time=353.417), 0.0212104 s/step
on time step 34117 (time=355.385), 0.0212195 s/step
on time step 34306 (time=357.354), 0.0212176 s/step
on time step 34495 (time=359.323), 0.0212087 s/step
field decay(t = 360.15625): 9.002451741212889e-05 / 9.002451741212889e-05 = 1.0
on time step 34684 (time=361.292), 0.0212183 s/step
on time step 34873 (time=363.26), 0.0212147 s/step
on time step 35062 (time=365.229), 0.0212212 s/step
on time step 35251 (time=367.198), 0.0212199 s/step
on time step 35440 (time=369.167), 0.0212141 s/step
on time step 35629 (time=371.135), 0.0212159 s/step
on time step 35818 (time=373.104), 0.0212174 s/step
on time step 36007 (time=375.073), 0.0212181 s/step
on time step 36196 (time=377.042), 0.0212174 s/step
on time step 36385 (time=379.01), 0.0212183 s/step
field decay(t = 380.16666666666663): 0.00017824951907689814 / 0.00017824951907689814 = 1.0
on time step 36574 (time=380.979), 0.0212188 s/step
on time step 36763 (time=382.948), 0.0212217 s/step
on time step 36952 (time=384.917), 0.0212188 s/step
on time step 37141 (time=386.885), 0.0212188 s/step
on time step 37330 (time=388.854), 0.0212153 s/step
on time step 37519 (time=390.823), 0.0212224 s/step
on time step 37708 (time=392.792), 0.021212 s/step
on time step 37897 (time=394.76), 0.0212222 s/step
on time step 38086 (time=396.729), 0.0212157 s/step
on time step 38275 (time=398.698), 0.0212141 s/step
field decay(t = 400.1770833333333): 0.0003429426052473132 / 0.0003429426052473132 = 1.0
on time step 38464 (time=400.667), 0.0212159 s/step
on time step 38653 (time=402.635), 0.0212155 s/step
on time step 38842 (time=404.604), 0.0212148 s/step
on time step 39031 (time=406.573), 0.0212179 s/step
on time step 39220 (time=408.542), 0.0212107 s/step
on time step 39409 (time=410.51), 0.0212148 s/step
on time step 39598 (time=412.479), 0.0212167 s/step
on time step 39787 (time=414.448), 0.0212149 s/step
on time step 39976 (time=416.417), 0.0212122 s/step
on time step 40165 (time=418.385), 0.0212113 s/step
field decay(t = 420.1875): 0.0006411092555114173 / 0.0006411092555114173 = 1.0
on time step 40354 (time=420.354), 0.0212177 s/step
on time step 40543 (time=422.323), 0.0212116 s/step
on time step 40732 (time=424.292), 0.0212198 s/step
on time step 40921 (time=426.26), 0.0212207 s/step
on time step 41110 (time=428.229), 0.021218 s/step
on time step 41299 (time=430.198), 0.0212165 s/step
on time step 41488 (time=432.167), 0.0212103 s/step
on time step 41677 (time=434.135), 0.0212503 s/step
on time step 41866 (time=436.104), 0.0212643 s/step
on time step 42055 (time=438.073), 0.0212652 s/step
on time step 42244 (time=440.042), 0.0212643 s/step
field decay(t = 440.19791666666663): 0.0011645715332641252 / 0.0011645715332641252 = 1.0
on time step 42433 (time=442.01), 0.0212663 s/step
on time step 42621 (time=443.969), 0.0212904 s/step
on time step 42809 (time=445.927), 0.0212836 s/step
on time step 42997 (time=447.885), 0.0212937 s/step
on time step 43185 (time=449.844), 0.0212988 s/step
on time step 43373 (time=451.802), 0.0212915 s/step
on time step 43561 (time=453.76), 0.0212829 s/step
on time step 43749 (time=455.719), 0.0212921 s/step
on time step 43936 (time=457.667), 0.0214778 s/step
on time step 44123 (time=459.615), 0.0214769 s/step
field decay(t = 460.2083333333333): 0.0020554633542625073 / 0.0020554633542625073 = 1.0
on time step 44310 (time=461.562), 0.0215033 s/step
on time step 44498 (time=463.521), 0.0213816 s/step
on time step 44685 (time=465.469), 0.0213974 s/step
on time step 44873 (time=467.427), 0.0213866 s/step
on time step 45061 (time=469.385), 0.0213786 s/step
on time step 45249 (time=471.344), 0.0213729 s/step
on time step 45437 (time=473.302), 0.0213867 s/step
on time step 45624 (time=475.25), 0.0214067 s/step
on time step 45812 (time=477.208), 0.0213801 s/step
on time step 46000 (time=479.167), 0.021371 s/step
field decay(t = 480.21875): 0.0035250390616146017 / 0.0035250390616146017 = 1.0
on time step 46187 (time=481.115), 0.021392 s/step
on time step 46375 (time=483.073), 0.0213682 s/step
on time step 46563 (time=485.031), 0.021369 s/step
on time step 46751 (time=486.99), 0.0213723 s/step
on time step 46938 (time=488.938), 0.0214354 s/step
on time step 47125 (time=490.885), 0.0214586 s/step
on time step 47313 (time=492.844), 0.02138 s/step
on time step 47501 (time=494.802), 0.0213893 s/step
on time step 47689 (time=496.76), 0.0213617 s/step
on time step 47876 (time=498.708), 0.0214032 s/step
field decay(t = 500.22916666666663): 0.0058738890114851654 / 0.0058738890114851654 = 1.0
on time step 48064 (time=500.667), 0.0213492 s/step
on time step 48252 (time=502.625), 0.0213826 s/step
on time step 48440 (time=504.583), 0.0213524 s/step
on time step 48627 (time=506.531), 0.0213949 s/step
on time step 48815 (time=508.49), 0.0213845 s/step
on time step 49002 (time=510.438), 0.0214098 s/step
on time step 49189 (time=512.385), 0.0213993 s/step
on time step 49377 (time=514.344), 0.0213608 s/step
on time step 49564 (time=516.292), 0.0214605 s/step
on time step 49752 (time=518.25), 0.0213648 s/step
on time step 49940 (time=520.208), 0.0213783 s/step
field decay(t = 520.2291666666666): 0.00951002326949789 / 0.00951002326949789 = 1.0
on time step 50128 (time=522.167), 0.021383 s/step
on time step 50316 (time=524.125), 0.0213833 s/step
on time step 50503 (time=526.073), 0.0214611 s/step
on time step 50690 (time=528.021), 0.0214605 s/step
on time step 50878 (time=529.979), 0.0213883 s/step
on time step 51065 (time=531.927), 0.0214726 s/step
on time step 51252 (time=533.875), 0.0213974 s/step
on time step 51440 (time=535.833), 0.0213692 s/step
on time step 51628 (time=537.792), 0.0213867 s/step
on time step 51816 (time=539.75), 0.0213798 s/step
field decay(t = 540.2395833333333): 0.014959996709753523 / 0.014959996709753523 = 1.0
on time step 52003 (time=541.698), 0.0214054 s/step
on time step 52191 (time=543.656), 0.0213893 s/step
on time step 52378 (time=545.604), 0.0213949 s/step
on time step 52565 (time=547.552), 0.0214058 s/step
on time step 52752 (time=549.5), 0.0214533 s/step
on time step 52940 (time=551.458), 0.0213631 s/step
on time step 53128 (time=553.417), 0.0213806 s/step
on time step 53316 (time=555.375), 0.021383 s/step
on time step 53503 (time=557.323), 0.0214083 s/step
on time step 53690 (time=559.271), 0.021396 s/step
field decay(t = 560.25): 0.02286477885865535 / 0.02286477885865535 = 1.0
on time step 53877 (time=561.219), 0.0213941 s/step
on time step 54065 (time=563.177), 0.0213678 s/step
on time step 54253 (time=565.135), 0.0213673 s/step
on time step 54441 (time=567.094), 0.0213585 s/step
on time step 54629 (time=569.052), 0.0213782 s/step
on time step 54817 (time=571.01), 0.02135 s/step
on time step 55005 (time=572.969), 0.0213748 s/step
on time step 55192 (time=574.917), 0.0214658 s/step
on time step 55380 (time=576.875), 0.0213469 s/step
on time step 55566 (time=578.812), 0.0216094 s/step
field decay(t = 580.2604166666666): 0.03395264335771677 / 0.03395264335771677 = 1.0
on time step 55752 (time=580.75), 0.0215805 s/step
on time step 55940 (time=582.708), 0.0213871 s/step
on time step 56129 (time=584.677), 0.0212268 s/step
on time step 56318 (time=586.646), 0.0212376 s/step
on time step 56507 (time=588.615), 0.0212237 s/step
on time step 56696 (time=590.583), 0.0212191 s/step
on time step 56885 (time=592.552), 0.0212086 s/step
on time step 57074 (time=594.521), 0.0212213 s/step
on time step 57262 (time=596.479), 0.0212961 s/step
on time step 57450 (time=598.438), 0.0212887 s/step
field decay(t = 600.2708333333333): 0.048983110768942364 / 0.048983110768942364 = 1.0
on time step 57638 (time=600.396), 0.0213009 s/step
on time step 57826 (time=602.354), 0.0212963 s/step
on time step 58014 (time=604.312), 0.0213153 s/step
on time step 58203 (time=606.281), 0.0212442 s/step
on time step 58391 (time=608.24), 0.0213246 s/step
on time step 58577 (time=610.177), 0.0215357 s/step
on time step 58765 (time=612.135), 0.0212951 s/step
on time step 58953 (time=614.094), 0.0213531 s/step
on time step 59139 (time=616.031), 0.0215614 s/step
on time step 59328 (time=618), 0.0212757 s/step
on time step 59517 (time=619.969), 0.0212755 s/step
field decay(t = 620.28125): 0.06865538733314469 / 0.06865538733314469 = 1.0
on time step 59706 (time=621.938), 0.0212478 s/step
on time step 59893 (time=623.885), 0.021407 s/step
on time step 60080 (time=625.833), 0.0214293 s/step
on time step 60268 (time=627.792), 0.0212808 s/step
on time step 60457 (time=629.76), 0.0212527 s/step
on time step 60645 (time=631.719), 0.0213354 s/step
on time step 60833 (time=633.677), 0.0213395 s/step
on time step 61021 (time=635.635), 0.0213107 s/step
on time step 61209 (time=637.594), 0.0213009 s/step
on time step 61396 (time=639.542), 0.0214117 s/step
field decay(t = 640.2916666666666): 0.09348427588864901 / 0.09348427588864901 = 1.0
on time step 61584 (time=641.5), 0.0212937 s/step
on time step 61773 (time=643.469), 0.0212284 s/step
on time step 61961 (time=645.427), 0.0213281 s/step
on time step 62150 (time=647.396), 0.0212209 s/step
on time step 62339 (time=649.365), 0.0212096 s/step
on time step 62528 (time=651.333), 0.0212714 s/step
on time step 62717 (time=653.302), 0.0212699 s/step
on time step 62906 (time=655.271), 0.0212515 s/step
on time step 63095 (time=657.24), 0.0212166 s/step
on time step 63284 (time=659.208), 0.0212385 s/step
field decay(t = 660.3020833333333): 0.12365848846457222 / 0.12365848846457222 = 1.0
on time step 63473 (time=661.177), 0.0212223 s/step
on time step 63662 (time=663.146), 0.0212148 s/step
on time step 63851 (time=665.115), 0.0212339 s/step
on time step 64040 (time=667.083), 0.0212317 s/step
on time step 64229 (time=669.052), 0.0212743 s/step
on time step 64418 (time=671.021), 0.0212605 s/step
on time step 64607 (time=672.99), 0.0212384 s/step
on time step 64796 (time=674.958), 0.02123 s/step
on time step 64984 (time=676.917), 0.0213792 s/step
on time step 65170 (time=678.854), 0.0215095 s/step
field decay(t = 680.3125): 0.1588988302959562 / 0.1588988302959562 = 1.0
on time step 65359 (time=680.823), 0.021261 s/step
on time step 65548 (time=682.792), 0.0212386 s/step
on time step 65734 (time=684.729), 0.0215472 s/step
on time step 65922 (time=686.688), 0.021294 s/step
on time step 66111 (time=688.656), 0.0212595 s/step
on time step 66299 (time=690.615), 0.0213223 s/step
on time step 66488 (time=692.583), 0.0212367 s/step
on time step 66676 (time=694.542), 0.0213103 s/step
on time step 66862 (time=696.479), 0.0215912 s/step
on time step 67051 (time=698.448), 0.0212185 s/step
field decay(t = 700.3229166666666): 0.19833460323215793 / 0.19833460323215793 = 1.0
on time step 67237 (time=700.385), 0.0215383 s/step
on time step 67423 (time=702.323), 0.0215313 s/step
on time step 67611 (time=704.281), 0.0213443 s/step
on time step 67800 (time=706.25), 0.0212498 s/step
on time step 67989 (time=708.219), 0.0212467 s/step
on time step 68178 (time=710.188), 0.0212195 s/step
on time step 68367 (time=712.156), 0.0212031 s/step
on time step 68556 (time=714.125), 0.0212108 s/step
on time step 68745 (time=716.094), 0.0212013 s/step
on time step 68934 (time=718.062), 0.0212135 s/step
on time step 69123 (time=720.031), 0.0211936 s/step
field decay(t = 720.3333333333333): 0.24045452061383069 / 0.24045452061383069 = 1.0
on time step 69312 (time=722), 0.0212028 s/step
on time step 69501 (time=723.969), 0.0212065 s/step
on time step 69690 (time=725.938), 0.0211965 s/step
on time step 69879 (time=727.906), 0.021204 s/step
on time step 70068 (time=729.875), 0.0212045 s/step
on time step 70257 (time=731.844), 0.0212515 s/step
on time step 70446 (time=733.812), 0.0212638 s/step
on time step 70635 (time=735.781), 0.0212497 s/step
on time step 70824 (time=737.75), 0.0212498 s/step
on time step 71013 (time=739.719), 0.0212469 s/step
field decay(t = 740.34375): 0.2831383204336951 / 0.2831383204336951 = 1.0
on time step 71202 (time=741.688), 0.0212582 s/step
on time step 71391 (time=743.656), 0.0212551 s/step
on time step 71580 (time=745.625), 0.0212536 s/step
on time step 71769 (time=747.594), 0.021257 s/step
on time step 71958 (time=749.562), 0.0212543 s/step
on time step 72147 (time=751.531), 0.0212492 s/step
on time step 72336 (time=753.5), 0.0212554 s/step
on time step 72525 (time=755.469), 0.021257 s/step
on time step 72714 (time=757.438), 0.021263 s/step
on time step 72903 (time=759.406), 0.0212567 s/step
field decay(t = 760.3541666666666): 0.3237909420713798 / 0.3237909420713798 = 1.0
on time step 73092 (time=761.375), 0.0212541 s/step
on time step 73281 (time=763.344), 0.0212524 s/step
on time step 73470 (time=765.312), 0.0212627 s/step
on time step 73659 (time=767.281), 0.0212586 s/step
on time step 73848 (time=769.25), 0.0212595 s/step
on time step 74037 (time=771.219), 0.0212579 s/step
on time step 74226 (time=773.188), 0.0212535 s/step
on time step 74415 (time=775.156), 0.0212475 s/step
on time step 74604 (time=777.125), 0.0212562 s/step
on time step 74793 (time=779.094), 0.0212498 s/step
field decay(t = 780.3645833333333): 0.35957177971429544 / 0.35957177971429544 = 1.0
on time step 74982 (time=781.062), 0.0212644 s/step
on time step 75171 (time=783.031), 0.0212524 s/step
on time step 75360 (time=785), 0.0212455 s/step
on time step 75549 (time=786.969), 0.0212512 s/step
on time step 75738 (time=788.938), 0.0212543 s/step
on time step 75927 (time=790.906), 0.0212571 s/step
on time step 76116 (time=792.875), 0.0212467 s/step
on time step 76305 (time=794.844), 0.0212586 s/step
on time step 76493 (time=796.802), 0.0212812 s/step
on time step 76682 (time=798.771), 0.0212749 s/step
field decay(t = 800.375): 0.3877168198165755 / 0.3877168198165755 = 1.0
on time step 76870 (time=800.729), 0.0212806 s/step
on time step 77059 (time=802.698), 0.0212704 s/step
on time step 77247 (time=804.656), 0.0212774 s/step
on time step 77435 (time=806.615), 0.0213258 s/step
on time step 77623 (time=808.573), 0.0213093 s/step
on time step 77812 (time=810.542), 0.0212401 s/step
on time step 78001 (time=812.51), 0.0212266 s/step
on time step 78190 (time=814.479), 0.0212271 s/step
on time step 78377 (time=816.427), 0.0213934 s/step
on time step 78564 (time=818.375), 0.0213995 s/step
on time step 78751 (time=820.323), 0.0214643 s/step
field decay(t = 820.3854166666666): 0.40587853513415595 / 0.40587853513415595 = 1.0
on time step 78938 (time=822.271), 0.0213968 s/step
on time step 79125 (time=824.219), 0.0214621 s/step
on time step 79311 (time=826.156), 0.0215622 s/step
on time step 79498 (time=828.104), 0.0214034 s/step
on time step 79686 (time=830.062), 0.0213867 s/step
on time step 79872 (time=832), 0.0215293 s/step
on time step 80059 (time=833.948), 0.0213935 s/step
on time step 80246 (time=835.896), 0.0214426 s/step
on time step 80435 (time=837.865), 0.0212613 s/step
on time step 80622 (time=839.812), 0.0214531 s/step
field decay(t = 840.3958333333333): 0.41244277359003156 / 0.41244277359003156 = 1.0
on time step 80806 (time=841.729), 0.0217972 s/step
on time step 80993 (time=843.677), 0.0213922 s/step
on time step 81179 (time=845.615), 0.0215947 s/step
on time step 81363 (time=847.531), 0.0217522 s/step
on time step 81547 (time=849.448), 0.0217682 s/step
on time step 81733 (time=851.385), 0.0215147 s/step
on time step 81921 (time=853.344), 0.0213351 s/step
on time step 82106 (time=855.271), 0.021625 s/step
on time step 82291 (time=857.198), 0.0217269 s/step
on time step 82475 (time=859.115), 0.0217408 s/step
field decay(t = 860.40625): 0.41217666724920726 / 0.41244277359003156 = 0.9993548042107563
on time step 82660 (time=861.042), 0.021713 s/step
on time step 82845 (time=862.969), 0.0217171 s/step
on time step 83030 (time=864.896), 0.021736 s/step
on time step 83215 (time=866.823), 0.0217179 s/step
on time step 83400 (time=868.75), 0.0217253 s/step
on time step 83585 (time=870.677), 0.0217182 s/step
on time step 83770 (time=872.604), 0.02172 s/step
on time step 83955 (time=874.531), 0.0216413 s/step
on time step 84143 (time=876.49), 0.0212943 s/step
on time step 84332 (time=878.458), 0.0212514 s/step
field decay(t = 880.4166666666666): 0.40345384087345104 / 0.41244277359003156 = 0.9782056244110231
on time step 84521 (time=880.427), 0.0212598 s/step
on time step 84709 (time=882.385), 0.0213116 s/step
on time step 84897 (time=884.344), 0.0213819 s/step
on time step 85083 (time=886.281), 0.0215379 s/step
on time step 85270 (time=888.229), 0.0215023 s/step
on time step 85456 (time=890.167), 0.0215618 s/step
on time step 85641 (time=892.094), 0.021629 s/step
on time step 85828 (time=894.042), 0.0214857 s/step
on time step 86015 (time=895.99), 0.0214506 s/step
on time step 86201 (time=897.927), 0.0215243 s/step
on time step 86388 (time=899.875), 0.0214913 s/step
field decay(t = 900.4270833333333): 0.38316212746464623 / 0.41244277359003156 = 0.9290067665132853
on time step 86575 (time=901.823), 0.0214049 s/step
on time step 86762 (time=903.771), 0.0213974 s/step
on time step 86948 (time=905.708), 0.0215165 s/step
on time step 87134 (time=907.646), 0.0215742 s/step
on time step 87320 (time=909.583), 0.021546 s/step
on time step 87508 (time=911.542), 0.0213435 s/step
on time step 87695 (time=913.49), 0.0214042 s/step
on time step 87882 (time=915.438), 0.0214459 s/step
on time step 88069 (time=917.385), 0.0214965 s/step
on time step 88256 (time=919.333), 0.0214245 s/step
field decay(t = 920.4375): 0.35295768125828636 / 0.41244277359003156 = 0.855773706946134
on time step 88444 (time=921.292), 0.0213843 s/step
on time step 88630 (time=923.229), 0.0215299 s/step
on time step 88817 (time=925.177), 0.0215084 s/step
on time step 89003 (time=927.115), 0.0215123 s/step
on time step 89192 (time=929.083), 0.0212212 s/step
on time step 89381 (time=931.052), 0.0212376 s/step
on time step 89571 (time=933.031), 0.0211186 s/step
on time step 89760 (time=935), 0.0212192 s/step
on time step 89950 (time=936.979), 0.0211091 s/step
on time step 90139 (time=938.948), 0.021207 s/step
field decay(t = 940.4479166666666): 0.31525105569632483 / 0.41244277359003156 = 0.7643510224516253
on time step 90329 (time=940.927), 0.021158 s/step
on time step 90518 (time=942.896), 0.021171 s/step
on time step 90707 (time=944.865), 0.0212457 s/step
on time step 90896 (time=946.833), 0.0212168 s/step
on time step 91086 (time=948.812), 0.0211447 s/step
on time step 91275 (time=950.781), 0.021185 s/step
on time step 91465 (time=952.76), 0.021142 s/step
on time step 91654 (time=954.729), 0.0212196 s/step
on time step 91843 (time=956.698), 0.0212246 s/step
on time step 92032 (time=958.667), 0.0212046 s/step
field decay(t = 960.4583333333333): 0.2728896073423015 / 0.41244277359003156 = 0.6616423533548292
on time step 92222 (time=960.646), 0.0211532 s/step
on time step 92411 (time=962.615), 0.0211857 s/step
on time step 92600 (time=964.583), 0.021225 s/step
on time step 92789 (time=966.552), 0.0211867 s/step
on time step 92978 (time=968.521), 0.0211912 s/step
on time step 93168 (time=970.5), 0.0211355 s/step
on time step 93358 (time=972.479), 0.0211621 s/step
on time step 93547 (time=974.448), 0.0211804 s/step
on time step 93736 (time=976.417), 0.0211864 s/step
on time step 93925 (time=978.385), 0.0212368 s/step
on time step 94114 (time=980.354), 0.0212357 s/step
field decay(t = 980.46875): 0.22880418213257867 / 0.41244277359003156 = 0.5547537665431622
on time step 94303 (time=982.323), 0.0211759 s/step
on time step 94492 (time=984.292), 0.0212159 s/step
on time step 94681 (time=986.26), 0.021193 s/step
on time step 94870 (time=988.229), 0.0211996 s/step
on time step 95059 (time=990.198), 0.0211873 s/step
on time step 95248 (time=992.167), 0.0212289 s/step
on time step 95437 (time=994.135), 0.021171 s/step
on time step 95626 (time=996.104), 0.021228 s/step
on time step 95814 (time=998.062), 0.0212819 s/step
on time step 96001 (time=1000.01), 0.0215011 s/step
field decay(t = 1000.4791666666666): 0.18568673320766485 / 0.41244277359003156 = 0.45021211449867127
on time step 96187 (time=1001.95), 0.0215753 s/step
on time step 96373 (time=1003.89), 0.0215159 s/step
on time step 96559 (time=1005.82), 0.0215289 s/step
on time step 96745 (time=1007.76), 0.0215963 s/step
on time step 96931 (time=1009.7), 0.0215326 s/step
on time step 97117 (time=1011.64), 0.021567 s/step
on time step 97302 (time=1013.56), 0.0216781 s/step
on time step 97488 (time=1015.5), 0.0215785 s/step
on time step 97674 (time=1017.44), 0.0215547 s/step
on time step 97860 (time=1019.38), 0.0215197 s/step
field decay(t = 1020.4895833333333): 0.1457203398078397 / 0.41244277359003156 = 0.35331044483927804
on time step 98046 (time=1021.31), 0.0215537 s/step
on time step 98232 (time=1023.25), 0.0215664 s/step
on time step 98418 (time=1025.19), 0.0215194 s/step
on time step 98604 (time=1027.12), 0.0215842 s/step
on time step 98790 (time=1029.06), 0.0215379 s/step
on time step 98975 (time=1030.99), 0.0216304 s/step
on time step 99160 (time=1032.92), 0.02166 s/step
on time step 99346 (time=1034.85), 0.02153 s/step
on time step 99532 (time=1036.79), 0.0216104 s/step
on time step 99718 (time=1038.73), 0.0215399 s/step
field decay(t = 1040.4895833333333): 0.11044942159670351 / 0.41244277359003156 = 0.26779332472070494
on time step 99904 (time=1040.67), 0.0216132 s/step
on time step 100090 (time=1042.6), 0.0215615 s/step
on time step 100275 (time=1044.53), 0.0216351 s/step
on time step 100461 (time=1046.47), 0.0215945 s/step
on time step 100648 (time=1048.42), 0.0214996 s/step
on time step 100833 (time=1050.34), 0.0217193 s/step
on time step 101016 (time=1052.25), 0.0219715 s/step
on time step 101197 (time=1054.14), 0.0221507 s/step
on time step 101378 (time=1056.02), 0.0221033 s/step
on time step 101559 (time=1057.91), 0.0221297 s/step
on time step 101740 (time=1059.79), 0.0221423 s/step
field decay(t = 1060.5): 0.08072702999659806 / 0.41244277359003156 = 0.19572904452640694
on time step 101921 (time=1061.68), 0.0221284 s/step
on time step 102103 (time=1063.57), 0.0220908 s/step
on time step 102284 (time=1065.46), 0.022139 s/step
on time step 102465 (time=1067.34), 0.0221202 s/step
on time step 102646 (time=1069.23), 0.0221107 s/step
on time step 102827 (time=1071.11), 0.0221462 s/step
on time step 103008 (time=1073), 0.0221165 s/step
on time step 103190 (time=1074.9), 0.0220918 s/step
on time step 103371 (time=1076.78), 0.022134 s/step
on time step 103552 (time=1078.67), 0.0221313 s/step
field decay(t = 1080.5104166666665): 0.056775008277415 / 0.41244277359003156 = 0.13765548074276457
on time step 103734 (time=1080.56), 0.022094 s/step
on time step 103915 (time=1082.45), 0.0221098 s/step
on time step 104096 (time=1084.33), 0.0221226 s/step
on time step 104277 (time=1086.22), 0.022115 s/step
on time step 104458 (time=1088.1), 0.022107 s/step
on time step 104639 (time=1089.99), 0.022124 s/step
on time step 104820 (time=1091.88), 0.0221274 s/step
on time step 105001 (time=1093.76), 0.0221384 s/step
on time step 105182 (time=1095.65), 0.0221288 s/step
on time step 105363 (time=1097.53), 0.0221124 s/step
on time step 105544 (time=1099.42), 0.0221304 s/step
field decay(t = 1100.5208333333333): 0.038313062421404344 / 0.41244277359003156 = 0.09289303844001291
on time step 105725 (time=1101.3), 0.0221178 s/step
on time step 105906 (time=1103.19), 0.0221362 s/step
on time step 106087 (time=1105.07), 0.0221343 s/step
on time step 106268 (time=1106.96), 0.0221225 s/step
on time step 106449 (time=1108.84), 0.0221075 s/step
on time step 106630 (time=1110.73), 0.0221181 s/step
on time step 106811 (time=1112.61), 0.0221138 s/step
on time step 106993 (time=1114.51), 0.0220956 s/step
on time step 107174 (time=1116.4), 0.0221427 s/step
on time step 107355 (time=1118.28), 0.022111 s/step
on time step 107536 (time=1120.17), 0.0221244 s/step
field decay(t = 1120.53125): 0.02471403774853255 / 0.41244277359003156 = 0.059921131684315364
on time step 107717 (time=1122.05), 0.0221335 s/step
on time step 107898 (time=1123.94), 0.0221299 s/step
on time step 108079 (time=1125.82), 0.0221141 s/step
on time step 108260 (time=1127.71), 0.0221113 s/step
on time step 108441 (time=1129.59), 0.0221213 s/step
on time step 108622 (time=1131.48), 0.0221171 s/step
on time step 108803 (time=1133.36), 0.0221229 s/step
on time step 108984 (time=1135.25), 0.0221082 s/step
on time step 109165 (time=1137.14), 0.0221183 s/step
on time step 109346 (time=1139.02), 0.022128 s/step
field decay(t = 1140.5416666666665): 0.015161939144321875 / 0.41244277359003156 = 0.036761316030215756
on time step 109527 (time=1140.91), 0.0221109 s/step
on time step 109708 (time=1142.79), 0.0221259 s/step
on time step 109889 (time=1144.68), 0.022121 s/step
on time step 110070 (time=1146.56), 0.0221039 s/step
on time step 110251 (time=1148.45), 0.0221234 s/step
on time step 110432 (time=1150.33), 0.0221237 s/step
on time step 110613 (time=1152.22), 0.0221115 s/step
on time step 110794 (time=1154.1), 0.0221404 s/step
on time step 110975 (time=1155.99), 0.0222154 s/step
on time step 111157 (time=1157.89), 0.0220894 s/step
on time step 111338 (time=1159.77), 0.0221186 s/step
field decay(t = 1160.5520833333333): 0.008790852940632584 / 0.41244277359003156 = 0.021314115565934728
on time step 111519 (time=1161.66), 0.0221284 s/step
on time step 111700 (time=1163.54), 0.0220995 s/step
on time step 111881 (time=1165.43), 0.0221273 s/step
on time step 112063 (time=1167.32), 0.0220861 s/step
on time step 112244 (time=1169.21), 0.0221051 s/step
on time step 112428 (time=1171.12), 0.0217744 s/step
on time step 112612 (time=1173.04), 0.0217857 s/step
on time step 112796 (time=1174.96), 0.0217719 s/step
on time step 112980 (time=1176.88), 0.0218277 s/step
on time step 113165 (time=1178.8), 0.0216925 s/step
field decay(t = 1180.5625): 0.004786245679498328 / 0.41244277359003156 = 0.011604629747388568
on time step 113348 (time=1180.71), 0.0218777 s/step
on time step 113531 (time=1182.61), 0.0219754 s/step
on time step 113713 (time=1184.51), 0.0220759 s/step
on time step 113895 (time=1186.41), 0.0220061 s/step
on time step 114077 (time=1188.3), 0.0219796 s/step
on time step 114259 (time=1190.2), 0.0219987 s/step
on time step 114441 (time=1192.09), 0.0220097 s/step
on time step 114623 (time=1193.99), 0.0220538 s/step
on time step 114806 (time=1195.9), 0.0219659 s/step
on time step 114988 (time=1197.79), 0.0220156 s/step
on time step 115170 (time=1199.69), 0.0220633 s/step
field decay(t = 1200.5729166666665): 0.002446631121650555 / 0.41244277359003156 = 0.005932049918960414
on time step 115352 (time=1201.58), 0.0219978 s/step
on time step 115535 (time=1203.49), 0.0219616 s/step
on time step 115717 (time=1205.39), 0.0220148 s/step
on time step 115899 (time=1207.28), 0.0220471 s/step
on time step 116081 (time=1209.18), 0.0220111 s/step
on time step 116263 (time=1211.07), 0.0220368 s/step
on time step 116445 (time=1212.97), 0.0220862 s/step
on time step 116627 (time=1214.86), 0.0220234 s/step
on time step 116809 (time=1216.76), 0.0220067 s/step
on time step 116992 (time=1218.67), 0.0219742 s/step
on time step 117174 (time=1220.56), 0.0220104 s/step
field decay(t = 1220.5833333333333): 0.0012118145114200316 / 0.41244277359003156 = 0.002938139759055583
on time step 117356 (time=1222.46), 0.0220373 s/step
on time step 117538 (time=1224.35), 0.021988 s/step
on time step 117720 (time=1226.25), 0.0220658 s/step
on time step 117902 (time=1228.15), 0.0219904 s/step
on time step 118084 (time=1230.04), 0.0219864 s/step
on time step 118266 (time=1231.94), 0.0220085 s/step
on time step 118448 (time=1233.83), 0.0220349 s/step
on time step 118630 (time=1235.73), 0.0220289 s/step
on time step 118812 (time=1237.62), 0.0220262 s/step
on time step 118994 (time=1239.52), 0.022021 s/step
field decay(t = 1240.59375): 0.000663929680753562 / 0.41244277359003156 = 0.0016097498205011795
on time step 119177 (time=1241.43), 0.0219767 s/step
on time step 119359 (time=1243.32), 0.0220231 s/step
on time step 119542 (time=1245.23), 0.0219668 s/step
on time step 119724 (time=1247.12), 0.0219903 s/step
on time step 119906 (time=1249.02), 0.0220436 s/step
on time step 120089 (time=1250.93), 0.0219684 s/step
on time step 120272 (time=1252.83), 0.0219209 s/step
on time step 120458 (time=1254.77), 0.0215555 s/step
on time step 120645 (time=1256.72), 0.0214284 s/step
on time step 120834 (time=1258.69), 0.0212067 s/step
field decay(t = 1260.6041666666665): 0.0005260653858117089 / 0.41244277359003156 = 0.0012754869753994484
on time step 121023 (time=1260.66), 0.0212157 s/step
on time step 121212 (time=1262.62), 0.0212563 s/step
on time step 121401 (time=1264.59), 0.0212052 s/step
on time step 121590 (time=1266.56), 0.0212149 s/step
on time step 121779 (time=1268.53), 0.0212706 s/step
on time step 121967 (time=1270.49), 0.0213333 s/step
on time step 122155 (time=1272.45), 0.021342 s/step
on time step 122343 (time=1274.41), 0.0213436 s/step
on time step 122531 (time=1276.36), 0.0213538 s/step
on time step 122719 (time=1278.32), 0.021305 s/step
on time step 122908 (time=1280.29), 0.0212713 s/step
field decay(t = 1280.6145833333333): 0.0006176610433494752 / 0.41244277359003156 = 0.0014975678637139385
on time step 123096 (time=1282.25), 0.0212823 s/step
on time step 123284 (time=1284.21), 0.0212817 s/step
on time step 123472 (time=1286.17), 0.0213032 s/step
on time step 123660 (time=1288.12), 0.0213241 s/step
on time step 123848 (time=1290.08), 0.0213608 s/step
on time step 124036 (time=1292.04), 0.0213638 s/step
on time step 124224 (time=1294), 0.0213407 s/step
on time step 124412 (time=1295.96), 0.0213394 s/step
on time step 124600 (time=1297.92), 0.0213328 s/step
on time step 124788 (time=1299.88), 0.0212957 s/step
field decay(t = 1300.625): 0.0007117687541114852 / 0.41244277359003156 = 0.0017257394229895852
on time step 124976 (time=1301.83), 0.0213629 s/step
on time step 125164 (time=1303.79), 0.0213041 s/step
on time step 125352 (time=1305.75), 0.021372 s/step
on time step 125540 (time=1307.71), 0.0213778 s/step
on time step 125728 (time=1309.67), 0.0213849 s/step
on time step 125916 (time=1311.62), 0.0213588 s/step
on time step 126103 (time=1313.57), 0.0213988 s/step
on time step 126289 (time=1315.51), 0.0215676 s/step
on time step 126477 (time=1317.47), 0.0212864 s/step
on time step 126665 (time=1319.43), 0.0212775 s/step
field decay(t = 1320.6354166666665): 0.0008186739226811132 / 0.41244277359003156 = 0.0019849394270024857
on time step 126853 (time=1321.39), 0.021288 s/step
on time step 127041 (time=1323.34), 0.0212778 s/step
on time step 127229 (time=1325.3), 0.0212976 s/step
on time step 127417 (time=1327.26), 0.0212889 s/step
on time step 127605 (time=1329.22), 0.0212806 s/step
on time step 127793 (time=1331.18), 0.0212907 s/step
on time step 127981 (time=1333.14), 0.0212936 s/step
on time step 128166 (time=1335.06), 0.0216658 s/step
on time step 128351 (time=1336.99), 0.0217069 s/step
on time step 128536 (time=1338.92), 0.0216399 s/step
field decay(t = 1340.6458333333333): 0.0008996457178548035 / 0.41244277359003156 = 0.0021812619239852463
on time step 128722 (time=1340.85), 0.0215445 s/step
on time step 128909 (time=1342.8), 0.0214594 s/step
on time step 129096 (time=1344.75), 0.0213908 s/step
on time step 129283 (time=1346.7), 0.0214266 s/step
on time step 129469 (time=1348.64), 0.0215358 s/step
on time step 129656 (time=1350.58), 0.0214695 s/step
on time step 129843 (time=1352.53), 0.0213918 s/step
on time step 130030 (time=1354.48), 0.0214615 s/step
on time step 130216 (time=1356.42), 0.0216171 s/step
on time step 130402 (time=1358.35), 0.0215592 s/step
on time step 130588 (time=1360.29), 0.0215336 s/step
field decay(t = 1360.65625): 0.000951784305806729 / 0.41244277359003156 = 0.0023076760383558166
on time step 130774 (time=1362.23), 0.0215181 s/step
on time step 130960 (time=1364.17), 0.021559 s/step
on time step 131147 (time=1366.11), 0.0214931 s/step
on time step 131334 (time=1368.06), 0.0214741 s/step
on time step 131520 (time=1370), 0.0215574 s/step
on time step 131707 (time=1371.95), 0.0214535 s/step
on time step 131893 (time=1373.89), 0.0216033 s/step
on time step 132079 (time=1375.82), 0.0215899 s/step
on time step 132266 (time=1377.77), 0.0214923 s/step
on time step 132453 (time=1379.72), 0.0214521 s/step
field decay(t = 1380.6666666666665): 0.0009784629061596014 / 0.41244277359003156 = 0.002372360406857787
on time step 132640 (time=1381.67), 0.0214098 s/step
on time step 132826 (time=1383.6), 0.0215556 s/step
on time step 133012 (time=1385.54), 0.0215638 s/step
on time step 133198 (time=1387.48), 0.0215626 s/step
on time step 133384 (time=1389.42), 0.0215296 s/step
on time step 133570 (time=1391.35), 0.021584 s/step
on time step 133757 (time=1393.3), 0.0214217 s/step
on time step 133944 (time=1395.25), 0.0214533 s/step
on time step 134131 (time=1397.2), 0.0214527 s/step
on time step 134317 (time=1399.14), 0.0215188 s/step
field decay(t = 1400.6770833333333): 0.0009852937718898016 / 0.41244277359003156 = 0.00238892237900908
on time step 134503 (time=1401.07), 0.0215701 s/step
on time step 134690 (time=1403.02), 0.0215 s/step
on time step 134876 (time=1404.96), 0.0215826 s/step
on time step 135062 (time=1406.9), 0.0215952 s/step
on time step 135249 (time=1408.84), 0.0214856 s/step
on time step 135435 (time=1410.78), 0.0216074 s/step
on time step 135620 (time=1412.71), 0.0216522 s/step
on time step 135806 (time=1414.65), 0.0215294 s/step
on time step 135992 (time=1416.58), 0.0215625 s/step
on time step 136179 (time=1418.53), 0.0214583 s/step
on time step 136365 (time=1420.47), 0.0215142 s/step
field decay(t = 1420.6875): 0.0009845722187917152 / 0.41244277359003156 = 0.0023871729166732372
on time step 136552 (time=1422.42), 0.0214138 s/step
on time step 136739 (time=1424.36), 0.0214452 s/step
on time step 136925 (time=1426.3), 0.0215126 s/step
on time step 137111 (time=1428.24), 0.0216164 s/step
on time step 137298 (time=1430.19), 0.0214074 s/step
on time step 137485 (time=1432.14), 0.0214474 s/step
on time step 137671 (time=1434.07), 0.021568 s/step
on time step 137857 (time=1436.01), 0.0215606 s/step
on time step 138044 (time=1437.96), 0.0213988 s/step
on time step 138230 (time=1439.9), 0.0215809 s/step
field decay(t = 1440.6979166666665): 0.0009744911389909639 / 0.41244277359003156 = 0.0023627305444308957
on time step 138417 (time=1441.84), 0.0214938 s/step
on time step 138604 (time=1443.79), 0.0214982 s/step
on time step 138790 (time=1445.73), 0.0215529 s/step
on time step 138977 (time=1447.68), 0.0214317 s/step
on time step 139163 (time=1449.61), 0.0215681 s/step
on time step 139350 (time=1451.56), 0.021487 s/step
on time step 139536 (time=1453.5), 0.0215166 s/step
on time step 139723 (time=1455.45), 0.0214151 s/step
on time step 139910 (time=1457.4), 0.0214766 s/step
on time step 140096 (time=1459.33), 0.0215593 s/step
field decay(t = 1460.7083333333333): 0.0009561284664171755 / 0.41244277359003156 = 0.0023182087980224086
on time step 140283 (time=1461.28), 0.0214282 s/step
on time step 140468 (time=1463.21), 0.0216384 s/step
on time step 140655 (time=1465.16), 0.0214955 s/step
on time step 140840 (time=1467.08), 0.0216355 s/step
on time step 141027 (time=1469.03), 0.0214374 s/step
on time step 141214 (time=1470.98), 0.0214704 s/step
on time step 141401 (time=1472.93), 0.0214412 s/step
on time step 141588 (time=1474.88), 0.021495 s/step
on time step 141775 (time=1476.82), 0.0214104 s/step
on time step 141961 (time=1478.76), 0.0215392 s/step
on time step 142147 (time=1480.7), 0.0215941 s/step
field decay(t = 1480.71875): 0.0009329952821485822 / 0.41244277359003156 = 0.0022621205701520673
on time step 142334 (time=1482.65), 0.0213987 s/step
on time step 142522 (time=1484.6), 0.021376 s/step
on time step 142710 (time=1486.56), 0.0213789 s/step
on time step 142898 (time=1488.52), 0.0213784 s/step
on time step 143085 (time=1490.47), 0.0213907 s/step
on time step 143273 (time=1492.43), 0.0213764 s/step
on time step 143461 (time=1494.39), 0.0213775 s/step
on time step 143649 (time=1496.34), 0.0213846 s/step
on time step 143837 (time=1498.3), 0.021371 s/step
on time step 144025 (time=1500.26), 0.021383 s/step
field decay(t = 1500.7291666666665): 0.0009075313062006783 / 0.41244277359003156 = 0.0022003811542174456
on time step 144213 (time=1502.22), 0.0213821 s/step
on time step 144401 (time=1504.18), 0.0213804 s/step
on time step 144589 (time=1506.14), 0.0213792 s/step
on time step 144777 (time=1508.09), 0.0213817 s/step
on time step 144964 (time=1510.04), 0.021394 s/step
on time step 145152 (time=1512), 0.0213791 s/step
on time step 145340 (time=1513.96), 0.0213842 s/step
on time step 145528 (time=1515.92), 0.0213818 s/step
on time step 145716 (time=1517.88), 0.0213788 s/step
on time step 145903 (time=1519.82), 0.0213923 s/step
field decay(t = 1520.7395833333333): 0.000881393007029364 / 0.41244277359003156 = 0.002137006788499268
on time step 146091 (time=1521.78), 0.0213739 s/step
on time step 146279 (time=1523.74), 0.0213815 s/step
on time step 146467 (time=1525.7), 0.0213851 s/step
on time step 146655 (time=1527.66), 0.0213855 s/step
on time step 146843 (time=1529.61), 0.0213768 s/step
on time step 147031 (time=1531.57), 0.0213759 s/step
on time step 147219 (time=1533.53), 0.0213778 s/step
on time step 147407 (time=1535.49), 0.0213775 s/step
on time step 147595 (time=1537.45), 0.021376 s/step
on time step 147783 (time=1539.41), 0.0213833 s/step
field decay(t = 1540.75): 0.0008556171223217503 / 0.41244277359003156 = 0.0020745111252021458
on time step 147971 (time=1541.36), 0.0213761 s/step
on time step 148159 (time=1543.32), 0.0213776 s/step
on time step 148346 (time=1545.27), 0.0214003 s/step
on time step 148532 (time=1547.21), 0.0215498 s/step
on time step 148715 (time=1549.11), 0.0219117 s/step
on time step 148898 (time=1551.02), 0.0219294 s/step
on time step 149081 (time=1552.93), 0.0219077 s/step
on time step 149264 (time=1554.83), 0.0218826 s/step
on time step 149447 (time=1556.74), 0.0219467 s/step
on time step 149630 (time=1558.65), 0.0219005 s/step
on time step 149813 (time=1560.55), 0.0219581 s/step
field decay(t = 1560.7604166666665): 0.0008308051796905973 / 0.41244277359003156 = 0.0020143526154162133
on time step 149996 (time=1562.46), 0.0219555 s/step
on time step 150179 (time=1564.36), 0.0219476 s/step
on time step 150362 (time=1566.27), 0.0219771 s/step
on time step 150545 (time=1568.18), 0.0219585 s/step
on time step 150729 (time=1570.09), 0.0218374 s/step
on time step 150912 (time=1572), 0.021968 s/step
on time step 151096 (time=1573.92), 0.021843 s/step
on time step 151279 (time=1575.82), 0.0218922 s/step
on time step 151462 (time=1577.73), 0.0219761 s/step
on time step 151645 (time=1579.64), 0.021926 s/step
field decay(t = 1580.7708333333333): 0.0008072782456872208 / 0.41244277359003156 = 0.0019573097102912416
on time step 151828 (time=1581.54), 0.0219056 s/step
on time step 152011 (time=1583.45), 0.0219186 s/step
on time step 152194 (time=1585.35), 0.0218731 s/step
on time step 152377 (time=1587.26), 0.0218988 s/step
on time step 152560 (time=1589.17), 0.0219263 s/step
on time step 152744 (time=1591.08), 0.0218399 s/step
on time step 152927 (time=1592.99), 0.0219552 s/step
on time step 153111 (time=1594.91), 0.0218448 s/step
on time step 153294 (time=1596.81), 0.021925 s/step
on time step 153476 (time=1598.71), 0.0219908 s/step
on time step 153658 (time=1600.6), 0.0220601 s/step
field decay(t = 1600.78125): 0.0007851511759778454 / 0.41244277359003156 = 0.0019036608864392087
on time step 153842 (time=1602.52), 0.021844 s/step
on time step 154024 (time=1604.42), 0.0220883 s/step
on time step 154206 (time=1606.31), 0.0219932 s/step
on time step 154387 (time=1608.2), 0.0221059 s/step
on time step 154568 (time=1610.08), 0.0221679 s/step
on time step 154749 (time=1611.97), 0.0221108 s/step
on time step 154930 (time=1613.85), 0.0221275 s/step
on time step 155111 (time=1615.74), 0.0221255 s/step
on time step 155292 (time=1617.62), 0.0222017 s/step
on time step 155504 (time=1619.83), 0.0188737 s/step
field decay(t = 1620.7916666666665): 0.0007644229505686846 / 0.41244277359003156 = 0.001853403670804817
on time step 155737 (time=1622.26), 0.0172293 s/step
on time step 155973 (time=1624.72), 0.0169574 s/step
on time step 156218 (time=1627.27), 0.0163715 s/step
on time step 156463 (time=1629.82), 0.0163619 s/step
on time step 156708 (time=1632.38), 0.0163743 s/step
on time step 156953 (time=1634.93), 0.0163482 s/step
on time step 157199 (time=1637.49), 0.0163046 s/step
on time step 157445 (time=1640.05), 0.0162866 s/step
field decay(t = 1640.8020833333333): 0.0007450474580970439 / 0.41244277359003156 = 0.001806426262756204
on time step 157691 (time=1642.61), 0.0163116 s/step
on time step 157941 (time=1645.22), 0.0160351 s/step
on time step 158198 (time=1647.9), 0.0156162 s/step
on time step 158455 (time=1650.57), 0.0155954 s/step
on time step 158712 (time=1653.25), 0.0156053 s/step
on time step 158969 (time=1655.93), 0.0155979 s/step
on time step 159222 (time=1658.56), 0.0158231 s/step
field decay(t = 1660.8125): 0.0007269159212360966 / 0.41244277359003156 = 0.0017624649230941589
on time step 159468 (time=1661.12), 0.016284 s/step
on time step 159715 (time=1663.7), 0.0162154 s/step
on time step 159962 (time=1666.27), 0.0162146 s/step
on time step 160209 (time=1668.84), 0.016213 s/step
on time step 160456 (time=1671.42), 0.0162055 s/step
on time step 160703 (time=1673.99), 0.016213 s/step
on time step 160950 (time=1676.56), 0.0162097 s/step
on time step 161197 (time=1679.14), 0.0162119 s/step
2026-05-30 16:26:55 [INFO] D11_scaled_deep_groove: Checkpointed 8 completed spectra row(s) to /mnt/c/Users/admin/Meep_Simulation/meep_sim/results/diagnostics_v2/tables/D11_thickness_1um_quick_spectra_checkpoint.csv
2026-05-30 16:26:55 [INFO] D11_scaled_deep_groove: >>> task=9/10 case=scaled_inner_wall_film_1um pol=Hz wl=10.985 res=24 pml=4
2026-05-30 16:26:55 [INFO] D11_scaled_deep_groove: [single ref] wl=10.985 um, f=0.0910332, res=24, comp=Hz
field decay(t = 1680.8229166666665): 0.0007099353192809823 / 0.41244277359003156 = 0.0017212941157908575
run 0 finished at t = 1680.8229166666665 (161359 timesteps)
-----------
Initializing structure...
Splitting into 16 chunks by voxels
time for choose_chunkdivision = 0.000638037 s
Working in 2D dimensions.
Computational cell is 50 x 49 x 0 with resolution 24
time for set_epsilon = 0.154362 s
-----------
field decay(t = 20.010416666666664): 3.028518613828998e-10 / 3.028518613828998e-10 = 1.0
on time step 3094 (time=32.2292), 0.00129283 s/step
field decay(t = 40.010416666666664): 2.4972637854954713e-11 / 3.028518613828998e-10 = 0.08245826108158359
field decay(t = 60.02083333333333): 5.854523826574357e-11 / 3.028518613828998e-10 = 0.19331312014531096
on time step 6265 (time=65.2604), 0.00126181 s/step
field decay(t = 80.02083333333333): 1.7846260177087137e-10 / 3.028518613828998e-10 = 0.5892735839758919
on time step 9469 (time=98.6354), 0.00124848 s/step
field decay(t = 100.03125): 5.246696508320609e-10 / 5.246696508320609e-10 = 1.0
field decay(t = 120.04166666666666): 1.1727497175103842e-09 / 1.1727497175103842e-09 = 1.0
on time step 12338 (time=128.521), 0.00139458 s/step
field decay(t = 140.04166666666666): 3.306254365867144e-09 / 3.306254365867144e-09 = 1.0
on time step 15198 (time=158.312), 0.00139892 s/step
field decay(t = 160.05208333333331): 8.215590709757513e-09 / 8.215590709757513e-09 = 1.0
field decay(t = 180.0625): 1.892149204280982e-08 / 1.892149204280982e-08 = 1.0
on time step 18054 (time=188.062), 0.00140072 s/step
field decay(t = 200.07291666666666): 4.928088907781225e-08 / 4.928088907781225e-08 = 1.0
on time step 20849 (time=217.177), 0.00143148 s/step
field decay(t = 220.08333333333331): 9.914636305952997e-08 / 9.914636305952997e-08 = 1.0
field decay(t = 240.09375): 2.4554010444408113e-07 / 2.4554010444408113e-07 = 1.0
on time step 23674 (time=246.604), 0.00141595 s/step
field decay(t = 260.10416666666663): 5.908366181913014e-07 / 5.908366181913014e-07 = 1.0
on time step 26488 (time=275.917), 0.00142147 s/step
field decay(t = 280.1145833333333): 1.1201428623884962e-06 / 1.1201428623884962e-06 = 1.0
field decay(t = 300.125): 2.562934764133283e-06 / 2.562934764133283e-06 = 1.0
on time step 29336 (time=305.583), 0.0014045 s/step
field decay(t = 320.13541666666663): 5.697664871695775e-06 / 5.697664871695775e-06 = 1.0
on time step 32178 (time=335.188), 0.00140778 s/step
field decay(t = 340.1458333333333): 1.0179264532280677e-05 / 1.0179264532280677e-05 = 1.0
field decay(t = 360.15625): 2.1517746726538338e-05 / 2.1517746726538338e-05 = 1.0
on time step 35005 (time=364.635), 0.00141529 s/step
field decay(t = 380.16666666666663): 4.4082412575716954e-05 / 4.4082412575716954e-05 = 1.0
on time step 37832 (time=394.083), 0.00141537 s/step
field decay(t = 400.1770833333333): 7.440537259257392e-05 / 7.440537259257392e-05 = 1.0
field decay(t = 420.1875): 0.00014531188789325452 / 0.00014531188789325452 = 1.0
on time step 40684 (time=423.792), 0.00140286 s/step
field decay(t = 440.19791666666663): 0.00025686277903515324 / 0.00025686277903515324 = 1.0
on time step 43543 (time=453.573), 0.00139939 s/step
field decay(t = 460.2083333333333): 0.00043745883127349665 / 0.00043745883127349665 = 1.0
field decay(t = 480.21875): 0.000789315548318785 / 0.000789315548318785 = 1.0
on time step 46367 (time=482.99), 0.00141659 s/step
field decay(t = 500.22916666666663): 0.0012058126468500027 / 0.0012058126468500027 = 1.0
on time step 49192 (time=512.417), 0.00141594 s/step
field decay(t = 520.2291666666666): 0.0020687841982883373 / 0.0020687841982883373 = 1.0
field decay(t = 540.2395833333333): 0.003448619432002125 / 0.003448619432002125 = 1.0
on time step 52073 (time=542.427), 0.00138862 s/step
field decay(t = 560.25): 0.004964623882924351 / 0.004964623882924351 = 1.0
on time step 54985 (time=572.76), 0.00137383 s/step
field decay(t = 580.2604166666666): 0.007869339961446346 / 0.007869339961446346 = 1.0
field decay(t = 600.2708333333333): 0.012119507932683592 / 0.012119507932683592 = 1.0
on time step 57890 (time=603.021), 0.00137725 s/step
field decay(t = 620.28125): 0.016441369348157008 / 0.016441369348157008 = 1.0
on time step 60795 (time=633.281), 0.00137726 s/step
field decay(t = 640.2916666666666): 0.024077231103162674 / 0.024077231103162674 = 1.0
field decay(t = 660.3020833333333): 0.03425441078065697 / 0.03425441078065697 = 1.0
on time step 63725 (time=663.802), 0.00136524 s/step
field decay(t = 680.3125): 0.04379602962087627 / 0.04379602962087627 = 1.0
on time step 66688 (time=694.667), 0.00135016 s/step
field decay(t = 700.3229166666666): 0.059254303545180104 / 0.059254303545180104 = 1.0
field decay(t = 720.3333333333333): 0.07399560624552047 / 0.07399560624552047 = 1.0
on time step 69653 (time=725.552), 0.00134918 s/step
field decay(t = 740.34375): 0.09383754190924684 / 0.09383754190924684 = 1.0
on time step 72618 (time=756.438), 0.00134943 s/step
field decay(t = 760.3541666666666): 0.11729469809583538 / 0.11729469809583538 = 1.0
field decay(t = 780.3645833333333): 0.13606516752957634 / 0.13606516752957634 = 1.0
on time step 75582 (time=787.312), 0.00134995 s/step
field decay(t = 800.375): 0.16171996448484804 / 0.16171996448484804 = 1.0
on time step 78545 (time=818.177), 0.00135033 s/step
field decay(t = 820.3854166666666): 0.18675919734421406 / 0.18675919734421406 = 1.0
field decay(t = 840.3958333333333): 0.20415649630994398 / 0.20415649630994398 = 1.0
on time step 81507 (time=849.031), 0.00135055 s/step
field decay(t = 860.40625): 0.22417944347538474 / 0.22417944347538474 = 1.0
on time step 84450 (time=879.688), 0.00135939 s/step
field decay(t = 880.4166666666666): 0.23918324355410464 / 0.23918324355410464 = 1.0
field decay(t = 900.4270833333333): 0.24639085431723445 / 0.24639085431723445 = 1.0
on time step 87416 (time=910.583), 0.00134876 s/step
field decay(t = 920.4375): 0.2499615856224579 / 0.2499615856224579 = 1.0
field decay(t = 940.4479166666666): 0.2497381237956416 / 0.2499615856224579 = 0.9991060153252754
on time step 90381 (time=941.469), 0.00134951 s/step
field decay(t = 960.4583333333333): 0.24599203579503526 / 0.2499615856224579 = 0.9841193605107856
on time step 93347 (time=972.365), 0.00134876 s/step
field decay(t = 980.46875): 0.23597768180263423 / 0.2499615856224579 = 0.9440557884724536
field decay(t = 1000.4791666666666): 0.21958968750316007 / 0.2499615856224579 = 0.8784937371729928
on time step 97485 (time=1015.47), 0.000966661 s/step
field decay(t = 1020.4895833333333): 0.2041567140276481 / 0.2499615856224579 = 0.816752356244077
field decay(t = 1040.4895833333333): 0.18064525564064648 / 0.2499615856224579 = 0.7226920696266232
on time step 100727 (time=1049.24), 0.00123408 s/step
field decay(t = 1060.5): 0.15530454812244351 / 0.2499615856224579 = 0.6213136620001106
field decay(t = 1080.5104166666665): 0.1360654396207135 / 0.2499615856224579 = 0.5443454012418804
on time step 103988 (time=1083.21), 0.00122683 s/step
field decay(t = 1100.5208333333333): 0.11123137963970174 / 0.2499615856224579 = 0.4449938952127855
on time step 107249 (time=1117.18), 0.00122694 s/step
field decay(t = 1120.53125): 0.08834898029686826 / 0.2499615856224579 = 0.35345023147000915
field decay(t = 1140.5416666666665): 0.0729419089324844 / 0.2499615856224579 = 0.29181247490826806
on time step 110504 (time=1151.08), 0.00122903 s/step
field decay(t = 1160.5520833333333): 0.05509005681968871 / 0.2499615856224579 = 0.2203940924862621
field decay(t = 1180.5625): 0.04042630416475568 / 0.2499615856224579 = 0.16173006769854464
on time step 113760 (time=1185), 0.00122871 s/step
field decay(t = 1200.5729166666665): 0.03145223765790655 / 0.2499615856224579 = 0.12582828509262228
on time step 117010 (time=1218.85), 0.00123111 s/step
field decay(t = 1220.5833333333333): 0.02194644820415657 / 0.2499615856224579 = 0.08779928383597509
field decay(t = 1240.59375): 0.01633729675456174 / 0.2499615856224579 = 0.06535922995478834
on time step 120253 (time=1252.64), 0.00123379 s/step
field decay(t = 1260.6041666666665): 0.010908652144081992 / 0.2499615856224579 = 0.04364131439203792
field decay(t = 1280.6145833333333): 0.0070323485887286395 / 0.2499615856224579 = 0.02813371731186848
on time step 123459 (time=1286.03), 0.00124802 s/step
field decay(t = 1300.625): 0.004964653923234367 / 0.2499615856224579 = 0.01986166758732673
on time step 126678 (time=1319.56), 0.0012428 s/step
field decay(t = 1320.6354166666665): 0.00304323682673625 / 0.2499615856224579 = 0.012174818059174726
field decay(t = 1340.6458333333333): 0.00181251519230248 / 0.2499615856224579 = 0.0072511749667010985
on time step 129969 (time=1353.84), 0.00121552 s/step
field decay(t = 1360.65625): 0.0012058210344703542 / 0.2499615856224579 = 0.004824025385611159
field decay(t = 1380.6666666666665): 0.0006828817739894438 / 0.2499615856224579 = 0.002731946880113286
on time step 133248 (time=1388), 0.00122004 s/step
field decay(t = 1400.6770833333333): 0.0003757578213495175 / 0.2499615856224579 = 0.0015032622729360594
field decay(t = 1420.6875): 0.00023557100714425452 / 0.2499615856224579 = 0.0009424288398460597
on time step 136515 (time=1422.03), 0.00122462 s/step
field decay(t = 1440.6979166666665): 0.0001232538280589056 / 0.2499615856224579 = 0.0004930910793831667
on time step 139781 (time=1456.05), 0.00122479 s/step
field decay(t = 1460.7083333333333): 6.618365115427953e-05 / 0.2499615856224579 = 0.0002647752893288305
field decay(t = 1480.71875): 3.7017405138695475e-05 / 0.2499615856224579 = 0.00014809237606056228
on time step 143059 (time=1490.2), 0.00122062 s/step
field decay(t = 1500.7291666666665): 1.7893707099647643e-05 / 0.2499615856224579 = 7.158582809869956e-05
field decay(t = 1520.7395833333333): 1.0021033658789617e-05 / 0.2499615856224579 = 4.009029481004089e-05
on time step 146345 (time=1524.43), 0.00121729 s/step
field decay(t = 1540.75): 4.678805997879434e-06 / 0.2499615856224579 = 1.8718100168184663e-05
on time step 149627 (time=1558.61), 0.0012191 s/step
field decay(t = 1560.7604166666665): 2.0895140800946224e-06 / 0.2499615856224579 = 8.359340795871833e-06
field decay(t = 1580.7708333333333): 1.120154732302481e-06 / 0.2499615856224579 = 4.481307515765095e-06
on time step 152910 (time=1592.81), 0.00121867 s/step
field decay(t = 1600.78125): 4.7567383454686486e-07 / 0.2499615856224579 = 1.9029877465464748e-06
field decay(t = 1620.7916666666665): 1.9626186345586704e-07 / 0.2499615856224579 = 7.851681007989005e-07
on time step 156186 (time=1626.94), 0.00122124 s/step
field decay(t = 1640.8020833333333): 9.914719913400019e-08 / 0.2499615856224579 = 3.966497447481877e-07
field decay(t = 1660.8125): 3.889818092161126e-08 / 0.2499615856224579 = 1.556166353511739e-07
on time step 159449 (time=1660.93), 0.00122594 s/step
field decay(t = 1680.8229166666665): 1.482757761770202e-08 / 0.2499615856224579 = 5.931942534601137e-08
on time step 162706 (time=1694.85), 0.00122825 s/step
field decay(t = 1700.8333333333333): 7.058773344818252e-09 / 0.2499615856224579 = 2.8239432580171847e-08
field decay(t = 1720.84375): 2.5585412617384317e-09 / 0.2499615856224579 = 1.0235737844945718e-08
on time step 165960 (time=1728.75), 0.00122966 s/step
field decay(t = 1740.8541666666665): 1.0086734475852243e-09 / 0.2499615856224579 = 4.035313846619317e-09
field decay(t = 1760.8645833333333): 4.0422546656831146e-10 / 0.2499615856224579 = 1.6171503535701434e-09
on time step 169222 (time=1762.73), 0.00122632 s/step
field decay(t = 1780.875): 1.3536244620749463e-10 / 0.2499615856224579 = 5.415329954417321e-10
on time step 172472 (time=1796.58), 0.00123098 s/step
field decay(t = 1800.8854166666665): 5.679606187704837e-11 / 0.2499615856224579 = 2.2721916143880274e-10
field decay(t = 1820.8958333333333): 1.8618337621066606e-11 / 0.2499615856224579 = 7.448479563250872e-11
on time step 175722 (time=1830.44), 0.00123099 s/step
field decay(t = 1840.90625): 2.8702693930672014e-10 / 0.2499615856224579 = 1.1482841997179748e-09
run 0 finished at t = 1840.90625 (176727 timesteps)
-----------
Initializing structure...
Splitting into 16 chunks by voxels
time for choose_chunkdivision = 0.000763414 s
Working in 2D dimensions.
Computational cell is 50 x 49 x 0 with resolution 24
     block, center = (0,-4,0)
          size (50,25,1e+20)
          axes (1,0,0), (0,1,0), (0,0,1)
          dielectric constant epsilon diagonal = (1,1,1)
     prism, center = (2.72978,1,5e+19)
          height 1e+20, axis (0,0,1), sidewall angle: 0 radians, 4 vertices:
          (-10,8.5,0)
          (10,8.5,0)
          (15.4596,-6.5,0)
          (-4.54045,-6.5,0)
          dielectric constant epsilon diagonal = (2.30448,2.30448,2.30448)
     prism, center = (2.54779,1.5,5e+19)
          height 1e+20, axis (0,0,1), sidewall angle: 0 radians, 4 vertices:
          (-9,8.5,0)
          (9,8.5,0)
          (14.0956,-5.5,0)
          (-3.90442,-5.5,0)
          dielectric constant epsilon diagonal = (1,1,1)
time for set_epsilon = 1.65683 s
time for set_conductivity = 0.0511969 s
time for set_conductivity = 0.05066 s
time for set_conductivity = 0.0505765 s
lorentzian susceptibility: frequency=15.6714, gamma=1.42115
lorentzian susceptibility: frequency=2.02365, gamma=1.3413
lorentzian susceptibility: frequency=1.24613, gamma=2.0309
lorentzian susceptibility: frequency=0.626693, gamma=1.83572
drude susceptibility: frequency=1e-10, gamma=0.0661375
-----------
2026-05-30 16:30:48 [INFO] D11_scaled_deep_groove: [single struct] 3 geometry objects
on time step 239 (time=2.48958), 0.0167967 s/step
on time step 510 (time=5.3125), 0.0147638 s/step
on time step 717 (time=7.46875), 0.0193469 s/step
on time step 901 (time=9.38542), 0.0218003 s/step
on time step 1087 (time=11.3229), 0.0215478 s/step
on time step 1273 (time=13.2604), 0.0215794 s/step
on time step 1459 (time=15.1979), 0.0215803 s/step
on time step 1645 (time=17.1354), 0.0216153 s/step
on time step 1831 (time=19.0729), 0.021576 s/step
field decay(t = 20.010416666666664): 3.028518613828998e-10 / 3.028518613828998e-10 = 1.0
on time step 2016 (time=21), 0.0216399 s/step
on time step 2201 (time=22.9271), 0.021656 s/step
on time step 2386 (time=24.8542), 0.0216275 s/step
on time step 2571 (time=26.7812), 0.0216363 s/step
on time step 2756 (time=28.7083), 0.0216519 s/step
on time step 2942 (time=30.6458), 0.0215917 s/step
on time step 3127 (time=32.5729), 0.0216892 s/step
on time step 3313 (time=34.5104), 0.0216095 s/step
on time step 3499 (time=36.4479), 0.0215748 s/step
on time step 3684 (time=38.375), 0.0216506 s/step
field decay(t = 40.010416666666664): 2.5676273531656564e-11 / 3.028518613828998e-10 = 0.08478162694596648
on time step 3870 (time=40.3125), 0.0215844 s/step
on time step 4055 (time=42.2396), 0.0216613 s/step
on time step 4240 (time=44.1667), 0.0216255 s/step
on time step 4426 (time=46.1042), 0.0215821 s/step
on time step 4612 (time=48.0417), 0.0215899 s/step
on time step 4797 (time=49.9688), 0.0216229 s/step
on time step 4983 (time=51.9062), 0.021585 s/step
on time step 5169 (time=53.8438), 0.0215782 s/step
on time step 5355 (time=55.7812), 0.0216104 s/step
on time step 5541 (time=57.7188), 0.0215746 s/step
on time step 5727 (time=59.6562), 0.0215705 s/step
field decay(t = 60.02083333333333): 1.0036237822955848e-10 / 3.028518613828998e-10 = 0.3313909902064922
on time step 5913 (time=61.5938), 0.0215469 s/step
on time step 6100 (time=63.5417), 0.0214909 s/step
on time step 6287 (time=65.4896), 0.0214914 s/step
on time step 6473 (time=67.4271), 0.0215413 s/step
on time step 6659 (time=69.3646), 0.0215103 s/step
on time step 6845 (time=71.3021), 0.021516 s/step
on time step 7032 (time=73.25), 0.0214867 s/step
on time step 7218 (time=75.1875), 0.0215307 s/step
on time step 7404 (time=77.125), 0.0215321 s/step
on time step 7590 (time=79.0625), 0.0215069 s/step
field decay(t = 80.02083333333333): 2.1276513535434742e-10 / 3.028518613828998e-10 = 0.7025386417729343
on time step 7776 (time=81), 0.0216067 s/step
on time step 7962 (time=82.9375), 0.0216037 s/step
on time step 8148 (time=84.875), 0.0215733 s/step
on time step 8333 (time=86.8021), 0.0216356 s/step
on time step 8519 (time=88.7396), 0.0215605 s/step
on time step 8704 (time=90.6667), 0.0217058 s/step
on time step 8890 (time=92.6042), 0.0215718 s/step
on time step 9076 (time=94.5417), 0.0216067 s/step
on time step 9261 (time=96.4688), 0.0216573 s/step
on time step 9448 (time=98.4167), 0.0215045 s/step
field decay(t = 100.03125): 5.754562304035035e-10 / 5.754562304035035e-10 = 1.0
on time step 9634 (time=100.354), 0.02158 s/step
on time step 9820 (time=102.292), 0.0215706 s/step
on time step 10006 (time=104.229), 0.021591 s/step
on time step 10192 (time=106.167), 0.021529 s/step
on time step 10378 (time=108.104), 0.0216004 s/step
on time step 10564 (time=110.042), 0.0215807 s/step
on time step 10750 (time=111.979), 0.0215538 s/step
on time step 10936 (time=113.917), 0.0215762 s/step
on time step 11123 (time=115.865), 0.0214927 s/step
on time step 11309 (time=117.802), 0.0216015 s/step
on time step 11495 (time=119.74), 0.0216 s/step
field decay(t = 120.04166666666666): 1.2420921586948185e-09 / 1.2420921586948185e-09 = 1.0
on time step 11680 (time=121.667), 0.0216233 s/step
on time step 11866 (time=123.604), 0.0215871 s/step
on time step 12052 (time=125.542), 0.0215622 s/step
on time step 12237 (time=127.469), 0.0216649 s/step
on time step 12423 (time=129.406), 0.0215582 s/step
on time step 12608 (time=131.333), 0.0216836 s/step
on time step 12794 (time=133.271), 0.0215834 s/step
on time step 12979 (time=135.198), 0.0216307 s/step
on time step 13165 (time=137.135), 0.0215897 s/step
on time step 13352 (time=139.083), 0.0214936 s/step
field decay(t = 140.04166666666666): 3.490563558267609e-09 / 3.490563558267609e-09 = 1.0
on time step 13539 (time=141.031), 0.021487 s/step
on time step 13724 (time=142.958), 0.021684 s/step
on time step 13910 (time=144.896), 0.0215696 s/step
on time step 14096 (time=146.833), 0.0215089 s/step
on time step 14282 (time=148.771), 0.0216041 s/step
on time step 14468 (time=150.708), 0.0215486 s/step
on time step 14652 (time=152.625), 0.0217698 s/step
on time step 14837 (time=154.552), 0.0216476 s/step
on time step 15024 (time=156.5), 0.0214636 s/step
on time step 15211 (time=158.448), 0.0214424 s/step
field decay(t = 160.05208333333331): 9.574161224724296e-09 / 9.574161224724296e-09 = 1.0
on time step 15399 (time=160.406), 0.0213887 s/step
on time step 15586 (time=162.354), 0.0213966 s/step
on time step 15774 (time=164.312), 0.0213843 s/step
on time step 15962 (time=166.271), 0.0213659 s/step
on time step 16150 (time=168.229), 0.0213488 s/step
on time step 16338 (time=170.188), 0.0213525 s/step
on time step 16526 (time=172.146), 0.021362 s/step
on time step 16713 (time=174.094), 0.0214023 s/step
on time step 16900 (time=176.042), 0.0214343 s/step
on time step 17088 (time=178), 0.0213795 s/step
on time step 17276 (time=179.958), 0.0213857 s/step
field decay(t = 180.0625): 2.0076380845709153e-08 / 2.0076380845709153e-08 = 1.0
on time step 17465 (time=181.927), 0.0212566 s/step
on time step 17654 (time=183.896), 0.0212248 s/step
on time step 17842 (time=185.854), 0.0212994 s/step
on time step 18031 (time=187.823), 0.0212145 s/step
on time step 18219 (time=189.781), 0.0213686 s/step
on time step 18407 (time=191.74), 0.0213014 s/step
on time step 18595 (time=193.698), 0.0213703 s/step
on time step 18784 (time=195.667), 0.021277 s/step
on time step 18972 (time=197.625), 0.021305 s/step
on time step 19161 (time=199.594), 0.0212578 s/step
field decay(t = 200.07291666666666): 5.236697127222631e-08 / 5.236697127222631e-08 = 1.0
on time step 19350 (time=201.562), 0.0212736 s/step
on time step 19539 (time=203.531), 0.0212314 s/step
on time step 19726 (time=205.479), 0.0214915 s/step
on time step 19912 (time=207.417), 0.0215812 s/step
on time step 20098 (time=209.354), 0.0215151 s/step
on time step 20284 (time=211.292), 0.0215738 s/step
on time step 20470 (time=213.229), 0.0215791 s/step
on time step 20656 (time=215.167), 0.0215653 s/step
on time step 20842 (time=217.104), 0.0215743 s/step
on time step 21029 (time=219.052), 0.0214895 s/step
field decay(t = 220.08333333333331): 1.2465508023309942e-07 / 1.2465508023309942e-07 = 1.0
on time step 21215 (time=220.99), 0.0216 s/step
on time step 21401 (time=222.927), 0.0216098 s/step
on time step 21587 (time=224.865), 0.0215483 s/step
on time step 21774 (time=226.812), 0.0214965 s/step
on time step 21960 (time=228.75), 0.0215777 s/step
on time step 22146 (time=230.688), 0.021563 s/step
on time step 22333 (time=232.635), 0.0215052 s/step
on time step 22519 (time=234.573), 0.0215943 s/step
on time step 22705 (time=236.51), 0.0215249 s/step
on time step 22891 (time=238.448), 0.0215713 s/step
field decay(t = 240.09375): 2.6223074764905456e-07 / 2.6223074764905456e-07 = 1.0
on time step 23077 (time=240.385), 0.0215797 s/step
on time step 23263 (time=242.323), 0.0215494 s/step
on time step 23449 (time=244.26), 0.0215683 s/step
on time step 23634 (time=246.188), 0.0216404 s/step
on time step 23820 (time=248.125), 0.0215087 s/step
on time step 24006 (time=250.062), 0.0215381 s/step
on time step 24192 (time=252), 0.0215468 s/step
on time step 24378 (time=253.938), 0.0215501 s/step
on time step 24564 (time=255.875), 0.0216068 s/step
on time step 24750 (time=257.812), 0.0215865 s/step
on time step 24936 (time=259.75), 0.0215935 s/step
field decay(t = 260.10416666666663): 6.326860775097674e-07 / 6.326860775097674e-07 = 1.0
on time step 25122 (time=261.688), 0.0215507 s/step
on time step 25308 (time=263.625), 0.0215295 s/step
on time step 25494 (time=265.562), 0.0215844 s/step
on time step 25681 (time=267.51), 0.0214824 s/step
on time step 25866 (time=269.438), 0.0216538 s/step
on time step 26052 (time=271.375), 0.0215984 s/step
on time step 26237 (time=273.302), 0.0216601 s/step
on time step 26422 (time=275.229), 0.0216432 s/step
on time step 26607 (time=277.156), 0.0216672 s/step
on time step 26792 (time=279.083), 0.0216486 s/step
field decay(t = 280.1145833333333): 1.2020178812250207e-06 / 1.2020178812250207e-06 = 1.0
on time step 26977 (time=281.01), 0.0216525 s/step
on time step 27162 (time=282.938), 0.0216459 s/step
on time step 27347 (time=284.865), 0.021651 s/step
on time step 27532 (time=286.792), 0.0216425 s/step
on time step 27718 (time=288.729), 0.0216147 s/step
on time step 27904 (time=290.667), 0.0216084 s/step
on time step 28090 (time=292.604), 0.0216092 s/step
on time step 28276 (time=294.542), 0.0216142 s/step
on time step 28462 (time=296.479), 0.0216113 s/step
on time step 28648 (time=298.417), 0.0216153 s/step
field decay(t = 300.125): 2.7578196641250084e-06 / 2.7578196641250084e-06 = 1.0
on time step 28834 (time=300.354), 0.02162 s/step
on time step 29020 (time=302.292), 0.0216165 s/step
on time step 29206 (time=304.229), 0.0216137 s/step
on time step 29392 (time=306.167), 0.0215934 s/step
on time step 29580 (time=308.125), 0.0213124 s/step
on time step 29768 (time=310.083), 0.0212887 s/step
on time step 29955 (time=312.031), 0.0214189 s/step
on time step 30143 (time=313.99), 0.0213535 s/step
on time step 30331 (time=315.948), 0.021325 s/step
on time step 30519 (time=317.906), 0.0213029 s/step
on time step 30708 (time=319.875), 0.0212696 s/step
field decay(t = 320.13541666666663): 6.147618517064382e-06 / 6.147618517064382e-06 = 1.0
on time step 30895 (time=321.823), 0.0213976 s/step
on time step 31083 (time=323.781), 0.0213196 s/step
on time step 31271 (time=325.74), 0.0213584 s/step
on time step 31459 (time=327.698), 0.0213479 s/step
on time step 31648 (time=329.667), 0.0212647 s/step
on time step 31835 (time=331.615), 0.0213953 s/step
on time step 32023 (time=333.573), 0.0213003 s/step
on time step 32211 (time=335.531), 0.0213239 s/step
on time step 32398 (time=337.479), 0.0214195 s/step
on time step 32586 (time=339.438), 0.0212966 s/step
field decay(t = 340.1458333333333): 1.1004933708409006e-05 / 1.1004933708409006e-05 = 1.0
on time step 32775 (time=341.406), 0.021266 s/step
on time step 32963 (time=343.365), 0.0212799 s/step
on time step 33152 (time=345.333), 0.0212601 s/step
on time step 33341 (time=347.302), 0.0212582 s/step
on time step 33530 (time=349.271), 0.0212448 s/step
on time step 33719 (time=351.24), 0.0212642 s/step
on time step 33907 (time=353.198), 0.021306 s/step
on time step 34095 (time=355.156), 0.0213301 s/step
on time step 34283 (time=357.115), 0.0213706 s/step
on time step 34471 (time=359.073), 0.021391 s/step
field decay(t = 360.15625): 2.3324378042701072e-05 / 2.3324378042701072e-05 = 1.0
on time step 34659 (time=361.031), 0.0213646 s/step
on time step 34847 (time=362.99), 0.02138 s/step
on time step 35034 (time=364.938), 0.0214052 s/step
on time step 35221 (time=366.885), 0.0214107 s/step
on time step 35408 (time=368.833), 0.0214455 s/step
on time step 35596 (time=370.792), 0.0212797 s/step
on time step 35783 (time=372.74), 0.0214008 s/step
on time step 35971 (time=374.698), 0.0213818 s/step
on time step 36159 (time=376.656), 0.0213858 s/step
on time step 36347 (time=378.615), 0.0213844 s/step
field decay(t = 380.16666666666663): 4.802743518113309e-05 / 4.802743518113309e-05 = 1.0
on time step 36535 (time=380.573), 0.0213695 s/step
on time step 36723 (time=382.531), 0.0213721 s/step
on time step 36911 (time=384.49), 0.0213565 s/step
on time step 37099 (time=386.448), 0.0213588 s/step
on time step 37287 (time=388.406), 0.0213428 s/step
on time step 37475 (time=390.365), 0.0213236 s/step
on time step 37663 (time=392.323), 0.0213006 s/step
on time step 37850 (time=394.271), 0.0213918 s/step
on time step 38038 (time=396.229), 0.0213036 s/step
on time step 38226 (time=398.188), 0.0213221 s/step
on time step 38414 (time=400.146), 0.0213136 s/step
field decay(t = 400.1770833333333): 8.100790651692514e-05 / 8.100790651692514e-05 = 1.0
on time step 38602 (time=402.104), 0.021373 s/step
on time step 38790 (time=404.062), 0.0213065 s/step
on time step 38978 (time=406.021), 0.0213218 s/step
on time step 39166 (time=407.979), 0.0213219 s/step
on time step 39354 (time=409.938), 0.0212904 s/step
on time step 39541 (time=411.885), 0.0214189 s/step
on time step 39729 (time=413.844), 0.0213602 s/step
on time step 39917 (time=415.802), 0.0213092 s/step
on time step 40105 (time=417.76), 0.021341 s/step
on time step 40293 (time=419.719), 0.0213068 s/step
field decay(t = 420.1875): 0.0001585871856202654 / 0.0001585871856202654 = 1.0
on time step 40481 (time=421.677), 0.0213166 s/step
on time step 40668 (time=423.625), 0.0214054 s/step
on time step 40856 (time=425.583), 0.0212967 s/step
on time step 41044 (time=427.542), 0.0213039 s/step
on time step 41231 (time=429.49), 0.021394 s/step
on time step 41419 (time=431.448), 0.0212922 s/step
on time step 41607 (time=433.406), 0.0213658 s/step
on time step 41795 (time=435.365), 0.0213671 s/step
on time step 41983 (time=437.323), 0.021309 s/step
on time step 42171 (time=439.281), 0.0213311 s/step
field decay(t = 440.19791666666663): 0.00030161770000643634 / 0.00030161770000643634 = 1.0
on time step 42359 (time=441.24), 0.0213537 s/step
on time step 42547 (time=443.198), 0.0213798 s/step
on time step 42735 (time=445.156), 0.0213665 s/step
on time step 42923 (time=447.115), 0.0213608 s/step
on time step 43111 (time=449.073), 0.0213174 s/step
on time step 43299 (time=451.031), 0.0213821 s/step
on time step 43486 (time=452.979), 0.0214108 s/step
on time step 43674 (time=454.938), 0.0213296 s/step
on time step 43862 (time=456.896), 0.0212884 s/step
on time step 44050 (time=458.854), 0.021353 s/step
field decay(t = 460.2083333333333): 0.0004792996106096604 / 0.0004792996106096604 = 1.0
on time step 44238 (time=460.812), 0.021361 s/step
on time step 44426 (time=462.771), 0.0213291 s/step
on time step 44614 (time=464.729), 0.0213581 s/step
on time step 44802 (time=466.688), 0.0213902 s/step
on time step 44990 (time=468.646), 0.0213529 s/step
on time step 45178 (time=470.604), 0.0213327 s/step
on time step 45366 (time=472.562), 0.0213411 s/step
on time step 45554 (time=474.521), 0.0213099 s/step
on time step 45742 (time=476.479), 0.0213349 s/step
on time step 45930 (time=478.438), 0.021329 s/step
field decay(t = 480.21875): 0.0008665916265401375 / 0.0008665916265401375 = 1.0
on time step 46118 (time=480.396), 0.0213178 s/step
on time step 46306 (time=482.354), 0.0213323 s/step
on time step 46494 (time=484.312), 0.0213332 s/step
on time step 46682 (time=486.271), 0.0213295 s/step
on time step 46870 (time=488.229), 0.0213293 s/step
on time step 47058 (time=490.188), 0.0213337 s/step
on time step 47246 (time=492.146), 0.0213257 s/step
on time step 47434 (time=494.104), 0.0213321 s/step
on time step 47622 (time=496.062), 0.021319 s/step
on time step 47810 (time=498.021), 0.0213253 s/step
on time step 47998 (time=499.979), 0.0213059 s/step
field decay(t = 500.22916666666663): 0.0014870709349955162 / 0.0014870709349955162 = 1.0
on time step 48186 (time=501.938), 0.0213085 s/step
on time step 48374 (time=503.896), 0.0213237 s/step
on time step 48562 (time=505.854), 0.0213048 s/step
on time step 48750 (time=507.812), 0.0213254 s/step
on time step 48938 (time=509.771), 0.0213308 s/step
on time step 49126 (time=511.729), 0.0213388 s/step
on time step 49314 (time=513.688), 0.0213475 s/step
on time step 49502 (time=515.646), 0.0213374 s/step
on time step 49690 (time=517.604), 0.0213175 s/step
on time step 49878 (time=519.562), 0.0213005 s/step
field decay(t = 520.2291666666666): 0.002278633610328766 / 0.002278633610328766 = 1.0
on time step 50065 (time=521.51), 0.0214443 s/step
on time step 50250 (time=523.438), 0.0216811 s/step
on time step 50436 (time=525.375), 0.0215088 s/step
on time step 50623 (time=527.323), 0.0214907 s/step
on time step 50810 (time=529.271), 0.0214545 s/step
on time step 50997 (time=531.219), 0.0214854 s/step
on time step 51184 (time=533.167), 0.0214871 s/step
on time step 51367 (time=535.073), 0.0218902 s/step
on time step 51553 (time=537.01), 0.0215894 s/step
on time step 51740 (time=538.958), 0.0215068 s/step
field decay(t = 540.2395833333333): 0.0038044287534150577 / 0.0038044287534150577 = 1.0
on time step 51927 (time=540.906), 0.0214646 s/step
on time step 52114 (time=542.854), 0.0214423 s/step
on time step 52301 (time=544.802), 0.0214677 s/step
on time step 52489 (time=546.76), 0.0213528 s/step
on time step 52677 (time=548.719), 0.0213628 s/step
on time step 52865 (time=550.677), 0.0213582 s/step
on time step 53053 (time=552.635), 0.0213708 s/step
on time step 53241 (time=554.594), 0.0213491 s/step
on time step 53429 (time=556.552), 0.021357 s/step
on time step 53616 (time=558.5), 0.0214044 s/step
field decay(t = 560.25): 0.005482559584529392 / 0.005482559584529392 = 1.0
on time step 53803 (time=560.448), 0.0214389 s/step
on time step 53989 (time=562.385), 0.0215297 s/step
on time step 54176 (time=564.333), 0.0214124 s/step
on time step 54364 (time=566.292), 0.0213825 s/step
on time step 54551 (time=568.24), 0.0214055 s/step
on time step 54739 (time=570.198), 0.0213377 s/step
on time step 54927 (time=572.156), 0.0213219 s/step
on time step 55115 (time=574.115), 0.0212955 s/step
on time step 55303 (time=576.073), 0.0213168 s/step
on time step 55491 (time=578.031), 0.021346 s/step
on time step 55679 (time=579.99), 0.0213312 s/step
field decay(t = 580.2604166666666): 0.008700525941417016 / 0.008700525941417016 = 1.0
on time step 55867 (time=581.948), 0.0213207 s/step
on time step 56055 (time=583.906), 0.0213053 s/step
on time step 56243 (time=585.865), 0.0213078 s/step
on time step 56429 (time=587.802), 0.0215186 s/step
on time step 56615 (time=589.74), 0.0215898 s/step
on time step 56803 (time=591.698), 0.0213187 s/step
on time step 56987 (time=593.615), 0.0218392 s/step
on time step 57172 (time=595.542), 0.0217226 s/step
on time step 57360 (time=597.5), 0.0213089 s/step
on time step 57548 (time=599.458), 0.0213049 s/step
field decay(t = 600.2708333333333): 0.01341189163878819 / 0.01341189163878819 = 1.0
on time step 57736 (time=601.417), 0.0213857 s/step
on time step 57924 (time=603.375), 0.0213201 s/step
on time step 58112 (time=605.333), 0.0213141 s/step
on time step 58298 (time=607.271), 0.021532 s/step
on time step 58486 (time=609.229), 0.0213075 s/step
on time step 58673 (time=611.177), 0.0214097 s/step
on time step 58860 (time=613.125), 0.0214072 s/step
on time step 59047 (time=615.073), 0.0213957 s/step
on time step 59233 (time=617.01), 0.0215908 s/step
on time step 59420 (time=618.958), 0.0213983 s/step
field decay(t = 620.28125): 0.018203717421207587 / 0.018203717421207587 = 1.0
on time step 59608 (time=620.917), 0.0213733 s/step
on time step 59795 (time=622.865), 0.0214524 s/step
on time step 59982 (time=624.812), 0.021449 s/step
on time step 60170 (time=626.771), 0.0213504 s/step
on time step 60356 (time=628.708), 0.0215238 s/step
on time step 60544 (time=630.667), 0.0213844 s/step
on time step 60730 (time=632.604), 0.021538 s/step
on time step 60918 (time=634.562), 0.0213895 s/step
on time step 61106 (time=636.521), 0.0213612 s/step
on time step 61294 (time=638.479), 0.0213559 s/step
field decay(t = 640.2916666666666): 0.02666804041097236 / 0.02666804041097236 = 1.0
on time step 61482 (time=640.438), 0.0213687 s/step
on time step 61669 (time=642.385), 0.0214327 s/step
on time step 61857 (time=644.344), 0.0213603 s/step
on time step 62045 (time=646.302), 0.0213579 s/step
on time step 62233 (time=648.26), 0.0213769 s/step
on time step 62421 (time=650.219), 0.0213765 s/step
on time step 62609 (time=652.177), 0.0213878 s/step
on time step 62797 (time=654.135), 0.0213495 s/step
on time step 62985 (time=656.094), 0.0213648 s/step
on time step 63173 (time=658.052), 0.0213853 s/step
on time step 63361 (time=660.01), 0.0213475 s/step
field decay(t = 660.3020833333333): 0.03794597329355679 / 0.03794597329355679 = 1.0
on time step 63549 (time=661.969), 0.0213458 s/step
on time step 63737 (time=663.927), 0.0213725 s/step
on time step 63925 (time=665.885), 0.0213349 s/step
on time step 64113 (time=667.844), 0.0213402 s/step
on time step 64301 (time=669.802), 0.0213336 s/step
on time step 64489 (time=671.76), 0.0213344 s/step
on time step 64677 (time=673.719), 0.021319 s/step
on time step 64865 (time=675.677), 0.0213374 s/step
on time step 65053 (time=677.635), 0.0213315 s/step
on time step 65241 (time=679.594), 0.0213356 s/step
field decay(t = 680.3125): 0.048498817669900135 / 0.048498817669900135 = 1.0
on time step 65429 (time=681.552), 0.021319 s/step
on time step 65617 (time=683.51), 0.0213325 s/step
on time step 65805 (time=685.469), 0.0213253 s/step
on time step 65993 (time=687.427), 0.0213335 s/step
on time step 66181 (time=689.385), 0.021329 s/step
on time step 66369 (time=691.344), 0.0213191 s/step
on time step 66557 (time=693.302), 0.0213306 s/step
on time step 66745 (time=695.26), 0.0213275 s/step
on time step 66933 (time=697.219), 0.021324 s/step
on time step 67121 (time=699.177), 0.021335 s/step
field decay(t = 700.3229166666666): 0.06557181632993317 / 0.06557181632993317 = 1.0
on time step 67309 (time=701.135), 0.0213201 s/step
on time step 67497 (time=703.094), 0.0213378 s/step
on time step 67685 (time=705.052), 0.0213337 s/step
on time step 67873 (time=707.01), 0.0213361 s/step
on time step 68061 (time=708.969), 0.0213298 s/step
on time step 68249 (time=710.927), 0.0213275 s/step
on time step 68437 (time=712.885), 0.0213404 s/step
on time step 68625 (time=714.844), 0.0213266 s/step
on time step 68813 (time=716.802), 0.0213184 s/step
on time step 69001 (time=718.76), 0.0213569 s/step
field decay(t = 720.3333333333333): 0.08609913259829434 / 0.08609913259829434 = 1.0
on time step 69189 (time=720.719), 0.0213903 s/step
on time step 69377 (time=722.677), 0.0213671 s/step
on time step 69564 (time=724.625), 0.0213975 s/step
on time step 69752 (time=726.583), 0.0213285 s/step
on time step 69940 (time=728.542), 0.021331 s/step
on time step 70128 (time=730.5), 0.0213181 s/step
on time step 70316 (time=732.458), 0.0213197 s/step
on time step 70504 (time=734.417), 0.0213781 s/step
on time step 70692 (time=736.375), 0.0213461 s/step
on time step 70880 (time=738.333), 0.0213485 s/step
on time step 71068 (time=740.292), 0.0213671 s/step
field decay(t = 740.34375): 0.10360014248662516 / 0.10360014248662516 = 1.0
on time step 71256 (time=742.25), 0.0213297 s/step
on time step 71444 (time=744.208), 0.0213341 s/step
on time step 71632 (time=746.167), 0.0213275 s/step
on time step 71820 (time=748.125), 0.0213487 s/step
on time step 72008 (time=750.083), 0.0213271 s/step
on time step 72196 (time=752.042), 0.0213305 s/step
on time step 72384 (time=754), 0.0213261 s/step
on time step 72572 (time=755.958), 0.0213281 s/step
on time step 72760 (time=757.917), 0.0213309 s/step
on time step 72948 (time=759.875), 0.0213455 s/step
field decay(t = 760.3541666666666): 0.12922863059500508 / 0.12922863059500508 = 1.0
on time step 73136 (time=761.833), 0.0213347 s/step
on time step 73324 (time=763.792), 0.0213353 s/step
on time step 73512 (time=765.75), 0.0213447 s/step
on time step 73700 (time=767.708), 0.0213281 s/step
on time step 73888 (time=769.667), 0.0213298 s/step
on time step 74076 (time=771.625), 0.0213286 s/step
on time step 74263 (time=773.573), 0.0214372 s/step
on time step 74451 (time=775.531), 0.0213645 s/step
on time step 74639 (time=777.49), 0.0213803 s/step
on time step 74827 (time=779.448), 0.0213476 s/step
field decay(t = 780.3645833333333): 0.15611697979640266 / 0.15611697979640266 = 1.0
on time step 75015 (time=781.406), 0.0213799 s/step
on time step 75203 (time=783.365), 0.0213699 s/step
on time step 75390 (time=785.312), 0.0214184 s/step
on time step 75577 (time=787.26), 0.0214111 s/step
on time step 75764 (time=789.208), 0.0214595 s/step
on time step 75952 (time=791.167), 0.0213879 s/step
on time step 76139 (time=793.115), 0.0214477 s/step
on time step 76326 (time=795.062), 0.0214606 s/step
on time step 76513 (time=797.01), 0.0214082 s/step
on time step 76700 (time=798.958), 0.0214 s/step
field decay(t = 800.375): 0.17726556874536498 / 0.17726556874536498 = 1.0
on time step 76887 (time=800.906), 0.021458 s/step
on time step 77073 (time=802.844), 0.0215375 s/step
on time step 77261 (time=804.802), 0.021361 s/step
on time step 77448 (time=806.75), 0.0214788 s/step
on time step 77635 (time=808.698), 0.0214404 s/step
on time step 77820 (time=810.625), 0.0216653 s/step
on time step 78003 (time=812.531), 0.0218885 s/step
on time step 78188 (time=814.458), 0.0216825 s/step
on time step 78372 (time=816.375), 0.0217843 s/step
on time step 78555 (time=818.281), 0.0218923 s/step
on time step 78738 (time=820.188), 0.0219425 s/step
field decay(t = 820.3854166666666): 0.20391988935746092 / 0.20391988935746092 = 1.0
on time step 78920 (time=822.083), 0.0220126 s/step
on time step 79102 (time=823.979), 0.0219982 s/step
on time step 79286 (time=825.896), 0.0217631 s/step
on time step 79470 (time=827.812), 0.0217757 s/step
on time step 79653 (time=829.719), 0.0219291 s/step
on time step 79836 (time=831.625), 0.0218732 s/step
on time step 80019 (time=833.531), 0.0219747 s/step
on time step 80203 (time=835.448), 0.0217904 s/step
on time step 80386 (time=837.354), 0.0219372 s/step
on time step 80569 (time=839.26), 0.0219415 s/step
field decay(t = 840.3958333333333): 0.22215724991840816 / 0.22215724991840816 = 1.0
on time step 80752 (time=841.167), 0.0219612 s/step
on time step 80935 (time=843.073), 0.0219423 s/step
on time step 81118 (time=844.979), 0.0219195 s/step
on time step 81300 (time=846.875), 0.0219939 s/step
on time step 81483 (time=848.781), 0.0218641 s/step
on time step 81667 (time=850.698), 0.0217669 s/step
on time step 81851 (time=852.615), 0.0217539 s/step
on time step 82036 (time=854.542), 0.0217391 s/step
on time step 82221 (time=856.469), 0.0217386 s/step
on time step 82405 (time=858.385), 0.0217777 s/step
on time step 82590 (time=860.312), 0.0217366 s/step
field decay(t = 860.40625): 0.2426618401669479 / 0.2426618401669479 = 1.0
on time step 82774 (time=862.229), 0.0217403 s/step
on time step 82958 (time=864.146), 0.0217423 s/step
on time step 83140 (time=866.042), 0.0220138 s/step
on time step 83323 (time=867.948), 0.0219624 s/step
on time step 83505 (time=869.844), 0.0219809 s/step
on time step 83687 (time=871.74), 0.021995 s/step
on time step 83869 (time=873.635), 0.0220166 s/step
on time step 84051 (time=875.531), 0.02203 s/step
on time step 84233 (time=877.427), 0.0219895 s/step
on time step 84415 (time=879.323), 0.0220248 s/step
field decay(t = 880.4166666666666): 0.25730083463749565 / 0.25730083463749565 = 1.0
on time step 84597 (time=881.219), 0.0220306 s/step
on time step 84779 (time=883.115), 0.0219783 s/step
on time step 84961 (time=885.01), 0.021989 s/step
on time step 85143 (time=886.906), 0.0220142 s/step
on time step 85325 (time=888.802), 0.0220492 s/step
on time step 85511 (time=890.74), 0.021602 s/step
on time step 85698 (time=892.688), 0.0214246 s/step
on time step 85886 (time=894.646), 0.0213879 s/step
on time step 86073 (time=896.594), 0.0214329 s/step
on time step 86260 (time=898.542), 0.0214945 s/step
field decay(t = 900.4270833333333): 0.2636521593461775 / 0.2636521593461775 = 1.0
on time step 86447 (time=900.49), 0.0214332 s/step
on time step 86634 (time=902.438), 0.021433 s/step
on time step 86822 (time=904.396), 0.0213361 s/step
on time step 87009 (time=906.344), 0.0214517 s/step
on time step 87196 (time=908.292), 0.0214976 s/step
on time step 87384 (time=910.25), 0.0213683 s/step
on time step 87570 (time=912.188), 0.0215075 s/step
on time step 87756 (time=914.125), 0.021542 s/step
on time step 87941 (time=916.052), 0.0216516 s/step
on time step 88127 (time=917.99), 0.0215601 s/step
on time step 88313 (time=919.927), 0.0215378 s/step
field decay(t = 920.4375): 0.2656593661745257 / 0.2656593661745257 = 1.0
on time step 88498 (time=921.854), 0.0216321 s/step
on time step 88683 (time=923.781), 0.0216435 s/step
on time step 88870 (time=925.729), 0.0214445 s/step
on time step 89056 (time=927.667), 0.021603 s/step
on time step 89242 (time=929.604), 0.0215718 s/step
on time step 89427 (time=931.531), 0.0217214 s/step
on time step 89612 (time=933.458), 0.0217036 s/step
on time step 89797 (time=935.385), 0.0216955 s/step
on time step 89982 (time=937.312), 0.0216911 s/step
on time step 90167 (time=939.24), 0.0217037 s/step
field decay(t = 940.4479166666666): 0.2645202707233418 / 0.2656593661745257 = 0.9957121954042623
on time step 90352 (time=941.167), 0.0216966 s/step
on time step 90537 (time=943.094), 0.0217095 s/step
on time step 90722 (time=945.021), 0.0217184 s/step
on time step 90907 (time=946.948), 0.0217093 s/step
on time step 91092 (time=948.875), 0.0217225 s/step
on time step 91277 (time=950.802), 0.0217069 s/step
on time step 91461 (time=952.719), 0.0217448 s/step
on time step 91646 (time=954.646), 0.0216972 s/step
on time step 91831 (time=956.573), 0.0217223 s/step
on time step 92016 (time=958.5), 0.0217024 s/step
on time step 92202 (time=960.438), 0.0215789 s/step
field decay(t = 960.4583333333333): 0.2564213020214616 / 0.2656593661745257 = 0.965225904563082
on time step 92390 (time=962.396), 0.0213255 s/step
on time step 92578 (time=964.354), 0.0213176 s/step
on time step 92766 (time=966.312), 0.0213243 s/step
on time step 92954 (time=968.271), 0.0213082 s/step
on time step 93142 (time=970.229), 0.0212999 s/step
on time step 93330 (time=972.188), 0.021303 s/step
on time step 93520 (time=974.167), 0.021083 s/step
on time step 93716 (time=976.208), 0.0205107 s/step
on time step 93912 (time=978.25), 0.0204346 s/step
on time step 94108 (time=980.292), 0.0204563 s/step
field decay(t = 980.46875): 0.24560920980221104 / 0.2656593661745257 = 0.9245268229724578
on time step 94304 (time=982.333), 0.0204335 s/step
on time step 94500 (time=984.375), 0.0204296 s/step
on time step 94696 (time=986.417), 0.0204339 s/step
on time step 94892 (time=988.458), 0.0204432 s/step
on time step 95088 (time=990.5), 0.0204473 s/step
on time step 95284 (time=992.542), 0.0204484 s/step
on time step 95480 (time=994.583), 0.0204685 s/step
on time step 95676 (time=996.625), 0.0204457 s/step
on time step 95872 (time=998.667), 0.0204341 s/step
field decay(t = 1000.4791666666666): 0.22584608929566768 / 0.2656593661745257 = 0.8501341117681409
on time step 96068 (time=1000.71), 0.0204285 s/step
on time step 96264 (time=1002.75), 0.0204269 s/step
on time step 96460 (time=1004.79), 0.0204395 s/step
on time step 96656 (time=1006.83), 0.0204582 s/step
on time step 96852 (time=1008.88), 0.0204179 s/step
on time step 97048 (time=1010.92), 0.0204389 s/step
on time step 97241 (time=1012.93), 0.0208242 s/step
on time step 97431 (time=1014.91), 0.0211278 s/step
on time step 97620 (time=1016.88), 0.0212018 s/step
on time step 97809 (time=1018.84), 0.0211893 s/step
field decay(t = 1020.4895833333333): 0.20146368358623712 / 0.2656593661745257 = 0.7583534000223616
on time step 98000 (time=1020.83), 0.0209689 s/step
on time step 98196 (time=1022.88), 0.0204841 s/step
on time step 98392 (time=1024.92), 0.0204824 s/step
on time step 98584 (time=1026.92), 0.0209395 s/step
on time step 98775 (time=1028.91), 0.0209579 s/step
on time step 98970 (time=1030.94), 0.0205304 s/step
on time step 99160 (time=1032.92), 0.0211188 s/step
on time step 99353 (time=1034.93), 0.0207405 s/step
on time step 99546 (time=1036.94), 0.0208312 s/step
on time step 99735 (time=1038.91), 0.0212085 s/step
field decay(t = 1040.4895833333333): 0.18125818368032076 / 0.2656593661745257 = 0.6822954759338042
on time step 99926 (time=1040.9), 0.0209504 s/step
on time step 100122 (time=1042.94), 0.0204636 s/step
on time step 100314 (time=1044.94), 0.0208516 s/step
on time step 100503 (time=1046.91), 0.0212216 s/step
on time step 100692 (time=1048.88), 0.0212328 s/step
on time step 100881 (time=1050.84), 0.0212345 s/step
on time step 101069 (time=1052.8), 0.0212802 s/step
on time step 101258 (time=1054.77), 0.0212314 s/step
on time step 101450 (time=1056.77), 0.0208921 s/step
on time step 101642 (time=1058.77), 0.0208782 s/step
field decay(t = 1060.5): 0.15326788496862723 / 0.2656593661745257 = 0.5769338652563729
on time step 101831 (time=1060.74), 0.0212066 s/step
on time step 102020 (time=1062.71), 0.021258 s/step
on time step 102211 (time=1064.7), 0.0210289 s/step
on time step 102399 (time=1066.66), 0.0213334 s/step
on time step 102588 (time=1068.62), 0.0212605 s/step
on time step 102777 (time=1070.59), 0.0212645 s/step
on time step 102966 (time=1072.56), 0.02125 s/step
on time step 103155 (time=1074.53), 0.0212544 s/step
on time step 103344 (time=1076.5), 0.0212659 s/step
on time step 103533 (time=1078.47), 0.0212636 s/step
on time step 103722 (time=1080.44), 0.0212666 s/step
field decay(t = 1080.5104166666665): 0.13185340486008948 / 0.2656593661745257 = 0.49632507507176693
on time step 103911 (time=1082.41), 0.0212596 s/step
on time step 104100 (time=1084.38), 0.0212574 s/step
on time step 104289 (time=1086.34), 0.0212644 s/step
on time step 104478 (time=1088.31), 0.0212627 s/step
on time step 104667 (time=1090.28), 0.0212638 s/step
on time step 104856 (time=1092.25), 0.021247 s/step
on time step 105045 (time=1094.22), 0.0212763 s/step
on time step 105234 (time=1096.19), 0.021259 s/step
on time step 105423 (time=1098.16), 0.0212559 s/step
on time step 105612 (time=1100.12), 0.0212655 s/step
field decay(t = 1100.5208333333333): 0.10609562292588318 / 0.2656593661745257 = 0.39936714618291813
on time step 105801 (time=1102.09), 0.0212599 s/step
on time step 105990 (time=1104.06), 0.0212667 s/step
on time step 106178 (time=1106.02), 0.0212937 s/step
on time step 106366 (time=1107.98), 0.0212971 s/step
on time step 106554 (time=1109.94), 0.0212978 s/step
on time step 106742 (time=1111.9), 0.0213004 s/step
on time step 106930 (time=1113.85), 0.021348 s/step
on time step 107118 (time=1115.81), 0.0213092 s/step
on time step 107306 (time=1117.77), 0.0213132 s/step
on time step 107494 (time=1119.73), 0.0213033 s/step
field decay(t = 1120.53125): 0.08237802994609074 / 0.2656593661745257 = 0.31008893506119506
on time step 107682 (time=1121.69), 0.0212971 s/step
on time step 107870 (time=1123.65), 0.0213076 s/step
on time step 108058 (time=1125.6), 0.0213046 s/step
on time step 108246 (time=1127.56), 0.0213015 s/step
on time step 108434 (time=1129.52), 0.0213028 s/step
on time step 108622 (time=1131.48), 0.0213083 s/step
on time step 108810 (time=1133.44), 0.021315 s/step
on time step 108998 (time=1135.4), 0.021305 s/step
on time step 109186 (time=1137.35), 0.0212963 s/step
on time step 109374 (time=1139.31), 0.0213022 s/step
field decay(t = 1140.5416666666665): 0.06674698562176834 / 0.2656593661745257 = 0.251250263007549
on time step 109562 (time=1141.27), 0.0213011 s/step
on time step 109750 (time=1143.23), 0.0213161 s/step
on time step 109938 (time=1145.19), 0.0213325 s/step
on time step 110126 (time=1147.15), 0.0213303 s/step
on time step 110314 (time=1149.1), 0.0213275 s/step
on time step 110502 (time=1151.06), 0.0213285 s/step
on time step 110690 (time=1153.02), 0.021344 s/step
on time step 110878 (time=1154.98), 0.0213228 s/step
on time step 111066 (time=1156.94), 0.021323 s/step
on time step 111254 (time=1158.9), 0.021329 s/step
field decay(t = 1160.5520833333333): 0.049039024501697226 / 0.2656593661745257 = 0.18459362155325215
on time step 111442 (time=1160.85), 0.021317 s/step
on time step 111630 (time=1162.81), 0.0213042 s/step
on time step 111818 (time=1164.77), 0.0213024 s/step
on time step 112006 (time=1166.73), 0.0212866 s/step
on time step 112194 (time=1168.69), 0.021298 s/step
on time step 112382 (time=1170.65), 0.0212808 s/step
on time step 112571 (time=1172.61), 0.0212676 s/step
on time step 112760 (time=1174.58), 0.0212604 s/step
on time step 112949 (time=1176.55), 0.021275 s/step
on time step 113138 (time=1178.52), 0.0212706 s/step
on time step 113327 (time=1180.49), 0.0212762 s/step
field decay(t = 1180.5625): 0.034894173919936426 / 0.2656593661745257 = 0.13134930803460773
on time step 113515 (time=1182.45), 0.0212803 s/step
on time step 113704 (time=1184.42), 0.0212715 s/step
on time step 113892 (time=1186.38), 0.0212793 s/step
on time step 114081 (time=1188.34), 0.0212769 s/step
on time step 114270 (time=1190.31), 0.0212754 s/step
on time step 114459 (time=1192.28), 0.0212667 s/step
on time step 114648 (time=1194.25), 0.0212687 s/step
on time step 114837 (time=1196.22), 0.0212688 s/step
on time step 115026 (time=1198.19), 0.0212755 s/step
on time step 115214 (time=1200.15), 0.0212768 s/step
field decay(t = 1200.5729166666665): 0.02646598798887959 / 0.2656593661745257 = 0.09962377148597382
on time step 115402 (time=1202.1), 0.0213033 s/step
on time step 115590 (time=1204.06), 0.021303 s/step
on time step 115778 (time=1206.02), 0.021303 s/step
on time step 115966 (time=1207.98), 0.0213033 s/step
on time step 116154 (time=1209.94), 0.0212986 s/step
on time step 116342 (time=1211.9), 0.0213059 s/step
on time step 116530 (time=1213.85), 0.0212947 s/step
on time step 116718 (time=1215.81), 0.0213093 s/step
on time step 116907 (time=1217.78), 0.0211824 s/step
on time step 117096 (time=1219.75), 0.0211881 s/step
field decay(t = 1220.5833333333333): 0.01778992487780067 / 0.2656593661745257 = 0.06696517097806191
on time step 117286 (time=1221.73), 0.0210941 s/step
on time step 117476 (time=1223.71), 0.0211415 s/step
on time step 117666 (time=1225.69), 0.0210939 s/step
on time step 117856 (time=1227.67), 0.0211573 s/step
on time step 118045 (time=1229.64), 0.0211643 s/step
on time step 118234 (time=1231.6), 0.0211742 s/step
on time step 118424 (time=1233.58), 0.021159 s/step
on time step 118614 (time=1235.56), 0.0211135 s/step
on time step 118804 (time=1237.54), 0.0210889 s/step
on time step 118994 (time=1239.52), 0.0211202 s/step
field decay(t = 1240.59375): 0.011567826637582391 / 0.2656593661745257 = 0.04354383135124577
on time step 119183 (time=1241.49), 0.021239 s/step
on time step 119372 (time=1243.46), 0.0212014 s/step
on time step 119561 (time=1245.43), 0.0211869 s/step
on time step 119751 (time=1247.41), 0.0211157 s/step
on time step 119941 (time=1249.39), 0.021074 s/step
on time step 120130 (time=1251.35), 0.0211795 s/step
on time step 120320 (time=1253.33), 0.0211011 s/step
on time step 120510 (time=1255.31), 0.0211633 s/step
on time step 120700 (time=1257.29), 0.0210862 s/step
on time step 120889 (time=1259.26), 0.0211954 s/step
field decay(t = 1260.6041666666665): 0.008193515046832642 / 0.2656593661745257 = 0.030842183977243583
on time step 121079 (time=1261.24), 0.0211073 s/step
on time step 121268 (time=1263.21), 0.0211828 s/step
on time step 121458 (time=1265.19), 0.0211479 s/step
on time step 121648 (time=1267.17), 0.0211047 s/step
on time step 121838 (time=1269.15), 0.0211394 s/step
on time step 122027 (time=1271.11), 0.0211791 s/step
on time step 122217 (time=1273.09), 0.0210693 s/step
on time step 122407 (time=1275.07), 0.0210882 s/step
on time step 122597 (time=1277.05), 0.021114 s/step
on time step 122786 (time=1279.02), 0.0212075 s/step
field decay(t = 1280.6145833333333): 0.005020510319421907 / 0.2656593661745257 = 0.01889829969752946
on time step 122976 (time=1281), 0.0210951 s/step
on time step 123166 (time=1282.98), 0.0211115 s/step
on time step 123356 (time=1284.96), 0.0211481 s/step
on time step 123547 (time=1286.95), 0.0210072 s/step
on time step 123740 (time=1288.96), 0.0207939 s/step
on time step 123932 (time=1290.96), 0.0208378 s/step
on time step 124124 (time=1292.96), 0.0209313 s/step
on time step 124315 (time=1294.95), 0.0210277 s/step
on time step 124506 (time=1296.94), 0.0209562 s/step
on time step 124698 (time=1298.94), 0.0209181 s/step
field decay(t = 1300.625): 0.002970724890706828 / 0.2656593661745257 = 0.011182458700722795
on time step 124889 (time=1300.93), 0.0209618 s/step
on time step 125081 (time=1302.93), 0.0209324 s/step
on time step 125272 (time=1304.92), 0.0209639 s/step
on time step 125463 (time=1306.91), 0.0209456 s/step
on time step 125654 (time=1308.9), 0.0209969 s/step
on time step 125845 (time=1310.89), 0.0209758 s/step
on time step 126037 (time=1312.89), 0.0209248 s/step
on time step 126228 (time=1314.88), 0.020994 s/step
on time step 126420 (time=1316.88), 0.0209335 s/step
on time step 126612 (time=1318.88), 0.0209411 s/step
field decay(t = 1320.6354166666665): 0.001957853712794193 / 0.2656593661745257 = 0.007369789896690393
on time step 126804 (time=1320.88), 0.0209421 s/step
on time step 126996 (time=1322.88), 0.0209395 s/step
on time step 127187 (time=1324.86), 0.0209565 s/step
on time step 127378 (time=1326.85), 0.0209728 s/step
on time step 127570 (time=1328.85), 0.0209321 s/step
on time step 127761 (time=1330.84), 0.0209437 s/step
on time step 127952 (time=1332.83), 0.020967 s/step
on time step 128143 (time=1334.82), 0.0209991 s/step
on time step 128335 (time=1336.82), 0.0209029 s/step
on time step 128527 (time=1338.82), 0.0209241 s/step
field decay(t = 1340.6458333333333): 0.0010874715928383875 / 0.2656593661745257 = 0.004093481093845454
on time step 128719 (time=1340.82), 0.0208952 s/step
on time step 128910 (time=1342.81), 0.0209705 s/step
on time step 129101 (time=1344.8), 0.0209572 s/step
on time step 129292 (time=1346.79), 0.0209851 s/step
on time step 129484 (time=1348.79), 0.0209372 s/step
on time step 129675 (time=1350.78), 0.020966 s/step
on time step 129867 (time=1352.78), 0.0209332 s/step
on time step 130059 (time=1354.78), 0.0209335 s/step
on time step 130251 (time=1356.78), 0.0209035 s/step
on time step 130442 (time=1358.77), 0.0209607 s/step
field decay(t = 1360.65625): 0.0006518623071718722 / 0.2656593661745257 = 0.002453752399392647
on time step 130634 (time=1360.77), 0.0209047 s/step
on time step 130826 (time=1362.77), 0.0209184 s/step
on time step 131018 (time=1364.77), 0.0209189 s/step
on time step 131210 (time=1366.77), 0.0209201 s/step
on time step 131402 (time=1368.77), 0.0209357 s/step
on time step 131594 (time=1370.77), 0.0209253 s/step
on time step 131784 (time=1372.75), 0.0211534 s/step
on time step 131974 (time=1374.73), 0.0210998 s/step
on time step 132164 (time=1376.71), 0.0211219 s/step
on time step 132354 (time=1378.69), 0.0211031 s/step
field decay(t = 1380.6666666666665): 0.00035458402104690133 / 0.2656593661745257 = 0.0013347318641645646
on time step 132544 (time=1380.67), 0.0211571 s/step
on time step 132734 (time=1382.65), 0.0210976 s/step
on time step 132924 (time=1384.62), 0.0210689 s/step
on time step 133114 (time=1386.6), 0.021077 s/step
on time step 133304 (time=1388.58), 0.0210984 s/step
on time step 133494 (time=1390.56), 0.0210878 s/step
on time step 133684 (time=1392.54), 0.0211454 s/step
on time step 133873 (time=1394.51), 0.0211665 s/step
on time step 134063 (time=1396.49), 0.0210611 s/step
on time step 134252 (time=1398.46), 0.0211777 s/step
on time step 134441 (time=1400.43), 0.0211674 s/step
field decay(t = 1400.6770833333333): 0.00017686908078688238 / 0.2656593661745257 = 0.0006657739319858489
on time step 134631 (time=1402.41), 0.0211075 s/step
on time step 134821 (time=1404.39), 0.0211212 s/step
on time step 135011 (time=1406.36), 0.0211082 s/step
on time step 135201 (time=1408.34), 0.0211344 s/step
on time step 135391 (time=1410.32), 0.0210611 s/step
on time step 135581 (time=1412.3), 0.0210908 s/step
on time step 135771 (time=1414.28), 0.0210997 s/step
on time step 135961 (time=1416.26), 0.0210782 s/step
on time step 136150 (time=1418.23), 0.0211681 s/step
on time step 136340 (time=1420.21), 0.0211368 s/step
field decay(t = 1420.6875): 0.00010197765240926857 / 0.2656593661745257 = 0.000383866203844942
on time step 136530 (time=1422.19), 0.021149 s/step
on time step 136720 (time=1424.17), 0.021105 s/step
on time step 136910 (time=1426.15), 0.021099 s/step
on time step 137100 (time=1428.12), 0.0211255 s/step
on time step 137290 (time=1430.1), 0.0211457 s/step
on time step 137480 (time=1432.08), 0.021097 s/step
on time step 137670 (time=1434.06), 0.0211524 s/step
on time step 137859 (time=1436.03), 0.0212615 s/step
on time step 138047 (time=1437.99), 0.0213406 s/step
on time step 138235 (time=1439.95), 0.0213231 s/step
field decay(t = 1440.6979166666665): 4.716911042708856e-05 / 0.2656593661745257 = 0.00017755485570232322
on time step 138423 (time=1441.91), 0.021368 s/step
on time step 138611 (time=1443.86), 0.0213257 s/step
on time step 138799 (time=1445.82), 0.0213146 s/step
on time step 138987 (time=1447.78), 0.0213369 s/step
on time step 139175 (time=1449.74), 0.0213319 s/step
on time step 139363 (time=1451.7), 0.0213245 s/step
on time step 139551 (time=1453.66), 0.021319 s/step
on time step 139739 (time=1455.61), 0.0213311 s/step
on time step 139927 (time=1457.57), 0.0213241 s/step
on time step 140115 (time=1459.53), 0.0213218 s/step
field decay(t = 1460.7083333333333): 2.076718805753157e-05 / 0.2656593661745257 = 7.817224122972764e-05
on time step 140303 (time=1461.49), 0.021331 s/step
on time step 140491 (time=1463.45), 0.0213893 s/step
on time step 140677 (time=1465.39), 0.0215857 s/step
on time step 140863 (time=1467.32), 0.02161 s/step
on time step 141051 (time=1469.28), 0.0213082 s/step
on time step 141239 (time=1471.24), 0.0213114 s/step
on time step 141427 (time=1473.2), 0.0213083 s/step
on time step 141615 (time=1475.16), 0.0213215 s/step
on time step 141803 (time=1477.11), 0.0213271 s/step
on time step 141991 (time=1479.07), 0.0213153 s/step
field decay(t = 1480.71875): 1.0845127854608423e-05 / 0.2656593661745257 = 4.0823434952726964e-05
on time step 142179 (time=1481.03), 0.0213238 s/step
on time step 142367 (time=1482.99), 0.0213396 s/step
on time step 142555 (time=1484.95), 0.021368 s/step
on time step 142743 (time=1486.91), 0.0213811 s/step
on time step 142931 (time=1488.86), 0.0213572 s/step
on time step 143119 (time=1490.82), 0.0213674 s/step
on time step 143307 (time=1492.78), 0.0213497 s/step
on time step 143495 (time=1494.74), 0.021357 s/step
on time step 143683 (time=1496.7), 0.0213478 s/step
on time step 143871 (time=1498.66), 0.0213639 s/step
on time step 144059 (time=1500.61), 0.0213896 s/step
field decay(t = 1500.7291666666665): 4.335129507904604e-06 / 0.2656593661745257 = 1.6318376311477864e-05
on time step 144247 (time=1502.57), 0.021382 s/step
on time step 144435 (time=1504.53), 0.0213572 s/step
on time step 144623 (time=1506.49), 0.021385 s/step
on time step 144810 (time=1508.44), 0.0214655 s/step
on time step 144998 (time=1510.4), 0.0213655 s/step
on time step 145186 (time=1512.35), 0.0213712 s/step
on time step 145374 (time=1514.31), 0.0213801 s/step
on time step 145562 (time=1516.27), 0.0213613 s/step
on time step 145750 (time=1518.23), 0.0213772 s/step
on time step 145938 (time=1520.19), 0.0213472 s/step
field decay(t = 1520.7395833333333): 1.6225052548986142e-06 / 0.2656593661745257 = 6.107464902376921e-06
on time step 146126 (time=1522.15), 0.0213887 s/step
on time step 146314 (time=1524.1), 0.0213628 s/step
on time step 146501 (time=1526.05), 0.0213907 s/step
on time step 146689 (time=1528.01), 0.0213822 s/step
on time step 146877 (time=1529.97), 0.0213819 s/step
on time step 147065 (time=1531.93), 0.0213857 s/step
on time step 147253 (time=1533.89), 0.021348 s/step
on time step 147441 (time=1535.84), 0.021339 s/step
on time step 147628 (time=1537.79), 0.0214462 s/step
on time step 147816 (time=1539.75), 0.0213899 s/step
field decay(t = 1540.75): 7.381829508302868e-07 / 0.2656593661745257 = 2.7786821953995603e-06
on time step 148003 (time=1541.7), 0.021443 s/step
on time step 148190 (time=1543.65), 0.0214391 s/step
on time step 148377 (time=1545.59), 0.0213978 s/step
on time step 148564 (time=1547.54), 0.0214179 s/step
on time step 148751 (time=1549.49), 0.0214376 s/step
on time step 148938 (time=1551.44), 0.0214026 s/step
on time step 149125 (time=1553.39), 0.0214421 s/step
on time step 149312 (time=1555.33), 0.0214033 s/step
on time step 149500 (time=1557.29), 0.0213406 s/step
on time step 149687 (time=1559.24), 0.0214033 s/step
field decay(t = 1560.7604166666665): 2.380284490763144e-07 / 0.2656593661745257 = 8.959911803747244e-07
on time step 149875 (time=1561.2), 0.0213377 s/step
on time step 150063 (time=1563.16), 0.0213814 s/step
on time step 150250 (time=1565.1), 0.0214043 s/step
on time step 150437 (time=1567.05), 0.0214272 s/step
on time step 150624 (time=1569), 0.0214022 s/step
on time step 150811 (time=1570.95), 0.021452 s/step
on time step 150998 (time=1572.9), 0.0213945 s/step
on time step 151185 (time=1574.84), 0.0213941 s/step
on time step 151372 (time=1576.79), 0.021426 s/step
on time step 151559 (time=1578.74), 0.0214249 s/step
on time step 151746 (time=1580.69), 0.0214234 s/step
field decay(t = 1580.7708333333333): 6.809450929748049e-08 / 0.2656593661745257 = 2.5632263705976627e-07
on time step 151933 (time=1582.64), 0.0214385 s/step
on time step 152120 (time=1584.58), 0.0214216 s/step
on time step 152307 (time=1586.53), 0.0214094 s/step
on time step 152495 (time=1588.49), 0.0213585 s/step
on time step 152683 (time=1590.45), 0.0213825 s/step
on time step 152869 (time=1592.39), 0.0215128 s/step
on time step 153056 (time=1594.33), 0.0214835 s/step
on time step 153243 (time=1596.28), 0.021434 s/step
on time step 153430 (time=1598.23), 0.0214357 s/step
on time step 153617 (time=1600.18), 0.0214686 s/step
field decay(t = 1600.78125): 2.3961036101545324e-08 / 0.2656593661745257 = 9.019458431517921e-08
on time step 153804 (time=1602.12), 0.021427 s/step
on time step 153991 (time=1604.07), 0.0214272 s/step
on time step 154178 (time=1606.02), 0.0214276 s/step
on time step 154364 (time=1607.96), 0.0215644 s/step
on time step 154549 (time=1609.89), 0.0216393 s/step
on time step 154734 (time=1611.81), 0.0216442 s/step
on time step 154919 (time=1613.74), 0.0216431 s/step
on time step 155104 (time=1615.67), 0.021631 s/step
on time step 155288 (time=1617.58), 0.021846 s/step
on time step 155473 (time=1619.51), 0.0216494 s/step
field decay(t = 1620.7916666666665): 4.885842207065058e-09 / 0.2656593661745257 = 1.8391379447375818e-08
on time step 155658 (time=1621.44), 0.0216395 s/step
on time step 155841 (time=1623.34), 0.0219384 s/step
on time step 156024 (time=1625.25), 0.0219323 s/step
on time step 156207 (time=1627.16), 0.0219171 s/step
on time step 156392 (time=1629.08), 0.0216368 s/step
on time step 156577 (time=1631.01), 0.0216419 s/step
on time step 156762 (time=1632.94), 0.0216436 s/step
on time step 156947 (time=1634.86), 0.0216403 s/step
on time step 157132 (time=1636.79), 0.0216367 s/step
on time step 157317 (time=1638.72), 0.0216364 s/step
on time step 157502 (time=1640.65), 0.0216358 s/step
field decay(t = 1640.8020833333333): 7.97511369426772e-10 / 0.2656593661745257 = 3.002007348398342e-09
on time step 157687 (time=1642.57), 0.0216332 s/step
on time step 157872 (time=1644.5), 0.0216356 s/step
on time step 158057 (time=1646.43), 0.0216727 s/step
on time step 158242 (time=1648.35), 0.0217043 s/step
on time step 158427 (time=1650.28), 0.0216483 s/step
on time step 158611 (time=1652.2), 0.021818 s/step
on time step 158794 (time=1654.1), 0.0218856 s/step
on time step 158978 (time=1656.02), 0.0218504 s/step
on time step 159161 (time=1657.93), 0.0219675 s/step
on time step 159345 (time=1659.84), 0.0217953 s/step
field decay(t = 1660.8125): 2.718822036783141e-10 / 0.2656593661745257 = 1.0234241223766993e-09
on time step 159530 (time=1661.77), 0.0216341 s/step
on time step 159715 (time=1663.7), 0.0216396 s/step
on time step 159900 (time=1665.62), 0.021639 s/step
on time step 160085 (time=1667.55), 0.0216413 s/step
on time step 160270 (time=1669.48), 0.0216369 s/step
on time step 160455 (time=1671.41), 0.0216314 s/step
on time step 160639 (time=1673.32), 0.0217834 s/step
on time step 160826 (time=1675.27), 0.021497 s/step
on time step 161013 (time=1677.22), 0.0213979 s/step
on time step 161201 (time=1679.18), 0.0213532 s/step
field decay(t = 1680.8229166666665): 2.9134022081720445e-10 / 0.2656593661745257 = 1.0966683577262158e-09
on time step 161389 (time=1681.14), 0.0213855 s/step
on time step 161577 (time=1683.09), 0.0213201 s/step
on time step 161764 (time=1685.04), 0.0213925 s/step
on time step 161952 (time=1687), 0.0213403 s/step
on time step 162140 (time=1688.96), 0.0213715 s/step
on time step 162328 (time=1690.92), 0.0213458 s/step
on time step 162516 (time=1692.88), 0.0213587 s/step
on time step 162704 (time=1694.83), 0.0213383 s/step
on time step 162892 (time=1696.79), 0.0213379 s/step
on time step 163080 (time=1698.75), 0.0212838 s/step
on time step 163268 (time=1700.71), 0.0213537 s/step
field decay(t = 1700.8333333333333): 2.8737795210066054e-10 / 0.2656593661745257 = 1.081753511042659e-09
on time step 163456 (time=1702.67), 0.0213305 s/step
on time step 163644 (time=1704.62), 0.0213509 s/step
on time step 163832 (time=1706.58), 0.02137 s/step
on time step 164020 (time=1708.54), 0.0213215 s/step
on time step 164207 (time=1710.49), 0.021413 s/step
on time step 164395 (time=1712.45), 0.0213256 s/step
on time step 164583 (time=1714.41), 0.0213625 s/step
on time step 164771 (time=1716.36), 0.0213792 s/step
on time step 164959 (time=1718.32), 0.0213812 s/step
on time step 165147 (time=1720.28), 0.0213823 s/step
field decay(t = 1720.84375): 2.3063295467772929e-10 / 0.2656593661745257 = 8.681529207828279e-10
on time step 165335 (time=1722.24), 0.0213766 s/step
on time step 165520 (time=1724.17), 0.0217398 s/step
on time step 165703 (time=1726.07), 0.021871 s/step
on time step 165886 (time=1727.98), 0.0218905 s/step
on time step 166069 (time=1729.89), 0.0219138 s/step
on time step 166252 (time=1731.79), 0.0218824 s/step
on time step 166435 (time=1733.7), 0.0219076 s/step
on time step 166619 (time=1735.61), 0.0218085 s/step
on time step 166803 (time=1737.53), 0.0217884 s/step
on time step 166987 (time=1739.45), 0.021755 s/step
field decay(t = 1740.8541666666665): 1.511692324606359e-10 / 0.2656593661745257 = 5.690340778774758e-10
on time step 167171 (time=1741.36), 0.0218008 s/step
on time step 167353 (time=1743.26), 0.0220812 s/step
on time step 167533 (time=1745.14), 0.0222515 s/step
on time step 167713 (time=1747.01), 0.0222682 s/step
on time step 167893 (time=1748.89), 0.0222581 s/step
on time step 168075 (time=1750.78), 0.0219836 s/step
on time step 168256 (time=1752.67), 0.0221512 s/step
on time step 168437 (time=1754.55), 0.0221632 s/step
on time step 168618 (time=1756.44), 0.0221538 s/step
on time step 168797 (time=1758.3), 0.0224065 s/step
on time step 168976 (time=1760.17), 0.0223921 s/step
field decay(t = 1760.8645833333333): 1.0020924310210549e-10 / 0.2656593661745257 = 3.772095241553529e-10
on time step 169155 (time=1762.03), 0.0224038 s/step
on time step 169334 (time=1763.9), 0.0224055 s/step
on time step 169542 (time=1766.06), 0.0192876 s/step
on time step 169781 (time=1768.55), 0.0167929 s/step
on time step 170019 (time=1771.03), 0.0168294 s/step
on time step 170257 (time=1773.51), 0.0168151 s/step
on time step 170502 (time=1776.06), 0.0163666 s/step
on time step 170749 (time=1778.64), 0.0162313 s/step
field decay(t = 1780.875): 5.25420045363565e-11 / 0.2656593661745257 = 1.977796051122055e-10
on time step 170995 (time=1781.2), 0.0162617 s/step
on time step 171241 (time=1783.76), 0.016311 s/step
on time step 171488 (time=1786.33), 0.0162233 s/step
on time step 171735 (time=1788.91), 0.0162312 s/step
on time step 171982 (time=1791.48), 0.0162214 s/step
on time step 172229 (time=1794.05), 0.0162262 s/step
on time step 172476 (time=1796.62), 0.0162291 s/step
on time step 172723 (time=1799.2), 0.0162298 s/step
field decay(t = 1800.8854166666665): 2.52507481112318e-11 / 0.2656593661745257 = 9.504934260305073e-11
on time step 172970 (time=1801.77), 0.0162218 s/step
on time step 173217 (time=1804.34), 0.0162166 s/step
on time step 173464 (time=1806.92), 0.016214 s/step
on time step 173711 (time=1809.49), 0.0162166 s/step
on time step 173958 (time=1812.06), 0.0162355 s/step
on time step 174203 (time=1814.61), 0.0163734 s/step
on time step 174441 (time=1817.09), 0.0168397 s/step
on time step 174679 (time=1819.57), 0.016826 s/step
field decay(t = 1820.8958333333333): 1.4011541394059914e-11 / 0.2656593661745257 = 5.274250855832801e-11
on time step 174914 (time=1822.02), 0.0170351 s/step
on time step 175148 (time=1824.46), 0.0171399 s/step
on time step 175382 (time=1826.9), 0.0171463 s/step
on time step 175616 (time=1829.33), 0.0171498 s/step
on time step 175850 (time=1831.77), 0.0171465 s/step
on time step 176083 (time=1834.2), 0.0171675 s/step
on time step 176317 (time=1836.64), 0.0171663 s/step
on time step 176557 (time=1839.14), 0.0166687 s/step
2026-05-30 17:33:09 [INFO] D11_scaled_deep_groove: Checkpointed 9 completed spectra row(s) to /mnt/c/Users/admin/Meep_Simulation/meep_sim/results/diagnostics_v2/tables/D11_thickness_1um_quick_spectra_checkpoint.csv
2026-05-30 17:33:09 [INFO] D11_scaled_deep_groove: >>> task=10/10 case=scaled_inner_wall_film_1um pol=Hz wl=12.345 res=24 pml=4
2026-05-30 17:33:09 [INFO] D11_scaled_deep_groove: [single ref] wl=12.345 um, f=0.0810045, res=24, comp=Hz
field decay(t = 1840.90625): 2.0819415021724605e-10 / 0.2656593661745257 = 7.83688349540337e-10
run 0 finished at t = 1840.90625 (176727 timesteps)
-----------
Initializing structure...
Splitting into 16 chunks by voxels
time for choose_chunkdivision = 0.000528944 s
Working in 2D dimensions.
Computational cell is 50 x 49 x 0 with resolution 24
time for set_epsilon = 0.148673 s
-----------
field decay(t = 20.010416666666664): 3.791109530841496e-10 / 3.791109530841496e-10 = 1.0
on time step 3111 (time=32.4062), 0.00128577 s/step
field decay(t = 40.010416666666664): 1.8753277726993157e-11 / 3.791109530841496e-10 = 0.04946646245493881
field decay(t = 60.02083333333333): 4.408721395747741e-11 / 3.791109530841496e-10 = 0.11629105832690506
on time step 6263 (time=65.2396), 0.00126928 s/step
field decay(t = 80.02083333333333): 1.0256571305328555e-10 / 3.791109530841496e-10 = 0.2705427321972401
on time step 9416 (time=98.0833), 0.0012688 s/step
field decay(t = 100.03125): 3.0832819178069596e-10 / 3.791109530841496e-10 = 0.8132927557813338
field decay(t = 120.04166666666666): 6.910377133955291e-10 / 6.910377133955291e-10 = 1.0
on time step 12476 (time=129.958), 0.00130724 s/step
field decay(t = 140.04166666666666): 1.523889460126116e-09 / 1.523889460126116e-09 = 1.0
on time step 15335 (time=159.74), 0.00139949 s/step
field decay(t = 160.05208333333331): 3.306420577501909e-09 / 3.306420577501909e-09 = 1.0
field decay(t = 180.0625): 9.052350963847418e-09 / 9.052350963847418e-09 = 1.0
on time step 18193 (time=189.51), 0.00139972 s/step
field decay(t = 200.07291666666666): 1.892178369764083e-08 / 1.892178369764083e-08 = 1.0
on time step 21047 (time=219.24), 0.00140181 s/step
field decay(t = 220.08333333333331): 3.889888016449758e-08 / 3.889888016449758e-08 = 1.0
field decay(t = 240.09375): 7.868198564216415e-08 / 7.868198564216415e-08 = 1.0
on time step 23904 (time=249), 0.00140011 s/step
field decay(t = 260.10416666666663): 1.936115469460919e-07 / 1.936115469460919e-07 = 1.0
on time step 26760 (time=278.75), 0.00140074 s/step
field decay(t = 280.1145833333333): 3.8227164698642284e-07 / 3.8227164698642284e-07 = 1.0
field decay(t = 300.125): 7.325980288940247e-07 / 7.325980288940247e-07 = 1.0
on time step 29613 (time=308.469), 0.00140238 s/step
field decay(t = 320.13541666666663): 1.381418934348397e-06 / 1.381418934348397e-06 = 1.0
on time step 32460 (time=338.125), 0.00140506 s/step
field decay(t = 340.1458333333333): 3.0003143988629294e-06 / 3.0003143988629294e-06 = 1.0
field decay(t = 360.15625): 5.6978790387567025e-06 / 5.6978790387567025e-06 = 1.0
on time step 35313 (time=367.844), 0.00140239 s/step
field decay(t = 380.16666666666663): 1.0179541390732324e-05 / 1.0179541390732324e-05 = 1.0
on time step 38153 (time=397.427), 0.00140882 s/step
field decay(t = 400.1770833333333): 1.789423917818548e-05 / 1.789423917818548e-05 = 1.0
field decay(t = 420.1875): 3.3669798616893576e-05 / 3.3669798616893576e-05 = 1.0
on time step 41011 (time=427.198), 0.00139999 s/step
field decay(t = 440.19791666666663): 6.265991019615381e-05 / 6.265991019615381e-05 = 1.0
on time step 43863 (time=456.906), 0.00140272 s/step
field decay(t = 460.2083333333333): 0.00010435828613854089 / 0.00010435828613854089 = 1.0
field decay(t = 480.21875): 0.0001710157186688181 / 0.0001710157186688181 = 1.0
on time step 46713 (time=486.594), 0.00140371 s/step
field decay(t = 500.22916666666663): 0.0002757462996346803 / 0.0002757462996346803 = 1.0
on time step 49563 (time=516.281), 0.00140368 s/step
field decay(t = 520.2291666666666): 0.0005083952853285207 / 0.0005083952853285207 = 1.0
field decay(t = 540.2395833333333): 0.0007893387227280258 / 0.0007893387227280258 = 1.0
on time step 52414 (time=545.979), 0.00140313 s/step
field decay(t = 560.25): 0.0012058524285758292 / 0.0012058524285758292 = 1.0
on time step 55264 (time=575.667), 0.00140377 s/step
field decay(t = 580.2604166666666): 0.0018125606770986826 / 0.0018125606770986826 = 1.0
field decay(t = 600.2708333333333): 0.0030433270237713713 / 0.0030433270237713713 = 1.0
on time step 58106 (time=605.271), 0.00140747 s/step
field decay(t = 620.28125): 0.004404891722051416 / 0.004404891722051416 = 1.0
on time step 60961 (time=635.01), 0.00140141 s/step
field decay(t = 640.2916666666666): 0.006273178889059838 / 0.006273178889059838 = 1.0
field decay(t = 660.3020833333333): 0.00879044336790208 / 0.00879044336790208 = 1.0
on time step 63822 (time=664.812), 0.00139839 s/step
field decay(t = 680.3125): 0.013440985519123575 / 0.013440985519123575 = 1.0
on time step 66666 (time=694.438), 0.00140661 s/step
field decay(t = 700.3229166666666): 0.018136039261412534 / 0.018136039261412534 = 1.0
field decay(t = 720.3333333333333): 0.024077848583538123 / 0.024077848583538123 = 1.0
on time step 69502 (time=723.979), 0.00141052 s/step
field decay(t = 740.34375): 0.031453167885246894 / 0.031453167885246894 = 1.0
on time step 72336 (time=753.5), 0.00141157 s/step
field decay(t = 760.3541666666666): 0.04379746717390652 / 0.04379746717390652 = 1.0
field decay(t = 780.3645833333333): 0.055091557355708635 / 0.055091557355708635 = 1.0
on time step 75171 (time=783.031), 0.00141123 s/step
field decay(t = 800.375): 0.0681843966758733 / 0.0681843966758733 = 1.0
on time step 78023 (time=812.74), 0.00140295 s/step
field decay(t = 820.3854166666666): 0.08303351098782799 / 0.08303351098782799 = 1.0
field decay(t = 840.3958333333333): 0.10523465608059596 / 0.10523465608059596 = 1.0
on time step 80906 (time=842.771), 0.00138765 s/step
field decay(t = 860.40625): 0.12347045630637914 / 0.12347045630637914 = 1.0
on time step 83783 (time=872.74), 0.00139064 s/step
field decay(t = 880.4166666666666): 0.14245829109940117 / 0.14245829109940117 = 1.0
field decay(t = 900.4270833333333): 0.16172524481034053 / 0.16172524481034053 = 1.0
on time step 86655 (time=902.656), 0.00139299 s/step
field decay(t = 920.4375): 0.18415077789895443 / 0.18415077789895443 = 1.0
on time step 89527 (time=932.573), 0.00139305 s/step
field decay(t = 940.4479166666666): 0.20416273092440468 / 0.20416273092440468 = 1.0
field decay(t = 960.4583333333333): 0.21959672969237728 / 0.21959672969237728 = 1.0
on time step 92397 (time=962.469), 0.00139398 s/step
field decay(t = 980.46875): 0.232401631043022 / 0.232401631043022 = 1.0
on time step 95366 (time=993.396), 0.00134728 s/step
field decay(t = 1000.4791666666666): 0.24200455386074327 / 0.24200455386074327 = 1.0
field decay(t = 1020.4895833333333): 0.2490722198833717 / 0.2490722198833717 = 1.0
on time step 99197 (time=1033.3), 0.00104413 s/step
field decay(t = 1040.4895833333333): 0.2499695796996593 / 0.2499695796996593 = 1.0
field decay(t = 1060.5): 0.2490721934929001 / 0.2499695796996593 = 0.9964100183396819
on time step 102179 (time=1064.36), 0.00134166 s/step
field decay(t = 1080.5104166666665): 0.24441141279602066 / 0.2499695796996593 = 0.9777646267585167
on time step 105169 (time=1095.51), 0.00133783 s/step
field decay(t = 1100.5208333333333): 0.23598469706965253 / 0.2499695796996593 = 0.9440536618623364
field decay(t = 1120.53125): 0.21959690284914954 / 0.2499695796996593 = 0.8784945076636813
on time step 108147 (time=1126.53), 0.00134362 s/step
field decay(t = 1140.5416666666665): 0.20416288818702075 / 0.2499695796996593 = 0.8167509359831876
on time step 111121 (time=1157.51), 0.00134532 s/step
field decay(t = 1160.5520833333333): 0.18676466893306704 / 0.2499695796996593 = 0.7471495897919518
field decay(t = 1180.5625): 0.16810545531047147 / 0.2499695796996593 = 0.6725036522942179
on time step 114085 (time=1188.39), 0.00134986 s/step
field decay(t = 1200.5729166666665): 0.14245852796696223 / 0.2499695796996593 = 0.5699034584053285
on time step 117053 (time=1219.3), 0.00134806 s/step
field decay(t = 1220.5833333333333): 0.12347065969282399 / 0.2499695796996593 = 0.4939427423175856
field decay(t = 1240.59375): 0.10529394006419329 / 0.2499695796996593 = 0.4212270156660859
on time step 120013 (time=1250.14), 0.0013517 s/step
field decay(t = 1260.6041666666665): 0.0883517560570981 / 0.2499695796996593 = 0.35345003245296297
field decay(t = 1280.6145833333333): 0.06818456983558054 / 0.2499695796996593 = 0.2727714705025504
on time step 122969 (time=1280.93), 0.00135366 s/step
field decay(t = 1300.625): 0.0550916963949188 / 0.2499695796996593 = 0.22039360333810207
on time step 125924 (time=1311.71), 0.00135394 s/step
field decay(t = 1320.6354166666665): 0.04379757693616284 / 0.2499695796996593 = 0.17521162770600335
field decay(t = 1340.6458333333333): 0.034259732737246106 / 0.2499695796996593 = 0.13705560804002423
on time step 128882 (time=1342.52), 0.00135259 s/step
field decay(t = 1360.65625): 0.025622399129982133 / 0.2499695796996593 = 0.10250206909483817
on time step 131841 (time=1373.34), 0.00135218 s/step
field decay(t = 1380.6666666666665): 0.01813610097220378 / 0.2499695796996593 = 0.07255323225327846
field decay(t = 1400.6770833333333): 0.01344103100504726 / 0.2499695796996593 = 0.053770666899535455
on time step 134800 (time=1404.17), 0.00135206 s/step
field decay(t = 1420.6875): 0.009801400925036275 / 0.2499695796996593 = 0.03921037486566464
on time step 137755 (time=1434.95), 0.00135372 s/step
field decay(t = 1440.6979166666665): 0.006993784002957787 / 0.2499695796996593 = 0.027978540474248432
field decay(t = 1460.7083333333333): 0.0044049106061599674 / 0.2499695796996593 = 0.017621786664811404
on time step 140707 (time=1465.7), 0.00135525 s/step
field decay(t = 1480.71875): 0.0030433399529382543 / 0.2499695796996593 = 0.012174841261064065
on time step 143665 (time=1496.51), 0.00135266 s/step
field decay(t = 1500.7291666666665): 0.0020688439547850096 / 0.2499695796996593 = 0.00827638289935417
field decay(t = 1520.7395833333333): 0.0013838136269989623 / 0.2499695796996593 = 0.0055359281263809255
on time step 146622 (time=1527.31), 0.00135302 s/step
field decay(t = 1540.75): 0.0007893427915141625 / 0.2499695796996593 = 0.0031577554055280048
on time step 149581 (time=1558.14), 0.00135219 s/step
field decay(t = 1560.7604166666665): 0.0005083978729675952 / 0.2499695796996593 = 0.0020338389718398526
field decay(t = 1580.7708333333333): 0.0003221853028837065 / 0.2499695796996593 = 0.0012888980461975216
on time step 152539 (time=1588.95), 0.00135275 s/step
field decay(t = 1600.78125): 0.00020089876596842234 / 0.2499695796996593 = 0.0008036928581862002
on time step 155492 (time=1619.71), 0.00135481 s/step
field decay(t = 1620.7916666666665): 0.00010435891506922794 / 0.2499695796996593 = 0.0004174864605309819
field decay(t = 1640.8020833333333): 6.266028776589928e-05 / 0.2499695796996593 = 0.0002506716530914929
on time step 158453 (time=1650.55), 0.00135125 s/step
field decay(t = 1660.8125): 3.701852218685921e-05 / 0.2499695796996593 = 0.00014809210877314468
field decay(t = 1680.8229166666665): 2.1518512528062152e-05 / 0.2499695796996593 = 8.608452498066701e-05
on time step 161419 (time=1681.45), 0.00134863 s/step
field decay(t = 1700.8333333333333): 1.0179604805233319e-05 / 0.2499695796996593 = 4.0723374490064775e-05
on time step 164382 (time=1712.31), 0.0013501 s/step
field decay(t = 1720.84375): 5.697919781563695e-06 / 0.2499695796996593 = 2.279445278265378e-05
field decay(t = 1740.8541666666665): 3.1381067105983852e-06 / 0.2499695796996593 = 1.2553954422649543e-05
on time step 167337 (time=1743.09), 0.00135376 s/step
field decay(t = 1760.8645833333333): 1.7005253110891361e-06 / 0.2499695796996593 = 6.802929032934058e-06
on time step 170292 (time=1773.88), 0.00135385 s/step
field decay(t = 1780.875): 7.326023649443768e-07 / 0.2499695796996593 = 2.930766078914903e-06
field decay(t = 1800.8854166666665): 3.8227496497199826e-07 / 0.2499695796996593 = 1.529285945239037e-06
on time step 173246 (time=1804.65), 0.00135436 s/step
field decay(t = 1820.8958333333333): 1.9626915582182252e-07 / 0.2499695796996593 = 7.851721639794797e-07
on time step 176215 (time=1835.57), 0.00134744 s/step
field decay(t = 1840.90625): 9.914958080989059e-08 / 0.2499695796996593 = 3.9664658767286683e-07
field decay(t = 1860.9166666666665): 4.314599239801727e-08 / 0.2499695796996593 = 1.7260497237246853e-07
on time step 179174 (time=1866.4), 0.0013522 s/step
field decay(t = 1880.9270833333333): 1.892212977273437e-08 / 0.2499695796996593 = 7.569773008167426e-08
on time step 182123 (time=1897.11), 0.00135671 s/step
field decay(t = 1900.9375): 9.056669964865128e-09 / 0.2499695796996593 = 3.62310885018361e-08
field decay(t = 1920.9479166666665): 4.265205008829742e-09 / 0.2499695796996593 = 1.7062896269035715e-08
on time step 185075 (time=1927.86), 0.00135547 s/step
field decay(t = 1940.9583333333333): 1.8392784560755428e-09 / 0.2499695796996593 = 7.358009155695875e-09
on time step 188035 (time=1958.7), 0.00135142 s/step
field decay(t = 1960.96875): 6.910393015743116e-10 / 0.2499695796996593 = 2.7644935931988264e-09
field decay(t = 1980.9791666666665): 3.083479004697297e-10 / 0.2499695796996593 = 1.2335417007149928e-09
on time step 190994 (time=1989.52), 0.00135184 s/step
field decay(t = 2000.9895833333333): 1.3535992436579692e-10 / 0.2499695796996593 = 5.415055885137427e-10
field decay(t = 2021.0): 5.6753841454492615e-11 / 0.2499695796996593 = 2.2704299268208103e-10
on time step 194684 (time=2027.96), 0.00108423 s/step
field decay(t = 2041.0104166666665): 1.8620884756824215e-11 / 0.2499695796996593 = 7.449260337676839e-11
field decay(t = 2061.0104166666665): 3.6124061069730645e-10 / 0.2499695796996593 = 1.445138288952361e-09
run 0 finished at t = 2061.0104166666665 (197857 timesteps)
-----------
Initializing structure...
Splitting into 16 chunks by voxels
time for choose_chunkdivision = 0.000757403 s
Working in 2D dimensions.
Computational cell is 50 x 49 x 0 with resolution 24
     block, center = (0,-4,0)
          size (50,25,1e+20)
          axes (1,0,0), (0,1,0), (0,0,1)
          dielectric constant epsilon diagonal = (1,1,1)
     prism, center = (2.72978,1,5e+19)
          height 1e+20, axis (0,0,1), sidewall angle: 0 radians, 4 vertices:
          (-10,8.5,0)
          (10,8.5,0)
          (15.4596,-6.5,0)
          (-4.54045,-6.5,0)
          dielectric constant epsilon diagonal = (2.07945,2.07945,2.07945)
     prism, center = (2.54779,1.5,5e+19)
          height 1e+20, axis (0,0,1), sidewall angle: 0 radians, 4 vertices:
          (-9,8.5,0)
          (9,8.5,0)
          (14.0956,-5.5,0)
          (-3.90442,-5.5,0)
          dielectric constant epsilon diagonal = (1,1,1)
time for set_epsilon = 1.24713 s
time for set_conductivity = 0.0385372 s
time for set_conductivity = 0.0392408 s
time for set_conductivity = 0.039005 s
lorentzian susceptibility: frequency=15.6714, gamma=1.42115
lorentzian susceptibility: frequency=2.02365, gamma=1.3413
lorentzian susceptibility: frequency=1.24613, gamma=2.0309
lorentzian susceptibility: frequency=0.626693, gamma=1.83572
drude susceptibility: frequency=1e-10, gamma=0.0661375
-----------
2026-05-30 17:37:39 [INFO] D11_scaled_deep_groove: [single struct] 3 geometry objects
/home/gyh/miniforge3/envs/meep_mpi/lib/python3.11/site-packages/meep/simulation.py:1664: RuntimeWarning: Note: your sources include frequencies outside the range of validity of the material models. This is fine as long as you eventually only look at outputs (fluxes, resonant modes, etc.) at valid frequencies.
  warnings.warn(warn_src, RuntimeWarning)
/home/gyh/miniforge3/envs/meep_mpi/lib/python3.11/site-packages/meep/simulation.py:1664: RuntimeWarning: Note: your sources include frequencies outside the range of validity of the material models. This is fine as long as you eventually only look at outputs (fluxes, resonant modes, etc.) at valid frequencies.
  warnings.warn(warn_src, RuntimeWarning)
/home/gyh/miniforge3/envs/meep_mpi/lib/python3.11/site-packages/meep/simulation.py:1664: RuntimeWarning: Note: your sources include frequencies outside the range of validity of the material models. This is fine as long as you eventually only look at outputs (fluxes, resonant modes, etc.) at valid frequencies.
  warnings.warn(warn_src, RuntimeWarning)
/home/gyh/miniforge3/envs/meep_mpi/lib/python3.11/site-packages/meep/simulation.py:1664: RuntimeWarning: Note: your sources include frequencies outside the range of validity of the material models. This is fine as long as you eventually only look at outputs (fluxes, resonant modes, etc.) at valid frequencies.
  warnings.warn(warn_src, RuntimeWarning)
/home/gyh/miniforge3/envs/meep_mpi/lib/python3.11/site-packages/meep/simulation.py:1664: RuntimeWarning: Note: your sources include frequencies outside the range of validity of the material models. This is fine as long as you eventually only look at outputs (fluxes, resonant modes, etc.) at valid frequencies.
  warnings.warn(warn_src, RuntimeWarning)
/home/gyh/miniforge3/envs/meep_mpi/lib/python3.11/site-packages/meep/simulation.py:1664: RuntimeWarning: Note: your sources include frequencies outside the range of validity of the material models. This is fine as long as you eventually only look at outputs (fluxes, resonant modes, etc.) at valid frequencies.
  warnings.warn(warn_src, RuntimeWarning)
/home/gyh/miniforge3/envs/meep_mpi/lib/python3.11/site-packages/meep/simulation.py:1664: RuntimeWarning: Note: your sources include frequencies outside the range of validity of the material models. This is fine as long as you eventually only look at outputs (fluxes, resonant modes, etc.) at valid frequencies.
  warnings.warn(warn_src, RuntimeWarning)
/home/gyh/miniforge3/envs/meep_mpi/lib/python3.11/site-packages/meep/simulation.py:1664: RuntimeWarning: Note: your sources include frequencies outside the range of validity of the material models. This is fine as long as you eventually only look at outputs (fluxes, resonant modes, etc.) at valid frequencies.
  warnings.warn(warn_src, RuntimeWarning)
/home/gyh/miniforge3/envs/meep_mpi/lib/python3.11/site-packages/meep/simulation.py:1664: RuntimeWarning: Note: your sources include frequencies outside the range of validity of the material models. This is fine as long as you eventually only look at outputs (fluxes, resonant modes, etc.) at valid frequencies.
  warnings.warn(warn_src, RuntimeWarning)
/home/gyh/miniforge3/envs/meep_mpi/lib/python3.11/site-packages/meep/simulation.py:1664: RuntimeWarning: Note: your sources include frequencies outside the range of validity of the material models. This is fine as long as you eventually only look at outputs (fluxes, resonant modes, etc.) at valid frequencies.
  warnings.warn(warn_src, RuntimeWarning)
/home/gyh/miniforge3/envs/meep_mpi/lib/python3.11/site-packages/meep/simulation.py:1664: RuntimeWarning: Note: your sources include frequencies outside the range of validity of the material models. This is fine as long as you eventually only look at outputs (fluxes, resonant modes, etc.) at valid frequencies.
  warnings.warn(warn_src, RuntimeWarning)
/home/gyh/miniforge3/envs/meep_mpi/lib/python3.11/site-packages/meep/simulation.py:1664: RuntimeWarning: Note: your sources include frequencies outside the range of validity of the material models. This is fine as long as you eventually only look at outputs (fluxes, resonant modes, etc.) at valid frequencies.
  warnings.warn(warn_src, RuntimeWarning)
/home/gyh/miniforge3/envs/meep_mpi/lib/python3.11/site-packages/meep/simulation.py:1664: RuntimeWarning: Note: your sources include frequencies outside the range of validity of the material models. This is fine as long as you eventually only look at outputs (fluxes, resonant modes, etc.) at valid frequencies.
  warnings.warn(warn_src, RuntimeWarning)
/home/gyh/miniforge3/envs/meep_mpi/lib/python3.11/site-packages/meep/simulation.py:1664: RuntimeWarning: Note: your sources include frequencies outside the range of validity of the material models. This is fine as long as you eventually only look at outputs (fluxes, resonant modes, etc.) at valid frequencies.
  warnings.warn(warn_src, RuntimeWarning)
/home/gyh/miniforge3/envs/meep_mpi/lib/python3.11/site-packages/meep/simulation.py:1664: RuntimeWarning: Note: your sources include frequencies outside the range of validity of the material models. This is fine as long as you eventually only look at outputs (fluxes, resonant modes, etc.) at valid frequencies.
  warnings.warn(warn_src, RuntimeWarning)
/home/gyh/miniforge3/envs/meep_mpi/lib/python3.11/site-packages/meep/simulation.py:1664: RuntimeWarning: Note: your sources include frequencies outside the range of validity of the material models. This is fine as long as you eventually only look at outputs (fluxes, resonant modes, etc.) at valid frequencies.
  warnings.warn(warn_src, RuntimeWarning)
on time step 183 (time=1.90625), 0.0219589 s/step
on time step 372 (time=3.875), 0.021258 s/step
on time step 560 (time=5.83333), 0.0213264 s/step
on time step 749 (time=7.80208), 0.0211995 s/step
on time step 940 (time=9.79167), 0.0210002 s/step
on time step 1128 (time=11.75), 0.0213057 s/step
on time step 1317 (time=13.7188), 0.0212596 s/step
on time step 1507 (time=15.6979), 0.0210811 s/step
on time step 1695 (time=17.6562), 0.0212947 s/step
on time step 1881 (time=19.5938), 0.0215856 s/step
field decay(t = 20.010416666666664): 3.791109530841496e-10 / 3.791109530841496e-10 = 1.0
on time step 2067 (time=21.5312), 0.0215465 s/step
on time step 2253 (time=23.4688), 0.0215501 s/step
on time step 2439 (time=25.4062), 0.0215761 s/step
on time step 2625 (time=27.3438), 0.0215321 s/step
on time step 2811 (time=29.2812), 0.0215819 s/step
on time step 2997 (time=31.2188), 0.0215512 s/step
on time step 3183 (time=33.1562), 0.0215237 s/step
on time step 3368 (time=35.0833), 0.0216307 s/step
on time step 3554 (time=37.0208), 0.0215666 s/step
on time step 3740 (time=38.9583), 0.0215682 s/step
field decay(t = 40.010416666666664): 1.4493941937213743e-11 / 3.791109530841496e-10 = 0.03823139853729466
on time step 3926 (time=40.8958), 0.021582 s/step
on time step 4112 (time=42.8333), 0.0215341 s/step
on time step 4298 (time=44.7708), 0.0215912 s/step
on time step 4484 (time=46.7083), 0.0215603 s/step
on time step 4670 (time=48.6458), 0.0215873 s/step
on time step 4856 (time=50.5833), 0.0215478 s/step
on time step 5042 (time=52.5208), 0.0215651 s/step
on time step 5228 (time=54.4583), 0.021575 s/step
on time step 5414 (time=56.3958), 0.0215448 s/step
on time step 5600 (time=58.3333), 0.0216007 s/step
field decay(t = 60.02083333333333): 3.6660948622981576e-11 / 3.791109530841496e-10 = 0.09670242530514306
on time step 5786 (time=60.2708), 0.0215396 s/step
on time step 5972 (time=62.2083), 0.0215722 s/step
on time step 6158 (time=64.1458), 0.0215642 s/step
on time step 6344 (time=66.0833), 0.0215461 s/step
on time step 6530 (time=68.0208), 0.0215927 s/step
on time step 6716 (time=69.9583), 0.0215563 s/step
on time step 6902 (time=71.8958), 0.0215335 s/step
on time step 7088 (time=73.8333), 0.0215272 s/step
on time step 7275 (time=75.7812), 0.021463 s/step
on time step 7461 (time=77.7188), 0.0215358 s/step
on time step 7648 (time=79.6667), 0.0214766 s/step
field decay(t = 80.02083333333333): 6.023503238399517e-11 / 3.791109530841496e-10 = 0.1588849699381412
on time step 7835 (time=81.6146), 0.0215042 s/step
on time step 8022 (time=83.5625), 0.0214734 s/step
on time step 8208 (time=85.5), 0.0215202 s/step
on time step 8394 (time=87.4375), 0.0215307 s/step
on time step 8581 (time=89.3854), 0.0214611 s/step
on time step 8767 (time=91.3229), 0.0215542 s/step
on time step 8953 (time=93.2604), 0.0215106 s/step
on time step 9139 (time=95.1979), 0.0215339 s/step
on time step 9325 (time=97.1354), 0.0215573 s/step
on time step 9512 (time=99.0833), 0.021457 s/step
field decay(t = 100.03125): 1.431654097963437e-10 / 3.791109530841496e-10 = 0.3776345912236566
on time step 9698 (time=101.021), 0.021542 s/step
on time step 9885 (time=102.969), 0.0215012 s/step
on time step 10071 (time=104.906), 0.0215462 s/step
on time step 10258 (time=106.854), 0.0214742 s/step
on time step 10445 (time=108.802), 0.0214562 s/step
on time step 10632 (time=110.75), 0.0214752 s/step
on time step 10819 (time=112.698), 0.0215008 s/step
on time step 11006 (time=114.646), 0.0214402 s/step
on time step 11192 (time=116.583), 0.0215243 s/step
on time step 11379 (time=118.531), 0.02145 s/step
field decay(t = 120.04166666666666): 3.0279976095598783e-10 / 3.791109530841496e-10 = 0.7987101361557778
on time step 11566 (time=120.479), 0.0214964 s/step
on time step 11752 (time=122.417), 0.0215106 s/step
on time step 11939 (time=124.365), 0.0214604 s/step
on time step 12126 (time=126.312), 0.0214898 s/step
on time step 12312 (time=128.25), 0.0216123 s/step
on time step 12500 (time=130.208), 0.0213391 s/step
on time step 12688 (time=132.167), 0.0213483 s/step
on time step 12875 (time=134.115), 0.021488 s/step
on time step 13063 (time=136.073), 0.0212817 s/step
on time step 13250 (time=138.021), 0.0214075 s/step
on time step 13437 (time=139.969), 0.0214264 s/step
field decay(t = 140.04166666666666): 6.444487141305287e-10 / 6.444487141305287e-10 = 1.0
on time step 13625 (time=141.927), 0.0213622 s/step
on time step 13812 (time=143.875), 0.021427 s/step
on time step 14000 (time=145.833), 0.0213517 s/step
on time step 14187 (time=147.781), 0.0214882 s/step
on time step 14374 (time=149.729), 0.0213913 s/step
on time step 14561 (time=151.677), 0.0214385 s/step
on time step 14748 (time=153.625), 0.0214649 s/step
on time step 14936 (time=155.583), 0.0213636 s/step
on time step 15124 (time=157.542), 0.0213458 s/step
on time step 15312 (time=159.5), 0.0213387 s/step
field decay(t = 160.05208333333331): 1.357033569792619e-09 / 1.357033569792619e-09 = 1.0
on time step 15499 (time=161.448), 0.0214749 s/step
on time step 15686 (time=163.396), 0.0214309 s/step
on time step 15874 (time=165.354), 0.0213676 s/step
on time step 16061 (time=167.302), 0.02144 s/step
on time step 16248 (time=169.25), 0.0213976 s/step
on time step 16436 (time=171.208), 0.0213533 s/step
on time step 16624 (time=173.167), 0.0213139 s/step
on time step 16812 (time=175.125), 0.0213387 s/step
on time step 16997 (time=177.052), 0.0216359 s/step
on time step 17179 (time=178.948), 0.0219944 s/step
field decay(t = 180.0625): 3.5244131434821534e-09 / 3.5244131434821534e-09 = 1.0
on time step 17361 (time=180.844), 0.021996 s/step
on time step 17543 (time=182.74), 0.0219938 s/step
on time step 17727 (time=184.656), 0.0218369 s/step
on time step 17912 (time=186.583), 0.0217056 s/step
on time step 18097 (time=188.51), 0.0216254 s/step
on time step 18282 (time=190.438), 0.0216275 s/step
on time step 18467 (time=192.365), 0.0216461 s/step
on time step 18651 (time=194.281), 0.0217868 s/step
on time step 18836 (time=196.208), 0.021643 s/step
on time step 19021 (time=198.135), 0.0216758 s/step
field decay(t = 200.07291666666666): 7.394911609552547e-09 / 7.394911609552547e-09 = 1.0
on time step 19207 (time=200.073), 0.0215137 s/step
on time step 19392 (time=202), 0.0216295 s/step
on time step 19578 (time=203.938), 0.0215474 s/step
on time step 19763 (time=205.865), 0.0216811 s/step
on time step 19949 (time=207.802), 0.0215829 s/step
on time step 20134 (time=209.729), 0.0216487 s/step
on time step 20320 (time=211.667), 0.0216003 s/step
on time step 20506 (time=213.604), 0.0215915 s/step
on time step 20692 (time=215.542), 0.0216181 s/step
on time step 20877 (time=217.469), 0.0216544 s/step
on time step 21062 (time=219.396), 0.0216317 s/step
field decay(t = 220.08333333333331): 1.4882622616181769e-08 / 1.4882622616181769e-08 = 1.0
on time step 21247 (time=221.323), 0.021634 s/step
on time step 21431 (time=223.24), 0.0218271 s/step
on time step 21614 (time=225.146), 0.0219592 s/step
on time step 21797 (time=227.052), 0.0219354 s/step
on time step 21980 (time=228.958), 0.0219426 s/step
on time step 22163 (time=230.865), 0.0219413 s/step
on time step 22346 (time=232.771), 0.0219592 s/step
on time step 22529 (time=234.677), 0.0219451 s/step
on time step 22712 (time=236.583), 0.0219374 s/step
on time step 22895 (time=238.49), 0.0219491 s/step
field decay(t = 240.09375): 2.945259907445979e-08 / 2.945259907445979e-08 = 1.0
on time step 23077 (time=240.385), 0.0219907 s/step
on time step 23260 (time=242.292), 0.0219727 s/step
on time step 23443 (time=244.198), 0.0219736 s/step
on time step 23625 (time=246.094), 0.021985 s/step
on time step 23807 (time=247.99), 0.0219961 s/step
on time step 23990 (time=249.896), 0.0219261 s/step
on time step 24174 (time=251.812), 0.0218569 s/step
on time step 24358 (time=253.729), 0.0218591 s/step
on time step 24541 (time=255.635), 0.0218594 s/step
on time step 24724 (time=257.542), 0.0218708 s/step
on time step 24907 (time=259.448), 0.0218733 s/step
field decay(t = 260.10416666666663): 6.640081158581842e-08 / 6.640081158581842e-08 = 1.0
on time step 25090 (time=261.354), 0.0218616 s/step
on time step 25273 (time=263.26), 0.0219359 s/step
on time step 25456 (time=265.167), 0.0218583 s/step
on time step 25640 (time=267.083), 0.0218547 s/step
on time step 25824 (time=269), 0.0218558 s/step
on time step 26007 (time=270.906), 0.0218722 s/step
on time step 26190 (time=272.812), 0.0218712 s/step
on time step 26374 (time=274.729), 0.0218541 s/step
on time step 26557 (time=276.635), 0.0218863 s/step
on time step 26742 (time=278.562), 0.0216661 s/step
field decay(t = 280.1145833333333): 1.3600723538268275e-07 / 1.3600723538268275e-07 = 1.0
on time step 26926 (time=280.479), 0.0217983 s/step
on time step 27111 (time=282.406), 0.0216511 s/step
on time step 27297 (time=284.344), 0.0215781 s/step
on time step 27482 (time=286.271), 0.0216866 s/step
on time step 27668 (time=288.208), 0.0215774 s/step
on time step 27854 (time=290.146), 0.0216081 s/step
on time step 28040 (time=292.083), 0.0215093 s/step
on time step 28226 (time=294.021), 0.0215611 s/step
on time step 28412 (time=295.958), 0.0215868 s/step
on time step 28598 (time=297.896), 0.0215776 s/step
on time step 28784 (time=299.833), 0.0215805 s/step
field decay(t = 300.125): 2.5473844127663945e-07 / 2.5473844127663945e-07 = 1.0
on time step 28969 (time=301.76), 0.0216324 s/step
on time step 29155 (time=303.698), 0.0215778 s/step
on time step 29341 (time=305.635), 0.0215956 s/step
on time step 29527 (time=307.573), 0.0216019 s/step
on time step 29713 (time=309.51), 0.0216174 s/step
on time step 29899 (time=311.448), 0.0216085 s/step
on time step 30085 (time=313.385), 0.0215914 s/step
on time step 30271 (time=315.323), 0.0215894 s/step
on time step 30457 (time=317.26), 0.0215742 s/step
on time step 30643 (time=319.198), 0.0215996 s/step
field decay(t = 320.13541666666663): 4.6897636196206313e-07 / 4.6897636196206313e-07 = 1.0
on time step 30829 (time=321.135), 0.0215664 s/step
on time step 31014 (time=323.062), 0.0216248 s/step
on time step 31200 (time=325), 0.0216127 s/step
on time step 31385 (time=326.927), 0.0216551 s/step
on time step 31572 (time=328.875), 0.0214886 s/step
on time step 31758 (time=330.812), 0.0215833 s/step
on time step 31944 (time=332.75), 0.0215351 s/step
on time step 32130 (time=334.688), 0.0215748 s/step
on time step 32316 (time=336.625), 0.0215068 s/step
on time step 32502 (time=338.562), 0.0215237 s/step
field decay(t = 340.1458333333333): 8.874997579441235e-07 / 8.874997579441235e-07 = 1.0
on time step 32688 (time=340.5), 0.0215992 s/step
on time step 32874 (time=342.438), 0.0215812 s/step
on time step 33060 (time=344.375), 0.0216154 s/step
on time step 33245 (time=346.302), 0.021729 s/step
on time step 33431 (time=348.24), 0.0215976 s/step
on time step 33617 (time=350.177), 0.0215437 s/step
on time step 33803 (time=352.115), 0.0215314 s/step
on time step 33990 (time=354.062), 0.0214862 s/step
on time step 34176 (time=356), 0.0215223 s/step
on time step 34362 (time=357.938), 0.0215347 s/step
on time step 34548 (time=359.875), 0.0215459 s/step
field decay(t = 360.15625): 1.8228728943219692e-06 / 1.8228728943219692e-06 = 1.0
on time step 34734 (time=361.812), 0.021538 s/step
on time step 34921 (time=363.76), 0.0214724 s/step
on time step 35108 (time=365.708), 0.0214491 s/step
on time step 35294 (time=367.646), 0.0215272 s/step
on time step 35481 (time=369.594), 0.021454 s/step
on time step 35668 (time=371.542), 0.0214582 s/step
on time step 35855 (time=373.49), 0.0214716 s/step
on time step 36042 (time=375.438), 0.0214816 s/step
on time step 36228 (time=377.375), 0.0215384 s/step
on time step 36415 (time=379.323), 0.021444 s/step
field decay(t = 380.16666666666663): 3.1692155996843124e-06 / 3.1692155996843124e-06 = 1.0
on time step 36602 (time=381.271), 0.021471 s/step
on time step 36788 (time=383.208), 0.0215353 s/step
on time step 36975 (time=385.156), 0.021467 s/step
on time step 37161 (time=387.094), 0.021525 s/step
on time step 37348 (time=389.042), 0.0214976 s/step
on time step 37534 (time=390.979), 0.0215146 s/step
on time step 37720 (time=392.917), 0.0215458 s/step
on time step 37906 (time=394.854), 0.0215366 s/step
on time step 38092 (time=396.792), 0.0215332 s/step
on time step 38279 (time=398.74), 0.0214626 s/step
field decay(t = 400.1770833333333): 5.415327164870641e-06 / 5.415327164870641e-06 = 1.0
on time step 38466 (time=400.688), 0.0214487 s/step
on time step 38652 (time=402.625), 0.0215248 s/step
on time step 38839 (time=404.573), 0.0214366 s/step
on time step 39025 (time=406.51), 0.0215541 s/step
on time step 39211 (time=408.448), 0.0215587 s/step
on time step 39398 (time=410.396), 0.0214358 s/step
on time step 39585 (time=412.344), 0.0214751 s/step
on time step 39771 (time=414.281), 0.021536 s/step
on time step 39958 (time=416.229), 0.0214919 s/step
on time step 40144 (time=418.167), 0.0215795 s/step
on time step 40330 (time=420.104), 0.0215512 s/step
field decay(t = 420.1875): 9.093712187089256e-06 / 9.093712187089256e-06 = 1.0
on time step 40517 (time=422.052), 0.0214362 s/step
on time step 40704 (time=424), 0.0214662 s/step
on time step 40890 (time=425.938), 0.0215567 s/step
on time step 41076 (time=427.875), 0.0215566 s/step
on time step 41261 (time=429.802), 0.0216569 s/step
on time step 41447 (time=431.74), 0.0215151 s/step
on time step 41633 (time=433.677), 0.0215823 s/step
on time step 41819 (time=435.615), 0.0215874 s/step
on time step 42005 (time=437.552), 0.0215252 s/step
on time step 42191 (time=439.49), 0.0215966 s/step
field decay(t = 440.19791666666663): 1.7663064990944386e-05 / 1.7663064990944386e-05 = 1.0
on time step 42377 (time=441.427), 0.0215355 s/step
on time step 42563 (time=443.365), 0.0215818 s/step
on time step 42749 (time=445.302), 0.0215782 s/step
on time step 42935 (time=447.24), 0.0215459 s/step
on time step 43121 (time=449.177), 0.0215902 s/step
on time step 43307 (time=451.115), 0.0215731 s/step
on time step 43493 (time=453.052), 0.0215692 s/step
on time step 43679 (time=454.99), 0.0215702 s/step
on time step 43865 (time=456.927), 0.0215597 s/step
on time step 44051 (time=458.865), 0.0215751 s/step
field decay(t = 460.2083333333333): 2.8469944677596705e-05 / 2.8469944677596705e-05 = 1.0
on time step 44237 (time=460.802), 0.0215611 s/step
on time step 44424 (time=462.75), 0.0214083 s/step
on time step 44613 (time=464.719), 0.0211968 s/step
on time step 44802 (time=466.688), 0.0211942 s/step
on time step 44991 (time=468.656), 0.021175 s/step
on time step 45180 (time=470.625), 0.0211884 s/step
on time step 45369 (time=472.594), 0.0211666 s/step
on time step 45556 (time=474.542), 0.0214101 s/step
on time step 45745 (time=476.51), 0.0212297 s/step
on time step 45933 (time=478.469), 0.0213357 s/step
field decay(t = 480.21875): 4.508271311859975e-05 / 4.508271311859975e-05 = 1.0
on time step 46120 (time=480.417), 0.0214552 s/step
on time step 46307 (time=482.365), 0.0214084 s/step
on time step 46496 (time=484.333), 0.0212582 s/step
on time step 46685 (time=486.302), 0.0212624 s/step
on time step 46872 (time=488.25), 0.0214002 s/step
on time step 47059 (time=490.198), 0.0214683 s/step
on time step 47246 (time=492.146), 0.0214341 s/step
on time step 47433 (time=494.094), 0.0214454 s/step
on time step 47620 (time=496.042), 0.021397 s/step
on time step 47807 (time=497.99), 0.0214253 s/step
on time step 47994 (time=499.938), 0.0214437 s/step
field decay(t = 500.22916666666663): 7.012767077835337e-05 / 7.012767077835337e-05 = 1.0
on time step 48181 (time=501.885), 0.0214053 s/step
on time step 48368 (time=503.833), 0.0214597 s/step
on time step 48555 (time=505.781), 0.0214185 s/step
on time step 48742 (time=507.729), 0.0214409 s/step
on time step 48931 (time=509.698), 0.0212378 s/step
on time step 49118 (time=511.646), 0.0214151 s/step
on time step 49305 (time=513.594), 0.0214315 s/step
on time step 49494 (time=515.562), 0.0212562 s/step
on time step 49682 (time=517.521), 0.0213807 s/step
on time step 49871 (time=519.49), 0.0212759 s/step
field decay(t = 520.2291666666666): 0.00012290790517006288 / 0.00012290790517006288 = 1.0
on time step 50058 (time=521.438), 0.021437 s/step
on time step 50245 (time=523.385), 0.0214398 s/step
on time step 50434 (time=525.354), 0.0212036 s/step
on time step 50622 (time=527.312), 0.021311 s/step
on time step 50809 (time=529.26), 0.0214304 s/step
on time step 50996 (time=531.208), 0.021409 s/step
on time step 51183 (time=533.156), 0.0214311 s/step
on time step 51370 (time=535.104), 0.0214261 s/step
on time step 51557 (time=537.052), 0.0214152 s/step
on time step 51744 (time=539), 0.0214559 s/step
field decay(t = 540.2395833333333): 0.00018329933431258393 / 0.00018329933431258393 = 1.0
on time step 51932 (time=540.958), 0.0213521 s/step
on time step 52121 (time=542.927), 0.0212305 s/step
on time step 52311 (time=544.906), 0.0211474 s/step
on time step 52501 (time=546.885), 0.0211634 s/step
on time step 52689 (time=548.844), 0.0213731 s/step
on time step 52876 (time=550.792), 0.0214529 s/step
on time step 53064 (time=552.75), 0.0212774 s/step
on time step 53253 (time=554.719), 0.0212684 s/step
on time step 53441 (time=556.677), 0.0213385 s/step
on time step 53628 (time=558.625), 0.0214373 s/step
field decay(t = 560.25): 0.00026840172706123173 / 0.00026840172706123173 = 1.0
on time step 53815 (time=560.573), 0.0214212 s/step
on time step 54002 (time=562.521), 0.0214928 s/step
on time step 54192 (time=564.5), 0.0211194 s/step
on time step 54382 (time=566.479), 0.0211338 s/step
on time step 54572 (time=568.458), 0.0211255 s/step
on time step 54762 (time=570.438), 0.0211408 s/step
on time step 54951 (time=572.406), 0.021262 s/step
on time step 55139 (time=574.365), 0.0213758 s/step
on time step 55329 (time=576.344), 0.0211035 s/step
on time step 55519 (time=578.323), 0.021133 s/step
field decay(t = 580.2604166666666): 0.00038581198953142106 / 0.00038581198953142106 = 1.0
on time step 55709 (time=580.302), 0.021139 s/step
on time step 55899 (time=582.281), 0.0211235 s/step
on time step 56086 (time=584.229), 0.0214737 s/step
on time step 56276 (time=586.208), 0.0210932 s/step
on time step 56466 (time=588.188), 0.0210865 s/step
on time step 56656 (time=590.167), 0.0211095 s/step
on time step 56846 (time=592.146), 0.0210925 s/step
on time step 57036 (time=594.125), 0.0210918 s/step
on time step 57226 (time=596.104), 0.0211376 s/step
on time step 57416 (time=598.083), 0.0211283 s/step
on time step 57606 (time=600.062), 0.0211097 s/step
field decay(t = 600.2708333333333): 0.0006079079179106959 / 0.0006079079179106959 = 1.0
on time step 57796 (time=602.042), 0.0211397 s/step
on time step 57986 (time=604.021), 0.0210912 s/step
on time step 58176 (time=606), 0.0211015 s/step
on time step 58366 (time=607.979), 0.0210788 s/step
on time step 58556 (time=609.958), 0.0210891 s/step
on time step 58746 (time=611.938), 0.0210804 s/step
on time step 58936 (time=613.917), 0.021114 s/step
on time step 59126 (time=615.896), 0.0211034 s/step
on time step 59316 (time=617.875), 0.0210865 s/step
on time step 59506 (time=619.854), 0.0210774 s/step
field decay(t = 620.28125): 0.0008362286763164598 / 0.0008362286763164598 = 1.0
on time step 59696 (time=621.833), 0.0210908 s/step
on time step 59886 (time=623.812), 0.0210813 s/step
on time step 60074 (time=625.771), 0.021383 s/step
on time step 60262 (time=627.729), 0.021329 s/step
on time step 60450 (time=629.688), 0.0212906 s/step
on time step 60639 (time=631.656), 0.0212666 s/step
on time step 60827 (time=633.615), 0.021319 s/step
on time step 61015 (time=635.573), 0.0213166 s/step
on time step 61203 (time=637.531), 0.0213695 s/step
on time step 61392 (time=639.5), 0.0212416 s/step
field decay(t = 640.2916666666666): 0.001128305905761386 / 0.001128305905761386 = 1.0
on time step 61580 (time=641.458), 0.0212946 s/step
on time step 61768 (time=643.417), 0.0213394 s/step
on time step 61956 (time=645.375), 0.0213324 s/step
on time step 62144 (time=647.333), 0.0213578 s/step
on time step 62332 (time=649.292), 0.0213724 s/step
on time step 62520 (time=651.25), 0.0213687 s/step
on time step 62708 (time=653.208), 0.0213242 s/step
on time step 62896 (time=655.167), 0.0213247 s/step
on time step 63085 (time=657.135), 0.0212484 s/step
on time step 63274 (time=659.104), 0.0212525 s/step
field decay(t = 660.3020833333333): 0.0014928427888118143 / 0.0014928427888118143 = 1.0
on time step 63463 (time=661.073), 0.0212731 s/step
on time step 63651 (time=663.031), 0.0212874 s/step
on time step 63840 (time=665), 0.0212476 s/step
on time step 64029 (time=666.969), 0.0212132 s/step
on time step 64217 (time=668.927), 0.021285 s/step
on time step 64406 (time=670.896), 0.0211955 s/step
on time step 64594 (time=672.854), 0.0212868 s/step
on time step 64782 (time=674.812), 0.0213217 s/step
on time step 64971 (time=676.781), 0.0212469 s/step
on time step 65160 (time=678.75), 0.0212724 s/step
field decay(t = 680.3125): 0.0020602653093445256 / 0.0020602653093445256 = 1.0
on time step 65348 (time=680.708), 0.0212858 s/step
on time step 65537 (time=682.677), 0.0212549 s/step
on time step 65726 (time=684.646), 0.0212534 s/step
on time step 65914 (time=686.604), 0.0213373 s/step
on time step 66103 (time=688.573), 0.0212303 s/step
on time step 66291 (time=690.531), 0.0212858 s/step
on time step 66480 (time=692.5), 0.0212504 s/step
on time step 66668 (time=694.458), 0.0212848 s/step
on time step 66856 (time=696.417), 0.0212887 s/step
on time step 67045 (time=698.385), 0.0212421 s/step
field decay(t = 700.3229166666666): 0.002652699432992347 / 0.002652699432992347 = 1.0
on time step 67234 (time=700.354), 0.0212697 s/step
on time step 67423 (time=702.323), 0.0212052 s/step
on time step 67612 (time=704.292), 0.0212775 s/step
on time step 67800 (time=706.25), 0.021287 s/step
on time step 67989 (time=708.219), 0.0212409 s/step
on time step 68178 (time=710.188), 0.021225 s/step
on time step 68367 (time=712.156), 0.0212707 s/step
on time step 68555 (time=714.115), 0.0212927 s/step
on time step 68743 (time=716.073), 0.0212849 s/step
on time step 68932 (time=718.042), 0.0212437 s/step
on time step 69120 (time=720), 0.021297 s/step
field decay(t = 720.3333333333333): 0.0032781184683298476 / 0.0032781184683298476 = 1.0
on time step 69308 (time=721.958), 0.0212774 s/step
on time step 69497 (time=723.927), 0.021223 s/step
on time step 69686 (time=725.896), 0.0212546 s/step
on time step 69875 (time=727.865), 0.0212303 s/step
on time step 70063 (time=729.823), 0.0213132 s/step
on time step 70252 (time=731.792), 0.0212294 s/step
on time step 70440 (time=733.75), 0.0212878 s/step
on time step 70629 (time=735.719), 0.0212615 s/step
on time step 70817 (time=737.677), 0.0212906 s/step
on time step 71005 (time=739.635), 0.021285 s/step
field decay(t = 740.34375): 0.0039642815165908665 / 0.0039642815165908665 = 1.0
on time step 71194 (time=741.604), 0.0212545 s/step
on time step 71382 (time=743.562), 0.0212849 s/step
on time step 71571 (time=745.531), 0.0212397 s/step
on time step 71759 (time=747.49), 0.0212857 s/step
on time step 71948 (time=749.458), 0.0212518 s/step
on time step 72137 (time=751.427), 0.021268 s/step
on time step 72326 (time=753.396), 0.0212418 s/step
on time step 72514 (time=755.354), 0.0213672 s/step
on time step 72703 (time=757.323), 0.0211945 s/step
on time step 72892 (time=759.292), 0.0212485 s/step
field decay(t = 760.3541666666666): 0.0046881965483062706 / 0.0046881965483062706 = 1.0
on time step 73080 (time=761.25), 0.0212895 s/step
on time step 73269 (time=763.219), 0.0212563 s/step
on time step 73457 (time=765.177), 0.0212814 s/step
on time step 73645 (time=767.135), 0.0213166 s/step
on time step 73834 (time=769.104), 0.0212518 s/step
on time step 74022 (time=771.062), 0.0213073 s/step
on time step 74211 (time=773.031), 0.0212718 s/step
on time step 74399 (time=774.99), 0.0213128 s/step
on time step 74587 (time=776.948), 0.0212909 s/step
on time step 74776 (time=778.917), 0.021271 s/step
field decay(t = 780.3645833333333): 0.005654470735510706 / 0.005654470735510706 = 1.0
on time step 74964 (time=780.875), 0.0212802 s/step
on time step 75153 (time=782.844), 0.0212484 s/step
on time step 75342 (time=784.812), 0.0212663 s/step
on time step 75531 (time=786.781), 0.0212128 s/step
on time step 75720 (time=788.75), 0.0212612 s/step
on time step 75909 (time=790.719), 0.0211803 s/step
on time step 76098 (time=792.688), 0.0212085 s/step
on time step 76287 (time=794.656), 0.021199 s/step
on time step 76476 (time=796.625), 0.0212318 s/step
on time step 76665 (time=798.594), 0.0211899 s/step
field decay(t = 800.375): 0.006324642943516173 / 0.006324642943516173 = 1.0
on time step 76854 (time=800.562), 0.0212291 s/step
on time step 77043 (time=802.531), 0.0212316 s/step
on time step 77232 (time=804.5), 0.021245 s/step
on time step 77421 (time=806.469), 0.0211996 s/step
on time step 77610 (time=808.438), 0.0211739 s/step
on time step 77799 (time=810.406), 0.0212034 s/step
on time step 77988 (time=812.375), 0.0212284 s/step
on time step 78177 (time=814.344), 0.0211908 s/step
on time step 78365 (time=816.302), 0.0213481 s/step
on time step 78554 (time=818.271), 0.0211818 s/step
on time step 78743 (time=820.24), 0.0212514 s/step
field decay(t = 820.3854166666666): 0.006893213081749669 / 0.006893213081749669 = 1.0
on time step 78931 (time=822.198), 0.0213131 s/step
on time step 79120 (time=824.167), 0.0212652 s/step
on time step 79309 (time=826.135), 0.0212343 s/step
on time step 79498 (time=828.104), 0.021203 s/step
on time step 79686 (time=830.062), 0.0213166 s/step
on time step 79875 (time=832.031), 0.0212717 s/step
on time step 80063 (time=833.99), 0.0213299 s/step
on time step 80253 (time=835.969), 0.0211645 s/step
on time step 80442 (time=837.938), 0.0212467 s/step
on time step 80629 (time=839.885), 0.0215025 s/step
field decay(t = 840.3958333333333): 0.007308501453946196 / 0.007308501453946196 = 1.0
on time step 80818 (time=841.854), 0.0212072 s/step
on time step 81006 (time=843.812), 0.0213466 s/step
on time step 81195 (time=845.781), 0.0212486 s/step
on time step 81384 (time=847.75), 0.0212088 s/step
on time step 81572 (time=849.708), 0.0213251 s/step
on time step 81761 (time=851.677), 0.0212438 s/step
on time step 81950 (time=853.646), 0.0212109 s/step
on time step 82138 (time=855.604), 0.0213147 s/step
on time step 82327 (time=857.573), 0.0212449 s/step
on time step 82515 (time=859.531), 0.0213005 s/step
field decay(t = 860.40625): 0.007541568209918748 / 0.007541568209918748 = 1.0
on time step 82704 (time=861.5), 0.0212669 s/step
on time step 82891 (time=863.448), 0.0214414 s/step
on time step 83079 (time=865.406), 0.0213105 s/step
on time step 83268 (time=867.375), 0.0211785 s/step
on time step 83456 (time=869.333), 0.0213027 s/step
on time step 83644 (time=871.292), 0.0212987 s/step
on time step 83833 (time=873.26), 0.0212383 s/step
on time step 84021 (time=875.219), 0.0213019 s/step
on time step 84210 (time=877.188), 0.0212461 s/step
on time step 84400 (time=879.167), 0.0211308 s/step
field decay(t = 880.4166666666666): 0.00753296543607879 / 0.007541568209918748 = 0.9988592858142364
on time step 84589 (time=881.135), 0.0211879 s/step
on time step 84779 (time=883.115), 0.0211204 s/step
on time step 84968 (time=885.083), 0.0212312 s/step
on time step 85157 (time=887.052), 0.0211984 s/step
on time step 85345 (time=889.01), 0.0213406 s/step
on time step 85534 (time=890.979), 0.0212271 s/step
on time step 85723 (time=892.948), 0.0212205 s/step
on time step 85911 (time=894.906), 0.0213168 s/step
on time step 86100 (time=896.875), 0.0212471 s/step
on time step 86288 (time=898.833), 0.0212848 s/step
field decay(t = 900.4270833333333): 0.0073318997984524814 / 0.007541568209918748 = 0.9721983007207295
on time step 86477 (time=900.802), 0.0212202 s/step
on time step 86664 (time=902.75), 0.0214245 s/step
on time step 86853 (time=904.719), 0.0211702 s/step
on time step 87041 (time=906.677), 0.0213811 s/step
on time step 87229 (time=908.635), 0.0212847 s/step
on time step 87418 (time=910.604), 0.0212767 s/step
on time step 87607 (time=912.573), 0.0211844 s/step
on time step 87795 (time=914.531), 0.0212813 s/step
on time step 87983 (time=916.49), 0.0213212 s/step
on time step 88171 (time=918.448), 0.021315 s/step
on time step 88359 (time=920.406), 0.0212969 s/step
field decay(t = 920.4375): 0.006863453792364873 / 0.007541568209918748 = 0.9100831022569003
on time step 88548 (time=922.375), 0.0212622 s/step
on time step 88738 (time=924.354), 0.0211542 s/step
on time step 88927 (time=926.323), 0.0212161 s/step
on time step 89116 (time=928.292), 0.0212502 s/step
on time step 89303 (time=930.24), 0.0214295 s/step
on time step 89490 (time=932.188), 0.021396 s/step
on time step 89678 (time=934.146), 0.0213587 s/step
on time step 89866 (time=936.104), 0.0213783 s/step
on time step 90054 (time=938.062), 0.0213881 s/step
on time step 90242 (time=940.021), 0.0213654 s/step
field decay(t = 940.4479166666666): 0.006142544913040075 / 0.007541568209918748 = 0.8144917266625443
on time step 90429 (time=941.969), 0.0213958 s/step
on time step 90617 (time=943.927), 0.0213588 s/step
on time step 90804 (time=945.875), 0.0213952 s/step
on time step 90992 (time=947.833), 0.0213626 s/step
on time step 91180 (time=949.792), 0.0213872 s/step
on time step 91367 (time=951.74), 0.0214635 s/step
on time step 91555 (time=953.698), 0.0213812 s/step
on time step 91743 (time=955.656), 0.0213863 s/step
on time step 91931 (time=957.615), 0.0213781 s/step
on time step 92119 (time=959.573), 0.0213254 s/step
field decay(t = 960.4583333333333): 0.0051904678200613945 / 0.007541568209918748 = 0.6882478120710805
on time step 92307 (time=961.531), 0.0212815 s/step
on time step 92494 (time=963.479), 0.0214269 s/step
on time step 92681 (time=965.427), 0.0214102 s/step
on time step 92868 (time=967.375), 0.0214193 s/step
on time step 93055 (time=969.323), 0.0214341 s/step
on time step 93242 (time=971.271), 0.0214223 s/step
on time step 93429 (time=973.219), 0.0214507 s/step
on time step 93616 (time=975.167), 0.0214553 s/step
on time step 93803 (time=977.115), 0.0214032 s/step
on time step 93991 (time=979.073), 0.0213863 s/step
field decay(t = 980.46875): 0.0037644672336447525 / 0.007541568209918748 = 0.4991623928685928
on time step 94178 (time=981.021), 0.0214245 s/step
on time step 94365 (time=982.969), 0.0214124 s/step
on time step 94552 (time=984.917), 0.021402 s/step
on time step 94740 (time=986.875), 0.0213264 s/step
on time step 94927 (time=988.823), 0.0214907 s/step
on time step 95115 (time=990.781), 0.0213801 s/step
on time step 95303 (time=992.74), 0.0213698 s/step
on time step 95490 (time=994.688), 0.021402 s/step
on time step 95677 (time=996.635), 0.0213978 s/step
on time step 95864 (time=998.583), 0.0214106 s/step
field decay(t = 1000.4791666666666): 0.002648986315545976 / 0.007541568209918748 = 0.35125138987167176
on time step 96051 (time=1000.53), 0.021458 s/step
on time step 96238 (time=1002.48), 0.0214371 s/step
on time step 96425 (time=1004.43), 0.0214122 s/step
on time step 96613 (time=1006.39), 0.0212826 s/step
on time step 96800 (time=1008.33), 0.0214374 s/step
on time step 96987 (time=1010.28), 0.0214323 s/step
on time step 97174 (time=1012.23), 0.0213964 s/step
on time step 97361 (time=1014.18), 0.0213995 s/step
on time step 97549 (time=1016.14), 0.0213749 s/step
on time step 97736 (time=1018.08), 0.0214447 s/step
on time step 97923 (time=1020.03), 0.0214319 s/step
field decay(t = 1020.4895833333333): 0.0016310679758699263 / 0.007541568209918748 = 0.2162770302501181
on time step 98110 (time=1021.98), 0.0214036 s/step
on time step 98297 (time=1023.93), 0.0214271 s/step
on time step 98484 (time=1025.88), 0.021432 s/step
on time step 98671 (time=1027.82), 0.0214015 s/step
on time step 98858 (time=1029.77), 0.0214582 s/step
on time step 99045 (time=1031.72), 0.0214814 s/step
on time step 99232 (time=1033.67), 0.0214045 s/step
on time step 99419 (time=1035.61), 0.0214419 s/step
on time step 99606 (time=1037.56), 0.0214795 s/step
on time step 99793 (time=1039.51), 0.0214013 s/step
field decay(t = 1040.4895833333333): 0.0008273815764591328 / 0.007541568209918748 = 0.10970948659868275
on time step 99981 (time=1041.47), 0.0213373 s/step
on time step 100169 (time=1043.43), 0.0213617 s/step
on time step 100357 (time=1045.39), 0.0213095 s/step
on time step 100545 (time=1047.34), 0.0213689 s/step
on time step 100733 (time=1049.3), 0.0213323 s/step
on time step 100921 (time=1051.26), 0.0213027 s/step
on time step 101109 (time=1053.22), 0.0213 s/step
on time step 101296 (time=1055.17), 0.021464 s/step
on time step 101484 (time=1057.12), 0.0213843 s/step
on time step 101672 (time=1059.08), 0.0212839 s/step
field decay(t = 1060.5): 0.0003535094802686096 / 0.007541568209918748 = 0.04687479718126401
on time step 101860 (time=1061.04), 0.0213172 s/step
on time step 102048 (time=1063), 0.0213215 s/step
on time step 102236 (time=1064.96), 0.0213169 s/step
on time step 102424 (time=1066.92), 0.021307 s/step
on time step 102612 (time=1068.88), 0.0212909 s/step
on time step 102800 (time=1070.83), 0.0212784 s/step
on time step 102988 (time=1072.79), 0.0213113 s/step
on time step 103174 (time=1074.73), 0.0215088 s/step
on time step 103359 (time=1076.66), 0.0216459 s/step
on time step 103544 (time=1078.58), 0.0216466 s/step
field decay(t = 1080.5104166666665): 0.0008003897471107002 / 0.007541568209918748 = 0.10613041277781184
on time step 103731 (time=1080.53), 0.0215005 s/step
on time step 103916 (time=1082.46), 0.0216858 s/step
on time step 104102 (time=1084.4), 0.0215294 s/step
on time step 104287 (time=1086.32), 0.0216787 s/step
on time step 104474 (time=1088.27), 0.0214952 s/step
on time step 104659 (time=1090.2), 0.0216597 s/step
on time step 104845 (time=1092.14), 0.0215337 s/step
on time step 105031 (time=1094.07), 0.0215701 s/step
on time step 105217 (time=1096.01), 0.0216124 s/step
on time step 105403 (time=1097.95), 0.0216076 s/step
on time step 105590 (time=1099.9), 0.0214242 s/step
field decay(t = 1100.5208333333333): 0.0018911861841728092 / 0.007541568209918748 = 0.25076829268553213
on time step 105776 (time=1101.83), 0.0216117 s/step
on time step 105963 (time=1103.78), 0.0214895 s/step
on time step 106150 (time=1105.73), 0.0214428 s/step
on time step 106335 (time=1107.66), 0.021639 s/step
on time step 106521 (time=1109.59), 0.0216148 s/step
on time step 106707 (time=1111.53), 0.0215567 s/step
on time step 106892 (time=1113.46), 0.0216303 s/step
on time step 107078 (time=1115.4), 0.0215404 s/step
on time step 107264 (time=1117.33), 0.0215878 s/step
on time step 107450 (time=1119.27), 0.0215919 s/step
field decay(t = 1120.53125): 0.0033514268202760153 / 0.007541568209918748 = 0.44439388824570786
on time step 107636 (time=1121.21), 0.0215577 s/step
on time step 107823 (time=1123.16), 0.0214849 s/step
on time step 108009 (time=1125.09), 0.0215735 s/step
on time step 108195 (time=1127.03), 0.0215142 s/step
on time step 108381 (time=1128.97), 0.0216005 s/step
on time step 108567 (time=1130.91), 0.0215485 s/step
on time step 108754 (time=1132.85), 0.0215019 s/step
on time step 108940 (time=1134.79), 0.0215825 s/step
on time step 109126 (time=1136.73), 0.0215558 s/step
on time step 109311 (time=1138.66), 0.0216334 s/step
field decay(t = 1140.5416666666665): 0.005178449081184318 / 0.007541568209918748 = 0.6866541463317362
on time step 109498 (time=1140.6), 0.0214953 s/step
on time step 109683 (time=1142.53), 0.0216582 s/step
on time step 109869 (time=1144.47), 0.0215994 s/step
on time step 110055 (time=1146.41), 0.0216186 s/step
on time step 110240 (time=1148.33), 0.0216221 s/step
on time step 110426 (time=1150.27), 0.0216099 s/step
on time step 110612 (time=1152.21), 0.0216087 s/step
on time step 110799 (time=1154.16), 0.0214493 s/step
on time step 110985 (time=1156.09), 0.0216123 s/step
on time step 111170 (time=1158.02), 0.0216317 s/step
on time step 111356 (time=1159.96), 0.0215966 s/step
field decay(t = 1160.5520833333333): 0.007264143405999926 / 0.007541568209918748 = 0.9632139103967858
on time step 111541 (time=1161.89), 0.0216565 s/step
on time step 111727 (time=1163.82), 0.021548 s/step
on time step 111913 (time=1165.76), 0.0215551 s/step
on time step 112099 (time=1167.7), 0.0216204 s/step
on time step 112284 (time=1169.62), 0.0216248 s/step
on time step 112470 (time=1171.56), 0.0216119 s/step
on time step 112656 (time=1173.5), 0.0215652 s/step
on time step 112841 (time=1175.43), 0.0216282 s/step
on time step 113030 (time=1177.4), 0.021274 s/step
on time step 113219 (time=1179.36), 0.0211643 s/step
field decay(t = 1180.5625): 0.009753705787747702 / 0.009753705787747702 = 1.0
on time step 113407 (time=1181.32), 0.0213316 s/step
on time step 113595 (time=1183.28), 0.021329 s/step
on time step 113783 (time=1185.24), 0.0213395 s/step
on time step 113970 (time=1187.19), 0.0214961 s/step
on time step 114159 (time=1189.16), 0.0212695 s/step
on time step 114345 (time=1191.09), 0.0215601 s/step
on time step 114533 (time=1193.05), 0.0213161 s/step
on time step 114719 (time=1194.99), 0.0215266 s/step
on time step 114907 (time=1196.95), 0.0213885 s/step
on time step 115095 (time=1198.91), 0.0213901 s/step
field decay(t = 1200.5729166666665): 0.01239023215056844 / 0.01239023215056844 = 1.0
on time step 115282 (time=1200.85), 0.0213921 s/step
on time step 115469 (time=1202.8), 0.0214367 s/step
on time step 115656 (time=1204.75), 0.0214035 s/step
on time step 115842 (time=1206.69), 0.0215078 s/step
on time step 116029 (time=1208.64), 0.0214293 s/step
on time step 116216 (time=1210.58), 0.0214187 s/step
on time step 116403 (time=1212.53), 0.0214511 s/step
on time step 116589 (time=1214.47), 0.021515 s/step
on time step 116776 (time=1216.42), 0.0214107 s/step
on time step 116963 (time=1218.36), 0.0214208 s/step
on time step 117151 (time=1220.32), 0.0213169 s/step
field decay(t = 1220.5833333333333): 0.014368918709097756 / 0.014368918709097756 = 1.0
on time step 117338 (time=1222.27), 0.0215062 s/step
on time step 117526 (time=1224.23), 0.0212929 s/step
on time step 117715 (time=1226.2), 0.0212432 s/step
on time step 117903 (time=1228.16), 0.0212827 s/step
on time step 118095 (time=1230.16), 0.0208502 s/step
on time step 118289 (time=1232.18), 0.0206982 s/step
on time step 118483 (time=1234.2), 0.0206705 s/step
on time step 118677 (time=1236.22), 0.0206831 s/step
on time step 118871 (time=1238.24), 0.0206688 s/step
on time step 119065 (time=1240.26), 0.0206599 s/step
field decay(t = 1240.59375): 0.01604303006903079 / 0.01604303006903079 = 1.0
on time step 119258 (time=1242.27), 0.0207559 s/step
on time step 119449 (time=1244.26), 0.0209475 s/step
on time step 119641 (time=1246.26), 0.0208634 s/step
on time step 119833 (time=1248.26), 0.0209335 s/step
on time step 120026 (time=1250.27), 0.0207837 s/step
on time step 120219 (time=1252.28), 0.0207886 s/step
on time step 120413 (time=1254.3), 0.0207263 s/step
on time step 120606 (time=1256.31), 0.0207707 s/step
on time step 120799 (time=1258.32), 0.0207447 s/step
on time step 120992 (time=1260.33), 0.0207734 s/step
field decay(t = 1260.6041666666665): 0.01732575743588055 / 0.01732575743588055 = 1.0
on time step 121183 (time=1262.32), 0.0209517 s/step
on time step 121375 (time=1264.32), 0.0208969 s/step
on time step 121566 (time=1266.31), 0.0209513 s/step
on time step 121759 (time=1268.32), 0.0208123 s/step
on time step 121951 (time=1270.32), 0.0209448 s/step
on time step 122142 (time=1272.31), 0.0209599 s/step
on time step 122334 (time=1274.31), 0.0209168 s/step
on time step 122524 (time=1276.29), 0.0210618 s/step
on time step 122715 (time=1278.28), 0.0209585 s/step
on time step 122906 (time=1280.27), 0.0210317 s/step
field decay(t = 1280.6145833333333): 0.01833872998406131 / 0.01833872998406131 = 1.0
on time step 123097 (time=1282.26), 0.021024 s/step
on time step 123288 (time=1284.25), 0.0210326 s/step
on time step 123479 (time=1286.24), 0.0209606 s/step
on time step 123670 (time=1288.23), 0.020987 s/step
on time step 123861 (time=1290.22), 0.0210224 s/step
on time step 124052 (time=1292.21), 0.0210228 s/step
on time step 124243 (time=1294.2), 0.0209747 s/step
on time step 124434 (time=1296.19), 0.0210047 s/step
on time step 124625 (time=1298.18), 0.0209578 s/step
on time step 124816 (time=1300.17), 0.0210216 s/step
field decay(t = 1300.625): 0.018557235001738465 / 0.018557235001738465 = 1.0
on time step 125007 (time=1302.16), 0.0210486 s/step
on time step 125200 (time=1304.17), 0.0208149 s/step
on time step 125393 (time=1306.18), 0.0207838 s/step
on time step 125586 (time=1308.19), 0.0207341 s/step
on time step 125779 (time=1310.2), 0.0208255 s/step
on time step 125973 (time=1312.22), 0.0207009 s/step
on time step 126166 (time=1314.23), 0.0207526 s/step
on time step 126359 (time=1316.24), 0.0207644 s/step
on time step 126552 (time=1318.25), 0.0207293 s/step
on time step 126745 (time=1320.26), 0.0207504 s/step
field decay(t = 1320.6354166666665): 0.018530030339323437 / 0.018557235001738465 = 0.9985340131537657
on time step 126936 (time=1322.25), 0.0209617 s/step
on time step 127127 (time=1324.24), 0.0210261 s/step
on time step 127318 (time=1326.23), 0.0209913 s/step
on time step 127507 (time=1328.2), 0.0212073 s/step
on time step 127696 (time=1330.17), 0.0211752 s/step
on time step 127885 (time=1332.14), 0.0211744 s/step
on time step 128075 (time=1334.11), 0.0211401 s/step
on time step 128264 (time=1336.08), 0.0211876 s/step
on time step 128453 (time=1338.05), 0.0212082 s/step
on time step 128642 (time=1340.02), 0.0211994 s/step
field decay(t = 1340.6458333333333): 0.018169954609505216 / 0.018557235001738465 = 0.9791304904961882
on time step 128831 (time=1341.99), 0.021171 s/step
on time step 129021 (time=1343.97), 0.0211389 s/step
on time step 129210 (time=1345.94), 0.0211866 s/step
on time step 129399 (time=1347.91), 0.021196 s/step
on time step 129588 (time=1349.88), 0.0211807 s/step
on time step 129778 (time=1351.85), 0.0211608 s/step
on time step 129968 (time=1353.83), 0.0211569 s/step
on time step 130157 (time=1355.8), 0.0211897 s/step
on time step 130346 (time=1357.77), 0.0211704 s/step
on time step 130536 (time=1359.75), 0.0211426 s/step
field decay(t = 1360.65625): 0.017438417047640747 / 0.018557235001738465 = 0.9397098784386302
on time step 130725 (time=1361.72), 0.0211911 s/step
on time step 130914 (time=1363.69), 0.0211649 s/step
on time step 131103 (time=1365.66), 0.0211971 s/step
on time step 131293 (time=1367.64), 0.0211545 s/step
on time step 131484 (time=1369.62), 0.0210188 s/step
on time step 131676 (time=1371.62), 0.0209364 s/step
on time step 131867 (time=1373.61), 0.0209458 s/step
on time step 132057 (time=1375.59), 0.0210533 s/step
on time step 132248 (time=1377.58), 0.0210126 s/step
on time step 132444 (time=1379.62), 0.0204627 s/step
field decay(t = 1380.6666666666665): 0.016407778981828505 / 0.018557235001738465 = 0.8841715363464118
on time step 132641 (time=1381.68), 0.0203755 s/step
on time step 132832 (time=1383.67), 0.0210462 s/step
on time step 133020 (time=1385.62), 0.021279 s/step
on time step 133208 (time=1387.58), 0.0213546 s/step
on time step 133396 (time=1389.54), 0.0212782 s/step
on time step 133584 (time=1391.5), 0.0212906 s/step
on time step 133772 (time=1393.46), 0.0212931 s/step
on time step 133960 (time=1395.42), 0.0213031 s/step
on time step 134148 (time=1397.38), 0.0213793 s/step
on time step 134336 (time=1399.33), 0.0212922 s/step
field decay(t = 1400.6770833333333): 0.014708095535452262 / 0.018557235001738465 = 0.7925801195099587
on time step 134525 (time=1401.3), 0.0212381 s/step
on time step 134713 (time=1403.26), 0.0213013 s/step
on time step 134903 (time=1405.24), 0.0211607 s/step
on time step 135092 (time=1407.21), 0.0211898 s/step
on time step 135279 (time=1409.16), 0.0214842 s/step
on time step 135466 (time=1411.1), 0.0214565 s/step
on time step 135653 (time=1413.05), 0.0214216 s/step
on time step 135841 (time=1415.01), 0.0213568 s/step
on time step 136029 (time=1416.97), 0.0213219 s/step
on time step 136216 (time=1418.92), 0.0214903 s/step
field decay(t = 1420.6875): 0.01329429735476932 / 0.018557235001738465 = 0.7163942986939538
on time step 136403 (time=1420.86), 0.0214774 s/step
on time step 136590 (time=1422.81), 0.0214003 s/step
on time step 136778 (time=1424.77), 0.0213488 s/step
on time step 136967 (time=1426.74), 0.0212647 s/step
on time step 137156 (time=1428.71), 0.021271 s/step
on time step 137345 (time=1430.68), 0.0212693 s/step
on time step 137533 (time=1432.64), 0.0213112 s/step
on time step 137721 (time=1434.59), 0.0213196 s/step
on time step 137909 (time=1436.55), 0.021292 s/step
on time step 138097 (time=1438.51), 0.0213095 s/step
on time step 138286 (time=1440.48), 0.0212731 s/step
field decay(t = 1440.6979166666665): 0.011843964950098365 / 0.018557235001738465 = 0.6382397457912672
on time step 138474 (time=1442.44), 0.0212923 s/step
on time step 138662 (time=1444.4), 0.0213091 s/step
on time step 138851 (time=1446.36), 0.021224 s/step
on time step 139040 (time=1448.33), 0.021272 s/step
on time step 139228 (time=1450.29), 0.0213733 s/step
on time step 139416 (time=1452.25), 0.0212989 s/step
on time step 139604 (time=1454.21), 0.0213666 s/step
on time step 139791 (time=1456.16), 0.0214055 s/step
on time step 139976 (time=1458.08), 0.0216923 s/step
on time step 140163 (time=1460.03), 0.0214567 s/step
field decay(t = 1460.7083333333333): 0.010419785957793685 / 0.018557235001738465 = 0.5614945306678256
on time step 140351 (time=1461.99), 0.0213854 s/step
on time step 140540 (time=1463.96), 0.0212664 s/step
on time step 140728 (time=1465.92), 0.0213035 s/step
on time step 140917 (time=1467.89), 0.0212678 s/step
on time step 141106 (time=1469.85), 0.0212449 s/step
on time step 141295 (time=1471.82), 0.021239 s/step
on time step 141484 (time=1473.79), 0.0212483 s/step
on time step 141673 (time=1475.76), 0.0212306 s/step
on time step 141862 (time=1477.73), 0.0212424 s/step
on time step 142051 (time=1479.7), 0.0212456 s/step
field decay(t = 1480.71875): 0.009060354290266835 / 0.018557235001738465 = 0.48823837653713226
on time step 142240 (time=1481.67), 0.0212401 s/step
on time step 142429 (time=1483.64), 0.0212367 s/step
on time step 142618 (time=1485.6), 0.0212355 s/step
on time step 142807 (time=1487.57), 0.0212617 s/step
on time step 142996 (time=1489.54), 0.0212336 s/step
on time step 143185 (time=1491.51), 0.021236 s/step
on time step 143374 (time=1493.48), 0.0212446 s/step
on time step 143563 (time=1495.45), 0.0212433 s/step
on time step 143752 (time=1497.42), 0.0212666 s/step
on time step 143941 (time=1499.39), 0.0212484 s/step
field decay(t = 1500.7291666666665): 0.007449898136896118 / 0.018557235001738465 = 0.4014551810222914
on time step 144130 (time=1501.35), 0.0212353 s/step
on time step 144317 (time=1503.3), 0.0214056 s/step
on time step 144504 (time=1505.25), 0.0214791 s/step
on time step 144692 (time=1507.21), 0.0213866 s/step
on time step 144879 (time=1509.16), 0.0214471 s/step
on time step 145065 (time=1511.09), 0.021574 s/step
on time step 145252 (time=1513.04), 0.0214444 s/step
on time step 145439 (time=1514.99), 0.0214516 s/step
on time step 145626 (time=1516.94), 0.0214852 s/step
on time step 145813 (time=1518.89), 0.0214864 s/step
field decay(t = 1520.7395833333333): 0.006392276508399013 / 0.018557235001738465 = 0.34446276655979063
on time step 145999 (time=1520.82), 0.0215484 s/step
on time step 146186 (time=1522.77), 0.0213912 s/step
on time step 146372 (time=1524.71), 0.0215133 s/step
on time step 146559 (time=1526.66), 0.0214929 s/step
on time step 146746 (time=1528.6), 0.021438 s/step
on time step 146931 (time=1530.53), 0.0216244 s/step
on time step 147117 (time=1532.47), 0.0215801 s/step
on time step 147302 (time=1534.4), 0.0216996 s/step
on time step 147487 (time=1536.32), 0.0216462 s/step
on time step 147674 (time=1538.27), 0.0214948 s/step
on time step 147863 (time=1540.24), 0.0211698 s/step
field decay(t = 1540.75): 0.005478584416496336 / 0.018557235001738465 = 0.2952263317236159
on time step 148051 (time=1542.2), 0.0213534 s/step
on time step 148239 (time=1544.16), 0.0213239 s/step
on time step 148427 (time=1546.11), 0.0213036 s/step
on time step 148615 (time=1548.07), 0.0213488 s/step
on time step 148803 (time=1550.03), 0.0213118 s/step
on time step 148990 (time=1551.98), 0.0213953 s/step
on time step 149178 (time=1553.94), 0.0212949 s/step
on time step 149365 (time=1555.89), 0.0214138 s/step
on time step 149553 (time=1557.84), 0.0213593 s/step
on time step 149741 (time=1559.8), 0.0213695 s/step
field decay(t = 1560.7604166666665): 0.0047062966405993735 / 0.018557235001738465 = 0.2536097990976825
on time step 149928 (time=1561.75), 0.0214136 s/step
on time step 150116 (time=1563.71), 0.0213747 s/step
on time step 150304 (time=1565.67), 0.0213322 s/step
on time step 150495 (time=1567.66), 0.0209836 s/step
on time step 150684 (time=1569.62), 0.0212568 s/step
on time step 150873 (time=1571.59), 0.0212377 s/step
on time step 151062 (time=1573.56), 0.0212746 s/step
on time step 151251 (time=1575.53), 0.0212533 s/step
on time step 151440 (time=1577.5), 0.0212134 s/step
on time step 151629 (time=1579.47), 0.021202 s/step
field decay(t = 1580.7708333333333): 0.004064613097288579 / 0.018557235001738465 = 0.2190311809333557
on time step 151817 (time=1581.43), 0.0213026 s/step
on time step 152006 (time=1583.4), 0.0212511 s/step
on time step 152194 (time=1585.35), 0.0213476 s/step
on time step 152383 (time=1587.32), 0.0212079 s/step
on time step 152572 (time=1589.29), 0.0212413 s/step
on time step 152761 (time=1591.26), 0.0212564 s/step
on time step 152949 (time=1593.22), 0.0213107 s/step
on time step 153137 (time=1595.18), 0.0213247 s/step
on time step 153325 (time=1597.14), 0.0212892 s/step
on time step 153513 (time=1599.09), 0.0213508 s/step
field decay(t = 1600.78125): 0.0033948226352823476 / 0.018557235001738465 = 0.18293795573340083
on time step 153701 (time=1601.05), 0.02138 s/step
on time step 153888 (time=1603), 0.0213954 s/step
on time step 154076 (time=1604.96), 0.0213315 s/step
on time step 154264 (time=1606.92), 0.021314 s/step
on time step 154452 (time=1608.88), 0.0213105 s/step
on time step 154639 (time=1610.82), 0.0214366 s/step
on time step 154827 (time=1612.78), 0.0213384 s/step
on time step 155015 (time=1614.74), 0.0213329 s/step
on time step 155203 (time=1616.7), 0.0213496 s/step
on time step 155391 (time=1618.66), 0.021327 s/step
on time step 155579 (time=1620.61), 0.0213333 s/step
field decay(t = 1620.7916666666665): 0.0030070952993376263 / 0.018557235001738465 = 0.16204436162261876
on time step 155767 (time=1622.57), 0.0213859 s/step
on time step 155955 (time=1624.53), 0.021279 s/step
on time step 156143 (time=1626.49), 0.0213638 s/step
on time step 156332 (time=1628.46), 0.0212591 s/step
on time step 156520 (time=1630.42), 0.0213051 s/step
on time step 156707 (time=1632.36), 0.0214402 s/step
on time step 156895 (time=1634.32), 0.0213387 s/step
on time step 157083 (time=1636.28), 0.0213292 s/step
on time step 157271 (time=1638.24), 0.0213776 s/step
on time step 157460 (time=1640.21), 0.0212444 s/step
field decay(t = 1640.8020833333333): 0.00270047221338757 / 0.018557235001738465 = 0.1455212596668947
on time step 157649 (time=1642.18), 0.0211719 s/step
on time step 157838 (time=1644.15), 0.0212245 s/step
on time step 158027 (time=1646.11), 0.0212041 s/step
on time step 158216 (time=1648.08), 0.0211966 s/step
on time step 158405 (time=1650.05), 0.0212563 s/step
on time step 158594 (time=1652.02), 0.0211988 s/step
on time step 158783 (time=1653.99), 0.0212434 s/step
on time step 158972 (time=1655.96), 0.0212602 s/step
on time step 159161 (time=1657.93), 0.0212127 s/step
on time step 159350 (time=1659.9), 0.0212465 s/step
field decay(t = 1660.8125): 0.0024594360857944785 / 0.018557235001738465 = 0.1325324643226254
on time step 159539 (time=1661.86), 0.0212599 s/step
on time step 159728 (time=1663.83), 0.021247 s/step
on time step 159917 (time=1665.8), 0.0212043 s/step
on time step 160106 (time=1667.77), 0.0211928 s/step
on time step 160296 (time=1669.75), 0.0211596 s/step
on time step 160485 (time=1671.72), 0.0212577 s/step
on time step 160675 (time=1673.7), 0.0211064 s/step
on time step 160864 (time=1675.67), 0.0212213 s/step
on time step 161052 (time=1677.62), 0.0212961 s/step
on time step 161241 (time=1679.59), 0.02123 s/step
field decay(t = 1680.8229166666665): 0.0022700760487428815 / 0.018557235001738465 = 0.12232835595013039
on time step 161430 (time=1681.56), 0.0212314 s/step
on time step 161619 (time=1683.53), 0.0211801 s/step
on time step 161808 (time=1685.5), 0.021252 s/step
on time step 161996 (time=1687.46), 0.0213644 s/step
on time step 162184 (time=1689.42), 0.0213382 s/step
on time step 162372 (time=1691.38), 0.0213696 s/step
on time step 162560 (time=1693.33), 0.0213784 s/step
on time step 162749 (time=1695.3), 0.0212303 s/step
on time step 162939 (time=1697.28), 0.0211485 s/step
on time step 163129 (time=1699.26), 0.0211606 s/step
field decay(t = 1700.8333333333333): 0.0020776554643218313 / 0.018557235001738465 = 0.1119593228262289
on time step 163318 (time=1701.23), 0.0212189 s/step
on time step 163507 (time=1703.2), 0.0211767 s/step
on time step 163696 (time=1705.17), 0.0211925 s/step
on time step 163885 (time=1707.14), 0.0211765 s/step
on time step 164075 (time=1709.11), 0.0211097 s/step
on time step 164264 (time=1711.08), 0.0211792 s/step
on time step 164454 (time=1713.06), 0.0211295 s/step
on time step 164643 (time=1715.03), 0.0211998 s/step
on time step 164832 (time=1717), 0.021178 s/step
on time step 165021 (time=1718.97), 0.0211869 s/step
field decay(t = 1720.84375): 0.0019659981408611253 / 0.018557235001738465 = 0.10594240686594464
on time step 165211 (time=1720.95), 0.0211328 s/step
on time step 165400 (time=1722.92), 0.0212383 s/step
on time step 165589 (time=1724.89), 0.0212235 s/step
on time step 165779 (time=1726.86), 0.021094 s/step
on time step 165968 (time=1728.83), 0.0211792 s/step
on time step 166157 (time=1730.8), 0.021175 s/step
on time step 166346 (time=1732.77), 0.0211929 s/step
on time step 166534 (time=1734.73), 0.0212793 s/step
on time step 166723 (time=1736.7), 0.0212023 s/step
on time step 166913 (time=1738.68), 0.0211073 s/step
on time step 167102 (time=1740.65), 0.0212165 s/step
field decay(t = 1740.8541666666665): 0.0018740879106082186 / 0.018557235001738465 = 0.10098960919731047
on time step 167291 (time=1742.61), 0.021229 s/step
on time step 167480 (time=1744.58), 0.0211673 s/step
on time step 167670 (time=1746.56), 0.0211644 s/step
on time step 167858 (time=1748.52), 0.0213218 s/step
on time step 168046 (time=1750.48), 0.0213209 s/step
on time step 168236 (time=1752.46), 0.0211663 s/step
on time step 168424 (time=1754.42), 0.021388 s/step
on time step 168611 (time=1756.36), 0.0214276 s/step
on time step 168799 (time=1758.32), 0.0213113 s/step
on time step 168987 (time=1760.28), 0.0213325 s/step
field decay(t = 1760.8645833333333): 0.0017963737444914797 / 0.018557235001738465 = 0.09680179963896524
on time step 169175 (time=1762.24), 0.0213649 s/step
on time step 169363 (time=1764.2), 0.0213627 s/step
on time step 169551 (time=1766.16), 0.0213814 s/step
on time step 169739 (time=1768.11), 0.0213845 s/step
on time step 169927 (time=1770.07), 0.0213148 s/step
on time step 170114 (time=1772.02), 0.0213907 s/step
on time step 170302 (time=1773.98), 0.0213633 s/step
on time step 170490 (time=1775.94), 0.0213554 s/step
on time step 170678 (time=1777.9), 0.0213739 s/step
on time step 170866 (time=1779.85), 0.0213877 s/step
field decay(t = 1780.875): 0.0017287147978923072 / 0.018557235001738465 = 0.09315583909619936
on time step 171054 (time=1781.81), 0.0213578 s/step
on time step 171242 (time=1783.77), 0.0212844 s/step
on time step 171430 (time=1785.73), 0.0212994 s/step
on time step 171618 (time=1787.69), 0.0212917 s/step
on time step 171806 (time=1789.65), 0.0212979 s/step
on time step 171994 (time=1791.6), 0.0212818 s/step
on time step 172182 (time=1793.56), 0.0213026 s/step
on time step 172370 (time=1795.52), 0.0212874 s/step
on time step 172558 (time=1797.48), 0.021284 s/step
on time step 172746 (time=1799.44), 0.0212889 s/step
field decay(t = 1800.8854166666665): 0.0016491866078831771 / 0.018557235001738465 = 0.08887027661872468
on time step 172934 (time=1801.4), 0.021303 s/step
on time step 173122 (time=1803.35), 0.021284 s/step
on time step 173310 (time=1805.31), 0.0212881 s/step
on time step 173499 (time=1807.28), 0.021276 s/step
on time step 173687 (time=1809.24), 0.0212975 s/step
on time step 173875 (time=1811.2), 0.0212911 s/step
on time step 174063 (time=1813.16), 0.0212879 s/step
on time step 174251 (time=1815.11), 0.0212786 s/step
on time step 174439 (time=1817.07), 0.0213104 s/step
on time step 174627 (time=1819.03), 0.0212771 s/step
field decay(t = 1820.8958333333333): 0.0015949939963258194 / 0.018557235001738465 = 0.08594998102769073
on time step 174815 (time=1820.99), 0.0212919 s/step
on time step 175004 (time=1822.96), 0.0212774 s/step
on time step 175192 (time=1824.92), 0.0213142 s/step
on time step 175380 (time=1826.88), 0.0212876 s/step
on time step 175568 (time=1828.83), 0.0212828 s/step
on time step 175756 (time=1830.79), 0.0212774 s/step
on time step 175944 (time=1832.75), 0.0212886 s/step
on time step 176132 (time=1834.71), 0.021277 s/step
on time step 176320 (time=1836.67), 0.0212854 s/step
on time step 176508 (time=1838.62), 0.0212781 s/step
on time step 176696 (time=1840.58), 0.0212811 s/step
field decay(t = 1840.90625): 0.0015440908352864079 / 0.018557235001738465 = 0.08320694516945847
on time step 176884 (time=1842.54), 0.0212843 s/step
on time step 177072 (time=1844.5), 0.0212791 s/step
on time step 177260 (time=1846.46), 0.0212824 s/step
on time step 177448 (time=1848.42), 0.0212973 s/step
on time step 177636 (time=1850.38), 0.0213211 s/step
on time step 177824 (time=1852.33), 0.0213257 s/step
on time step 178011 (time=1854.28), 0.0214916 s/step
on time step 178197 (time=1856.22), 0.0215982 s/step
on time step 178383 (time=1858.16), 0.021604 s/step
on time step 178569 (time=1860.09), 0.0216005 s/step
field decay(t = 1860.9166666666665): 0.0014956885149328824 / 0.018557235001738465 = 0.08059867295924013
on time step 178755 (time=1862.03), 0.0215882 s/step
on time step 178941 (time=1863.97), 0.0215792 s/step
on time step 179127 (time=1865.91), 0.0215893 s/step
on time step 179313 (time=1867.84), 0.0215699 s/step
on time step 179499 (time=1869.78), 0.0215751 s/step
on time step 179685 (time=1871.72), 0.0215961 s/step
on time step 179871 (time=1873.66), 0.0215882 s/step
on time step 180057 (time=1875.59), 0.0215815 s/step
on time step 180243 (time=1877.53), 0.0215979 s/step
on time step 180429 (time=1879.47), 0.0216039 s/step
field decay(t = 1880.9270833333333): 0.00144927964746901 / 0.018557235001738465 = 0.07809782261922316
on time step 180615 (time=1881.41), 0.0215939 s/step
on time step 180801 (time=1883.34), 0.0215578 s/step
on time step 180987 (time=1885.28), 0.0215798 s/step
on time step 181173 (time=1887.22), 0.02159 s/step
on time step 181358 (time=1889.15), 0.021713 s/step
on time step 181544 (time=1891.08), 0.0216062 s/step
on time step 181730 (time=1893.02), 0.0215966 s/step
on time step 181916 (time=1894.96), 0.0215712 s/step
on time step 182102 (time=1896.9), 0.0215929 s/step
on time step 182288 (time=1898.83), 0.0215843 s/step
on time step 182474 (time=1900.77), 0.0215439 s/step
field decay(t = 1900.9375): 0.0013900302052988977 / 0.018557235001738465 = 0.07490502788635688
on time step 182660 (time=1902.71), 0.021585 s/step
on time step 182846 (time=1904.65), 0.021548 s/step
on time step 183032 (time=1906.58), 0.0215815 s/step
on time step 183218 (time=1908.52), 0.0216016 s/step
on time step 183404 (time=1910.46), 0.0216012 s/step
on time step 183590 (time=1912.4), 0.0215648 s/step
on time step 183776 (time=1914.33), 0.021584 s/step
on time step 183962 (time=1916.27), 0.0216125 s/step
on time step 184148 (time=1918.21), 0.021598 s/step
on time step 184334 (time=1920.15), 0.0215692 s/step
field decay(t = 1920.9479166666665): 0.0013473599219379928 / 0.018557235001738465 = 0.0726056398925686
on time step 184520 (time=1922.08), 0.0215683 s/step
on time step 184706 (time=1924.02), 0.0215715 s/step
on time step 184893 (time=1925.97), 0.0215029 s/step
on time step 185079 (time=1927.91), 0.0215586 s/step
on time step 185266 (time=1929.85), 0.0214938 s/step
on time step 185452 (time=1931.79), 0.021543 s/step
on time step 185637 (time=1933.72), 0.0216259 s/step
on time step 185823 (time=1935.66), 0.0216033 s/step
on time step 186009 (time=1937.59), 0.0215683 s/step
on time step 186195 (time=1939.53), 0.0215954 s/step
field decay(t = 1940.9583333333333): 0.0013061064561194127 / 0.018557235001738465 = 0.07038260042495852
on time step 186381 (time=1941.47), 0.0215435 s/step
on time step 186567 (time=1943.41), 0.0216047 s/step
on time step 186753 (time=1945.34), 0.021571 s/step
on time step 186939 (time=1947.28), 0.0216166 s/step
on time step 187125 (time=1949.22), 0.0215143 s/step
on time step 187311 (time=1951.16), 0.0215091 s/step
on time step 187498 (time=1953.1), 0.021493 s/step
on time step 187683 (time=1955.03), 0.0217211 s/step
on time step 187868 (time=1956.96), 0.0217043 s/step
on time step 188053 (time=1958.89), 0.0216635 s/step
on time step 188238 (time=1960.81), 0.0216659 s/step
field decay(t = 1960.96875): 0.001266212884789306 / 0.018557235001738465 = 0.06823284205166802
on time step 188423 (time=1962.74), 0.0217181 s/step
on time step 188608 (time=1964.67), 0.0217328 s/step
on time step 188793 (time=1966.59), 0.0217045 s/step
on time step 188978 (time=1968.52), 0.0217012 s/step
on time step 189163 (time=1970.45), 0.0217003 s/step
on time step 189349 (time=1972.39), 0.0216051 s/step
on time step 189534 (time=1974.31), 0.0216301 s/step
on time step 189719 (time=1976.24), 0.021631 s/step
on time step 189904 (time=1978.17), 0.021666 s/step
on time step 190089 (time=1980.09), 0.0216324 s/step
field decay(t = 1980.9791666666665): 0.0012276398157616108 / 0.018557235001738465 = 0.06615424203264139
on time step 190274 (time=1982.02), 0.0216229 s/step
on time step 190459 (time=1983.95), 0.0216503 s/step
on time step 190645 (time=1985.89), 0.0215996 s/step
on time step 190831 (time=1987.82), 0.0216122 s/step
on time step 191016 (time=1989.75), 0.0216227 s/step
on time step 191201 (time=1991.68), 0.0216337 s/step
on time step 191386 (time=1993.6), 0.0216521 s/step
on time step 191572 (time=1995.54), 0.0215962 s/step
on time step 191758 (time=1997.48), 0.021571 s/step
on time step 191944 (time=1999.42), 0.0215873 s/step
field decay(t = 2000.9895833333333): 0.0011874199865406958 / 0.018557235001738465 = 0.0639869024900238
on time step 192130 (time=2001.35), 0.0216198 s/step
on time step 192315 (time=2003.28), 0.0216247 s/step
on time step 192500 (time=2005.21), 0.021623 s/step
on time step 192685 (time=2007.14), 0.0216412 s/step
on time step 192870 (time=2009.06), 0.021653 s/step
on time step 193055 (time=2010.99), 0.0216668 s/step
on time step 193240 (time=2012.92), 0.0216408 s/step
on time step 193425 (time=2014.84), 0.0216218 s/step
on time step 193610 (time=2016.77), 0.0216435 s/step
on time step 193795 (time=2018.7), 0.0216505 s/step
on time step 193980 (time=2020.62), 0.0216471 s/step
field decay(t = 2021.0): 0.001142578532132832 / 0.018557235001738465 = 0.061570515867573686
on time step 194166 (time=2022.56), 0.0215918 s/step
on time step 194354 (time=2024.52), 0.0213277 s/step
on time step 194542 (time=2026.48), 0.021362 s/step
on time step 194730 (time=2028.44), 0.0213553 s/step
on time step 194918 (time=2030.4), 0.0213389 s/step
on time step 195106 (time=2032.35), 0.0213685 s/step
on time step 195293 (time=2034.3), 0.0214653 s/step
on time step 195481 (time=2036.26), 0.0213475 s/step
on time step 195669 (time=2038.22), 0.0213117 s/step
on time step 195858 (time=2040.19), 0.0211657 s/step
field decay(t = 2041.0104166666665): 0.0011081419920789736 / 0.018557235001738465 = 0.05971482238464736
on time step 196047 (time=2042.16), 0.0212448 s/step
on time step 196236 (time=2044.12), 0.0212606 s/step
on time step 196425 (time=2046.09), 0.0211845 s/step
on time step 196611 (time=2048.03), 0.0216117 s/step
on time step 196793 (time=2049.93), 0.0220242 s/step
on time step 196977 (time=2051.84), 0.021843 s/step
on time step 197166 (time=2053.81), 0.0212705 s/step
on time step 197354 (time=2055.77), 0.0212946 s/step
on time step 197542 (time=2057.73), 0.0213005 s/step
on time step 197730 (time=2059.69), 0.0212893 s/step
field decay(t = 2061.0104166666665): 0.0010748623075146693 / 0.018557235001738465 = 0.057921468764822716
on time step 197919 (time=2061.66), 0.0212714 s/step
on time step 198107 (time=2063.61), 0.0213018 s/step
on time step 198295 (time=2065.57), 0.0212975 s/step
on time step 198483 (time=2067.53), 0.0212832 s/step
on time step 198671 (time=2069.49), 0.0212909 s/step
on time step 198856 (time=2071.42), 0.0216703 s/step
on time step 199041 (time=2073.34), 0.0216489 s/step
on time step 199227 (time=2075.28), 0.0215369 s/step
on time step 199413 (time=2077.22), 0.0215176 s/step
on time step 199599 (time=2079.16), 0.0215481 s/step
field decay(t = 2081.020833333333): 0.001042806591959611 / 0.018557235001738465 = 0.056194071577038256
on time step 199786 (time=2081.1), 0.0214957 s/step
on time step 199973 (time=2083.05), 0.0214591 s/step
on time step 200159 (time=2084.99), 0.0215579 s/step
on time step 200345 (time=2086.93), 0.0215497 s/step
on time step 200531 (time=2088.86), 0.0215807 s/step
on time step 200718 (time=2090.81), 0.0214923 s/step
on time step 200904 (time=2092.75), 0.0215439 s/step
on time step 201091 (time=2094.7), 0.0214123 s/step
on time step 201278 (time=2096.65), 0.0214929 s/step
on time step 201463 (time=2098.57), 0.0216832 s/step
on time step 201650 (time=2100.52), 0.0215054 s/step
field decay(t = 2101.03125): 0.0010116003094423833 / 0.018557235001738465 = 0.05451244807470592
on time step 201835 (time=2102.45), 0.0216737 s/step
on time step 202021 (time=2104.39), 0.0216153 s/step
on time step 202207 (time=2106.32), 0.0215218 s/step
on time step 202394 (time=2108.27), 0.0214142 s/step
on time step 202580 (time=2110.21), 0.0215744 s/step
on time step 202765 (time=2112.14), 0.0216513 s/step
on time step 202950 (time=2114.06), 0.0216255 s/step
on time step 203137 (time=2116.01), 0.0214517 s/step
on time step 203323 (time=2117.95), 0.0215332 s/step
on time step 203508 (time=2119.88), 0.0216716 s/step
field decay(t = 2121.0416666666665): 0.0009715939214056188 / 0.018557235001738465 = 0.05235661030938061
on time step 203695 (time=2121.82), 0.0214942 s/step
on time step 203882 (time=2123.77), 0.0214906 s/step
on time step 204068 (time=2125.71), 0.021533 s/step
on time step 204253 (time=2127.64), 0.0216277 s/step
on time step 204439 (time=2129.57), 0.0215557 s/step
on time step 204624 (time=2131.5), 0.0216955 s/step
on time step 204811 (time=2133.45), 0.0214662 s/step
on time step 204997 (time=2135.39), 0.0215362 s/step
on time step 205183 (time=2137.32), 0.0215581 s/step
on time step 205370 (time=2139.27), 0.0214665 s/step
field decay(t = 2141.052083333333): 0.0009428370950401565 / 0.018557235001738465 = 0.0508069814792899
on time step 205557 (time=2141.22), 0.0214684 s/step
on time step 205742 (time=2143.15), 0.0216512 s/step
on time step 205926 (time=2145.06), 0.0217539 s/step
on time step 206110 (time=2146.98), 0.0217511 s/step
on time step 206295 (time=2148.91), 0.0216325 s/step
on time step 206484 (time=2150.88), 0.0212477 s/step
on time step 206672 (time=2152.83), 0.021306 s/step
on time step 206857 (time=2154.76), 0.0217152 s/step
on time step 207043 (time=2156.7), 0.0216051 s/step
on time step 207228 (time=2158.62), 0.0216856 s/step
on time step 207413 (time=2160.55), 0.0216588 s/step
field decay(t = 2161.0625): 0.0009148822261968255 / 0.018557235001738465 = 0.04930056800547701
on time step 207598 (time=2162.48), 0.0216235 s/step
on time step 207783 (time=2164.41), 0.0216281 s/step
on time step 207967 (time=2166.32), 0.0217406 s/step
on time step 208152 (time=2168.25), 0.0216626 s/step
on time step 208337 (time=2170.18), 0.0216627 s/step
on time step 208522 (time=2172.1), 0.0216986 s/step
on time step 208709 (time=2174.05), 0.0214911 s/step
on time step 208894 (time=2175.98), 0.0217252 s/step
on time step 209079 (time=2177.91), 0.0216832 s/step
on time step 209265 (time=2179.84), 0.0216093 s/step
field decay(t = 2181.0729166666665): 0.0008877855486321156 / 0.018557235001738465 = 0.047840400175400415
on time step 209450 (time=2181.77), 0.0216984 s/step
on time step 209636 (time=2183.71), 0.0215293 s/step
on time step 209820 (time=2185.62), 0.0217467 s/step
on time step 210004 (time=2187.54), 0.0217525 s/step
on time step 210188 (time=2189.46), 0.021782 s/step
on time step 210372 (time=2191.38), 0.0217546 s/step
on time step 210557 (time=2193.3), 0.0216564 s/step
on time step 210741 (time=2195.22), 0.021789 s/step
on time step 210925 (time=2197.14), 0.0218241 s/step
on time step 211109 (time=2199.05), 0.0218294 s/step
on time step 211293 (time=2200.97), 0.0218395 s/step
field decay(t = 2201.083333333333): 0.000861588294096976 / 0.018557235001738465 = 0.04642869985837121
on time step 211480 (time=2202.92), 0.0214953 s/step
on time step 211669 (time=2204.89), 0.0212736 s/step
on time step 211858 (time=2206.85), 0.021265 s/step
on time step 212047 (time=2208.82), 0.021276 s/step
on time step 212236 (time=2210.79), 0.0212736 s/step
on time step 212425 (time=2212.76), 0.0212684 s/step
on time step 212614 (time=2214.73), 0.0212737 s/step
on time step 212803 (time=2216.7), 0.0212724 s/step
on time step 212992 (time=2218.67), 0.0212266 s/step
on time step 213181 (time=2220.64), 0.0212751 s/step
field decay(t = 2221.09375): 0.0008278462064650781 / 0.018557235001738465 = 0.04461042856802344
on time step 213369 (time=2222.59), 0.021287 s/step
on time step 213553 (time=2224.51), 0.0217433 s/step
on time step 213739 (time=2226.45), 0.0215953 s/step
on time step 213924 (time=2228.38), 0.0216763 s/step
on time step 214109 (time=2230.3), 0.0217098 s/step
on time step 214292 (time=2232.21), 0.021858 s/step
on time step 214476 (time=2234.12), 0.0218536 s/step
on time step 214660 (time=2236.04), 0.0218522 s/step
on time step 214844 (time=2237.96), 0.0218284 s/step
on time step 215028 (time=2239.88), 0.0218566 s/step
field decay(t = 2241.1041666666665): 0.0008034371560471899 / 0.018557235001738465 = 0.043295089811166525
on time step 215212 (time=2241.79), 0.0218315 s/step
on time step 215396 (time=2243.71), 0.0218346 s/step
on time step 215584 (time=2245.67), 0.0213836 s/step
on time step 215768 (time=2247.58), 0.0217789 s/step
on time step 215952 (time=2249.5), 0.021824 s/step
on time step 216136 (time=2251.42), 0.0218072 s/step
on time step 216320 (time=2253.33), 0.0218233 s/step
on time step 216507 (time=2255.28), 0.0214194 s/step
on time step 216691 (time=2257.2), 0.0217497 s/step
on time step 216875 (time=2259.11), 0.0217989 s/step
on time step 217061 (time=2261.05), 0.0215982 s/step
field decay(t = 2261.114583333333): 0.000779733397867203 / 0.018557235001738465 = 0.04201775737571661
on time step 217246 (time=2262.98), 0.0217312 s/step
on time step 217430 (time=2264.9), 0.0218223 s/step
on time step 217613 (time=2266.8), 0.0218583 s/step
on time step 217797 (time=2268.72), 0.0217659 s/step
on time step 217981 (time=2270.64), 0.0217817 s/step
on time step 218166 (time=2272.56), 0.0216228 s/step
on time step 218350 (time=2274.48), 0.0217462 s/step
on time step 218535 (time=2276.41), 0.0216762 s/step
on time step 218719 (time=2278.32), 0.021856 s/step
on time step 218903 (time=2280.24), 0.0218244 s/step
field decay(t = 2281.125): 0.0007567288239536722 / 0.018557235001738465 = 0.04077810211935026
on time step 219087 (time=2282.16), 0.0218237 s/step
on time step 219271 (time=2284.07), 0.0218544 s/step
on time step 219455 (time=2285.99), 0.0217847 s/step
on time step 219638 (time=2287.9), 0.0218593 s/step
on time step 219822 (time=2289.81), 0.0218046 s/step
on time step 220006 (time=2291.73), 0.0217792 s/step
on time step 220189 (time=2293.64), 0.0218592 s/step
on time step 220376 (time=2295.58), 0.0215014 s/step
on time step 220562 (time=2297.52), 0.021514 s/step
on time step 220748 (time=2299.46), 0.0215338 s/step
field decay(t = 2301.1354166666665): 0.0007343987958626842 / 0.018557235001738465 = 0.03957479634190572
on time step 220935 (time=2301.41), 0.0214995 s/step
on time step 221121 (time=2303.34), 0.021507 s/step
on time step 221308 (time=2305.29), 0.0214309 s/step
on time step 221495 (time=2307.24), 0.0215014 s/step
on time step 221683 (time=2309.2), 0.0213755 s/step
on time step 221872 (time=2311.17), 0.0212405 s/step
on time step 222059 (time=2313.11), 0.0213983 s/step
on time step 222247 (time=2315.07), 0.0213555 s/step
on time step 222435 (time=2317.03), 0.0213105 s/step
on time step 222622 (time=2318.98), 0.0215014 s/step
on time step 222808 (time=2320.92), 0.0215234 s/step
field decay(t = 2321.145833333333): 0.0007056241235983014 / 0.018557235001738465 = 0.03802420584382305
on time step 222996 (time=2322.88), 0.02137 s/step
on time step 223182 (time=2324.81), 0.021613 s/step
on time step 223370 (time=2326.77), 0.0212967 s/step
on time step 223557 (time=2328.72), 0.0214547 s/step
on time step 223744 (time=2330.67), 0.021444 s/step
on time step 223932 (time=2332.62), 0.0213116 s/step
on time step 224119 (time=2334.57), 0.0214762 s/step
on time step 224306 (time=2336.52), 0.0214712 s/step
on time step 224492 (time=2338.46), 0.0215223 s/step
on time step 224677 (time=2340.39), 0.0216719 s/step
field decay(t = 2341.15625): 0.0006847653860543691 / 0.018557235001738465 = 0.03690018399778951
on time step 224863 (time=2342.32), 0.0215703 s/step
on time step 225048 (time=2344.25), 0.0216306 s/step
on time step 225235 (time=2346.2), 0.0214228 s/step
on time step 225420 (time=2348.12), 0.0217271 s/step
on time step 225606 (time=2350.06), 0.021562 s/step
on time step 225790 (time=2351.98), 0.0218522 s/step
on time step 225976 (time=2353.92), 0.0215932 s/step
on time step 226162 (time=2355.85), 0.0216122 s/step
on time step 226346 (time=2357.77), 0.0217548 s/step
on time step 226530 (time=2359.69), 0.0217999 s/step
field decay(t = 2361.1666666666665): 0.0006645064275852203 / 0.018557235001738465 = 0.0358084826496495
on time step 226717 (time=2361.64), 0.0214362 s/step
on time step 226903 (time=2363.57), 0.0215584 s/step
on time step 227086 (time=2365.48), 0.0219428 s/step
on time step 227272 (time=2367.42), 0.0215266 s/step
on time step 227458 (time=2369.35), 0.0215601 s/step
on time step 227643 (time=2371.28), 0.0216319 s/step
on time step 227828 (time=2373.21), 0.0217008 s/step
on time step 228012 (time=2375.12), 0.0217403 s/step
on time step 228196 (time=2377.04), 0.0217615 s/step
on time step 228380 (time=2378.96), 0.021781 s/step
on time step 228566 (time=2380.9), 0.0215784 s/step
field decay(t = 2381.177083333333): 0.000644822980514308 / 0.018557235001738465 = 0.034747794078907775
on time step 228751 (time=2382.82), 0.0216544 s/step
on time step 228936 (time=2384.75), 0.0216382 s/step
on time step 229121 (time=2386.68), 0.0216639 s/step
on time step 229305 (time=2388.59), 0.0218104 s/step
on time step 229489 (time=2390.51), 0.0218419 s/step
on time step 229674 (time=2392.44), 0.0217067 s/step
on time step 229858 (time=2394.35), 0.0218264 s/step
on time step 230042 (time=2396.27), 0.0218276 s/step
on time step 230228 (time=2398.21), 0.0215817 s/step
on time step 230414 (time=2400.15), 0.0215797 s/step
field decay(t = 2401.1875): 0.0006257007679973204 / 0.018557235001738465 = 0.03371734894442539
on time step 230598 (time=2402.06), 0.0218324 s/step
on time step 230784 (time=2404), 0.0215328 s/step
on time step 230969 (time=2405.93), 0.0216238 s/step
on time step 231154 (time=2407.85), 0.0216239 s/step
on time step 231343 (time=2409.82), 0.0212554 s/step
on time step 231532 (time=2411.79), 0.0212046 s/step
on time step 231720 (time=2413.75), 0.0213167 s/step
on time step 231909 (time=2415.72), 0.0212714 s/step
on time step 232098 (time=2417.69), 0.0211818 s/step
on time step 232287 (time=2419.66), 0.0212307 s/step
field decay(t = 2421.1979166666665): 0.0006010433085183364 / 0.018557235001738465 = 0.03238862408446247
on time step 232476 (time=2421.62), 0.0212403 s/step
on time step 232665 (time=2423.59), 0.0212073 s/step
on time step 232854 (time=2425.56), 0.021196 s/step
on time step 233043 (time=2427.53), 0.0211803 s/step
on time step 233232 (time=2429.5), 0.0212467 s/step
on time step 233420 (time=2431.46), 0.0213 s/step
on time step 233608 (time=2433.42), 0.0213192 s/step
on time step 233796 (time=2435.38), 0.0213376 s/step
on time step 233984 (time=2437.33), 0.0213232 s/step
on time step 234172 (time=2439.29), 0.021303 s/step
field decay(t = 2441.208333333333): 0.0005831649719861625 / 0.018557235001738465 = 0.03142520811594674
on time step 234360 (time=2441.25), 0.021312 s/step
on time step 234548 (time=2443.21), 0.0213237 s/step
on time step 234736 (time=2445.17), 0.0213825 s/step
on time step 234924 (time=2447.12), 0.0213065 s/step
on time step 235112 (time=2449.08), 0.0213117 s/step
on time step 235300 (time=2451.04), 0.0213296 s/step
on time step 235488 (time=2453), 0.0213621 s/step
on time step 235677 (time=2454.97), 0.0212611 s/step
on time step 235865 (time=2456.93), 0.0213263 s/step
on time step 236053 (time=2458.89), 0.0213322 s/step
on time step 236241 (time=2460.84), 0.0213369 s/step
field decay(t = 2461.21875): 0.0005657901287515352 / 0.018557235001738465 = 0.030488924061075437
on time step 236429 (time=2462.8), 0.0212805 s/step
on time step 236618 (time=2464.77), 0.0212674 s/step
on time step 236806 (time=2466.73), 0.0213427 s/step
on time step 236994 (time=2468.69), 0.0213417 s/step
on time step 237182 (time=2470.65), 0.0212957 s/step
on time step 237370 (time=2472.6), 0.0213511 s/step
on time step 237558 (time=2474.56), 0.0213326 s/step
on time step 237746 (time=2476.52), 0.0213608 s/step
on time step 237934 (time=2478.48), 0.0213289 s/step
on time step 238123 (time=2480.45), 0.0212293 s/step
field decay(t = 2481.2291666666665): 0.0005489075065887785 / 0.018557235001738465 = 0.029579164489610447
on time step 238312 (time=2482.42), 0.0212386 s/step
on time step 238500 (time=2484.38), 0.0213419 s/step
on time step 238689 (time=2486.34), 0.0212715 s/step
on time step 238878 (time=2488.31), 0.0212575 s/step
on time step 239066 (time=2490.27), 0.021362 s/step
on time step 239254 (time=2492.23), 0.0213287 s/step
on time step 239442 (time=2494.19), 0.0213093 s/step
on time step 239631 (time=2496.16), 0.0212739 s/step
on time step 239819 (time=2498.11), 0.0212932 s/step
on time step 240008 (time=2500.08), 0.0212347 s/step
field decay(t = 2501.239583333333): 0.0005325044989572775 / 0.018557235001738465 = 0.028695250068633164
on time step 240197 (time=2502.05), 0.0212308 s/step
on time step 240385 (time=2504.01), 0.0213232 s/step
on time step 240573 (time=2505.97), 0.0213455 s/step
on time step 240761 (time=2507.93), 0.0213122 s/step
on time step 240949 (time=2509.89), 0.0212893 s/step
on time step 241137 (time=2511.84), 0.0212865 s/step
on time step 241326 (time=2513.81), 0.0211846 s/step
on time step 241515 (time=2515.78), 0.0211935 s/step
on time step 241705 (time=2517.76), 0.0211492 s/step
on time step 241895 (time=2519.74), 0.0210727 s/step
field decay(t = 2521.25): 0.0005113555270377207 / 0.018557235001738465 = 0.027555588264621116
on time step 242085 (time=2521.72), 0.0210941 s/step
on time step 242274 (time=2523.69), 0.0211761 s/step
on time step 242463 (time=2525.66), 0.0211667 s/step
on time step 242653 (time=2527.64), 0.0211154 s/step
on time step 242843 (time=2529.61), 0.0210973 s/step
on time step 243033 (time=2531.59), 0.0211156 s/step
on time step 243223 (time=2533.57), 0.0210997 s/step
on time step 243413 (time=2535.55), 0.0210963 s/step
on time step 243614 (time=2537.65), 0.0199691 s/step
on time step 243922 (time=2540.85), 0.0129898 s/step
field decay(t = 2541.2604166666665): 0.0004960189738864593 / 0.018557235001738465 = 0.026729142236976124
on time step 244258 (time=2544.35), 0.0119133 s/step
on time step 244596 (time=2547.88), 0.0118391 s/step
on time step 244935 (time=2551.41), 0.0118023 s/step
on time step 245275 (time=2554.95), 0.0117652 s/step
on time step 245615 (time=2558.49), 0.011774 s/step
field decay(t = 2561.270833333333): 0.00048111775810382026 / 0.018557235001738465 = 0.025926155381378126
on time step 245955 (time=2562.03), 0.0117796 s/step
on time step 246295 (time=2565.57), 0.01177 s/step
on time step 246636 (time=2569.12), 0.0117545 s/step
on time step 246976 (time=2572.67), 0.0117648 s/step
on time step 247316 (time=2576.21), 0.0118002 s/step
on time step 247656 (time=2579.75), 0.0117666 s/step
field decay(t = 2581.28125): 0.0004666404798601089 / 0.018557235001738465 = 0.025146013391348088
on time step 247996 (time=2583.29), 0.0117724 s/step
on time step 248336 (time=2586.83), 0.0117692 s/step
on time step 248677 (time=2590.39), 0.0117603 s/step
on time step 249017 (time=2593.93), 0.0117663 s/step
on time step 249357 (time=2597.47), 0.0117675 s/step
on time step 249698 (time=2601.02), 0.0117475 s/step
field decay(t = 2601.2916666666665): 0.00045257681645714896 / 0.018557235001738465 = 0.02438816000415746
on time step 250038 (time=2604.56), 0.0117689 s/step
on time step 250379 (time=2608.11), 0.0117576 s/step
on time step 250720 (time=2611.67), 0.0117581 s/step
on time step 251060 (time=2615.21), 0.0117672 s/step
on time step 251401 (time=2618.76), 0.0117608 s/step
field decay(t = 2621.302083333333): 0.00043444858346746525 / 0.018557235001738465 = 0.023411277780702004
on time step 251742 (time=2622.31), 0.0117475 s/step
on time step 252082 (time=2625.85), 0.0117662 s/step
on time step 252422 (time=2629.4), 0.0117745 s/step
on time step 252762 (time=2632.94), 0.0117682 s/step
on time step 253102 (time=2636.48), 0.0117663 s/step
on time step 253442 (time=2640.02), 0.0117741 s/step
field decay(t = 2641.3125): 0.0004213056639700874 / 0.018557235001738465 = 0.022703040831816755
on time step 253782 (time=2643.56), 0.0117843 s/step
on time step 254087 (time=2646.74), 0.0131338 s/step
on time step 254392 (time=2649.92), 0.0131401 s/step
on time step 254697 (time=2653.09), 0.0131489 s/step
on time step 255002 (time=2656.27), 0.0131387 s/step
on time step 255307 (time=2659.45), 0.0131558 s/step
field decay(t = 2661.3229166666665): 0.0004085393310112202 / 0.018557235001738465 = 0.022015097129122294
on time step 255612 (time=2662.62), 0.0131441 s/step
on time step 255917 (time=2665.8), 0.0131512 s/step
on time step 256222 (time=2668.98), 0.0131478 s/step
on time step 256527 (time=2672.16), 0.0131362 s/step
on time step 256832 (time=2675.33), 0.0131475 s/step
on time step 257137 (time=2678.51), 0.0131476 s/step
field decay(t = 2681.333333333333): 0.0003961396588817793 / 0.018557235001738465 = 0.021346911802575568
on time step 257442 (time=2681.69), 0.0131567 s/step
on time step 257747 (time=2684.86), 0.0131397 s/step
on time step 258051 (time=2688.03), 0.0131647 s/step
on time step 258356 (time=2691.21), 0.0131447 s/step
on time step 258661 (time=2694.39), 0.0131296 s/step
on time step 258964 (time=2697.54), 0.013208 s/step
on time step 259270 (time=2700.73), 0.0130759 s/step
field decay(t = 2701.34375): 0.00038409800827792097 / 0.018557235001738465 = 0.02069801930308789
on time step 259578 (time=2703.94), 0.0129968 s/step
on time step 259886 (time=2707.15), 0.0129941 s/step
on time step 260195 (time=2710.36), 0.0129719 s/step
on time step 260503 (time=2713.57), 0.0129908 s/step
on time step 260812 (time=2716.79), 0.0129679 s/step
on time step 261120 (time=2720), 0.0129933 s/step
field decay(t = 2721.3541666666665): 0.0003697382958806075 / 0.018557235001738465 = 0.01992421262359236
on time step 261428 (time=2723.21), 0.0129978 s/step
on time step 261737 (time=2726.43), 0.0129774 s/step
on time step 262046 (time=2729.65), 0.0129687 s/step
on time step 262355 (time=2732.86), 0.0129783 s/step
on time step 262664 (time=2736.08), 0.0129821 s/step
on time step 262973 (time=2739.3), 0.0129811 s/step
field decay(t = 2741.364583333333): 0.000357333639020024 / 0.018557235001738465 = 0.01925575868315234
on time step 263282 (time=2742.52), 0.0129883 s/step
on time step 263591 (time=2745.74), 0.012966 s/step
on time step 263899 (time=2748.95), 0.0129922 s/step
on time step 264208 (time=2752.17), 0.0129641 s/step
on time step 264517 (time=2755.39), 0.012975 s/step
on time step 264826 (time=2758.6), 0.0129767 s/step
field decay(t = 2761.375): 0.00034641259543653226 / 0.018557235001738465 = 0.01866725271324526
on time step 265135 (time=2761.82), 0.0129843 s/step
on time step 265444 (time=2765.04), 0.0129762 s/step
on time step 265753 (time=2768.26), 0.0129848 s/step
on time step 266062 (time=2771.48), 0.0129641 s/step
on time step 266371 (time=2774.7), 0.0129748 s/step
on time step 266680 (time=2777.92), 0.0129838 s/step
on time step 266988 (time=2781.12), 0.0129947 s/step
field decay(t = 2781.3854166666665): 0.0003358088357831986 / 0.018557235001738465 = 0.018095844329812046
on time step 267296 (time=2784.33), 0.0129883 s/step
on time step 267604 (time=2787.54), 0.0129911 s/step
on time step 267912 (time=2790.75), 0.0129881 s/step
on time step 268220 (time=2793.96), 0.0129876 s/step
on time step 268528 (time=2797.17), 0.0129894 s/step
on time step 268837 (time=2800.39), 0.0129725 s/step
field decay(t = 2801.395833333333): 0.0003255135571412723 / 0.018557235001738465 = 0.01754105916699216
on time step 269146 (time=2803.6), 0.0129803 s/step
on time step 269455 (time=2806.82), 0.0129709 s/step
on time step 269764 (time=2810.04), 0.0129871 s/step
on time step 270073 (time=2813.26), 0.0129724 s/step
on time step 270382 (time=2816.48), 0.0129881 s/step
on time step 270690 (time=2819.69), 0.0129898 s/step
field decay(t = 2821.40625): 0.0003155172945765342 / 0.018557235001738465 = 0.017002387184673586
on time step 270999 (time=2822.91), 0.0129764 s/step
on time step 271308 (time=2826.12), 0.0129825 s/step
on time step 271617 (time=2829.34), 0.0129813 s/step
on time step 271926 (time=2832.56), 0.0129816 s/step
on time step 272235 (time=2835.78), 0.0129806 s/step
on time step 272544 (time=2839), 0.0129713 s/step
field decay(t = 2841.4166666666665): 0.0003026404884124089 / 0.018557235001738465 = 0.016308490374996983
on time step 272853 (time=2842.22), 0.0129815 s/step
on time step 273162 (time=2845.44), 0.012977 s/step
on time step 273471 (time=2848.66), 0.0129813 s/step
on time step 273780 (time=2851.88), 0.0129822 s/step
on time step 274089 (time=2855.09), 0.0129718 s/step
on time step 274397 (time=2858.3), 0.0129934 s/step
field decay(t = 2861.427083333333): 0.0002933132236690908 / 0.018557235001738465 = 0.01580586890458696
on time step 274706 (time=2861.52), 0.0129855 s/step
on time step 275015 (time=2864.74), 0.0129881 s/step
on time step 275323 (time=2867.95), 0.0129936 s/step
on time step 275632 (time=2871.17), 0.0129762 s/step
on time step 275941 (time=2874.39), 0.0129737 s/step
on time step 276250 (time=2877.6), 0.0129829 s/step
on time step 276558 (time=2880.81), 0.0129873 s/step
field decay(t = 2881.4375): 0.00028425925647403784 / 0.018557235001738465 = 0.01531797471161022
on time step 276867 (time=2884.03), 0.012979 s/step
on time step 277176 (time=2887.25), 0.0129799 s/step
on time step 277484 (time=2890.46), 0.0129944 s/step
on time step 277793 (time=2893.68), 0.0129873 s/step
on time step 278102 (time=2896.9), 0.0129704 s/step
on time step 278411 (time=2900.11), 0.0129857 s/step
field decay(t = 2901.4479166666665): 0.00027547169060357135 / 0.018557235001738465 = 0.014844436176928558
on time step 278720 (time=2903.33), 0.012972 s/step
on time step 279029 (time=2906.55), 0.012982 s/step
on time step 279338 (time=2909.77), 0.0129713 s/step
on time step 279647 (time=2912.99), 0.0129756 s/step
on time step 279956 (time=2916.21), 0.0129838 s/step
on time step 280264 (time=2919.42), 0.0129873 s/step
field decay(t = 2921.458333333333): 0.0002669419370622577 / 0.018557235001738465 = 0.014384790462439593
on time step 280573 (time=2922.64), 0.0129783 s/step
on time step 280882 (time=2925.85), 0.0129725 s/step
on time step 281191 (time=2929.07), 0.0129852 s/step
on time step 281500 (time=2932.29), 0.0129708 s/step
on time step 281809 (time=2935.51), 0.0129872 s/step
on time step 282117 (time=2938.72), 0.0129872 s/step
field decay(t = 2941.46875): 0.0002559594030574902 / 0.018557235001738465 = 0.013792970937400513
on time step 282426 (time=2941.94), 0.0129847 s/step
on time step 282735 (time=2945.16), 0.0129742 s/step
on time step 283043 (time=2948.36), 0.0129873 s/step
on time step 283351 (time=2951.57), 0.0129876 s/step
on time step 283660 (time=2954.79), 0.0129774 s/step
on time step 283969 (time=2958.01), 0.0129826 s/step
on time step 284277 (time=2961.22), 0.0129874 s/step
field decay(t = 2961.4791666666665): 0.00024800530646011996 / 0.018557235001738465 = 0.013364345843380573
on time step 284584 (time=2964.42), 0.0130377 s/step
on time step 284893 (time=2967.64), 0.0129716 s/step
on time step 285201 (time=2970.84), 0.0129881 s/step
on time step 285510 (time=2974.06), 0.0129645 s/step
on time step 285818 (time=2977.27), 0.0129968 s/step
on time step 286126 (time=2980.48), 0.012991 s/step
field decay(t = 2981.489583333333): 0.00024028611501237065 / 0.018557235001738465 = 0.012948379162620958
on time step 286435 (time=2983.7), 0.0129739 s/step
on time step 286744 (time=2986.92), 0.0129805 s/step
on time step 287053 (time=2990.14), 0.0129774 s/step
on time step 287362 (time=2993.35), 0.0129735 s/step
on time step 287671 (time=2996.57), 0.0129803 s/step
on time step 287980 (time=2999.79), 0.0129782 s/step
field decay(t = 3001.5): 0.00023279596221615002 / 0.018557235001738465 = 0.012544754765154474
on time step 288289 (time=3003.01), 0.0129789 s/step
on time step 288598 (time=3006.23), 0.0129845 s/step
on time step 288907 (time=3009.45), 0.0129779 s/step
on time step 289216 (time=3012.67), 0.0129845 s/step
on time step 289525 (time=3015.89), 0.0129822 s/step
on time step 289834 (time=3019.1), 0.0129754 s/step
field decay(t = 3021.5104166666665): 0.00022552771646642406 / 0.018557235001738465 = 0.012153088347768206
on time step 290143 (time=3022.32), 0.0129586 s/step
on time step 290452 (time=3025.54), 0.0129625 s/step
on time step 290761 (time=3028.76), 0.0129533 s/step
on time step 291070 (time=3031.98), 0.0129597 s/step
on time step 291379 (time=3035.2), 0.012986 s/step
on time step 291688 (time=3038.42), 0.012973 s/step
field decay(t = 3041.520833333333): 0.0002161742149102209 / 0.018557235001738465 = 0.011649053045346972
on time step 291996 (time=3041.62), 0.0129899 s/step
on time step 292305 (time=3044.84), 0.0129701 s/step
on time step 292614 (time=3048.06), 0.0129717 s/step
on time step 292923 (time=3051.28), 0.012985 s/step
on time step 293232 (time=3054.5), 0.0129781 s/step
on time step 293541 (time=3057.72), 0.0129818 s/step
on time step 293850 (time=3060.94), 0.0129858 s/step
field decay(t = 3061.53125): 0.00020940181344659013 / 0.018557235001738465 = 0.011284106356737579
on time step 294158 (time=3064.15), 0.0129925 s/step
on time step 294467 (time=3067.36), 0.0129773 s/step
on time step 294776 (time=3070.58), 0.0129803 s/step
on time step 295204 (time=3075.04), 0.00935753 s/step
field decay(t = 3081.5416666666665): 0.00020283136561198244 / 0.018557235001738465 = 0.010930042411651356
on time step 295939 (time=3082.7), 0.00544501 s/step
on time step 296679 (time=3090.41), 0.00541215 s/step
on time step 297419 (time=3098.11), 0.00541001 s/step
field decay(t = 3101.552083333333): 0.00019645755389790644 / 0.018557235001738465 = 0.01058657466370944
on time step 298152 (time=3105.75), 0.00545898 s/step
on time step 298892 (time=3113.46), 0.00540555 s/step
on time step 299633 (time=3121.18), 0.00540562 s/step
field decay(t = 3121.5625): 0.0001902742350652107 / 0.018557235001738465 = 0.01025337207010557
on time step 300374 (time=3128.9), 0.005404 s/step
on time step 301114 (time=3136.6), 0.00541061 s/step
2026-05-30 19:16:05 [INFO] D11_scaled_deep_groove: Checkpointed 10 completed spectra row(s) to /mnt/c/Users/admin/Meep_Simulation/meep_sim/results/diagnostics_v2/tables/D11_thickness_1um_quick_spectra_checkpoint.csv
2026-05-30 19:16:06 [INFO] D11_scaled_deep_groove: Wrote /mnt/c/Users/admin/Meep_Simulation/meep_sim/results/diagnostics_v2/tables/D11_thickness_1um_quick_spectra.csv
2026-05-30 19:16:06 [INFO] D11_scaled_deep_groove: Wrote /mnt/c/Users/admin/Meep_Simulation/meep_sim/results/diagnostics_v2/tables/D11_thickness_1um_quick_metrics.csv
2026-05-30 19:16:06 [INFO] D11_scaled_deep_groove: Wrote /mnt/c/Users/admin/Meep_Simulation/meep_sim/results/diagnostics_v2/reports/D11_thickness_1um_quick_report.md
field decay(t = 3141.5729166666665): 0.00018232022669348368 / 0.018557235001738465 = 0.009824751730330714
run 0 finished at t = 3141.5729166666665 (301591 timesteps)

Elapsed run time = 28709.7263 s
