2026-05-30 11:17:37 [INFO] D11_scaled_deep_groove: Starting D11 mode=smoke
2026-05-30 11:17:38 [INFO] D11_scaled_deep_groove: Prepared 10 D11 single-wavelength tasks; workers=1; task_timeout_s=None (not enforced)
2026-05-30 11:17:38 [INFO] D11_scaled_deep_groove: >>> task=1/10 case=scaled_inner_wall_film_2um pol=Ez wl=8.1014 res=24 pml=4
2026-05-30 11:17:38 [INFO] D11_scaled_deep_groove: [single ref] wl=8.1014 um, f=0.123435, res=24, comp=Ez
Using MPI version 4.1, 16 processes
-----------
Initializing structure...
Splitting into 16 chunks by voxels
time for choose_chunkdivision = 0.0004642 s
Working in 2D dimensions.
Computational cell is 50 x 49 x 0 with resolution 24
time for set_epsilon = 0.123484 s
-----------
field decay(t = 20.010416666666664): 1.9111708910067478e-10 / 1.9111708910067478e-10 = 1.0
field decay(t = 40.010416666666664): 7.26610522027444e-11 / 1.9111708910067478e-10 = 0.38019128767950583
on time step 4321 (time=45.0104), 0.000925893 s/step
field decay(t = 60.02083333333333): 2.2144713518604825e-10 / 2.2144713518604825e-10 = 1.0
field decay(t = 80.02083333333333): 7.60034006093378e-10 / 7.60034006093378e-10 = 1.0
on time step 8694 (time=90.5625), 0.000914799 s/step
field decay(t = 100.03125): 2.6791413295867036e-09 / 2.6791413295867036e-09 = 1.0
field decay(t = 120.04166666666666): 9.250320027868942e-09 / 9.250320027868942e-09 = 1.0
on time step 13058 (time=136.021), 0.000916648 s/step
field decay(t = 140.04166666666666): 3.104266453705295e-08 / 3.104266453705295e-08 = 1.0
field decay(t = 160.05208333333331): 9.967146010509074e-08 / 9.967146010509074e-08 = 1.0
field decay(t = 180.0625): 3.072337573187993e-07 / 3.072337573187993e-07 = 1.0
on time step 17414 (time=181.396), 0.000918322 s/step
field decay(t = 200.07291666666666): 8.938923416722502e-07 / 8.938923416722502e-07 = 1.0
field decay(t = 220.08333333333331): 2.3383689517352945e-06 / 2.3383689517352945e-06 = 1.0
on time step 21768 (time=226.75), 0.000918876 s/step
field decay(t = 240.09375): 5.699747294648301e-06 / 5.699747294648301e-06 = 1.0
field decay(t = 260.10416666666663): 1.4863428406950644e-05 / 1.4863428406950644e-05 = 1.0
on time step 26103 (time=271.906), 0.000922894 s/step
field decay(t = 280.1145833333333): 3.704061660142078e-05 / 3.704061660142078e-05 = 1.0
field decay(t = 300.125): 8.823770927168415e-05 / 8.823770927168415e-05 = 1.0
on time step 30435 (time=317.031), 0.00092337 s/step
field decay(t = 320.13541666666663): 0.00020096662314850736 / 0.00020096662314850736 = 1.0
field decay(t = 340.1458333333333): 0.00043761750595512183 / 0.00043761750595512183 = 1.0
field decay(t = 360.15625): 0.0009110383048306585 / 0.0009110383048306585 = 1.0
on time step 34769 (time=362.177), 0.000923075 s/step
field decay(t = 380.16666666666663): 0.0018131890495631763 / 0.0018131890495631763 = 1.0
field decay(t = 400.1770833333333): 0.0034499732625790855 / 0.0034499732625790855 = 1.0
on time step 39089 (time=407.177), 0.000926135 s/step
field decay(t = 420.1875): 0.006275543206378942 / 0.006275543206378942 = 1.0
field decay(t = 440.19791666666663): 0.010913058497430813 / 0.010913058497430813 = 1.0
on time step 43402 (time=452.104), 0.000927557 s/step
field decay(t = 460.2083333333333): 0.018142697351559437 / 0.018142697351559437 = 1.0
field decay(t = 480.21875): 0.02883506435427086 / 0.02883506435427086 = 1.0
on time step 47706 (time=496.938), 0.000929492 s/step
field decay(t = 500.22916666666663): 0.04381333958616929 / 0.04381333958616929 = 1.0
field decay(t = 520.2291666666666): 0.063644104144541 / 0.063644104144541 = 1.0
field decay(t = 540.2395833333333): 0.08670173356967253 / 0.08670173356967253 = 1.0
on time step 52018 (time=541.854), 0.000927713 s/step
field decay(t = 560.25): 0.11127470208868778 / 0.11127470208868778 = 1.0
field decay(t = 580.2604166666666): 0.14251060262369883 / 0.14251060262369883 = 1.0
on time step 56325 (time=586.719), 0.000928924 s/step
field decay(t = 600.2708333333333): 0.17448590530135338 / 0.17448590530135338 = 1.0
field decay(t = 620.28125): 0.20423782279786878 / 0.20423782279786878 = 1.0
on time step 60630 (time=631.562), 0.000929377 s/step
field decay(t = 640.2916666666666): 0.22854708350782987 / 0.22854708350782987 = 1.0
field decay(t = 660.3020833333333): 0.24450057967756345 / 0.24450057967756345 = 1.0
on time step 64926 (time=676.312), 0.000931192 s/step
field decay(t = 680.3125): 0.2500627969509618 / 0.2500627969509618 = 1.0
field decay(t = 700.3229166666666): 0.24983963625582134 / 0.2500627969509618 = 0.9991075813841105
field decay(t = 720.3333333333333): 0.2420954696985989 / 0.2500627969509618 = 0.9681386941619896
on time step 69225 (time=721.094), 0.000930536 s/step
field decay(t = 740.34375): 0.22427183972420733 / 0.2500627969509618 = 0.8968620780810823
field decay(t = 760.3541666666666): 0.19862143209265923 / 0.2500627969509618 = 0.7942862133610766
on time step 73518 (time=765.812), 0.000931866 s/step
field decay(t = 780.3645833333333): 0.16816738045327076 / 0.2500627969509618 = 0.6725005978648195
field decay(t = 800.375): 0.13612017360425532 / 0.2500627969509618 = 0.5443439618527061
on time step 77799 (time=810.406), 0.000934496 s/step
field decay(t = 820.3854166666666): 0.10533391785620762 / 0.2500627969509618 = 0.4212298636204728
field decay(t = 840.3958333333333): 0.07792519533196987 / 0.2500627969509618 = 0.31162250555507975
on time step 82085 (time=855.052), 0.000933463 s/step
field decay(t = 860.40625): 0.056313475756715296 / 0.2500627969509618 = 0.22519733620254825
field decay(t = 880.4166666666666): 0.040377690950646423 / 0.2500627969509618 = 0.1614702044565415
on time step 86377 (time=899.76), 0.000932133 s/step
field decay(t = 900.4270833333333): 0.02637843551557635 / 0.2500627969509618 = 0.1054872449529118
field decay(t = 920.4375): 0.016448139974324007 / 0.2500627969509618 = 0.06577603775882562
field decay(t = 940.4479166666666): 0.0098050038217849 / 0.2500627969509618 = 0.039210166171610474
on time step 90650 (time=944.271), 0.000936175 s/step
field decay(t = 960.4583333333333): 0.005587853729566293 / 0.2500627969509618 = 0.02234580192535434
field decay(t = 980.46875): 0.003044486775059864 / 0.2500627969509618 = 0.012174888916630404
on time step 94913 (time=988.677), 0.000938417 s/step
field decay(t = 1000.4791666666666): 0.001585805299313103 / 0.2500627969509618 = 0.006341628257577576
field decay(t = 1020.4895833333333): 0.0007896755407242995 / 0.2500627969509618 = 0.0031579089346871446
on time step 99176 (time=1033.08), 0.000938439 s/step
field decay(t = 1040.4895833333333): 0.00037591979716990263 / 0.2500627969509618 = 0.0015033015776577986
field decay(t = 1060.5): 0.00017107401894805852 / 0.2500627969509618 = 0.000684124232128807
on time step 103439 (time=1077.49), 0.00093839 s/step
field decay(t = 1080.5104166666665): 7.442694952834191e-05 / 0.2500627969509618 = 0.0002976330363246209
field decay(t = 1100.5208333333333): 3.0958433836171696e-05 / 0.2500627969509618 = 0.0001238026376320295
field decay(t = 1120.53125): 1.2314193688986034e-05 / 0.2500627969509618 = 4.9244405161959746e-05
on time step 107685 (time=1121.72), 0.000942238 s/step
field decay(t = 1140.5416666666665): 4.6826769321139275e-06 / 0.2500627969509618 = 1.8726003984639977e-05
field decay(t = 1160.5520833333333): 1.7023796374902975e-06 / 0.2500627969509618 = 6.8078085114921765e-06
on time step 111941 (time=1166.05), 0.000939891 s/step
field decay(t = 1180.5625): 6.293758555699007e-07 / 0.2500627969509618 = 2.5168712149265596e-06
field decay(t = 1200.5729166666665): 2.3605403696892287e-07 / 0.2500627969509618 = 9.439790318558019e-07
on time step 116208 (time=1210.5), 0.000937575 s/step
field decay(t = 1220.5833333333333): 7.888359921060714e-08 / 0.2500627969509618 = 3.1545515835398937e-07
field decay(t = 1240.59375): 2.423001994107967e-08 / 0.2500627969509618 = 9.689574073600106e-08
on time step 120460 (time=1254.79), 0.000940762 s/step
field decay(t = 1260.6041666666665): 7.14180171665077e-09 / 0.2500627969509618 = 2.8560032934652423e-08
field decay(t = 1280.6145833333333): 2.0135643798566507e-09 / 0.2500627969509618 = 8.052234896226958e-09
on time step 124719 (time=1299.16), 0.000939379 s/step
field decay(t = 1300.625): 5.475258778234521e-10 / 0.2500627969509618 = 2.1895535221531728e-09
field decay(t = 1320.6354166666665): 1.4679374496429183e-10 / 0.2500627969509618 = 5.870275257021884e-10
field decay(t = 1340.6458333333333): 3.902720867292272e-11 / 0.2500627969509618 = 1.5606963190360578e-10
on time step 129068 (time=1344.46), 0.000919786 s/step
/home/gyh/miniforge3/envs/meep_mpi/lib/python3.11/site-packages/meep/simulation.py:2479: RuntimeWarning: Epsilon < 1 may require adjusting the Courant parameter. See the 'Numerical Stability' entry under the 'Materials' section of the documentation
  warnings.warn(eps_warning, RuntimeWarning)
/home/gyh/miniforge3/envs/meep_mpi/lib/python3.11/site-packages/meep/simulation.py:2479: RuntimeWarning: Epsilon < 1 may require adjusting the Courant parameter. See the 'Numerical Stability' entry under the 'Materials' section of the documentation
  warnings.warn(eps_warning, RuntimeWarning)
/home/gyh/miniforge3/envs/meep_mpi/lib/python3.11/site-packages/meep/simulation.py:2479: RuntimeWarning: Epsilon < 1 may require adjusting the Courant parameter. See the 'Numerical Stability' entry under the 'Materials' section of the documentation
  warnings.warn(eps_warning, RuntimeWarning)
field decay(t = 1360.65625): 1.8362674594445667e-10 / 0.2500627969509618 = 7.343225309139709e-10
run 0 finished at t = 1360.65625 (130623 timesteps)
-----------
Initializing structure...
Splitting into 16 chunks by voxels
/home/gyh/miniforge3/envs/meep_mpi/lib/python3.11/site-packages/meep/simulation.py:2479: RuntimeWarning: Epsilon < 1 may require adjusting the Courant parameter. See the 'Numerical Stability' entry under the 'Materials' section of the documentation
  warnings.warn(eps_warning, RuntimeWarning)
/home/gyh/miniforge3/envs/meep_mpi/lib/python3.11/site-packages/meep/simulation.py:2479: RuntimeWarning: Epsilon < 1 may require adjusting the Courant parameter. See the 'Numerical Stability' entry under the 'Materials' section of the documentation
  warnings.warn(eps_warning, RuntimeWarning)
/home/gyh/miniforge3/envs/meep_mpi/lib/python3.11/site-packages/meep/simulation.py:2479: RuntimeWarning: Epsilon < 1 may require adjusting the Courant parameter. See the 'Numerical Stability' entry under the 'Materials' section of the documentation
  warnings.warn(eps_warning, RuntimeWarning)
/home/gyh/miniforge3/envs/meep_mpi/lib/python3.11/site-packages/meep/simulation.py:2479: RuntimeWarning: Epsilon < 1 may require adjusting the Courant parameter. See the 'Numerical Stability' entry under the 'Materials' section of the documentation
  warnings.warn(eps_warning, RuntimeWarning)
/home/gyh/miniforge3/envs/meep_mpi/lib/python3.11/site-packages/meep/simulation.py:2479: RuntimeWarning: Epsilon < 1 may require adjusting the Courant parameter. See the 'Numerical Stability' entry under the 'Materials' section of the documentation
  warnings.warn(eps_warning, RuntimeWarning)
/home/gyh/miniforge3/envs/meep_mpi/lib/python3.11/site-packages/meep/simulation.py:2479: RuntimeWarning: Epsilon < 1 may require adjusting the Courant parameter. See the 'Numerical Stability' entry under the 'Materials' section of the documentation
  warnings.warn(eps_warning, RuntimeWarning)
/home/gyh/miniforge3/envs/meep_mpi/lib/python3.11/site-packages/meep/simulation.py:2479: RuntimeWarning: Epsilon < 1 may require adjusting the Courant parameter. See the 'Numerical Stability' entry under the 'Materials' section of the documentation
  warnings.warn(eps_warning, RuntimeWarning)
/home/gyh/miniforge3/envs/meep_mpi/lib/python3.11/site-packages/meep/simulation.py:2479: RuntimeWarning: Epsilon < 1 may require adjusting the Courant parameter. See the 'Numerical Stability' entry under the 'Materials' section of the documentation
  warnings.warn(eps_warning, RuntimeWarning)
/home/gyh/miniforge3/envs/meep_mpi/lib/python3.11/site-packages/meep/simulation.py:2479: RuntimeWarning: Epsilon < 1 may require adjusting the Courant parameter. See the 'Numerical Stability' entry under the 'Materials' section of the documentation
  warnings.warn(eps_warning, RuntimeWarning)
/home/gyh/miniforge3/envs/meep_mpi/lib/python3.11/site-packages/meep/simulation.py:2479: RuntimeWarning: Epsilon < 1 may require adjusting the Courant parameter. See the 'Numerical Stability' entry under the 'Materials' section of the documentation
  warnings.warn(eps_warning, RuntimeWarning)
/home/gyh/miniforge3/envs/meep_mpi/lib/python3.11/site-packages/meep/simulation.py:2479: RuntimeWarning: Epsilon < 1 may require adjusting the Courant parameter. See the 'Numerical Stability' entry under the 'Materials' section of the documentation
  warnings.warn(eps_warning, RuntimeWarning)
/home/gyh/miniforge3/envs/meep_mpi/lib/python3.11/site-packages/meep/simulation.py:2479: RuntimeWarning: Epsilon < 1 may require adjusting the Courant parameter. See the 'Numerical Stability' entry under the 'Materials' section of the documentation
  warnings.warn(eps_warning, RuntimeWarning)
time for choose_chunkdivision = 0.00058622 s
/home/gyh/miniforge3/envs/meep_mpi/lib/python3.11/site-packages/meep/simulation.py:2479: RuntimeWarning: Epsilon < 1 may require adjusting the Courant parameter. See the 'Numerical Stability' entry under the 'Materials' section of the documentation
  warnings.warn(eps_warning, RuntimeWarning)
Working in 2D dimensions.
Computational cell is 50 x 49 x 0 with resolution 24
     block, center = (0,-4,0)
          size (50,25,1e+20)
          axes (1,0,0), (0,1,0), (0,0,1)
          dielectric constant epsilon diagonal = (1,1,1)
     prism, center = (2.72978,1,5e+19)
          height 1e+20, axis (0,0,1), sidewall angle: 0 radians, 4 vertices:
          (-10,8.5,0)
          (10,8.5,0)
          (15.4596,-6.5,0)
          (-4.54045,-6.5,0)
          dielectric constant epsilon diagonal = (0.969194,0.969194,0.969194)
     prism, center = (2.36581,2,5e+19)
          height 1e+20, axis (0,0,1), sidewall angle: 0 radians, 4 vertices:
          (-8,8.5,0)
          (8,8.5,0)
          (12.7316,-4.5,0)
          (-3.26839,-4.5,0)
          dielectric constant epsilon diagonal = (1,1,1)
time for set_epsilon = 2.09348 s
time for set_conductivity = 0.0512817 s
time for set_conductivity = 0.0510499 s
time for set_conductivity = 0.0514452 s
lorentzian susceptibility: frequency=15.6714, gamma=1.42115
lorentzian susceptibility: frequency=2.02365, gamma=1.3413
lorentzian susceptibility: frequency=1.24613, gamma=2.0309
lorentzian susceptibility: frequency=0.626693, gamma=1.83572
drude susceptibility: frequency=1e-10, gamma=0.0661375
-----------
2026-05-30 11:19:43 [INFO] D11_scaled_deep_groove: [single struct] 3 geometry objects
on time step 392 (time=4.08333), 0.0102218 s/step
on time step 794 (time=8.27083), 0.00996124 s/step
on time step 1193 (time=12.4271), 0.0100342 s/step
on time step 1594 (time=16.6042), 0.00998854 s/step
field decay(t = 20.010416666666664): 1.9111708910067478e-10 / 1.9111708910067478e-10 = 1.0
on time step 1993 (time=20.7604), 0.0100361 s/step
on time step 2391 (time=24.9062), 0.0100617 s/step
on time step 2791 (time=29.0729), 0.0100095 s/step
on time step 3190 (time=33.2292), 0.0100352 s/step
on time step 3589 (time=37.3854), 0.0100272 s/step
field decay(t = 40.010416666666664): 8.183930048634792e-11 / 1.9111708910067478e-10 = 0.428215503236539
on time step 3987 (time=41.5312), 0.0100621 s/step
on time step 4386 (time=45.6875), 0.0100283 s/step
on time step 4784 (time=49.8333), 0.0100545 s/step
on time step 5184 (time=54), 0.0100188 s/step
on time step 5584 (time=58.1667), 0.0100026 s/step
field decay(t = 60.02083333333333): 2.3727536469762166e-10 / 2.3727536469762166e-10 = 1.0
on time step 5984 (time=62.3333), 0.0100069 s/step
on time step 6384 (time=66.5), 0.0100125 s/step
on time step 6784 (time=70.6667), 0.0100016 s/step
on time step 7189 (time=74.8854), 0.0098871 s/step
on time step 7592 (time=79.0833), 0.00994827 s/step
field decay(t = 80.02083333333333): 7.827434808965912e-10 / 7.827434808965912e-10 = 1.0
on time step 7999 (time=83.3229), 0.00983953 s/step
on time step 8407 (time=87.5729), 0.00980996 s/step
on time step 8816 (time=91.8333), 0.00978471 s/step
on time step 9223 (time=96.0729), 0.00984231 s/step
field decay(t = 100.03125): 2.723523272256801e-09 / 2.723523272256801e-09 = 1.0
on time step 9629 (time=100.302), 0.00985482 s/step
on time step 10034 (time=104.521), 0.00988604 s/step
on time step 10440 (time=108.75), 0.00986875 s/step
on time step 10846 (time=112.979), 0.00985735 s/step
on time step 11253 (time=117.219), 0.00984553 s/step
field decay(t = 120.04166666666666): 9.301529052649161e-09 / 9.301529052649161e-09 = 1.0
on time step 11659 (time=121.448), 0.00985584 s/step
on time step 12065 (time=125.677), 0.00985862 s/step
on time step 12473 (time=129.927), 0.00982619 s/step
on time step 12880 (time=134.167), 0.00984095 s/step
on time step 13286 (time=138.396), 0.00986336 s/step
field decay(t = 140.04166666666666): 3.129892680236658e-08 / 3.129892680236658e-08 = 1.0
on time step 13692 (time=142.625), 0.00986261 s/step
on time step 14098 (time=146.854), 0.00986135 s/step
on time step 14505 (time=151.094), 0.00983961 s/step
on time step 14911 (time=155.323), 0.00985286 s/step
on time step 15317 (time=159.552), 0.00987323 s/step
field decay(t = 160.05208333333331): 1.0048856132645374e-07 / 1.0048856132645374e-07 = 1.0
on time step 15724 (time=163.792), 0.00984213 s/step
on time step 16131 (time=168.031), 0.00983845 s/step
on time step 16538 (time=172.271), 0.00985115 s/step
on time step 16944 (time=176.5), 0.00986963 s/step
field decay(t = 180.0625): 3.1108122182344555e-07 / 3.1108122182344555e-07 = 1.0
on time step 17349 (time=180.719), 0.00989495 s/step
on time step 17757 (time=184.969), 0.00982407 s/step
on time step 18164 (time=189.208), 0.00983776 s/step
on time step 18574 (time=193.479), 0.00977816 s/step
on time step 18983 (time=197.74), 0.00980171 s/step
field decay(t = 200.07291666666666): 9.191937385022694e-07 / 9.191937385022694e-07 = 1.0
on time step 19389 (time=201.969), 0.00985447 s/step
on time step 19796 (time=206.208), 0.00983119 s/step
on time step 20201 (time=210.427), 0.00988809 s/step
on time step 20607 (time=214.656), 0.00987572 s/step
on time step 21015 (time=218.906), 0.00982147 s/step
field decay(t = 220.08333333333331): 2.596883840051031e-06 / 2.596883840051031e-06 = 1.0
on time step 21423 (time=223.156), 0.00981704 s/step
on time step 21830 (time=227.396), 0.0098459 s/step
on time step 22238 (time=231.646), 0.0098279 s/step
on time step 22645 (time=235.885), 0.00983199 s/step
field decay(t = 240.09375): 6.9708139258962776e-06 / 6.9708139258962776e-06 = 1.0
on time step 23051 (time=240.115), 0.00985838 s/step
on time step 23458 (time=244.354), 0.00983868 s/step
on time step 23861 (time=248.552), 0.00992942 s/step
on time step 24270 (time=252.812), 0.00979325 s/step
on time step 24677 (time=257.052), 0.00985146 s/step
field decay(t = 260.10416666666663): 1.695922195554932e-05 / 1.695922195554932e-05 = 1.0
on time step 25084 (time=261.292), 0.00984109 s/step
on time step 25491 (time=265.531), 0.00983766 s/step
on time step 25897 (time=269.76), 0.00987091 s/step
on time step 26303 (time=273.99), 0.00985909 s/step
on time step 26710 (time=278.229), 0.00982815 s/step
field decay(t = 280.1145833333333): 3.7726564234617475e-05 / 3.7726564234617475e-05 = 1.0
on time step 27117 (time=282.469), 0.00983173 s/step
on time step 27524 (time=286.708), 0.00984387 s/step
on time step 27928 (time=290.917), 0.00990469 s/step
on time step 28334 (time=295.146), 0.00987152 s/step
on time step 28740 (time=299.375), 0.0098641 s/step
field decay(t = 300.125): 9.008939621230511e-05 / 9.008939621230511e-05 = 1.0
on time step 29145 (time=303.594), 0.00987823 s/step
on time step 29549 (time=307.802), 0.00991022 s/step
on time step 29953 (time=312.01), 0.00991697 s/step
on time step 30356 (time=316.208), 0.00993481 s/step
field decay(t = 320.13541666666663): 0.00020582762997576871 / 0.00020582762997576871 = 1.0
on time step 30759 (time=320.406), 0.00993056 s/step
on time step 31160 (time=324.583), 0.00997909 s/step
on time step 31562 (time=328.771), 0.00996521 s/step
on time step 31964 (time=332.958), 0.00995589 s/step
on time step 32366 (time=337.146), 0.00996128 s/step
field decay(t = 340.1458333333333): 0.0004497946186450897 / 0.0004497946186450897 = 1.0
on time step 32768 (time=341.333), 0.00996947 s/step
on time step 33170 (time=345.521), 0.00996249 s/step
on time step 33572 (time=349.708), 0.00995263 s/step
on time step 33975 (time=353.906), 0.00994888 s/step
on time step 34377 (time=358.094), 0.009962 s/step
field decay(t = 360.15625): 0.0009401464554766599 / 0.0009401464554766599 = 1.0
on time step 34779 (time=362.281), 0.00997429 s/step
on time step 35182 (time=366.479), 0.00992779 s/step
on time step 35584 (time=370.667), 0.00995171 s/step
on time step 35985 (time=374.844), 0.00998027 s/step
on time step 36387 (time=379.031), 0.00996696 s/step
field decay(t = 380.16666666666663): 0.001879822282204401 / 0.001879822282204401 = 1.0
on time step 36790 (time=383.229), 0.00993617 s/step
on time step 37191 (time=387.406), 0.00997689 s/step
on time step 37592 (time=391.583), 0.00999958 s/step
on time step 37993 (time=395.76), 0.00998247 s/step
on time step 38394 (time=399.938), 0.00998098 s/step
field decay(t = 400.1770833333333): 0.003596025469527998 / 0.003596025469527998 = 1.0
on time step 38797 (time=404.135), 0.0099477 s/step
on time step 39199 (time=408.323), 0.00996225 s/step
on time step 39600 (time=412.5), 0.00997868 s/step
on time step 40001 (time=416.677), 0.00997665 s/step
field decay(t = 420.1875): 0.006581591801647042 / 0.006581591801647042 = 1.0
on time step 40404 (time=420.875), 0.00994826 s/step
on time step 40805 (time=425.052), 0.00997624 s/step
on time step 41207 (time=429.24), 0.00997126 s/step
on time step 41609 (time=433.427), 0.00996938 s/step
on time step 42011 (time=437.615), 0.0099648 s/step
field decay(t = 440.19791666666663): 0.01152559288209542 / 0.01152559288209542 = 1.0
on time step 42412 (time=441.792), 0.0099952 s/step
on time step 42814 (time=445.979), 0.00996154 s/step
on time step 43216 (time=450.167), 0.00995883 s/step
on time step 43617 (time=454.344), 0.00998071 s/step
on time step 44019 (time=458.531), 0.0099537 s/step
field decay(t = 460.2083333333333): 0.019315167693781513 / 0.019315167693781513 = 1.0
on time step 44420 (time=462.708), 0.00998415 s/step
on time step 44822 (time=466.896), 0.00995179 s/step
on time step 45222 (time=471.062), 0.010009 s/step
on time step 45624 (time=475.25), 0.00996857 s/step
on time step 46024 (time=479.417), 0.0100059 s/step
field decay(t = 480.21875): 0.03097843329948903 / 0.03097843329948903 = 1.0
on time step 46426 (time=483.604), 0.00996517 s/step
on time step 46827 (time=487.781), 0.00998953 s/step
on time step 47229 (time=491.969), 0.00995321 s/step
on time step 47631 (time=496.156), 0.00995971 s/step
field decay(t = 500.22916666666663): 0.047553425549441614 / 0.047553425549441614 = 1.0
on time step 48034 (time=500.354), 0.00994782 s/step
on time step 48438 (time=504.562), 0.00992104 s/step
on time step 48838 (time=508.729), 0.0100157 s/step
on time step 49241 (time=512.927), 0.00993719 s/step
on time step 49644 (time=517.125), 0.00993638 s/step
field decay(t = 520.2291666666666): 0.06987983868730528 / 0.06987983868730528 = 1.0
on time step 50046 (time=521.312), 0.00996326 s/step
on time step 50448 (time=525.5), 0.009971 s/step
on time step 50850 (time=529.688), 0.0099732 s/step
on time step 51252 (time=533.875), 0.00996819 s/step
on time step 51653 (time=538.052), 0.00999987 s/step
field decay(t = 540.2395833333333): 0.0983091157594896 / 0.0983091157594896 = 1.0
on time step 52053 (time=542.219), 0.0100115 s/step
on time step 52454 (time=546.396), 0.00998203 s/step
on time step 52855 (time=550.573), 0.00997967 s/step
on time step 53256 (time=554.75), 0.00998117 s/step
on time step 53658 (time=558.938), 0.00997115 s/step
field decay(t = 560.25): 0.13242780861838976 / 0.13242780861838976 = 1.0
on time step 54060 (time=563.125), 0.00996908 s/step
on time step 54461 (time=567.302), 0.00998018 s/step
on time step 54863 (time=571.49), 0.00996948 s/step
on time step 55263 (time=575.656), 0.01001 s/step
on time step 55666 (time=579.854), 0.00993111 s/step
field decay(t = 580.2604166666666): 0.17082845053940982 / 0.17082845053940982 = 1.0
on time step 56067 (time=584.031), 0.00997569 s/step
on time step 56469 (time=588.219), 0.00995677 s/step
on time step 56872 (time=592.417), 0.0099263 s/step
on time step 57273 (time=596.594), 0.00997589 s/step
field decay(t = 600.2708333333333): 0.2110537057855827 / 0.2110537057855827 = 1.0
on time step 57675 (time=600.781), 0.00995974 s/step
on time step 58077 (time=604.969), 0.00996135 s/step
on time step 58479 (time=609.156), 0.00995402 s/step
on time step 58881 (time=613.344), 0.00995936 s/step
on time step 59283 (time=617.531), 0.00996476 s/step
field decay(t = 620.28125): 0.24348889730478065 / 0.24348889730478065 = 1.0
on time step 59686 (time=621.729), 0.00994432 s/step
on time step 60087 (time=625.906), 0.00997909 s/step
on time step 60489 (time=630.094), 0.00996322 s/step
on time step 60891 (time=634.281), 0.00995969 s/step
on time step 61293 (time=638.469), 0.00996287 s/step
field decay(t = 640.2916666666666): 0.2771146489580517 / 0.2771146489580517 = 1.0
on time step 61700 (time=642.708), 0.00982868 s/step
on time step 62115 (time=647.031), 0.00964212 s/step
on time step 62525 (time=651.302), 0.00975657 s/step
on time step 62936 (time=655.583), 0.0097518 s/step
on time step 63347 (time=659.865), 0.00974587 s/step
field decay(t = 660.3020833333333): 0.3036231341768019 / 0.3036231341768019 = 1.0
on time step 63759 (time=664.156), 0.00972745 s/step
on time step 64170 (time=668.438), 0.00974327 s/step
on time step 64581 (time=672.719), 0.00973446 s/step
on time step 64991 (time=676.99), 0.00975811 s/step
field decay(t = 680.3125): 0.3187706336442577 / 0.3187706336442577 = 1.0
on time step 65402 (time=681.271), 0.00974087 s/step
on time step 65813 (time=685.552), 0.00974266 s/step
on time step 66224 (time=689.833), 0.0097412 s/step
on time step 66636 (time=694.125), 0.00972585 s/step
on time step 67047 (time=698.406), 0.00975447 s/step
field decay(t = 700.3229166666666): 0.321583375775047 / 0.321583375775047 = 1.0
on time step 67458 (time=702.688), 0.00974122 s/step
on time step 67870 (time=706.979), 0.00972059 s/step
on time step 68281 (time=711.26), 0.00975188 s/step
on time step 68692 (time=715.542), 0.00975374 s/step
on time step 69103 (time=719.823), 0.0097403 s/step
field decay(t = 720.3333333333333): 0.3194985406381053 / 0.321583375775047 = 0.9935169685562352
on time step 69514 (time=724.104), 0.00974869 s/step
on time step 69925 (time=728.385), 0.00973726 s/step
on time step 70336 (time=732.667), 0.00975494 s/step
on time step 70747 (time=736.948), 0.00975307 s/step
field decay(t = 740.34375): 0.30549978748569917 / 0.321583375775047 = 0.949986257061377
on time step 71158 (time=741.229), 0.00975209 s/step
on time step 71569 (time=745.51), 0.0097439 s/step
on time step 71980 (time=749.792), 0.00974005 s/step
on time step 72391 (time=754.073), 0.00974543 s/step
on time step 72800 (time=758.333), 0.00979534 s/step
field decay(t = 760.3541666666666): 0.2799965779449592 / 0.321583375775047 = 0.8706811329103702
on time step 73210 (time=762.604), 0.00977039 s/step
on time step 73620 (time=766.875), 0.00976294 s/step
on time step 74029 (time=771.135), 0.00978924 s/step
on time step 74438 (time=775.396), 0.00978844 s/step
on time step 74848 (time=779.667), 0.00976954 s/step
field decay(t = 780.3645833333333): 0.2459790651962369 / 0.321583375775047 = 0.7648998167377391
on time step 75256 (time=783.917), 0.00982572 s/step
on time step 75660 (time=788.125), 0.00990546 s/step
on time step 76065 (time=792.344), 0.00988956 s/step
on time step 76470 (time=796.562), 0.0098902 s/step
field decay(t = 800.375): 0.20713449283930557 / 0.321583375775047 = 0.6441082109424701
on time step 76875 (time=800.781), 0.00988305 s/step
on time step 77280 (time=805), 0.00988348 s/step
on time step 77686 (time=809.229), 0.00987143 s/step
on time step 78091 (time=813.448), 0.0098791 s/step
on time step 78497 (time=817.677), 0.00987446 s/step
field decay(t = 820.3854166666666): 0.16718370227297727 / 0.321583375775047 = 0.5198766940923125
on time step 78902 (time=821.896), 0.00988869 s/step
on time step 79307 (time=826.115), 0.00987957 s/step
on time step 79712 (time=830.333), 0.0098885 s/step
on time step 80117 (time=834.552), 0.00989023 s/step
on time step 80522 (time=838.771), 0.0098918 s/step
field decay(t = 840.3958333333333): 0.12932309033165088 / 0.321583375775047 = 0.40214482486841785
on time step 80927 (time=842.99), 0.00987788 s/step
on time step 81332 (time=847.208), 0.00988753 s/step
on time step 81738 (time=851.438), 0.00987411 s/step
on time step 82143 (time=855.656), 0.00988779 s/step
on time step 82548 (time=859.875), 0.00988829 s/step
field decay(t = 860.40625): 0.09586244287652677 / 0.321583375775047 = 0.298095144518864
on time step 82953 (time=864.094), 0.00988139 s/step
on time step 83359 (time=868.323), 0.00987487 s/step
on time step 83764 (time=872.542), 0.0098924 s/step
on time step 84169 (time=876.76), 0.00987667 s/step
field decay(t = 880.4166666666666): 0.06807886917661804 / 0.321583375775047 = 0.2116989692409982
on time step 84574 (time=880.979), 0.00988218 s/step
on time step 84980 (time=885.208), 0.00986548 s/step
on time step 85385 (time=889.427), 0.00988393 s/step
on time step 85790 (time=893.646), 0.00987683 s/step
on time step 86207 (time=897.99), 0.00960782 s/step
field decay(t = 900.4270833333333): 0.046309959670443296 / 0.321583375775047 = 0.14400607481289052
on time step 86611 (time=902.198), 0.00990511 s/step
on time step 87008 (time=906.333), 0.0100758 s/step
on time step 87405 (time=910.469), 0.0100875 s/step
on time step 87802 (time=914.604), 0.0100772 s/step
on time step 88199 (time=918.74), 0.0101019 s/step
field decay(t = 920.4375): 0.030165795441186177 / 0.321583375775047 = 0.09380396411500967
on time step 88596 (time=922.875), 0.0100929 s/step
on time step 88993 (time=927.01), 0.0100976 s/step
on time step 89389 (time=931.135), 0.0101032 s/step
on time step 89786 (time=935.271), 0.0100757 s/step
on time step 90182 (time=939.396), 0.0101196 s/step
field decay(t = 940.4479166666666): 0.018811243010891363 / 0.321583375775047 = 0.058495694827366156
on time step 90578 (time=943.521), 0.0101075 s/step
on time step 90976 (time=947.667), 0.0100719 s/step
on time step 91373 (time=951.802), 0.0100974 s/step
on time step 91769 (time=955.927), 0.010111 s/step
on time step 92165 (time=960.052), 0.0101048 s/step
field decay(t = 960.4583333333333): 0.01122727031030686 / 0.321583375775047 = 0.03491247109166652
on time step 92562 (time=964.188), 0.0100921 s/step
on time step 92959 (time=968.323), 0.0100952 s/step
on time step 93357 (time=972.469), 0.0100686 s/step
on time step 93753 (time=976.594), 0.0101046 s/step
field decay(t = 980.46875): 0.006842947238720939 / 0.321583375775047 = 0.021278920971050743
on time step 94148 (time=980.708), 0.0101474 s/step
on time step 94545 (time=984.844), 0.0100958 s/step
on time step 94941 (time=988.969), 0.0101126 s/step
on time step 95338 (time=993.104), 0.0100982 s/step
on time step 95734 (time=997.229), 0.0101017 s/step
field decay(t = 1000.4791666666666): 0.003954872498189285 / 0.321583375775047 = 0.012298124828927056
on time step 96131 (time=1001.36), 0.0100761 s/step
on time step 96527 (time=1005.49), 0.010108 s/step
on time step 96922 (time=1009.6), 0.0101368 s/step
on time step 97318 (time=1013.73), 0.0101117 s/step
on time step 97719 (time=1017.91), 0.00998143 s/step
field decay(t = 1020.4895833333333): 0.002094619265838954 / 0.321583375775047 = 0.006513456302866152
on time step 98126 (time=1022.15), 0.00984922 s/step
on time step 98534 (time=1026.4), 0.00982472 s/step
on time step 98943 (time=1030.66), 0.00979083 s/step
on time step 99351 (time=1034.91), 0.00981392 s/step
on time step 99759 (time=1039.16), 0.00981366 s/step
field decay(t = 1040.4895833333333): 0.0010589899950731573 / 0.321583375775047 = 0.003293049563028217
on time step 100168 (time=1043.42), 0.00979156 s/step
on time step 100573 (time=1047.64), 0.00988057 s/step
on time step 100982 (time=1051.9), 0.00979758 s/step
on time step 101385 (time=1056.09), 0.00994063 s/step
on time step 101785 (time=1060.26), 0.0100028 s/step
field decay(t = 1060.5): 0.0005134892753038948 / 0.321583375775047 = 0.0015967531719148606
on time step 102186 (time=1064.44), 0.00999118 s/step
on time step 102589 (time=1068.64), 0.00993487 s/step
on time step 102991 (time=1072.82), 0.00995193 s/step
on time step 103392 (time=1077), 0.00997913 s/step
field decay(t = 1080.5104166666665): 0.00023934075667200627 / 0.321583375775047 = 0.0007442572430716356
on time step 103795 (time=1081.2), 0.00994947 s/step
on time step 104198 (time=1085.4), 0.00994107 s/step
on time step 104598 (time=1089.56), 0.0100056 s/step
on time step 105000 (time=1093.75), 0.00995666 s/step
on time step 105400 (time=1097.92), 0.0100015 s/step
field decay(t = 1100.5208333333333): 0.00010757238113864829 / 0.321583375775047 = 0.00033450852637947616
on time step 105803 (time=1102.11), 0.00994191 s/step
on time step 106204 (time=1106.29), 0.00999651 s/step
on time step 106606 (time=1110.48), 0.009957 s/step
on time step 107005 (time=1114.64), 0.0100297 s/step
on time step 107408 (time=1118.83), 0.00994118 s/step
field decay(t = 1120.53125): 4.67742881231394e-05 / 0.321583375775047 = 0.00014544995682817512
on time step 107811 (time=1123.03), 0.00993047 s/step
on time step 108212 (time=1127.21), 0.00998474 s/step
on time step 108614 (time=1131.4), 0.00995141 s/step
on time step 109018 (time=1135.6), 0.00992632 s/step
on time step 109420 (time=1139.79), 0.00995401 s/step
field decay(t = 1140.5416666666665): 1.9757564560258173e-05 / 0.321583375775047 = 6.143838907294426e-05
on time step 109822 (time=1143.98), 0.00996223 s/step
on time step 110225 (time=1148.18), 0.00992954 s/step
on time step 110627 (time=1152.36), 0.00996901 s/step
on time step 111027 (time=1156.53), 0.0100075 s/step
field decay(t = 1160.5520833333333): 8.120203049981175e-06 / 0.321583375775047 = 2.5250692858145115e-05
on time step 111428 (time=1160.71), 0.00998173 s/step
on time step 111831 (time=1164.91), 0.00993208 s/step
on time step 112233 (time=1169.09), 0.00995806 s/step
on time step 112636 (time=1173.29), 0.00993336 s/step
on time step 113039 (time=1177.49), 0.00993005 s/step
field decay(t = 1180.5625): 3.23862611217784e-06 / 0.321583375775047 = 1.0070875412550287e-05
on time step 113441 (time=1181.68), 0.00995451 s/step
on time step 113844 (time=1185.88), 0.00994026 s/step
on time step 114245 (time=1190.05), 0.00999553 s/step
on time step 114648 (time=1194.25), 0.00993771 s/step
on time step 115045 (time=1198.39), 0.01009 s/step
field decay(t = 1200.5729166666665): 1.2433723573523217e-06 / 0.321583375775047 = 3.866407442100122e-06
on time step 115442 (time=1202.52), 0.0100961 s/step
on time step 115838 (time=1206.65), 0.0101052 s/step
on time step 116234 (time=1210.77), 0.0101024 s/step
on time step 116630 (time=1214.9), 0.0101209 s/step
on time step 117027 (time=1219.03), 0.0100984 s/step
field decay(t = 1220.5833333333333): 4.5061551317643254e-07 / 0.321583375775047 = 1.4012400737146491e-06
on time step 117423 (time=1223.16), 0.0101233 s/step
on time step 117820 (time=1227.29), 0.0100985 s/step
on time step 118218 (time=1231.44), 0.0100742 s/step
on time step 118616 (time=1235.58), 0.0100685 s/step
on time step 119013 (time=1239.72), 0.0100942 s/step
field decay(t = 1240.59375): 1.4982808904070437e-07 / 0.321583375775047 = 4.6590744524527805e-07
on time step 119410 (time=1243.85), 0.0100974 s/step
on time step 119807 (time=1247.99), 0.0100984 s/step
on time step 120204 (time=1252.12), 0.0100815 s/step
on time step 120601 (time=1256.26), 0.0100863 s/step
on time step 120998 (time=1260.4), 0.0100942 s/step
field decay(t = 1260.6041666666665): 4.3385939143003295e-08 / 0.321583375775047 = 1.349135011672758e-07
on time step 121395 (time=1264.53), 0.0100932 s/step
on time step 121793 (time=1268.68), 0.0100537 s/step
on time step 122190 (time=1272.81), 0.010088 s/step
on time step 122587 (time=1276.95), 0.0100818 s/step
field decay(t = 1280.6145833333333): 1.3468234800497831e-08 / 0.321583375775047 = 4.1881004476795744e-08
on time step 122984 (time=1281.08), 0.0100772 s/step
on time step 123380 (time=1285.21), 0.0101085 s/step
on time step 123776 (time=1289.33), 0.0101153 s/step
on time step 124172 (time=1293.46), 0.0101047 s/step
on time step 124569 (time=1297.59), 0.0100823 s/step
field decay(t = 1300.625): 2.6814708020389205e-09 / 0.321583375775047 = 8.338337750128771e-09
on time step 124966 (time=1301.73), 0.0100898 s/step
on time step 125362 (time=1305.85), 0.0101016 s/step
on time step 125758 (time=1309.98), 0.0101186 s/step
on time step 126155 (time=1314.11), 0.0100952 s/step
on time step 126550 (time=1318.23), 0.0101293 s/step
field decay(t = 1320.6354166666665): 1.3046524714461364e-09 / 0.321583375775047 = 4.056964910893786e-09
on time step 126946 (time=1322.35), 0.0101049 s/step
on time step 127343 (time=1326.49), 0.0100968 s/step
on time step 127749 (time=1330.72), 0.00987162 s/step
on time step 128163 (time=1335.03), 0.00967796 s/step
on time step 128577 (time=1339.34), 0.00966611 s/step
field decay(t = 1340.6458333333333): 1.553363533970792e-09 / 0.321583375775047 = 4.830360183349142e-09
on time step 128991 (time=1343.66), 0.00966787 s/step
on time step 129466 (time=1348.6), 0.00842986 s/step
on time step 130001 (time=1354.18), 0.0074825 s/step
on time step 130536 (time=1359.75), 0.00748049 s/step
2026-05-30 11:41:17 [INFO] D11_scaled_deep_groove: Checkpointed 1 completed spectra row(s) to /mnt/c/Users/admin/Meep_Simulation/meep_sim/results/diagnostics_v2/tables/D11_thickness_2um_quick_spectra_checkpoint.csv
2026-05-30 11:41:17 [INFO] D11_scaled_deep_groove: >>> task=2/10 case=scaled_inner_wall_film_2um pol=Ez wl=9.0016 res=24 pml=4
2026-05-30 11:41:17 [INFO] D11_scaled_deep_groove: [single ref] wl=9.0016 um, f=0.111091, res=24, comp=Ez
field decay(t = 1360.65625): 2.5070739855811378e-09 / 0.321583375775047 = 7.796031058940305e-09
run 0 finished at t = 1360.65625 (130623 timesteps)
-----------
Initializing structure...
Splitting into 16 chunks by voxels
time for choose_chunkdivision = 0.000556706 s
Working in 2D dimensions.
Computational cell is 50 x 49 x 0 with resolution 24
time for set_epsilon = 0.135211 s
-----------
field decay(t = 20.010416666666664): 2.336339622469258e-10 / 2.336339622469258e-10 = 1.0
field decay(t = 40.010416666666664): 6.206022014337268e-11 / 2.336339622469258e-10 = 0.26563013162350835
on time step 4168 (time=43.4167), 0.000959807 s/step
field decay(t = 60.02083333333333): 1.7544024799056252e-10 / 2.336339622469258e-10 = 0.7509192854639051
field decay(t = 80.02083333333333): 4.654062105258008e-10 / 4.654062105258008e-10 = 1.0
on time step 8503 (time=88.5729), 0.000922794 s/step
field decay(t = 100.03125): 1.308569720553828e-09 / 1.308569720553828e-09 = 1.0
field decay(t = 120.04166666666666): 4.41318578021305e-09 / 4.41318578021305e-09 = 1.0
on time step 12827 (time=133.615), 0.000925136 s/step
field decay(t = 140.04166666666666): 1.1872497155211753e-08 / 1.1872497155211753e-08 = 1.0
field decay(t = 160.05208333333331): 3.926817227271598e-08 / 3.926817227271598e-08 = 1.0
on time step 16997 (time=177.052), 0.000959449 s/step
field decay(t = 180.0625): 9.960735538949478e-08 / 9.960735538949478e-08 = 1.0
field decay(t = 200.07291666666666): 3.072683435265855e-07 / 3.072683435265855e-07 = 1.0
field decay(t = 220.08333333333331): 7.337391914933132e-07 / 7.337391914933132e-07 = 1.0
on time step 21163 (time=220.448), 0.000960206 s/step
field decay(t = 240.09375): 2.088327141070617e-06 / 2.088327141070617e-06 = 1.0
field decay(t = 260.10416666666663): 4.679889802766637e-06 / 4.679889802766637e-06 = 1.0
on time step 25332 (time=263.875), 0.000959584 s/step
field decay(t = 280.1145833333333): 1.0762744382429434e-05 / 1.0762744382429434e-05 = 1.0
field decay(t = 300.125): 2.5839547436994246e-05 / 2.5839547436994246e-05 = 1.0
on time step 29502 (time=307.312), 0.000959325 s/step
field decay(t = 320.13541666666663): 5.268819690183144e-05 / 5.268819690183144e-05 = 1.0
field decay(t = 340.1458333333333): 0.0001233043074061984 / 0.0001233043074061984 = 1.0
on time step 33668 (time=350.708), 0.000960211 s/step
field decay(t = 360.15625): 0.0002356625310834473 / 0.0002356625310834473 = 1.0
field decay(t = 380.16666666666663): 0.0005085513740424195 / 0.0005085513740424195 = 1.0
on time step 37832 (time=394.083), 0.000960714 s/step
field decay(t = 400.1770833333333): 0.0009110124227557341 / 0.0009110124227557341 = 1.0
field decay(t = 420.1875): 0.001813088320621944 / 0.001813088320621944 = 1.0
on time step 41995 (time=437.448), 0.000961054 s/step
field decay(t = 440.19791666666663): 0.003044225870914104 / 0.003044225870914104 = 1.0
field decay(t = 460.2083333333333): 0.005108336475695059 / 0.005108336475695059 = 1.0
field decay(t = 480.21875): 0.008793194368871852 / 0.008793194368871852 = 1.0
on time step 46235 (time=481.615), 0.000943478 s/step
field decay(t = 500.22916666666663): 0.013445201638276309 / 0.013445201638276309 = 1.0
field decay(t = 520.2291666666666): 0.021954214810842063 / 0.021954214810842063 = 1.0
on time step 50530 (time=526.354), 0.000931424 s/step
field decay(t = 540.2395833333333): 0.03146342471770198 / 0.03146342471770198 = 1.0
field decay(t = 560.25): 0.04737894478260073 / 0.04737894478260073 = 1.0
on time step 54817 (time=571.01), 0.00093315 s/step
field decay(t = 580.2604166666666): 0.06364176902612932 / 0.06364176902612932 = 1.0
field decay(t = 600.2708333333333): 0.08837977939715415 / 0.08837977939715415 = 1.0
on time step 59103 (time=615.656), 0.000933394 s/step
field decay(t = 620.28125): 0.1112700648585019 / 0.1112700648585019 = 1.0
field decay(t = 640.2916666666666): 0.13611330061110455 / 0.13611330061110455 = 1.0
field decay(t = 660.3020833333333): 0.168158320583739 / 0.168158320583739 = 1.0
on time step 63391 (time=660.323), 0.000932975 s/step
field decay(t = 680.3125): 0.19280065499342086 / 0.19280065499342086 = 1.0
field decay(t = 700.3229166666666): 0.21966650282225628 / 0.21966650282225628 = 1.0
on time step 67678 (time=704.979), 0.000933224 s/step
field decay(t = 720.3333333333333): 0.23605955244411064 / 0.23605955244411064 = 1.0
field decay(t = 740.34375): 0.24803520280225239 / 0.24803520280225239 = 1.0
on time step 71967 (time=749.656), 0.000932699 s/step
field decay(t = 760.3541666666666): 0.25005056375969037 / 0.25005056375969037 = 1.0
field decay(t = 780.3645833333333): 0.24915382189046467 / 0.25005056375969037 = 0.9964137578586405
on time step 76256 (time=794.333), 0.000932677 s/step
field decay(t = 800.375): 0.2392673687059638 / 0.25005056375969037 = 0.9568759418431477
field decay(t = 820.3854166666666): 0.22425996118472222 / 0.25005056375969037 = 0.8968584505981996
on time step 80544 (time=839), 0.000933031 s/step
field decay(t = 840.3958333333333): 0.20422870050540204 / 0.25005056375969037 = 0.816749610297519
field decay(t = 860.40625): 0.1744772810495592 / 0.25005056375969037 = 0.6977679971049359
field decay(t = 880.4166666666666): 0.1489263770396124 / 0.25005056375969037 = 0.5955850480814641
on time step 84834 (time=883.688), 0.000932597 s/step
field decay(t = 900.4270833333333): 0.11733593094711671 / 0.25005056375969037 = 0.4692488158510281
field decay(t = 920.4375): 0.09387102147254424 / 0.25005056375969037 = 0.37540815769869024
on time step 89009 (time=927.177), 0.00095809 s/step
field decay(t = 940.4479166666666): 0.06820683032629712 / 0.25005056375969037 = 0.27277215176306063
field decay(t = 960.4583333333333): 0.05114426816886496 / 0.25005056375969037 = 0.20453570429865883
on time step 93181 (time=970.635), 0.000958904 s/step
field decay(t = 980.46875): 0.035249292466995485 / 0.25005056375969037 = 0.14096865824654414
field decay(t = 1000.4791666666666): 0.024085954564991133 / 0.25005056375969037 = 0.09632433617761725
on time step 97363 (time=1014.2), 0.000956611 s/step
field decay(t = 1020.4895833333333): 0.016447454682847105 / 0.25005056375969037 = 0.06577651509977732
field decay(t = 1040.4895833333333): 0.009804554827660935 / 0.25005056375969037 = 0.03921028883215614
on time step 101542 (time=1057.73), 0.000957269 s/step
field decay(t = 1060.5): 0.0062752359063276125 / 0.25005056375969037 = 0.025095867859583756
field decay(t = 1080.5104166666665): 0.0034497801552094134 / 0.25005056375969037 = 0.013796330243529482
field decay(t = 1100.5208333333333): 0.0020694684936770646 / 0.25005056375969037 = 0.00827620007154199
on time step 105723 (time=1101.28), 0.000956875 s/step
field decay(t = 1120.53125): 0.001049220521281262 / 0.25005056375969037 = 0.0041960334162238055
field decay(t = 1140.5416666666665): 0.0005899287432028579 / 0.25005056375969037 = 0.0023592378050777177
on time step 109896 (time=1144.75), 0.000958563 s/step
field decay(t = 1160.5520833333333): 0.0002954411509747192 / 0.25005056375969037 = 0.0011815256343858964
field decay(t = 1180.5625): 0.000145375246267537 / 0.25005056375969037 = 0.0005813833973485821
on time step 114072 (time=1188.25), 0.000957936 s/step
field decay(t = 1200.5729166666665): 7.443683333293752e-05 / 0.25005056375969037 = 0.0002976871246108231
field decay(t = 1220.5833333333333): 3.096489749087453e-05 / 0.25005056375969037 = 0.00012383454380304122
on time step 118256 (time=1231.83), 0.000956031 s/step
field decay(t = 1240.59375): 1.4862695841808072e-05 / 0.25005056375969037 = 5.9438761578205355e-05
field decay(t = 1260.6041666666665): 5.701144314699609e-06 / 0.25005056375969037 = 2.279996585082152e-05
on time step 122431 (time=1275.32), 0.000958259 s/step
field decay(t = 1280.6145833333333): 2.564802315292047e-06 / 0.25005056375969037 = 1.025713470399105e-05
field decay(t = 1300.625): 9.066687992885053e-07 / 0.25005056375969037 = 3.625941832148213e-06
on time step 126607 (time=1318.82), 0.000958005 s/step
field decay(t = 1320.6354166666665): 3.825155823968051e-07 / 0.25005056375969037 = 1.5297529293491995e-06
field decay(t = 1340.6458333333333): 1.37064999244229e-07 / 0.25005056375969037 = 5.481491310531677e-07
field decay(t = 1360.65625): 4.945871067694714e-08 / 0.25005056375969037 = 1.9779483770522168e-07
on time step 130790 (time=1362.4), 0.000956442 s/step
field decay(t = 1380.6666666666665): 1.9017671070777484e-08 / 0.25005056375969037 = 7.605530171511353e-08
field decay(t = 1400.6770833333333): 5.5570104950140876e-09 / 0.25005056375969037 = 2.2223547155664964e-08
on time step 135010 (time=1406.35), 0.000947938 s/step
field decay(t = 1420.6875): 2.0232381313267306e-09 / 0.25005056375969037 = 8.0913160158725e-09
field decay(t = 1440.6979166666665): 5.53496645504776e-10 / 0.25005056375969037 = 2.213538882626598e-09
on time step 139428 (time=1452.38), 0.000905441 s/step
field decay(t = 1460.7083333333333): 1.898056151829545e-10 / 0.25005056375969037 = 7.590689352149035e-10
field decay(t = 1480.71875): 4.8446214156896746e-11 / 0.25005056375969037 = 1.9374567058947204e-10
on time step 143747 (time=1497.36), 0.00092624 s/step
field decay(t = 1500.7291666666665): 1.6938004558021095e-11 / 0.25005056375969037 = 6.773831781598887e-11
run 0 finished at t = 1500.7291666666665 (144070 timesteps)
-----------
Initializing structure...
Splitting into 16 chunks by voxels
time for choose_chunkdivision = 0.000679452 s
Working in 2D dimensions.
Computational cell is 50 x 49 x 0 with resolution 24
     block, center = (0,-4,0)
          size (50,25,1e+20)
          axes (1,0,0), (0,1,0), (0,0,1)
          dielectric constant epsilon diagonal = (1,1,1)
     prism, center = (2.72978,1,5e+19)
          height 1e+20, axis (0,0,1), sidewall angle: 0 radians, 4 vertices:
          (-10,8.5,0)
          (10,8.5,0)
          (15.4596,-6.5,0)
          (-4.54045,-6.5,0)
          dielectric constant epsilon diagonal = (1.69684,1.69684,1.69684)
     prism, center = (2.36581,2,5e+19)
          height 1e+20, axis (0,0,1), sidewall angle: 0 radians, 4 vertices:
          (-8,8.5,0)
          (8,8.5,0)
          (12.7316,-4.5,0)
          (-3.26839,-4.5,0)
          dielectric constant epsilon diagonal = (1,1,1)
time for set_epsilon = 2.04108 s
time for set_conductivity = 0.0444587 s
time for set_conductivity = 0.0459875 s
time for set_conductivity = 0.0458951 s
lorentzian susceptibility: frequency=15.6714, gamma=1.42115
lorentzian susceptibility: frequency=2.02365, gamma=1.3413
lorentzian susceptibility: frequency=1.24613, gamma=2.0309
lorentzian susceptibility: frequency=0.626693, gamma=1.83572
drude susceptibility: frequency=1e-10, gamma=0.0661375
-----------
2026-05-30 11:43:37 [INFO] D11_scaled_deep_groove: [single struct] 3 geometry objects
on time step 581 (time=6.05208), 0.00688718 s/step
on time step 999 (time=10.4062), 0.00957586 s/step
on time step 1418 (time=14.7708), 0.00955303 s/step
on time step 1836 (time=19.125), 0.00957836 s/step
field decay(t = 20.010416666666664): 2.336339622469258e-10 / 2.336339622469258e-10 = 1.0
on time step 2254 (time=23.4792), 0.00958884 s/step
on time step 2672 (time=27.8333), 0.00957948 s/step
on time step 3091 (time=32.1979), 0.00955605 s/step
on time step 3510 (time=36.5625), 0.00955303 s/step
field decay(t = 40.010416666666664): 4.646098976252479e-11 / 2.336339622469258e-10 = 0.19886231143664188
on time step 3929 (time=40.9271), 0.00956014 s/step
on time step 4345 (time=45.2604), 0.00961868 s/step
on time step 4762 (time=49.6042), 0.00959858 s/step
on time step 5181 (time=53.9688), 0.00956351 s/step
on time step 5598 (time=58.3125), 0.00960364 s/step
field decay(t = 60.02083333333333): 1.2136100662169706e-10 / 2.336339622469258e-10 = 0.5194493362802777
on time step 6013 (time=62.6354), 0.00964156 s/step
on time step 6425 (time=66.9271), 0.00972445 s/step
on time step 6836 (time=71.2083), 0.0097541 s/step
on time step 7247 (time=75.4896), 0.00973889 s/step
on time step 7658 (time=79.7708), 0.00974813 s/step
field decay(t = 80.02083333333333): 3.17300995286042e-10 / 3.17300995286042e-10 = 1.0
on time step 8070 (time=84.0625), 0.00972513 s/step
on time step 8481 (time=88.3438), 0.00974081 s/step
on time step 8893 (time=92.6354), 0.00971851 s/step
on time step 9306 (time=96.9375), 0.00969519 s/step
field decay(t = 100.03125): 8.060836673585349e-10 / 8.060836673585349e-10 = 1.0
on time step 9718 (time=101.229), 0.00972992 s/step
on time step 10128 (time=105.5), 0.00977638 s/step
on time step 10534 (time=109.729), 0.00985359 s/step
on time step 10939 (time=113.948), 0.00988657 s/step
on time step 11348 (time=118.208), 0.00978608 s/step
field decay(t = 120.04166666666666): 2.56847712042916e-09 / 2.56847712042916e-09 = 1.0
on time step 11755 (time=122.448), 0.00984521 s/step
on time step 12161 (time=126.677), 0.00985692 s/step
on time step 12570 (time=130.938), 0.00980041 s/step
on time step 12976 (time=135.167), 0.00985423 s/step
on time step 13383 (time=139.406), 0.00983292 s/step
field decay(t = 140.04166666666666): 6.904445616715916e-09 / 6.904445616715916e-09 = 1.0
on time step 13792 (time=143.667), 0.00979084 s/step
on time step 14200 (time=147.917), 0.00980619 s/step
on time step 14608 (time=152.167), 0.00981552 s/step
on time step 15015 (time=156.406), 0.00983528 s/step
field decay(t = 160.05208333333331): 2.2477211650101583e-08 / 2.2477211650101583e-08 = 1.0
on time step 15424 (time=160.667), 0.00978214 s/step
on time step 15829 (time=164.885), 0.00987794 s/step
on time step 16238 (time=169.146), 0.00979472 s/step
on time step 16644 (time=173.375), 0.00986258 s/step
on time step 17050 (time=177.604), 0.00985873 s/step
field decay(t = 180.0625): 5.6124459210377974e-08 / 5.6124459210377974e-08 = 1.0
on time step 17459 (time=181.865), 0.00980011 s/step
on time step 17867 (time=186.115), 0.00981205 s/step
on time step 18277 (time=190.385), 0.00976232 s/step
on time step 18684 (time=194.625), 0.00983191 s/step
on time step 19091 (time=198.865), 0.00985194 s/step
field decay(t = 200.07291666666666): 1.7117047367880652e-07 / 1.7117047367880652e-07 = 1.0
on time step 19499 (time=203.115), 0.00980693 s/step
on time step 19908 (time=207.375), 0.00978425 s/step
on time step 20315 (time=211.615), 0.00984364 s/step
on time step 20722 (time=215.854), 0.00983164 s/step
field decay(t = 220.08333333333331): 4.061553595943911e-07 / 4.061553595943911e-07 = 1.0
on time step 21130 (time=220.104), 0.00981906 s/step
on time step 21539 (time=224.365), 0.00978686 s/step
on time step 21947 (time=228.615), 0.00980474 s/step
on time step 22356 (time=232.875), 0.00979035 s/step
on time step 22766 (time=237.146), 0.00976321 s/step
field decay(t = 240.09375): 1.1382344666682919e-06 / 1.1382344666682919e-06 = 1.0
on time step 23174 (time=241.396), 0.00981296 s/step
on time step 23585 (time=245.677), 0.00975053 s/step
on time step 23994 (time=249.938), 0.00980073 s/step
on time step 24402 (time=254.188), 0.00981036 s/step
on time step 24809 (time=258.427), 0.00983096 s/step
field decay(t = 260.10416666666663): 2.524406481483539e-06 / 2.524406481483539e-06 = 1.0
on time step 25218 (time=262.688), 0.00980325 s/step
on time step 25626 (time=266.938), 0.00982401 s/step
on time step 26035 (time=271.198), 0.00978098 s/step
on time step 26441 (time=275.427), 0.00985603 s/step
on time step 26848 (time=279.667), 0.0098514 s/step
field decay(t = 280.1145833333333): 6.288174257173731e-06 / 6.288174257173731e-06 = 1.0
on time step 27255 (time=283.906), 0.00985178 s/step
on time step 27663 (time=288.156), 0.00982386 s/step
on time step 28072 (time=292.417), 0.00979867 s/step
on time step 28478 (time=296.646), 0.00985454 s/step
field decay(t = 300.125): 1.362477063288152e-05 / 1.362477063288152e-05 = 1.0
on time step 28886 (time=300.896), 0.00982036 s/step
on time step 29293 (time=305.135), 0.0098292 s/step
on time step 29700 (time=309.375), 0.00983173 s/step
on time step 30108 (time=313.625), 0.00982507 s/step
on time step 30517 (time=317.885), 0.00979998 s/step
field decay(t = 320.13541666666663): 2.751416678020684e-05 / 2.751416678020684e-05 = 1.0
on time step 30924 (time=322.125), 0.0098491 s/step
on time step 31330 (time=326.354), 0.00985446 s/step
on time step 31738 (time=330.604), 0.0098121 s/step
on time step 32145 (time=334.844), 0.00984844 s/step
on time step 32554 (time=339.104), 0.00980247 s/step
field decay(t = 340.1458333333333): 6.356138040190775e-05 / 6.356138040190775e-05 = 1.0
on time step 32964 (time=343.375), 0.00976219 s/step
on time step 33373 (time=347.635), 0.00979929 s/step
on time step 33782 (time=351.896), 0.00978614 s/step
on time step 34190 (time=356.146), 0.00980422 s/step
field decay(t = 360.15625): 0.00012023277280043325 / 0.00012023277280043325 = 1.0
on time step 34600 (time=360.417), 0.00977299 s/step
on time step 35010 (time=364.688), 0.00977573 s/step
on time step 35417 (time=368.927), 0.00984255 s/step
on time step 35822 (time=373.146), 0.00987744 s/step
on time step 36230 (time=377.396), 0.0098231 s/step
field decay(t = 380.16666666666663): 0.00025607796868864233 / 0.00025607796868864233 = 1.0
on time step 36641 (time=381.677), 0.00975227 s/step
on time step 37048 (time=385.917), 0.00984182 s/step
on time step 37458 (time=390.188), 0.00976863 s/step
on time step 37867 (time=394.448), 0.00980007 s/step
on time step 38276 (time=398.708), 0.00978474 s/step
field decay(t = 400.1770833333333): 0.0004538691241407432 / 0.0004538691241407432 = 1.0
on time step 38685 (time=402.969), 0.00979135 s/step
on time step 39093 (time=407.219), 0.0098041 s/step
on time step 39499 (time=411.448), 0.00985816 s/step
on time step 39909 (time=415.719), 0.00976801 s/step
on time step 40318 (time=419.979), 0.00979236 s/step
field decay(t = 420.1875): 0.0008911517238870094 / 0.0008911517238870094 = 1.0
on time step 40728 (time=424.25), 0.00977545 s/step
on time step 41134 (time=428.479), 0.00987417 s/step
on time step 41543 (time=432.74), 0.00978757 s/step
on time step 41951 (time=436.99), 0.00981869 s/step
field decay(t = 440.19791666666663): 0.0014801623908349709 / 0.0014801623908349709 = 1.0
on time step 42359 (time=441.24), 0.00981939 s/step
on time step 42770 (time=445.521), 0.00975538 s/step
on time step 43179 (time=449.781), 0.009789 s/step
on time step 43587 (time=454.031), 0.00980922 s/step
on time step 43997 (time=458.302), 0.00977582 s/step
field decay(t = 460.2083333333333): 0.0026625903040719 / 0.0026625903040719 = 1.0
on time step 44407 (time=462.573), 0.00976892 s/step
on time step 44816 (time=466.833), 0.00978743 s/step
on time step 45225 (time=471.094), 0.0097997 s/step
on time step 45634 (time=475.354), 0.00980148 s/step
on time step 46045 (time=479.635), 0.00973361 s/step
field decay(t = 480.21875): 0.0041700000851474855 / 0.0041700000851474855 = 1.0
on time step 46454 (time=483.896), 0.00978675 s/step
on time step 46865 (time=488.177), 0.0097472 s/step
on time step 47273 (time=492.427), 0.00981222 s/step
on time step 47680 (time=496.667), 0.00984554 s/step
field decay(t = 500.22916666666663): 0.0063050899297669065 / 0.0063050899297669065 = 1.0
on time step 48088 (time=500.917), 0.00982155 s/step
on time step 48497 (time=505.177), 0.00979843 s/step
on time step 48905 (time=509.427), 0.00980789 s/step
on time step 49314 (time=513.688), 0.0097825 s/step
on time step 49723 (time=517.948), 0.00978858 s/step
field decay(t = 520.2291666666666): 0.01014967609427422 / 0.01014967609427422 = 1.0
on time step 50132 (time=522.208), 0.00978965 s/step
on time step 50540 (time=526.458), 0.00980757 s/step
on time step 50947 (time=530.698), 0.00984667 s/step
on time step 51354 (time=534.938), 0.0098428 s/step
on time step 51762 (time=539.188), 0.00981721 s/step
field decay(t = 540.2395833333333): 0.01438047422073027 / 0.01438047422073027 = 1.0
on time step 52173 (time=543.469), 0.00975309 s/step
on time step 52584 (time=547.75), 0.009756 s/step
on time step 52994 (time=552.021), 0.00977817 s/step
on time step 53403 (time=556.281), 0.00978092 s/step
field decay(t = 560.25): 0.021344050193308345 / 0.021344050193308345 = 1.0
on time step 53812 (time=560.542), 0.00979333 s/step
on time step 54223 (time=564.823), 0.00975191 s/step
on time step 54632 (time=569.083), 0.00979601 s/step
on time step 55042 (time=573.354), 0.00977062 s/step
on time step 55451 (time=577.615), 0.00978626 s/step
field decay(t = 580.2604166666666): 0.028339139039355837 / 0.028339139039355837 = 1.0
on time step 55860 (time=581.875), 0.00978055 s/step
on time step 56270 (time=586.146), 0.00977941 s/step
on time step 56679 (time=590.406), 0.0097946 s/step
on time step 57089 (time=594.677), 0.00977352 s/step
on time step 57499 (time=598.948), 0.00976961 s/step
field decay(t = 600.2708333333333): 0.03878373384152492 / 0.03878373384152492 = 1.0
on time step 57909 (time=603.219), 0.00975727 s/step
on time step 58316 (time=607.458), 0.00984343 s/step
on time step 58721 (time=611.677), 0.00988968 s/step
on time step 59127 (time=615.906), 0.00986028 s/step
on time step 59532 (time=620.125), 0.00988345 s/step
field decay(t = 620.28125): 0.04825831650233584 / 0.04825831650233584 = 1.0
on time step 59937 (time=624.344), 0.00988152 s/step
on time step 60344 (time=628.583), 0.00983626 s/step
on time step 60751 (time=632.823), 0.00983039 s/step
on time step 61157 (time=637.052), 0.00987529 s/step
field decay(t = 640.2916666666666): 0.06090164487727438 / 0.06090164487727438 = 1.0
on time step 61561 (time=641.26), 0.00990165 s/step
on time step 61967 (time=645.49), 0.00987434 s/step
on time step 62372 (time=649.708), 0.00988036 s/step
on time step 62779 (time=653.948), 0.00983951 s/step
on time step 63187 (time=658.198), 0.00982405 s/step
field decay(t = 660.3020833333333): 0.07102379604414687 / 0.07102379604414687 = 1.0
on time step 63594 (time=662.438), 0.0098336 s/step
on time step 64000 (time=666.667), 0.0098568 s/step
on time step 64408 (time=670.917), 0.00982756 s/step
on time step 64815 (time=675.156), 0.00984585 s/step
on time step 65222 (time=679.396), 0.00983475 s/step
field decay(t = 680.3125): 0.08047749817910321 / 0.08047749817910321 = 1.0
on time step 65629 (time=683.635), 0.00983 s/step
on time step 66036 (time=687.875), 0.00983545 s/step
on time step 66443 (time=692.115), 0.00983239 s/step
on time step 66850 (time=696.354), 0.00982968 s/step
field decay(t = 700.3229166666666): 0.0903538344548947 / 0.0903538344548947 = 1.0
on time step 67258 (time=700.604), 0.00982076 s/step
on time step 67666 (time=704.854), 0.00981935 s/step
on time step 68074 (time=709.104), 0.00981449 s/step
on time step 68482 (time=713.354), 0.00982227 s/step
on time step 68891 (time=717.615), 0.00979569 s/step
field decay(t = 720.3333333333333): 0.09596714683024594 / 0.09596714683024594 = 1.0
on time step 69298 (time=721.854), 0.00983448 s/step
on time step 69706 (time=726.104), 0.00981719 s/step
on time step 70113 (time=730.344), 0.00983939 s/step
on time step 70520 (time=734.583), 0.00985102 s/step
on time step 70926 (time=738.812), 0.0098637 s/step
field decay(t = 740.34375): 0.0993812735689287 / 0.0993812735689287 = 1.0
on time step 71330 (time=743.021), 0.00991997 s/step
on time step 71735 (time=747.24), 0.00988584 s/step
on time step 72140 (time=751.458), 0.00989508 s/step
on time step 72546 (time=755.688), 0.00987313 s/step
on time step 72953 (time=759.927), 0.00985184 s/step
field decay(t = 760.3541666666666): 0.09954159775968113 / 0.09954159775968113 = 1.0
on time step 73360 (time=764.167), 0.00985116 s/step
on time step 73768 (time=768.417), 0.00982201 s/step
on time step 74176 (time=772.667), 0.00981778 s/step
on time step 74583 (time=776.906), 0.00983367 s/step
field decay(t = 780.3645833333333): 0.0984055036832965 / 0.09954159775968113 = 0.9885867405993677
on time step 74990 (time=781.146), 0.00983976 s/step
on time step 75398 (time=785.396), 0.00980522 s/step
on time step 75804 (time=789.625), 0.00985591 s/step
on time step 76207 (time=793.823), 0.00994244 s/step
on time step 76610 (time=798.021), 0.00993481 s/step
field decay(t = 800.375): 0.09317313489169135 / 0.09954159775968113 = 0.9360220951710573
on time step 77015 (time=802.24), 0.00989153 s/step
on time step 77419 (time=806.448), 0.00991942 s/step
on time step 77823 (time=810.656), 0.00992163 s/step
on time step 78226 (time=814.854), 0.00993052 s/step
on time step 78628 (time=819.042), 0.00996663 s/step
field decay(t = 820.3854166666666): 0.08636412965157295 / 0.09954159775968113 = 0.8676184790611663
on time step 79031 (time=823.24), 0.0099426 s/step
on time step 79435 (time=827.448), 0.00991227 s/step
on time step 79837 (time=831.635), 0.009953 s/step
on time step 80240 (time=835.833), 0.00994066 s/step
on time step 80642 (time=840.021), 0.00997075 s/step
field decay(t = 840.3958333333333): 0.07545354496007346 / 0.09954159775968113 = 0.758010185271866
on time step 81044 (time=844.208), 0.00995939 s/step
on time step 81446 (time=848.396), 0.0099565 s/step
on time step 81848 (time=852.583), 0.00996414 s/step
on time step 82251 (time=856.781), 0.00993452 s/step
field decay(t = 860.40625): 0.06558569446596439 / 0.09954159775968113 = 0.6588772527471884
on time step 82654 (time=860.979), 0.00993893 s/step
on time step 83059 (time=865.198), 0.00988798 s/step
on time step 83462 (time=869.396), 0.00993061 s/step
on time step 83864 (time=873.583), 0.00996042 s/step
on time step 84268 (time=877.792), 0.00991842 s/step
field decay(t = 880.4166666666666): 0.05540780802997267 / 0.09954159775968113 = 0.5566296832379694
on time step 84671 (time=881.99), 0.00993686 s/step
on time step 85076 (time=886.208), 0.00989899 s/step
on time step 85479 (time=890.406), 0.00994428 s/step
on time step 85881 (time=894.594), 0.00996323 s/step
on time step 86284 (time=898.792), 0.00994974 s/step
field decay(t = 900.4270833333333): 0.04311785721828532 / 0.09954159775968113 = 0.4331642066102139
on time step 86687 (time=902.99), 0.00994325 s/step
on time step 87090 (time=907.188), 0.00995048 s/step
on time step 87492 (time=911.375), 0.00996445 s/step
on time step 87894 (time=915.562), 0.00996649 s/step
on time step 88296 (time=919.75), 0.00995921 s/step
field decay(t = 920.4375): 0.03417022012751638 / 0.09954159775968113 = 0.3432757851648316
on time step 88698 (time=923.938), 0.00995348 s/step
on time step 89100 (time=928.125), 0.0099738 s/step
on time step 89503 (time=932.323), 0.00993366 s/step
on time step 89905 (time=936.51), 0.00997359 s/step
field decay(t = 940.4479166666666): 0.02455176951279401 / 0.09954159775968113 = 0.24664833662875554
on time step 90308 (time=940.708), 0.00994156 s/step
on time step 90710 (time=944.896), 0.00997032 s/step
on time step 91106 (time=949.021), 0.0101182 s/step
on time step 91503 (time=953.156), 0.0100906 s/step
on time step 91897 (time=957.26), 0.0101577 s/step
field decay(t = 960.4583333333333): 0.018256473074047427 / 0.09954159775968113 = 0.18340546550320821
on time step 92292 (time=961.375), 0.0101432 s/step
on time step 92687 (time=965.49), 0.0101502 s/step
on time step 93082 (time=969.604), 0.0101522 s/step
on time step 93477 (time=973.719), 0.0101437 s/step
on time step 93877 (time=977.885), 0.0100153 s/step
field decay(t = 980.46875): 0.01211603456174907 / 0.09954159775968113 = 0.12171830505473978
on time step 94272 (time=982), 0.0101279 s/step
on time step 94667 (time=986.115), 0.0101413 s/step
on time step 95066 (time=990.271), 0.010045 s/step
on time step 95465 (time=994.427), 0.0100467 s/step
on time step 95862 (time=998.562), 0.0100816 s/step
field decay(t = 1000.4791666666666): 0.008455954472609297 / 0.09954159775968113 = 0.08494895262806744
on time step 96260 (time=1002.71), 0.0100716 s/step
on time step 96657 (time=1006.84), 0.0100993 s/step
on time step 97053 (time=1010.97), 0.0101138 s/step
on time step 97450 (time=1015.1), 0.0100906 s/step
on time step 97845 (time=1019.22), 0.0101357 s/step
field decay(t = 1020.4895833333333): 0.0051851695026840835 / 0.09954159775968113 = 0.052090478949337424
on time step 98241 (time=1023.34), 0.0101244 s/step
on time step 98637 (time=1027.47), 0.0101195 s/step
on time step 99033 (time=1031.59), 0.010105 s/step
on time step 99432 (time=1035.75), 0.0100334 s/step
on time step 99829 (time=1039.89), 0.0100923 s/step
field decay(t = 1040.4895833333333): 0.003397550822572916 / 0.09954159775968113 = 0.034131969940601845
on time step 100224 (time=1044), 0.0101325 s/step
on time step 100619 (time=1048.11), 0.0101312 s/step
on time step 101015 (time=1052.24), 0.0101049 s/step
on time step 101413 (time=1056.39), 0.0100603 s/step
field decay(t = 1060.5): 0.0020959817800859605 / 0.09954159775968113 = 0.021056340537613193
on time step 101811 (time=1060.53), 0.0100531 s/step
on time step 102209 (time=1064.68), 0.010061 s/step
on time step 102608 (time=1068.83), 0.0100452 s/step
on time step 103006 (time=1072.98), 0.0100514 s/step
on time step 103405 (time=1077.14), 0.0100314 s/step
field decay(t = 1080.5104166666665): 0.001185258901234906 / 0.09954159775968113 = 0.011907171754429981
on time step 103805 (time=1081.3), 0.0100096 s/step
on time step 104205 (time=1085.47), 0.010019 s/step
on time step 104604 (time=1089.62), 0.0100329 s/step
on time step 105002 (time=1093.77), 0.0100558 s/step
on time step 105401 (time=1097.93), 0.0100288 s/step
field decay(t = 1100.5208333333333): 0.0007094909412144205 / 0.09954159775968113 = 0.007127582409590341
on time step 105798 (time=1102.06), 0.0100809 s/step
on time step 106195 (time=1106.2), 0.0100986 s/step
on time step 106593 (time=1110.34), 0.0100753 s/step
on time step 106996 (time=1114.54), 0.00994224 s/step
on time step 107401 (time=1118.76), 0.00989907 s/step
field decay(t = 1120.53125): 0.0003593223536061851 / 0.09954159775968113 = 0.0036097708063083447
on time step 107805 (time=1122.97), 0.00991922 s/step
on time step 108210 (time=1127.19), 0.00988309 s/step
on time step 108614 (time=1131.4), 0.00990198 s/step
on time step 109019 (time=1135.61), 0.00987985 s/step
on time step 109425 (time=1139.84), 0.00985412 s/step
field decay(t = 1140.5416666666665): 0.00020210715525347992 / 0.09954159775968113 = 0.002030378854691666
on time step 109827 (time=1144.03), 0.00995238 s/step
on time step 110232 (time=1148.25), 0.00988256 s/step
on time step 110636 (time=1152.46), 0.0099167 s/step
on time step 111038 (time=1156.65), 0.00997016 s/step
field decay(t = 1160.5520833333333): 9.471831278272971e-05 / 0.09954159775968113 = 0.0009515450315696553
on time step 111442 (time=1160.85), 0.00990452 s/step
on time step 111847 (time=1165.07), 0.00989854 s/step
on time step 112249 (time=1169.26), 0.00997373 s/step
on time step 112652 (time=1173.46), 0.00993904 s/step
on time step 113053 (time=1177.64), 0.0099854 s/step
field decay(t = 1180.5625): 5.009005806235679e-05 / 0.09954159775968113 = 0.000503207294133323
on time step 113456 (time=1181.83), 0.00994045 s/step
on time step 113859 (time=1186.03), 0.00993337 s/step
on time step 114262 (time=1190.23), 0.00994098 s/step
on time step 114664 (time=1194.42), 0.00995108 s/step
on time step 115069 (time=1198.64), 0.009896 s/step
field decay(t = 1200.5729166666665): 2.174139108444539e-05 / 0.09954159775968113 = 0.00021841513069676324
on time step 115474 (time=1202.85), 0.00989317 s/step
on time step 115878 (time=1207.06), 0.00991412 s/step
on time step 116282 (time=1211.27), 0.00990532 s/step
on time step 116687 (time=1215.49), 0.00989561 s/step
on time step 117093 (time=1219.72), 0.00987014 s/step
field decay(t = 1220.5833333333333): 1.0817451305280326e-05 / 0.09954159775968113 = 0.00010867267101133357
on time step 117498 (time=1223.94), 0.00988963 s/step
on time step 117903 (time=1228.16), 0.00988698 s/step
on time step 118308 (time=1232.38), 0.00988351 s/step
on time step 118713 (time=1236.59), 0.00989487 s/step
field decay(t = 1240.59375): 4.348782753885497e-06 / 0.09954159775968113 = 4.3688094743913696e-05
on time step 119117 (time=1240.8), 0.00990218 s/step
on time step 119522 (time=1245.02), 0.0098897 s/step
on time step 119927 (time=1249.24), 0.00988617 s/step
on time step 120331 (time=1253.45), 0.00990207 s/step
on time step 120736 (time=1257.67), 0.00988284 s/step
field decay(t = 1260.6041666666665): 2.034120281175448e-06 / 0.09954159775968113 = 2.0434876744557933e-05
on time step 121141 (time=1261.89), 0.00988665 s/step
on time step 121546 (time=1266.1), 0.00989218 s/step
on time step 121951 (time=1270.32), 0.00988146 s/step
on time step 122356 (time=1274.54), 0.00988939 s/step
on time step 122761 (time=1278.76), 0.00989889 s/step
field decay(t = 1280.6145833333333): 8.899318159101917e-07 / 0.09954159775968113 = 8.940300697791839e-06
on time step 123166 (time=1282.98), 0.00988938 s/step
on time step 123571 (time=1287.2), 0.00989066 s/step
on time step 123976 (time=1291.42), 0.00987937 s/step
on time step 124381 (time=1295.64), 0.0098863 s/step
on time step 124786 (time=1299.85), 0.00989768 s/step
field decay(t = 1300.625): 3.3405348916603604e-07 / 0.09954159775968113 = 3.3559184972349606e-06
on time step 125191 (time=1304.07), 0.00988791 s/step
on time step 125595 (time=1308.28), 0.00991186 s/step
on time step 126000 (time=1312.5), 0.00988785 s/step
on time step 126405 (time=1316.72), 0.0098884 s/step
field decay(t = 1320.6354166666665): 1.4300266544368626e-07 / 0.09954159775968113 = 1.4366121165638839e-06
on time step 126810 (time=1320.94), 0.00989294 s/step
on time step 127215 (time=1325.16), 0.00989041 s/step
on time step 127620 (time=1329.38), 0.00988113 s/step
on time step 128024 (time=1333.58), 0.00990791 s/step
on time step 128429 (time=1337.8), 0.00990043 s/step
field decay(t = 1340.6458333333333): 4.782526533137863e-08 / 0.09954159775968113 = 4.804550701189371e-07
on time step 128834 (time=1342.02), 0.00988336 s/step
on time step 129239 (time=1346.24), 0.00989281 s/step
on time step 129644 (time=1350.46), 0.00988214 s/step
on time step 130049 (time=1354.68), 0.00988973 s/step
on time step 130454 (time=1358.9), 0.0098965 s/step
field decay(t = 1360.65625): 1.9350790103491913e-08 / 0.09954159775968113 = 1.943990305461006e-07
on time step 130859 (time=1363.11), 0.00989084 s/step
on time step 131264 (time=1367.33), 0.00988898 s/step
on time step 131669 (time=1371.55), 0.00987905 s/step
on time step 132074 (time=1375.77), 0.00988245 s/step
on time step 132479 (time=1379.99), 0.00988259 s/step
field decay(t = 1380.6666666666665): 6.0488078085590546e-09 / 0.09954159775968113 = 6.076663369581854e-08
on time step 132884 (time=1384.21), 0.00988511 s/step
on time step 133290 (time=1388.44), 0.00987532 s/step
on time step 133695 (time=1392.66), 0.00989326 s/step
on time step 134100 (time=1396.88), 0.00989875 s/step
field decay(t = 1400.6770833333333): 2.3275387737773775e-09 / 0.09954159775968113 = 2.3382573980745728e-08
on time step 134505 (time=1401.09), 0.00987842 s/step
on time step 134910 (time=1405.31), 0.00988425 s/step
on time step 135315 (time=1409.53), 0.00988853 s/step
on time step 135720 (time=1413.75), 0.00989966 s/step
on time step 136123 (time=1417.95), 0.00993732 s/step
field decay(t = 1420.6875): 6.92525356591676e-10 / 0.09954159775968113 = 6.957145275722912e-09
on time step 136526 (time=1422.15), 0.00994404 s/step
on time step 136929 (time=1426.34), 0.00993243 s/step
on time step 137332 (time=1430.54), 0.00994584 s/step
on time step 137733 (time=1434.72), 0.00998628 s/step
on time step 138131 (time=1438.86), 0.0100564 s/step
field decay(t = 1440.6979166666665): 2.575491141188718e-10 / 0.09954159775968113 = 2.587351618975026e-09
on time step 138527 (time=1442.99), 0.0101257 s/step
on time step 138923 (time=1447.11), 0.010113 s/step
on time step 139320 (time=1451.25), 0.0100862 s/step
on time step 139716 (time=1455.38), 0.0101139 s/step
on time step 140112 (time=1459.5), 0.0101222 s/step
field decay(t = 1460.7083333333333): 7.375283714650274e-11 / 0.09954159775968113 = 7.409247872890382e-10
on time step 140508 (time=1463.62), 0.0101247 s/step
on time step 140905 (time=1467.76), 0.0100785 s/step
on time step 141301 (time=1471.89), 0.0101142 s/step
on time step 141698 (time=1476.02), 0.0100917 s/step
field decay(t = 1480.71875): 2.8786668445960702e-11 / 0.09954159775968113 = 2.891923486647168e-10
on time step 142213 (time=1481.39), 0.00776732 s/step
on time step 142760 (time=1487.08), 0.00732542 s/step
on time step 143307 (time=1492.78), 0.00731834 s/step
on time step 143854 (time=1498.48), 0.00731955 s/step
2026-05-30 12:07:13 [INFO] D11_scaled_deep_groove: Checkpointed 2 completed spectra row(s) to /mnt/c/Users/admin/Meep_Simulation/meep_sim/results/diagnostics_v2/tables/D11_thickness_2um_quick_spectra_checkpoint.csv
2026-05-30 12:07:13 [INFO] D11_scaled_deep_groove: >>> task=3/10 case=scaled_inner_wall_film_2um pol=Ez wl=10.009 res=24 pml=4
2026-05-30 12:07:13 [INFO] D11_scaled_deep_groove: [single ref] wl=10.009 um, f=0.0999101, res=24, comp=Ez
field decay(t = 1500.7291666666665): 1.1219033935315524e-11 / 0.09954159775968113 = 1.1270699072362833e-10
run 0 finished at t = 1500.7291666666665 (144070 timesteps)
-----------
Initializing structure...
Splitting into 16 chunks by voxels
time for choose_chunkdivision = 0.000550122 s
Working in 2D dimensions.
Computational cell is 50 x 49 x 0 with resolution 24
time for set_epsilon = 0.150114 s
-----------
field decay(t = 20.010416666666664): 2.8620255289198833e-10 / 2.8620255289198833e-10 = 1.0
field decay(t = 40.010416666666664): 5.452418623381255e-11 / 2.8620255289198833e-10 = 0.19050908415338194
on time step 4360 (time=45.4167), 0.000917472 s/step
field decay(t = 60.02083333333333): 1.1489321784701532e-10 / 2.8620255289198833e-10 = 0.4014402271609909
field decay(t = 80.02083333333333): 2.879243497488553e-10 / 2.879243497488553e-10 = 1.0
on time step 8892 (time=92.625), 0.000882678 s/step
field decay(t = 100.03125): 7.711342597478302e-10 / 7.711342597478302e-10 = 1.0
field decay(t = 120.04166666666666): 2.0859287788575395e-09 / 2.0859287788575395e-09 = 1.0
on time step 13430 (time=139.896), 0.000881536 s/step
field decay(t = 140.04166666666666): 5.697974442910339e-09 / 5.697974442910339e-09 = 1.0
field decay(t = 160.05208333333331): 1.5084423552457186e-08 / 1.5084423552457186e-08 = 1.0
field decay(t = 180.0625): 3.9232342022662704e-08 / 3.9232342022662704e-08 = 1.0
on time step 17965 (time=187.135), 0.000882064 s/step
field decay(t = 200.07291666666666): 9.98087587456717e-08 / 9.98087587456717e-08 = 1.0
field decay(t = 220.08333333333331): 2.46756031212108e-07 / 2.46756031212108e-07 = 1.0
on time step 22493 (time=234.302), 0.000883408 s/step
field decay(t = 240.09375): 5.927117821082613e-07 / 5.927117821082613e-07 = 1.0
field decay(t = 260.10416666666663): 1.3839976528841446e-06 / 1.3839976528841446e-06 = 1.0
field decay(t = 280.1145833333333): 3.1412180355795217e-06 / 3.1412180355795217e-06 = 1.0
on time step 27012 (time=281.375), 0.000885246 s/step
field decay(t = 300.125): 6.930102732023386e-06 / 6.930102732023386e-06 = 1.0
field decay(t = 320.13541666666663): 1.4860047186976182e-05 / 1.4860047186976182e-05 = 1.0
on time step 31580 (time=328.958), 0.000875664 s/step
field decay(t = 340.1458333333333): 3.095635463171417e-05 / 3.095635463171417e-05 = 1.0
field decay(t = 360.15625): 6.268334313227175e-05 / 6.268334313227175e-05 = 1.0
on time step 35818 (time=373.104), 0.000944038 s/step
field decay(t = 380.16666666666663): 0.0001232816253728794 / 0.0001232816253728794 = 1.0
field decay(t = 400.1770833333333): 0.00023565497010352203 / 0.00023565497010352203 = 1.0
on time step 40057 (time=417.26), 0.000943654 s/step
field decay(t = 420.1875): 0.0004375758894755346 / 0.0004375758894755346 = 1.0
field decay(t = 440.19791666666663): 0.0007895848165344317 / 0.0007895848165344317 = 1.0
field decay(t = 460.2083333333333): 0.0013841762569804011 / 0.0013841762569804011 = 1.0
on time step 44275 (time=461.198), 0.000948466 s/step
field decay(t = 480.21875): 0.002357814486051738 / 0.002357814486051738 = 1.0
field decay(t = 500.22916666666663): 0.003902192859997883 / 0.003902192859997883 = 1.0
on time step 48506 (time=505.271), 0.000945432 s/step
field decay(t = 520.2291666666666): 0.006274954089004014 / 0.006274954089004014 = 1.0
field decay(t = 540.2395833333333): 0.009804123964599568 / 0.009804123964599568 = 1.0
on time step 52746 (time=549.438), 0.000943407 s/step
field decay(t = 560.25): 0.014883340417198871 / 0.014883340417198871 = 1.0
field decay(t = 580.2604166666666): 0.021953342149198977 / 0.021953342149198977 = 1.0
on time step 56978 (time=593.521), 0.000945286 s/step
field decay(t = 600.2708333333333): 0.03146155803786605 / 0.03146155803786605 = 1.0
field decay(t = 620.28125): 0.043810276687998605 / 0.043810276687998605 = 1.0
on time step 61213 (time=637.635), 0.000944726 s/step
field decay(t = 640.2916666666666): 0.05927230210125304 / 0.05927230210125304 = 1.0
field decay(t = 660.3020833333333): 0.07791761895759121 / 0.07791761895759121 = 1.0
field decay(t = 680.3125): 0.09951980275542106 / 0.09951980275542106 = 1.0
on time step 65436 (time=681.625), 0.000947361 s/step
field decay(t = 700.3229166666666): 0.12350527047971546 / 0.12350527047971546 = 1.0
field decay(t = 720.3333333333333): 0.148919941401281 / 0.148919941401281 = 1.0
on time step 69652 (time=725.542), 0.000948872 s/step
field decay(t = 740.34375): 0.17447160497597922 / 0.17447160497597922 = 1.0
field decay(t = 760.3541666666666): 0.19860114144896512 / 0.19860114144896512 = 1.0
on time step 73878 (time=769.562), 0.000946607 s/step
field decay(t = 780.3645833333333): 0.21965904919387197 / 0.21965904919387197 = 1.0
field decay(t = 800.375): 0.23605013155752083 / 0.23605013155752083 = 1.0
on time step 78104 (time=813.583), 0.000946627 s/step
field decay(t = 820.3854166666666): 0.24646693264194156 / 0.24646693264194156 = 1.0
field decay(t = 840.3958333333333): 0.2500418052046788 / 0.2500418052046788 = 1.0
on time step 82327 (time=857.573), 0.0009474 s/step
field decay(t = 860.40625): 0.24981617201531855 / 0.2500418052046788 = 0.9990976181395926
field decay(t = 880.4166666666666): 0.24447930901485332 / 0.2500418052046788 = 0.9777537352792981
field decay(t = 900.4270833333333): 0.2324692576331893 / 0.2500418052046788 = 0.9297215617320272
on time step 86547 (time=901.531), 0.000947985 s/step
field decay(t = 920.4375): 0.2147707749362006 / 0.2500418052046788 = 0.8589394671838732
field decay(t = 940.4479166666666): 0.19279489159432217 / 0.2500418052046788 = 0.771050630659559
on time step 90783 (time=945.656), 0.000944436 s/step
field decay(t = 960.4583333333333): 0.1681519510919449 / 0.2500418052046788 = 0.6724953491449135
field decay(t = 980.46875): 0.14249857895535226 / 0.2500418052046788 = 0.5698990168412279
on time step 95010 (time=989.688), 0.00094634 s/step
field decay(t = 1000.4791666666666): 0.11733145608921042 / 0.2500418052046788 = 0.4692473564297196
field decay(t = 1020.4895833333333): 0.09386765513439244 / 0.2500418052046788 = 0.3754078445304553
on time step 99243 (time=1033.78), 0.000945084 s/step
field decay(t = 1040.4895833333333): 0.07296469187940235 / 0.2500418052046788 = 0.29180997081538046
field decay(t = 1060.5): 0.0551073889008951 / 0.2500418052046788 = 0.2203927013556209
on time step 103480 (time=1077.92), 0.000944253 s/step
field decay(t = 1080.5104166666665): 0.04043864276855222 / 0.2500418052046788 = 0.16172752686475778
field decay(t = 1100.5208333333333): 0.028832882097439297 / 0.2500418052046788 = 0.1153122457816097
field decay(t = 1120.53125): 0.01997443048851206 / 0.2500418052046788 = 0.07988436362536026
on time step 107766 (time=1122.56), 0.000933374 s/step
field decay(t = 1140.5416666666665): 0.013444712078171283 / 0.2500418052046788 = 0.0537698568731966
field decay(t = 1160.5520833333333): 0.00879305996634419 / 0.2500418052046788 = 0.03516635931798037
on time step 112069 (time=1167.39), 0.000929794 s/step
field decay(t = 1180.5625): 0.005587307829227516 / 0.2500418052046788 = 0.022345494684994246
field decay(t = 1200.5729166666665): 0.0034497874112853154 / 0.2500418052046788 = 0.013796842525838408
on time step 116362 (time=1212.1), 0.000931864 s/step
field decay(t = 1220.5833333333333): 0.002069400075414817 / 0.2500418052046788 = 0.00827621634598603
field decay(t = 1240.59375): 0.0012062344289379703 / 0.2500418052046788 = 0.004824131020613025
on time step 120650 (time=1256.77), 0.00093289 s/step
field decay(t = 1260.6041666666665): 0.0006830665699569968 / 0.2500418052046788 = 0.0027318094644127743
field decay(t = 1280.6145833333333): 0.00037589399099451597 / 0.2500418052046788 = 0.0015033245768115348
field decay(t = 1300.625): 0.00020094847161235206 / 0.2500418052046788 = 0.0008036594978502096
on time step 124927 (time=1301.32), 0.000935284 s/step
field decay(t = 1320.6354166666665): 0.00010439500065735613 / 0.2500418052046788 = 0.00041751018623426055
field decay(t = 1340.6458333333333): 5.268572888396681e-05 / 0.2500418052046788 = 0.00021070768082497013
on time step 129209 (time=1345.93), 0.000934235 s/step
field decay(t = 1360.65625): 2.5840435331418832e-05 / 0.2500418052046788 = 0.00010334445998046772
field decay(t = 1380.6666666666665): 1.231218909233006e-05 / 0.2500418052046788 = 4.924052232886244e-05
on time step 133485 (time=1390.47), 0.000935592 s/step
field decay(t = 1400.6770833333333): 5.699621702505345e-06 / 0.2500418052046788 = 2.2794675065794533e-05
field decay(t = 1420.6875): 2.565387576936127e-06 / 0.2500418052046788 = 1.0259834649794487e-05
on time step 137799 (time=1435.41), 0.000927222 s/step
field decay(t = 1440.6979166666665): 1.1210423794391415e-06 / 0.2500418052046788 = 4.483419796627531e-06
field decay(t = 1460.7083333333333): 4.7641839521490335e-07 / 0.2500418052046788 = 1.9053549658422824e-06
field decay(t = 1480.71875): 1.9642760957842011e-07 / 0.2500418052046788 = 7.855790731379048e-07
on time step 142379 (time=1483.11), 0.000873374 s/step
field decay(t = 1500.7291666666665): 7.894655550322761e-08 / 0.2500418052046788 = 3.1573342481111776e-07
field decay(t = 1520.7395833333333): 3.0803649339930455e-08 / 0.2500418052046788 = 1.2319399675872304e-07
on time step 146892 (time=1530.12), 0.000886398 s/step
field decay(t = 1540.75): 1.1722327466737811e-08 / 0.2500418052046788 = 4.688147030910359e-08
field decay(t = 1560.7604166666665): 4.3254872232776256e-09 / 0.2500418052046788 = 1.7299056130781314e-08
on time step 151276 (time=1575.79), 0.000912452 s/step
field decay(t = 1580.7708333333333): 1.553287775693036e-09 / 0.2500418052046788 = 6.212112308266005e-09
field decay(t = 1600.78125): 5.42554272574316e-10 / 0.2500418052046788 = 2.16985424549384e-09
field decay(t = 1620.7916666666665): 1.8879859684725187e-10 / 0.2500418052046788 = 7.550681242790798e-10
on time step 155648 (time=1621.33), 0.000915027 s/step
field decay(t = 1640.8020833333333): 6.654092650400778e-11 / 0.2500418052046788 = 2.6611920534463755e-10
field decay(t = 1660.8125): 2.3789437438637656e-11 / 0.2500418052046788 = 9.514184005816204e-11
on time step 160021 (time=1666.89), 0.000914853 s/step
field decay(t = 1680.8229166666665): 2.809167036861304e-10 / 0.2500418052046788 = 1.1234789456754166e-09
run 0 finished at t = 1680.8229166666665 (161359 timesteps)
-----------
Initializing structure...
Splitting into 16 chunks by voxels
time for choose_chunkdivision = 0.000843433 s
Working in 2D dimensions.
Computational cell is 50 x 49 x 0 with resolution 24
     block, center = (0,-4,0)
          size (50,25,1e+20)
          axes (1,0,0), (0,1,0), (0,0,1)
          dielectric constant epsilon diagonal = (1,1,1)
     prism, center = (2.72978,1,5e+19)
          height 1e+20, axis (0,0,1), sidewall angle: 0 radians, 4 vertices:
          (-10,8.5,0)
          (10,8.5,0)
          (15.4596,-6.5,0)
          (-4.54045,-6.5,0)
          dielectric constant epsilon diagonal = (2.70559,2.70559,2.70559)
     prism, center = (2.36581,2,5e+19)
          height 1e+20, axis (0,0,1), sidewall angle: 0 radians, 4 vertices:
          (-8,8.5,0)
          (8,8.5,0)
          (12.7316,-4.5,0)
          (-3.26839,-4.5,0)
          dielectric constant epsilon diagonal = (1,1,1)
time for set_epsilon = 1.99114 s
time for set_conductivity = 0.0514144 s
time for set_conductivity = 0.0462436 s
time for set_conductivity = 0.0423474 s
lorentzian susceptibility: frequency=15.6714, gamma=1.42115
lorentzian susceptibility: frequency=2.02365, gamma=1.3413
lorentzian susceptibility: frequency=1.24613, gamma=2.0309
lorentzian susceptibility: frequency=0.626693, gamma=1.83572
drude susceptibility: frequency=1e-10, gamma=0.0661375
-----------
2026-05-30 12:09:46 [INFO] D11_scaled_deep_groove: [single struct] 3 geometry objects
on time step 538 (time=5.60417), 0.00743737 s/step
on time step 1101 (time=11.4688), 0.00710573 s/step
on time step 1664 (time=17.3333), 0.00711479 s/step
field decay(t = 20.010416666666664): 2.8620255289198833e-10 / 2.8620255289198833e-10 = 1.0
on time step 2227 (time=23.1979), 0.00710594 s/step
on time step 2790 (time=29.0625), 0.00710636 s/step
on time step 3353 (time=34.9271), 0.00710875 s/step
field decay(t = 40.010416666666664): 4.625985622624038e-11 / 2.8620255289198833e-10 = 0.1616332760095912
on time step 4036 (time=42.0417), 0.00587105 s/step
on time step 4431 (time=46.1562), 0.0101496 s/step
on time step 4819 (time=50.1979), 0.0103098 s/step
on time step 5206 (time=54.2292), 0.0103365 s/step
on time step 5595 (time=58.2812), 0.0102922 s/step
field decay(t = 60.02083333333333): 1.6346371901560472e-10 / 2.8620255289198833e-10 = 0.5711469634489782
on time step 5983 (time=62.3229), 0.0103108 s/step
on time step 6371 (time=66.3646), 0.0103215 s/step
on time step 6760 (time=70.4167), 0.0103087 s/step
on time step 7148 (time=74.4583), 0.010321 s/step
on time step 7536 (time=78.5), 0.0103343 s/step
field decay(t = 80.02083333333333): 3.2527806962018154e-10 / 3.2527806962018154e-10 = 1.0
on time step 7924 (time=82.5417), 0.0103097 s/step
on time step 8312 (time=86.5833), 0.0103178 s/step
on time step 8700 (time=90.625), 0.0103274 s/step
on time step 9089 (time=94.6771), 0.0102982 s/step
on time step 9476 (time=98.7083), 0.010339 s/step
field decay(t = 100.03125): 7.451689775940885e-10 / 7.451689775940885e-10 = 1.0
on time step 9866 (time=102.771), 0.0102749 s/step
on time step 10257 (time=106.844), 0.0102553 s/step
on time step 10649 (time=110.927), 0.0102138 s/step
on time step 11039 (time=114.99), 0.0102669 s/step
on time step 11429 (time=119.052), 0.010273 s/step
field decay(t = 120.04166666666666): 2.0911451402900654e-09 / 2.0911451402900654e-09 = 1.0
on time step 11820 (time=123.125), 0.0102518 s/step
on time step 12211 (time=127.198), 0.010241 s/step
on time step 12602 (time=131.271), 0.010245 s/step
on time step 12993 (time=135.344), 0.0102461 s/step
on time step 13384 (time=139.417), 0.0102477 s/step
field decay(t = 140.04166666666666): 5.6495425420764765e-09 / 5.6495425420764765e-09 = 1.0
on time step 13776 (time=143.5), 0.0102286 s/step
on time step 14168 (time=147.583), 0.0102273 s/step
on time step 14559 (time=151.656), 0.0102439 s/step
on time step 14950 (time=155.729), 0.0102375 s/step
on time step 15341 (time=159.802), 0.0102375 s/step
field decay(t = 160.05208333333331): 1.4606289696557804e-08 / 1.4606289696557804e-08 = 1.0
on time step 15732 (time=163.875), 0.0102449 s/step
on time step 16123 (time=167.948), 0.010231 s/step
on time step 16516 (time=172.042), 0.0102035 s/step
on time step 16908 (time=176.125), 0.0102222 s/step
field decay(t = 180.0625): 3.781235391818491e-08 / 3.781235391818491e-08 = 1.0
on time step 17300 (time=180.208), 0.0102141 s/step
on time step 17692 (time=184.292), 0.0102298 s/step
on time step 18084 (time=188.375), 0.0102108 s/step
on time step 18475 (time=192.448), 0.0102352 s/step
on time step 18867 (time=196.531), 0.0102229 s/step
field decay(t = 200.07291666666666): 9.738019054541509e-08 / 9.738019054541509e-08 = 1.0
on time step 19259 (time=200.615), 0.0102292 s/step
on time step 19651 (time=204.698), 0.0102272 s/step
on time step 20042 (time=208.771), 0.010234 s/step
on time step 20434 (time=212.854), 0.0102236 s/step
on time step 20825 (time=216.927), 0.0102379 s/step
field decay(t = 220.08333333333331): 2.4010050177435975e-07 / 2.4010050177435975e-07 = 1.0
on time step 21217 (time=221.01), 0.0102243 s/step
on time step 21609 (time=225.094), 0.0102161 s/step
on time step 22001 (time=229.177), 0.0102254 s/step
on time step 22393 (time=233.26), 0.0102057 s/step
on time step 22782 (time=237.312), 0.0102979 s/step
field decay(t = 240.09375): 5.772120801019708e-07 / 5.772120801019708e-07 = 1.0
on time step 23170 (time=241.354), 0.0103176 s/step
on time step 23559 (time=245.406), 0.0103068 s/step
on time step 23947 (time=249.448), 0.0103318 s/step
on time step 24335 (time=253.49), 0.010323 s/step
on time step 24723 (time=257.531), 0.0103202 s/step
field decay(t = 260.10416666666663): 1.3500188355380148e-06 / 1.3500188355380148e-06 = 1.0
on time step 25112 (time=261.583), 0.0103049 s/step
on time step 25501 (time=265.635), 0.0103011 s/step
on time step 25889 (time=269.677), 0.0103148 s/step
on time step 26278 (time=273.729), 0.0103034 s/step
on time step 26666 (time=277.771), 0.0103134 s/step
field decay(t = 280.1145833333333): 3.076908023181992e-06 / 3.076908023181992e-06 = 1.0
on time step 27055 (time=281.823), 0.0102865 s/step
on time step 27443 (time=285.865), 0.0103161 s/step
on time step 27833 (time=289.927), 0.0102725 s/step
on time step 28222 (time=293.979), 0.010283 s/step
on time step 28615 (time=298.073), 0.0101988 s/step
field decay(t = 300.125): 6.804623571333435e-06 / 6.804623571333435e-06 = 1.0
on time step 29009 (time=302.177), 0.0101635 s/step
on time step 29403 (time=306.281), 0.0101636 s/step
on time step 29797 (time=310.385), 0.0101774 s/step
on time step 30190 (time=314.479), 0.0101824 s/step
on time step 30584 (time=318.583), 0.0101777 s/step
field decay(t = 320.13541666666663): 1.4652371428269034e-05 / 1.4652371428269034e-05 = 1.0
on time step 30978 (time=322.688), 0.0101755 s/step
on time step 31372 (time=326.792), 0.0101669 s/step
on time step 31765 (time=330.885), 0.0101829 s/step
on time step 32159 (time=334.99), 0.0101652 s/step
on time step 32553 (time=339.094), 0.0101559 s/step
field decay(t = 340.1458333333333): 3.067309211107013e-05 / 3.067309211107013e-05 = 1.0
on time step 32946 (time=343.188), 0.01018 s/step
on time step 33339 (time=347.281), 0.01019 s/step
on time step 33733 (time=351.385), 0.0101584 s/step
on time step 34126 (time=355.479), 0.0101836 s/step
on time step 34520 (time=359.583), 0.0101714 s/step
field decay(t = 360.15625): 6.233084052859289e-05 / 6.233084052859289e-05 = 1.0
on time step 34914 (time=363.688), 0.0101757 s/step
on time step 35307 (time=367.781), 0.0101857 s/step
on time step 35700 (time=371.875), 0.0101787 s/step
on time step 36093 (time=375.969), 0.0101803 s/step
on time step 36489 (time=380.094), 0.0101115 s/step
field decay(t = 380.16666666666663): 0.00012320272427769545 / 0.00012320272427769545 = 1.0
on time step 36886 (time=384.229), 0.0101001 s/step
on time step 37283 (time=388.365), 0.0100881 s/step
on time step 37680 (time=392.5), 0.0100939 s/step
on time step 38075 (time=396.615), 0.0101351 s/step
field decay(t = 400.1770833333333): 0.0002366057313871437 / 0.0002366057313871437 = 1.0
on time step 38471 (time=400.74), 0.0101052 s/step
on time step 38867 (time=404.865), 0.0101092 s/step
on time step 39263 (time=408.99), 0.0101176 s/step
on time step 39658 (time=413.104), 0.0101319 s/step
on time step 40053 (time=417.219), 0.0101458 s/step
field decay(t = 420.1875): 0.0004415080494651928 / 0.0004415080494651928 = 1.0
on time step 40448 (time=421.333), 0.0101364 s/step
on time step 40843 (time=425.448), 0.0101361 s/step
on time step 41238 (time=429.562), 0.0101504 s/step
on time step 41633 (time=433.677), 0.0101399 s/step
on time step 42027 (time=437.781), 0.0101543 s/step
field decay(t = 440.19791666666663): 0.0008009138234326439 / 0.0008009138234326439 = 1.0
on time step 42421 (time=441.885), 0.0101763 s/step
on time step 42814 (time=445.979), 0.0101789 s/step
on time step 43207 (time=450.073), 0.0101851 s/step
on time step 43601 (time=454.177), 0.0101628 s/step
on time step 43994 (time=458.271), 0.0101968 s/step
field decay(t = 460.2083333333333): 0.0014118043642488128 / 0.0014118043642488128 = 1.0
on time step 44388 (time=462.375), 0.0101687 s/step
on time step 44780 (time=466.458), 0.010208 s/step
on time step 45173 (time=470.552), 0.0101978 s/step
on time step 45567 (time=474.656), 0.0101666 s/step
on time step 45960 (time=478.75), 0.0101801 s/step
field decay(t = 480.21875): 0.002419051745802605 / 0.002419051745802605 = 1.0
on time step 46354 (time=482.854), 0.0101622 s/step
on time step 46748 (time=486.958), 0.0101702 s/step
on time step 47141 (time=491.052), 0.0101838 s/step
on time step 47534 (time=495.146), 0.0101802 s/step
on time step 47928 (time=499.25), 0.0101737 s/step
field decay(t = 500.22916666666663): 0.004027983030809399 / 0.004027983030809399 = 1.0
on time step 48321 (time=503.344), 0.010183 s/step
on time step 48714 (time=507.438), 0.0101793 s/step
on time step 49108 (time=511.542), 0.0101647 s/step
on time step 49502 (time=515.646), 0.0101528 s/step
on time step 49896 (time=519.75), 0.0101527 s/step
field decay(t = 520.2291666666666): 0.006519196449310925 / 0.006519196449310925 = 1.0
on time step 50290 (time=523.854), 0.010165 s/step
on time step 50684 (time=527.958), 0.0101614 s/step
on time step 51078 (time=532.062), 0.0101649 s/step
on time step 51471 (time=536.156), 0.0101944 s/step
field decay(t = 540.2395833333333): 0.010254388517040637 / 0.010254388517040637 = 1.0
on time step 51864 (time=540.25), 0.0101885 s/step
on time step 52257 (time=544.344), 0.0101849 s/step
on time step 52650 (time=548.438), 0.0101992 s/step
on time step 53044 (time=552.542), 0.010158 s/step
on time step 53437 (time=556.635), 0.0101793 s/step
field decay(t = 560.25): 0.015677326766206753 / 0.015677326766206753 = 1.0
on time step 53833 (time=560.76), 0.010125 s/step
on time step 54228 (time=564.875), 0.0101429 s/step
on time step 54625 (time=569.01), 0.0100962 s/step
on time step 55022 (time=573.146), 0.0100831 s/step
on time step 55419 (time=577.281), 0.0100852 s/step
field decay(t = 580.2604166666666): 0.02329627812207135 / 0.02329627812207135 = 1.0
on time step 55813 (time=581.385), 0.010154 s/step
on time step 56209 (time=585.51), 0.01011 s/step
on time step 56604 (time=589.625), 0.0101266 s/step
on time step 57000 (time=593.75), 0.0101015 s/step
on time step 57396 (time=597.875), 0.010102 s/step
field decay(t = 600.2708333333333): 0.03364642517752415 / 0.03364642517752415 = 1.0
on time step 57793 (time=602.01), 0.010085 s/step
on time step 58190 (time=606.146), 0.0100923 s/step
on time step 58586 (time=610.271), 0.0101111 s/step
on time step 58980 (time=614.375), 0.0101629 s/step
on time step 59376 (time=618.5), 0.010111 s/step
field decay(t = 620.28125): 0.04723521933952465 / 0.04723521933952465 = 1.0
on time step 59771 (time=622.615), 0.0101294 s/step
on time step 60166 (time=626.729), 0.010142 s/step
on time step 60560 (time=630.833), 0.0101664 s/step
on time step 60957 (time=634.969), 0.0100816 s/step
on time step 61358 (time=639.146), 0.00999231 s/step
field decay(t = 640.2916666666666): 0.0644557342318783 / 0.0644557342318783 = 1.0
on time step 61757 (time=643.302), 0.0100492 s/step
on time step 62158 (time=647.479), 0.00999347 s/step
on time step 62559 (time=651.656), 0.00999357 s/step
on time step 62960 (time=655.833), 0.00998088 s/step
on time step 63362 (time=660.021), 0.00997154 s/step
field decay(t = 660.3020833333333): 0.08549660726979214 / 0.08549660726979214 = 1.0
on time step 63764 (time=664.208), 0.00996929 s/step
on time step 64165 (time=668.385), 0.00998348 s/step
on time step 64566 (time=672.562), 0.00999519 s/step
on time step 64966 (time=676.729), 0.0100085 s/step
field decay(t = 680.3125): 0.11023292576696901 / 0.11023292576696901 = 1.0
on time step 65367 (time=680.906), 0.00999607 s/step
on time step 65768 (time=685.083), 0.00997865 s/step
on time step 66169 (time=689.26), 0.00999828 s/step
on time step 66564 (time=693.375), 0.0101304 s/step
on time step 66955 (time=697.448), 0.0102329 s/step
field decay(t = 700.3229166666666): 0.1381628888640837 / 0.1381628888640837 = 1.0
on time step 67348 (time=701.542), 0.010192 s/step
on time step 67741 (time=705.635), 0.0102029 s/step
on time step 68134 (time=709.729), 0.0102019 s/step
on time step 68526 (time=713.812), 0.0102295 s/step
on time step 68917 (time=717.885), 0.0102318 s/step
field decay(t = 720.3333333333333): 0.1683375390643562 / 0.1683375390643562 = 1.0
on time step 69310 (time=721.979), 0.010197 s/step
on time step 69700 (time=726.042), 0.0102575 s/step
on time step 70090 (time=730.104), 0.0102673 s/step
on time step 70480 (time=734.167), 0.0102663 s/step
on time step 70870 (time=738.229), 0.0102689 s/step
field decay(t = 740.34375): 0.19939148163048967 / 0.19939148163048967 = 1.0
on time step 71260 (time=742.292), 0.0102635 s/step
on time step 71649 (time=746.344), 0.0102857 s/step
on time step 72041 (time=750.427), 0.0102082 s/step
on time step 72434 (time=754.521), 0.0101949 s/step
on time step 72822 (time=758.562), 0.0103342 s/step
field decay(t = 760.3541666666666): 0.2296020930200362 / 0.2296020930200362 = 1.0
on time step 73207 (time=762.573), 0.0104094 s/step
on time step 73591 (time=766.573), 0.0104171 s/step
on time step 73976 (time=770.583), 0.0104167 s/step
on time step 74361 (time=774.594), 0.0104086 s/step
on time step 74745 (time=778.594), 0.0104339 s/step
field decay(t = 780.3645833333333): 0.25704436093955013 / 0.25704436093955013 = 1.0
on time step 75131 (time=782.615), 0.0103642 s/step
on time step 75518 (time=786.646), 0.0103596 s/step
on time step 75904 (time=790.667), 0.0103734 s/step
on time step 76291 (time=794.698), 0.0103617 s/step
on time step 76677 (time=798.719), 0.0103668 s/step
field decay(t = 800.375): 0.2797904130580593 / 0.2797904130580593 = 1.0
on time step 77063 (time=802.74), 0.0103671 s/step
on time step 77449 (time=806.76), 0.0103632 s/step
on time step 77835 (time=810.781), 0.0103665 s/step
on time step 78225 (time=814.844), 0.0102667 s/step
on time step 78628 (time=819.042), 0.00993377 s/step
field decay(t = 820.3854166666666): 0.29611186125390354 / 0.29611186125390354 = 1.0
on time step 79030 (time=823.229), 0.00995737 s/step
on time step 79433 (time=827.427), 0.00994212 s/step
on time step 79836 (time=831.625), 0.00992687 s/step
on time step 80238 (time=835.812), 0.00996142 s/step
on time step 80640 (time=840), 0.00995291 s/step
field decay(t = 840.3958333333333): 0.30473599601554735 / 0.30473599601554735 = 1.0
on time step 81042 (time=844.188), 0.00995385 s/step
on time step 81445 (time=848.385), 0.00994164 s/step
on time step 81848 (time=852.583), 0.00994682 s/step
on time step 82247 (time=856.74), 0.0100259 s/step
field decay(t = 860.40625): 0.3059149108477232 / 0.3059149108477232 = 1.0
on time step 82639 (time=860.823), 0.0102178 s/step
on time step 83031 (time=864.906), 0.0102043 s/step
on time step 83421 (time=868.969), 0.0102797 s/step
on time step 83814 (time=873.062), 0.0101915 s/step
on time step 84206 (time=877.146), 0.0102282 s/step
field decay(t = 880.4166666666666): 0.3036935719698496 / 0.3059149108477232 = 0.9927387034789574
on time step 84600 (time=881.25), 0.0101707 s/step
on time step 84995 (time=885.365), 0.0101497 s/step
on time step 85389 (time=889.469), 0.0101568 s/step
on time step 85782 (time=893.562), 0.0101902 s/step
on time step 86175 (time=897.656), 0.010188 s/step
field decay(t = 900.4270833333333): 0.29352259256626584 / 0.3059149108477232 = 0.9594909635260441
on time step 86568 (time=901.75), 0.0102013 s/step
on time step 86959 (time=905.823), 0.0102307 s/step
on time step 87351 (time=909.906), 0.0102297 s/step
on time step 87743 (time=913.99), 0.0102173 s/step
on time step 88136 (time=918.083), 0.0101822 s/step
field decay(t = 920.4375): 0.27592828253882606 / 0.3059149108477232 = 0.9019772255435312
on time step 88529 (time=922.177), 0.0101834 s/step
on time step 88922 (time=926.271), 0.0102021 s/step
on time step 89315 (time=930.365), 0.0101963 s/step
on time step 89706 (time=934.438), 0.0102532 s/step
on time step 90098 (time=938.521), 0.0102162 s/step
field decay(t = 940.4479166666666): 0.25231784941985225 / 0.3059149108477232 = 0.8247974860743214
on time step 90495 (time=942.656), 0.0100777 s/step
on time step 90899 (time=946.865), 0.0099176 s/step
on time step 91296 (time=951), 0.0100766 s/step
on time step 91688 (time=955.083), 0.010219 s/step
on time step 92080 (time=959.167), 0.0102081 s/step
field decay(t = 960.4583333333333): 0.22446995608932196 / 0.3059149108477232 = 0.7337659856699744
on time step 92474 (time=963.271), 0.0101692 s/step
on time step 92872 (time=967.417), 0.0100562 s/step
on time step 93276 (time=971.625), 0.00992246 s/step
on time step 93681 (time=975.844), 0.00989051 s/step
on time step 94084 (time=980.042), 0.00994088 s/step
field decay(t = 980.46875): 0.19430639164650276 / 0.3059149108477232 = 0.6351648277230384
on time step 94484 (time=984.208), 0.0100265 s/step
on time step 94864 (time=988.167), 0.0105279 s/step
on time step 95245 (time=992.135), 0.0104993 s/step
on time step 95627 (time=996.115), 0.0104882 s/step
on time step 96009 (time=1000.09), 0.0104938 s/step
field decay(t = 1000.4791666666666): 0.16369191777228692 / 0.3059149108477232 = 0.5350896996772042
on time step 96391 (time=1004.07), 0.0104894 s/step
on time step 96773 (time=1008.05), 0.0104939 s/step
on time step 97154 (time=1012.02), 0.0105053 s/step
on time step 97535 (time=1015.99), 0.0105101 s/step
on time step 97915 (time=1019.95), 0.010543 s/step
field decay(t = 1020.4895833333333): 0.1342341346511439 / 0.3059149108477232 = 0.43879565817555816
on time step 98295 (time=1023.91), 0.0105275 s/step
on time step 98672 (time=1027.83), 0.0106288 s/step
on time step 99069 (time=1031.97), 0.0101006 s/step
on time step 99461 (time=1036.05), 0.010229 s/step
on time step 99853 (time=1040.14), 0.0102234 s/step
field decay(t = 1040.4895833333333): 0.10718248903171804 / 0.3059149108477232 = 0.35036699824373974
on time step 100245 (time=1044.22), 0.0102127 s/step
on time step 100636 (time=1048.29), 0.0102443 s/step
on time step 101028 (time=1052.38), 0.0102069 s/step
on time step 101420 (time=1056.46), 0.0102215 s/step
field decay(t = 1060.5): 0.08335703474002748 / 0.3059149108477232 = 0.2724843797546061
on time step 101813 (time=1060.55), 0.0102021 s/step
on time step 102205 (time=1064.64), 0.0102162 s/step
on time step 102597 (time=1068.72), 0.0102231 s/step
on time step 102989 (time=1072.8), 0.0102135 s/step
on time step 103381 (time=1076.89), 0.0102253 s/step
field decay(t = 1080.5104166666665): 0.06316846545806071 / 0.3059149108477232 = 0.2064903122342552
on time step 103771 (time=1080.95), 0.0102595 s/step
on time step 104161 (time=1085.01), 0.0102652 s/step
on time step 104552 (time=1089.08), 0.0102389 s/step
on time step 104944 (time=1093.17), 0.0102274 s/step
on time step 105337 (time=1097.26), 0.0101935 s/step
field decay(t = 1100.5208333333333): 0.04666613653381981 / 0.3059149108477232 = 0.1525461325324186
on time step 105729 (time=1101.34), 0.0102137 s/step
on time step 106123 (time=1105.45), 0.0101648 s/step
on time step 106515 (time=1109.53), 0.0102057 s/step
on time step 106908 (time=1113.62), 0.0101905 s/step
on time step 107299 (time=1117.7), 0.0102339 s/step
field decay(t = 1120.53125): 0.03362964767143649 / 0.3059149108477232 = 0.10993137790585332
on time step 107693 (time=1121.8), 0.0101645 s/step
on time step 108088 (time=1125.92), 0.0101454 s/step
on time step 108479 (time=1129.99), 0.0102318 s/step
on time step 108871 (time=1134.07), 0.0102156 s/step
on time step 109263 (time=1138.16), 0.0102193 s/step
field decay(t = 1140.5416666666665): 0.023657696647257104 / 0.3059149108477232 = 0.07733423840537579
on time step 109656 (time=1142.25), 0.0101818 s/step
on time step 110048 (time=1146.33), 0.010217 s/step
on time step 110441 (time=1150.43), 0.0102012 s/step
on time step 110840 (time=1154.58), 0.0100411 s/step
on time step 111241 (time=1158.76), 0.00997653 s/step
field decay(t = 1160.5520833333333): 0.016261468234774507 / 0.3059149108477232 = 0.053156834329233
on time step 111643 (time=1162.95), 0.00997426 s/step
on time step 112044 (time=1167.12), 0.00997797 s/step
on time step 112445 (time=1171.3), 0.00999249 s/step
on time step 112847 (time=1175.49), 0.00997337 s/step
on time step 113249 (time=1179.68), 0.00997255 s/step
field decay(t = 1180.5625): 0.010934293451873116 / 0.3059149108477232 = 0.035742924140484064
on time step 113649 (time=1183.84), 0.0100058 s/step
on time step 114051 (time=1188.03), 0.00996465 s/step
on time step 114453 (time=1192.22), 0.00996977 s/step
on time step 114853 (time=1196.39), 0.01001 s/step
on time step 115254 (time=1200.56), 0.00999474 s/step
field decay(t = 1200.5729166666665): 0.007202189737645335 / 0.3059149108477232 = 0.023543114383301193
on time step 115655 (time=1204.74), 0.00997707 s/step
on time step 116056 (time=1208.92), 0.0099805 s/step
on time step 116457 (time=1213.09), 0.00998 s/step
on time step 116858 (time=1217.27), 0.00997583 s/step
field decay(t = 1220.5833333333333): 0.004655479469702986 / 0.3059149108477232 = 0.015218216911369735
on time step 117259 (time=1221.45), 0.00997663 s/step
on time step 117660 (time=1225.62), 0.00998557 s/step
on time step 118059 (time=1229.78), 0.0100251 s/step
on time step 118454 (time=1233.9), 0.0101338 s/step
on time step 118853 (time=1238.05), 0.0100289 s/step
field decay(t = 1240.59375): 0.002959487116732904 / 0.3059149108477232 = 0.00967421662622409
on time step 119252 (time=1242.21), 0.0100406 s/step
on time step 119655 (time=1246.41), 0.00994702 s/step
on time step 120058 (time=1250.6), 0.00994972 s/step
on time step 120459 (time=1254.78), 0.00997561 s/step
on time step 120854 (time=1258.9), 0.0101352 s/step
field decay(t = 1260.6041666666665): 0.0018551545528608904 / 0.3059149108477232 = 0.006064282867808101
on time step 121241 (time=1262.93), 0.0103621 s/step
on time step 121629 (time=1266.97), 0.0103204 s/step
on time step 122017 (time=1271.01), 0.0103344 s/step
on time step 122405 (time=1275.05), 0.0103218 s/step
on time step 122793 (time=1279.09), 0.0103208 s/step
field decay(t = 1280.6145833333333): 0.0011503656408863386 / 0.3059149108477232 = 0.003760410493553751
on time step 123180 (time=1283.12), 0.0103431 s/step
on time step 123567 (time=1287.16), 0.0103483 s/step
on time step 123955 (time=1291.2), 0.0103157 s/step
on time step 124343 (time=1295.24), 0.0103201 s/step
on time step 124732 (time=1299.29), 0.0103038 s/step
field decay(t = 1300.625): 0.0007082822534698395 / 0.3059149108477232 = 0.002315291698293205
on time step 125120 (time=1303.33), 0.0103282 s/step
on time step 125509 (time=1307.39), 0.0103078 s/step
on time step 125898 (time=1311.44), 0.0103078 s/step
on time step 126287 (time=1315.49), 0.0103089 s/step
on time step 126680 (time=1319.58), 0.0101996 s/step
field decay(t = 1320.6354166666665): 0.0004349220977838856 / 0.3059149108477232 = 0.001421709378528394
on time step 127076 (time=1323.71), 0.0101089 s/step
on time step 127472 (time=1327.83), 0.0101225 s/step
on time step 127868 (time=1331.96), 0.0101172 s/step
on time step 128263 (time=1336.07), 0.0101344 s/step
on time step 128658 (time=1340.19), 0.0101277 s/step
field decay(t = 1340.6458333333333): 0.0002676314577315158 / 0.3059149108477232 = 0.000874855877374137
on time step 129054 (time=1344.31), 0.0101263 s/step
on time step 129449 (time=1348.43), 0.0101394 s/step
on time step 129844 (time=1352.54), 0.0101294 s/step
on time step 130238 (time=1356.65), 0.0101631 s/step
field decay(t = 1360.65625): 0.0001658858352602292 / 0.3059149108477232 = 0.0005422613588874817
on time step 130633 (time=1360.76), 0.0101418 s/step
on time step 131028 (time=1364.88), 0.0101268 s/step
on time step 131422 (time=1368.98), 0.0101648 s/step
on time step 131816 (time=1373.08), 0.0101588 s/step
on time step 132210 (time=1377.19), 0.010171 s/step
field decay(t = 1380.6666666666665): 0.00010414702680406159 / 0.3059149108477232 = 0.00034044442788178894
on time step 132604 (time=1381.29), 0.0101722 s/step
on time step 132997 (time=1385.39), 0.0101921 s/step
on time step 133390 (time=1389.48), 0.0101987 s/step
on time step 133783 (time=1393.57), 0.0101885 s/step
on time step 134176 (time=1397.67), 0.0101836 s/step
field decay(t = 1400.6770833333333): 6.650135581565329e-05 / 0.3059149108477232 = 0.00021738514030378859
on time step 134569 (time=1401.76), 0.0101934 s/step
on time step 134963 (time=1405.86), 0.0101727 s/step
on time step 135357 (time=1409.97), 0.0101755 s/step
on time step 135751 (time=1414.07), 0.0101579 s/step
on time step 136144 (time=1418.17), 0.0101808 s/step
field decay(t = 1420.6875): 4.341497185071924e-05 / 0.3059149108477232 = 0.00014191845611713293
on time step 136538 (time=1422.27), 0.0101534 s/step
on time step 136933 (time=1426.39), 0.0101458 s/step
on time step 137328 (time=1430.5), 0.0101502 s/step
on time step 137723 (time=1434.61), 0.0101357 s/step
on time step 138118 (time=1438.73), 0.0101364 s/step
field decay(t = 1440.6979166666665): 2.9013069055032168e-05 / 0.3059149108477232 = 9.484032332596612e-05
on time step 138513 (time=1442.84), 0.0101354 s/step
on time step 138908 (time=1446.96), 0.0101513 s/step
on time step 139302 (time=1451.06), 0.0101626 s/step
on time step 139697 (time=1455.18), 0.0101405 s/step
on time step 140092 (time=1459.29), 0.0101293 s/step
field decay(t = 1460.7083333333333): 1.990972705098183e-05 / 0.3059149108477232 = 6.50825649387597e-05
on time step 140484 (time=1463.38), 0.0102275 s/step
on time step 140879 (time=1467.49), 0.0101403 s/step
on time step 141275 (time=1471.61), 0.0101233 s/step
on time step 141670 (time=1475.73), 0.0101405 s/step
on time step 142065 (time=1479.84), 0.0101391 s/step
field decay(t = 1480.71875): 1.3997351524819963e-05 / 0.3059149108477232 = 4.575570208732811e-05
on time step 142460 (time=1483.96), 0.0101272 s/step
on time step 142856 (time=1488.08), 0.0101257 s/step
on time step 143252 (time=1492.21), 0.0101201 s/step
on time step 143647 (time=1496.32), 0.0101312 s/step
on time step 144042 (time=1500.44), 0.0101368 s/step
field decay(t = 1500.7291666666665): 1.0094221616407604e-05 / 0.3059149108477232 = 3.299682774022171e-05
on time step 144437 (time=1504.55), 0.0101362 s/step
on time step 144832 (time=1508.67), 0.0101438 s/step
on time step 145229 (time=1512.8), 0.0100913 s/step
on time step 145626 (time=1516.94), 0.0100874 s/step
field decay(t = 1520.7395833333333): 7.422529387213967e-06 / 0.3059149108477232 = 2.426337888089645e-05
on time step 146022 (time=1521.06), 0.0101101 s/step
on time step 146417 (time=1525.18), 0.0101471 s/step
on time step 146813 (time=1529.3), 0.010114 s/step
on time step 147208 (time=1533.42), 0.0101495 s/step
on time step 147603 (time=1537.53), 0.01014 s/step
field decay(t = 1540.75): 5.569295586980292e-06 / 0.3059149108477232 = 1.8205374728375198e-05
on time step 147999 (time=1541.66), 0.0101092 s/step
on time step 148394 (time=1545.77), 0.0101345 s/step
on time step 148790 (time=1549.9), 0.0101127 s/step
on time step 149185 (time=1554.01), 0.010149 s/step
on time step 149579 (time=1558.11), 0.0101611 s/step
field decay(t = 1560.7604166666665): 4.2365741856863695e-06 / 0.3059149108477232 = 1.384886462038207e-05
on time step 149975 (time=1562.24), 0.0101207 s/step
on time step 150370 (time=1566.35), 0.010133 s/step
on time step 150765 (time=1570.47), 0.010148 s/step
on time step 151158 (time=1574.56), 0.0101927 s/step
on time step 151551 (time=1578.66), 0.0101976 s/step
field decay(t = 1580.7708333333333): 3.2642387346711577e-06 / 0.3059149108477232 = 1.0670413958004205e-05
on time step 151944 (time=1582.75), 0.0101926 s/step
on time step 152337 (time=1586.84), 0.0101863 s/step
on time step 152730 (time=1590.94), 0.010201 s/step
on time step 153123 (time=1595.03), 0.0101943 s/step
on time step 153520 (time=1599.17), 0.0100918 s/step
field decay(t = 1600.78125): 2.5366903144508917e-06 / 0.3059149108477232 = 8.292143417989823e-06
on time step 153982 (time=1603.98), 0.00866944 s/step
on time step 154511 (time=1609.49), 0.00756657 s/step
on time step 155040 (time=1615), 0.00756307 s/step
on time step 155569 (time=1620.51), 0.00756374 s/step
field decay(t = 1620.7916666666665): 1.9851929495436416e-06 / 0.3059149108477232 = 6.489363150172896e-06
on time step 156098 (time=1626.02), 0.00757194 s/step
on time step 156625 (time=1631.51), 0.00759451 s/step
on time step 157316 (time=1638.71), 0.00579527 s/step
field decay(t = 1640.8020833333333): 1.5625002702364713e-06 / 0.3059149108477232 = 5.107630307743465e-06
on time step 158087 (time=1646.74), 0.0051882 s/step
on time step 158858 (time=1654.77), 0.00518927 s/step
field decay(t = 1660.8125): 1.233468980516876e-06 / 0.3059149108477232 = 4.032065573720485e-06
on time step 159629 (time=1662.8), 0.00518958 s/step
on time step 160401 (time=1670.84), 0.00518517 s/step
on time step 161172 (time=1678.88), 0.00519133 s/step
2026-05-30 12:36:25 [INFO] D11_scaled_deep_groove: Checkpointed 3 completed spectra row(s) to /mnt/c/Users/admin/Meep_Simulation/meep_sim/results/diagnostics_v2/tables/D11_thickness_2um_quick_spectra_checkpoint.csv
2026-05-30 12:36:25 [INFO] D11_scaled_deep_groove: >>> task=4/10 case=scaled_inner_wall_film_2um pol=Ez wl=10.985 res=24 pml=4
2026-05-30 12:36:25 [INFO] D11_scaled_deep_groove: [single ref] wl=10.985 um, f=0.0910332, res=24, comp=Ez
field decay(t = 1680.8229166666665): 9.770326887892212e-07 / 0.3059149108477232 = 3.19380538229326e-06
run 0 finished at t = 1680.8229166666665 (161359 timesteps)
-----------
Initializing structure...
Splitting into 16 chunks by voxels
time for choose_chunkdivision = 0.000545904 s
Working in 2D dimensions.
Computational cell is 50 x 49 x 0 with resolution 24
time for set_epsilon = 0.151853 s
-----------
field decay(t = 20.010416666666664): 3.4215899527749997e-10 / 3.4215899527749997e-10 = 1.0
field decay(t = 40.010416666666664): 5.622223159762893e-11 / 3.4215899527749997e-10 = 0.1643160997478123
on time step 4025 (time=41.9271), 0.000993801 s/step
field decay(t = 60.02083333333333): 9.536770325750524e-11 / 3.4215899527749997e-10 = 0.27872335543936094
field decay(t = 80.02083333333333): 2.285759686154867e-10 / 3.4215899527749997e-10 = 0.6680402145502723
on time step 8181 (time=85.2188), 0.000962705 s/step
field decay(t = 100.03125): 5.964151573381866e-10 / 5.964151573381866e-10 = 1.0
field decay(t = 120.04166666666666): 1.2666050335759306e-09 / 1.2666050335759306e-09 = 1.0
on time step 12348 (time=128.625), 0.000960002 s/step
field decay(t = 140.04166666666666): 3.4827566743399767e-09 / 3.4827566743399767e-09 = 1.0
field decay(t = 160.05208333333331): 8.314636924569397e-09 / 8.314636924569397e-09 = 1.0
on time step 16504 (time=171.917), 0.000962611 s/step
field decay(t = 180.0625): 1.9172982532611296e-08 / 1.9172982532611296e-08 = 1.0
field decay(t = 200.07291666666666): 4.982421775386784e-08 / 4.982421775386784e-08 = 1.0
on time step 20670 (time=215.312), 0.00096026 s/step
field decay(t = 220.08333333333331): 9.989276725805586e-08 / 9.989276725805586e-08 = 1.0
field decay(t = 240.09375): 2.469629928024308e-07 / 2.469629928024308e-07 = 1.0
on time step 24825 (time=258.594), 0.00096275 s/step
field decay(t = 260.10416666666663): 5.924276049680474e-07 / 5.924276049680474e-07 = 1.0
field decay(t = 280.1145833333333): 1.122172155466413e-06 / 1.122172155466413e-06 = 1.0
field decay(t = 300.125): 2.5659225188819756e-06 / 2.5659225188819756e-06 = 1.0
on time step 29009 (time=302.177), 0.000956096 s/step
field decay(t = 320.13541666666663): 5.6974368877367064e-06 / 5.6974368877367064e-06 = 1.0
field decay(t = 340.1458333333333): 1.0183441580175604e-05 / 1.0183441580175604e-05 = 1.0
on time step 33182 (time=345.646), 0.000958706 s/step
field decay(t = 360.15625): 2.1527234032401157e-05 / 2.1527234032401157e-05 = 1.0
field decay(t = 380.16666666666663): 4.4113297618509755e-05 / 4.4113297618509755e-05 = 1.0
on time step 37370 (time=389.271), 0.000955281 s/step
field decay(t = 400.1770833333333): 7.442808346771345e-05 / 7.442808346771345e-05 = 1.0
field decay(t = 420.1875): 0.0001453657848894825 / 0.0001453657848894825 = 1.0
on time step 41548 (time=432.792), 0.000957434 s/step
field decay(t = 440.19791666666663): 0.0002573688391239173 / 0.0002573688391239173 = 1.0
field decay(t = 460.2083333333333): 0.00043760586106006893 / 0.00043760586106006893 = 1.0
on time step 45729 (time=476.344), 0.000956808 s/step
field decay(t = 480.21875): 0.0007895463807686414 / 0.0007895463807686414 = 1.0
field decay(t = 500.22916666666663): 0.0012060940091880867 / 0.0012060940091880867 = 1.0
on time step 49917 (time=519.969), 0.000955211 s/step
field decay(t = 520.2291666666666): 0.002069441575294599 / 0.002069441575294599 = 1.0
field decay(t = 540.2395833333333): 0.0034495037711865665 / 0.0034495037711865665 = 1.0
field decay(t = 560.25): 0.004965973079908204 / 0.004965973079908204 = 1.0
on time step 54100 (time=563.542), 0.000956437 s/step
field decay(t = 580.2604166666666): 0.007871720306013954 / 0.007871720306013954 = 1.0
field decay(t = 600.2708333333333): 0.012122676510326214 / 0.012122676510326214 = 1.0
on time step 58283 (time=607.115), 0.000956375 s/step
field decay(t = 620.28125): 0.016446154958839037 / 0.016446154958839037 = 1.0
field decay(t = 640.2916666666666): 0.02408416850059759 / 0.02408416850059759 = 1.0
on time step 62473 (time=650.76), 0.000954747 s/step
field decay(t = 660.3020833333333): 0.034265962041660145 / 0.034265962041660145 = 1.0
field decay(t = 680.3125): 0.04380904400109354 / 0.04380904400109354 = 1.0
on time step 66730 (time=695.104), 0.000939662 s/step
field decay(t = 700.3229166666666): 0.059270916392994234 / 0.059270916392994234 = 1.0
field decay(t = 720.3333333333333): 0.07411679414371922 / 0.07411679414371922 = 1.0
on time step 71023 (time=739.823), 0.000931951 s/step
field decay(t = 740.34375): 0.09386546191900416 / 0.09386546191900416 = 1.0
field decay(t = 760.3541666666666): 0.11732729191339991 / 0.11732729191339991 = 1.0
field decay(t = 780.3645833333333): 0.13610375322840024 / 0.13610375322840024 = 1.0
on time step 75318 (time=784.562), 0.00093142 s/step
field decay(t = 800.375): 0.16176782753914182 / 0.16176782753914182 = 1.0
field decay(t = 820.3854166666666): 0.1868111332398371 / 0.1868111332398371 = 1.0
on time step 79608 (time=829.25), 0.000932492 s/step
field decay(t = 840.3958333333333): 0.20421482540558392 / 0.20421482540558392 = 1.0
field decay(t = 860.40625): 0.22424540523010542 / 0.22424540523010542 = 1.0
on time step 83901 (time=873.969), 0.000931922 s/step
field decay(t = 880.4166666666666): 0.23925016095915422 / 0.23925016095915422 = 1.0
field decay(t = 900.4270833333333): 0.24646138062061798 / 0.24646138062061798 = 1.0
on time step 88196 (time=918.708), 0.000931375 s/step
field decay(t = 920.4375): 0.2500345829123351 / 0.2500345829123351 = 1.0
field decay(t = 940.4479166666666): 0.2498089767001411 / 0.2500345829123351 = 0.9990976999678757
field decay(t = 960.4583333333333): 0.24600142774924894 / 0.2500345829123351 = 0.983869610691013
on time step 92484 (time=963.375), 0.000932963 s/step
field decay(t = 980.46875): 0.2360433947779766 / 0.2500345829123351 = 0.9440429880883159
field decay(t = 1000.4791666666666): 0.2196515986141974 / 0.2500345829123351 = 0.8784848721954982
on time step 96780 (time=1008.12), 0.000931304 s/step
field decay(t = 1020.4895833333333): 0.20421487109698558 / 0.2500345829123351 = 0.8167465024971589
field decay(t = 1040.4895833333333): 0.18069543294076026 / 0.2500345829123351 = 0.722681762002955
on time step 101073 (time=1052.84), 0.000931788 s/step
field decay(t = 1060.5): 0.15534818526985258 / 0.2500345829123351 = 0.621306794685755
field decay(t = 1080.5104166666665): 0.13610462929001646 / 0.2500345829123351 = 0.5443432172650143
on time step 105374 (time=1097.65), 0.000930195 s/step
field decay(t = 1100.5208333333333): 0.1112622234206451 / 0.2500345829123351 = 0.44498733785019995
field decay(t = 1120.53125): 0.08837385584897578 / 0.2500345829123351 = 0.3534465305543779
field decay(t = 1140.5416666666665): 0.07296315051350873 / 0.2500345829123351 = 0.2918122351862439
on time step 109669 (time=1142.39), 0.000931441 s/step
field decay(t = 1160.5520833333333): 0.05510523042325119 / 0.2500345829123351 = 0.220390434720671
field decay(t = 1180.5625): 0.040437777746886734 / 0.2500345829123351 = 0.16172873878436514
on time step 113955 (time=1187.03), 0.000933295 s/step
field decay(t = 1200.5729166666665): 0.031461502072520665 / 0.2500345829123351 = 0.12582860221200448
field decay(t = 1220.5833333333333): 0.021952416389940044 / 0.2500345829123351 = 0.08779752038395747
on time step 118393 (time=1233.26), 0.00090143 s/step
field decay(t = 1240.59375): 0.016333864737746707 / 0.2500345829123351 = 0.06532642223925296
field decay(t = 1260.6041666666665): 0.010911896505810472 / 0.2500345829123351 = 0.04364154901578676
field decay(t = 1280.6145833333333): 0.0070342159124715375 / 0.2500345829123351 = 0.028132971969472766
on time step 123091 (time=1282.2), 0.000851505 s/step
field decay(t = 1300.625): 0.004966115886969678 / 0.2500345829123351 = 0.019861716043939624
field decay(t = 1320.6354166666665): 0.003044141772830944 / 0.2500345829123351 = 0.012174882919688969
on time step 127546 (time=1328.6), 0.000897937 s/step
field decay(t = 1340.6458333333333): 0.001812980864676106 / 0.2500345829123351 = 0.007250920426922531
field decay(t = 1360.65625): 0.0012062060136253203 / 0.2500345829123351 = 0.004824156720945396
on time step 131999 (time=1374.99), 0.000898374 s/step
field decay(t = 1380.6666666666665): 0.0006830714691945164 / 0.2500345829123351 = 0.002731907967443083
field decay(t = 1400.6770833333333): 0.0003758558813235908 / 0.2500345829123351 = 0.0015032155830034522
field decay(t = 1420.6875): 0.0002356580972480408 / 0.2500345829123351 = 0.0009425020111344563
on time step 136451 (time=1421.36), 0.000898638 s/step
field decay(t = 1440.6979166666665): 0.0001232780872349487 / 0.2500345829123351 = 0.0004930441453299736
field decay(t = 1460.7083333333333): 6.607022431753628e-05 / 0.2500345829123351 = 0.0002642443439142226
on time step 140900 (time=1467.71), 0.000899273 s/step
field decay(t = 1480.71875): 3.703199875915577e-05 / 0.2500345829123351 = 0.00014810750708088889
field decay(t = 1500.7291666666665): 1.7895674733286158e-05 / 0.2500345829123351 = 7.157279814992865e-05
on time step 145354 (time=1514.1), 0.000898234 s/step
field decay(t = 1520.7395833333333): 1.001996223811961e-05 / 0.2500345829123351 = 4.007430540771522e-05
field decay(t = 1540.75): 4.68224427069217e-06 / 0.2500345829123351 = 1.872638663081985e-05
field decay(t = 1560.7604166666665): 2.0903130783326907e-06 / 0.2500345829123351 = 8.360095847483536e-06
on time step 150376 (time=1566.42), 0.000796573 s/step
field decay(t = 1580.7708333333333): 1.1212957834219846e-06 / 0.2500345829123351 = 4.484562776722464e-06
field decay(t = 1600.78125): 4.76138029714699e-07 / 0.2500345829123351 = 1.9042886954627323e-06
on time step 155449 (time=1619.26), 0.00078859 s/step
field decay(t = 1620.7916666666665): 1.9655130188345145e-07 / 0.2500345829123351 = 7.860964655131907e-07
field decay(t = 1640.8020833333333): 9.950892085634604e-08 / 0.2500345829123351 = 3.9798063010841575e-07
field decay(t = 1660.8125): 3.912577024362325e-08 / 0.2500345829123351 = 1.5648143463954815e-07
on time step 160500 (time=1671.88), 0.00079206 s/step
field decay(t = 1680.8229166666665): 1.496043538092199e-08 / 0.2500345829123351 = 5.983346466183553e-08
field decay(t = 1700.8333333333333): 7.131911821835231e-09 / 0.2500345829123351 = 2.8523701556659298e-08
field decay(t = 1720.84375): 2.5815546812073638e-09 / 0.2500345829123351 = 1.0324790479533327e-08
on time step 165537 (time=1724.34), 0.000794235 s/step
field decay(t = 1740.8541666666665): 1.000518484820461e-09 / 0.2500345829123351 = 4.001520402364716e-09
field decay(t = 1760.8645833333333): 4.226723726113697e-10 / 0.2500345829123351 = 1.6904556469277026e-09
on time step 170554 (time=1776.6), 0.000797306 s/step
field decay(t = 1780.875): 1.49149717816089e-10 / 0.2500345829123351 = 5.965163541732247e-10
field decay(t = 1800.8854166666665): 6.539978970126734e-11 / 0.2500345829123351 = 2.615629763671421e-10
field decay(t = 1820.8958333333333): 2.337947540331266e-11 / 0.2500345829123351 = 9.350496691695549e-11
on time step 175584 (time=1829), 0.000795315 s/step
field decay(t = 1840.90625): 3.2979761278552853e-10 / 0.2500345829123351 = 1.3190079905912825e-09
run 0 finished at t = 1840.90625 (176727 timesteps)
-----------
Initializing structure...
Splitting into 16 chunks by voxels
time for choose_chunkdivision = 0.000788392 s
Working in 2D dimensions.
Computational cell is 50 x 49 x 0 with resolution 24
     block, center = (0,-4,0)
          size (50,25,1e+20)
          axes (1,0,0), (0,1,0), (0,0,1)
          dielectric constant epsilon diagonal = (1,1,1)
     prism, center = (2.72978,1,5e+19)
          height 1e+20, axis (0,0,1), sidewall angle: 0 radians, 4 vertices:
          (-10,8.5,0)
          (10,8.5,0)
          (15.4596,-6.5,0)
          (-4.54045,-6.5,0)
          dielectric constant epsilon diagonal = (2.30448,2.30448,2.30448)
     prism, center = (2.36581,2,5e+19)
          height 1e+20, axis (0,0,1), sidewall angle: 0 radians, 4 vertices:
          (-8,8.5,0)
          (8,8.5,0)
          (12.7316,-4.5,0)
          (-3.26839,-4.5,0)
          dielectric constant epsilon diagonal = (1,1,1)
time for set_epsilon = 1.73833 s
time for set_conductivity = 0.0506389 s
time for set_conductivity = 0.0502415 s
time for set_conductivity = 0.0510342 s
lorentzian susceptibility: frequency=15.6714, gamma=1.42115
lorentzian susceptibility: frequency=2.02365, gamma=1.3413
lorentzian susceptibility: frequency=1.24613, gamma=2.0309
lorentzian susceptibility: frequency=0.626693, gamma=1.83572
drude susceptibility: frequency=1e-10, gamma=0.0661375
-----------
2026-05-30 12:39:09 [INFO] D11_scaled_deep_groove: [single struct] 3 geometry objects
on time step 374 (time=3.89583), 0.010714 s/step
on time step 766 (time=7.97917), 0.0102074 s/step
on time step 1161 (time=12.0938), 0.0101504 s/step
on time step 1555 (time=16.1979), 0.0101547 s/step
field decay(t = 20.010416666666664): 3.4215899527749997e-10 / 3.4215899527749997e-10 = 1.0
on time step 1949 (time=20.3021), 0.0101764 s/step
on time step 2343 (time=24.4062), 0.0101751 s/step
on time step 2738 (time=28.5208), 0.0101523 s/step
on time step 3131 (time=32.6146), 0.0101854 s/step
on time step 3524 (time=36.7083), 0.0101882 s/step
field decay(t = 40.010416666666664): 6.422499259874336e-11 / 3.4215899527749997e-10 = 0.18770511219982744
on time step 3917 (time=40.8021), 0.0101862 s/step
on time step 4310 (time=44.8958), 0.0101962 s/step
on time step 4703 (time=48.9896), 0.0101898 s/step
on time step 5096 (time=53.0833), 0.0101912 s/step
on time step 5489 (time=57.1771), 0.0101997 s/step
field decay(t = 60.02083333333333): 1.7524075646734937e-10 / 3.4215899527749997e-10 = 0.5121617694873826
on time step 5882 (time=61.2708), 0.0101862 s/step
on time step 6274 (time=65.3542), 0.0102063 s/step
on time step 6666 (time=69.4375), 0.0102271 s/step
on time step 7058 (time=73.5208), 0.0102157 s/step
on time step 7450 (time=77.6042), 0.0102215 s/step
field decay(t = 80.02083333333333): 2.4902539256293626e-10 / 3.4215899527749997e-10 = 0.7278060667701286
on time step 7841 (time=81.6771), 0.0102319 s/step
on time step 8232 (time=85.75), 0.0102438 s/step
on time step 8624 (time=89.8333), 0.0102134 s/step
on time step 9016 (time=93.9167), 0.0102103 s/step
on time step 9408 (time=98), 0.0102114 s/step
field decay(t = 100.03125): 4.941145994254119e-10 / 4.941145994254119e-10 = 1.0
on time step 9800 (time=102.083), 0.0102294 s/step
on time step 10192 (time=106.167), 0.0102066 s/step
on time step 10584 (time=110.25), 0.0102159 s/step
on time step 10976 (time=114.333), 0.010224 s/step
on time step 11367 (time=118.406), 0.0102371 s/step
field decay(t = 120.04166666666666): 1.2919675100965346e-09 / 1.2919675100965346e-09 = 1.0
on time step 11759 (time=122.49), 0.0102115 s/step
on time step 12153 (time=126.594), 0.0101753 s/step
on time step 12546 (time=130.688), 0.0101865 s/step
on time step 12939 (time=134.781), 0.010186 s/step
on time step 13333 (time=138.885), 0.0101729 s/step
field decay(t = 140.04166666666666): 3.2191023277841345e-09 / 3.2191023277841345e-09 = 1.0
on time step 13727 (time=142.99), 0.0101611 s/step
on time step 14120 (time=147.083), 0.0101824 s/step
on time step 14513 (time=151.177), 0.0101893 s/step
on time step 14906 (time=155.271), 0.0101786 s/step
on time step 15300 (time=159.375), 0.0101714 s/step
field decay(t = 160.05208333333331): 6.667245521451393e-09 / 6.667245521451393e-09 = 1.0
on time step 15693 (time=163.469), 0.0101902 s/step
on time step 16086 (time=167.562), 0.0101812 s/step
on time step 16480 (time=171.667), 0.0101678 s/step
on time step 16874 (time=175.771), 0.0101645 s/step
on time step 17268 (time=179.875), 0.0101629 s/step
field decay(t = 180.0625): 1.7552481330894468e-08 / 1.7552481330894468e-08 = 1.0
on time step 17662 (time=183.979), 0.0101571 s/step
on time step 18057 (time=188.094), 0.010151 s/step
on time step 18451 (time=192.198), 0.0101738 s/step
on time step 18844 (time=196.292), 0.0101796 s/step
field decay(t = 200.07291666666666): 4.5389496402254083e-08 / 4.5389496402254083e-08 = 1.0
on time step 19240 (time=200.417), 0.0101238 s/step
on time step 19634 (time=204.521), 0.0101626 s/step
on time step 20029 (time=208.635), 0.0101499 s/step
on time step 20423 (time=212.74), 0.0101544 s/step
on time step 20814 (time=216.812), 0.0102555 s/step
field decay(t = 220.08333333333331): 9.110758208850877e-08 / 9.110758208850877e-08 = 1.0
on time step 21205 (time=220.885), 0.0102518 s/step
on time step 21595 (time=224.948), 0.0102705 s/step
on time step 21985 (time=229.01), 0.0102638 s/step
on time step 22375 (time=233.073), 0.0102691 s/step
on time step 22765 (time=237.135), 0.0102692 s/step
field decay(t = 240.09375): 2.2252166324952112e-07 / 2.2252166324952112e-07 = 1.0
on time step 23156 (time=241.208), 0.0102521 s/step
on time step 23546 (time=245.271), 0.0102605 s/step
on time step 23936 (time=249.333), 0.0102648 s/step
on time step 24326 (time=253.396), 0.0102738 s/step
on time step 24716 (time=257.458), 0.0102599 s/step
field decay(t = 260.10416666666663): 5.288321329888183e-07 / 5.288321329888183e-07 = 1.0
on time step 25107 (time=261.531), 0.0102464 s/step
on time step 25498 (time=265.604), 0.0102486 s/step
on time step 25889 (time=269.677), 0.0102397 s/step
on time step 26280 (time=273.75), 0.0102502 s/step
on time step 26671 (time=277.823), 0.0102566 s/step
field decay(t = 280.1145833333333): 1.0000655332557203e-06 / 1.0000655332557203e-06 = 1.0
on time step 27061 (time=281.885), 0.0102745 s/step
on time step 27453 (time=285.969), 0.0102294 s/step
on time step 27844 (time=290.042), 0.010242 s/step
on time step 28235 (time=294.115), 0.010242 s/step
on time step 28627 (time=298.198), 0.0102282 s/step
field decay(t = 300.125): 2.2612970382337907e-06 / 2.2612970382337907e-06 = 1.0
on time step 29016 (time=302.25), 0.0102978 s/step
on time step 29405 (time=306.302), 0.0103065 s/step
on time step 29794 (time=310.354), 0.0103053 s/step
on time step 30183 (time=314.406), 0.0102936 s/step
on time step 30572 (time=318.458), 0.010297 s/step
field decay(t = 320.13541666666663): 4.885728817879847e-06 / 4.885728817879847e-06 = 1.0
on time step 30961 (time=322.51), 0.0102901 s/step
on time step 31350 (time=326.562), 0.0103015 s/step
on time step 31739 (time=330.615), 0.0103051 s/step
on time step 32128 (time=334.667), 0.0102996 s/step
on time step 32517 (time=338.719), 0.010303 s/step
field decay(t = 340.1458333333333): 8.842367279680511e-06 / 8.842367279680511e-06 = 1.0
on time step 32906 (time=342.771), 0.0103039 s/step
on time step 33295 (time=346.823), 0.0102937 s/step
on time step 33684 (time=350.875), 0.0102974 s/step
on time step 34073 (time=354.927), 0.0102997 s/step
on time step 34461 (time=358.969), 0.0103095 s/step
field decay(t = 360.15625): 1.8526838392679417e-05 / 1.8526838392679417e-05 = 1.0
on time step 34850 (time=363.021), 0.0103027 s/step
on time step 35243 (time=367.115), 0.0101998 s/step
on time step 35636 (time=371.208), 0.0102014 s/step
on time step 36028 (time=375.292), 0.0102123 s/step
on time step 36421 (time=379.385), 0.0101994 s/step
field decay(t = 380.16666666666663): 3.2802979592218034e-05 / 3.2802979592218034e-05 = 1.0
on time step 36813 (time=383.469), 0.0102112 s/step
on time step 37205 (time=387.552), 0.01021 s/step
on time step 37597 (time=391.635), 0.0102061 s/step
on time step 37989 (time=395.719), 0.0102064 s/step
on time step 38382 (time=399.812), 0.0102028 s/step
field decay(t = 400.1770833333333): 6.295433724996658e-05 / 6.295433724996658e-05 = 1.0
on time step 38774 (time=403.896), 0.0102115 s/step
on time step 39166 (time=407.979), 0.0102143 s/step
on time step 39555 (time=412.031), 0.0102908 s/step
on time step 39944 (time=416.083), 0.0102893 s/step
on time step 40334 (time=420.146), 0.0102791 s/step
field decay(t = 420.1875): 0.00012167238265492897 / 0.00012167238265492897 = 1.0
on time step 40723 (time=424.198), 0.0102976 s/step
on time step 41112 (time=428.25), 0.0102912 s/step
on time step 41501 (time=432.302), 0.0102869 s/step
on time step 41890 (time=436.354), 0.0102867 s/step
field decay(t = 440.19791666666663): 0.00019574096699436692 / 0.00019574096699436692 = 1.0
on time step 42279 (time=440.406), 0.0102871 s/step
on time step 42668 (time=444.458), 0.0103056 s/step
on time step 43056 (time=448.5), 0.0103105 s/step
on time step 43445 (time=452.552), 0.0103072 s/step
on time step 43833 (time=456.594), 0.01031 s/step
field decay(t = 460.2083333333333): 0.0003595436518161721 / 0.0003595436518161721 = 1.0
on time step 44221 (time=460.635), 0.0103132 s/step
on time step 44610 (time=464.688), 0.0103076 s/step
on time step 44999 (time=468.74), 0.0103069 s/step
on time step 45387 (time=472.781), 0.0103155 s/step
on time step 45776 (time=476.833), 0.0103018 s/step
field decay(t = 480.21875): 0.0006413782564202069 / 0.0006413782564202069 = 1.0
on time step 46164 (time=480.875), 0.0103294 s/step
on time step 46552 (time=484.917), 0.010318 s/step
on time step 46940 (time=488.958), 0.0103272 s/step
on time step 47328 (time=493), 0.0103272 s/step
on time step 47716 (time=497.042), 0.0103258 s/step
field decay(t = 500.22916666666663): 0.0009713511000394604 / 0.0009713511000394604 = 1.0
on time step 48104 (time=501.083), 0.0103189 s/step
on time step 48492 (time=505.125), 0.0103248 s/step
on time step 48880 (time=509.167), 0.0103138 s/step
on time step 49268 (time=513.208), 0.010334 s/step
on time step 49656 (time=517.25), 0.0103159 s/step
field decay(t = 520.2291666666666): 0.001646478283663192 / 0.001646478283663192 = 1.0
on time step 50044 (time=521.292), 0.0103284 s/step
on time step 50431 (time=525.323), 0.0103429 s/step
on time step 50816 (time=529.333), 0.0103897 s/step
on time step 51199 (time=533.323), 0.0104613 s/step
on time step 51582 (time=537.312), 0.0104712 s/step
field decay(t = 540.2395833333333): 0.002710237028278805 / 0.002710237028278805 = 1.0
on time step 51964 (time=541.292), 0.0104743 s/step
on time step 52347 (time=545.281), 0.010457 s/step
on time step 52728 (time=549.25), 0.0105079 s/step
on time step 53111 (time=553.24), 0.0104641 s/step
on time step 53494 (time=557.229), 0.0104536 s/step
field decay(t = 560.25): 0.003864268488621465 / 0.003864268488621465 = 1.0
on time step 53877 (time=561.219), 0.0104617 s/step
on time step 54260 (time=565.208), 0.0104488 s/step
on time step 54643 (time=569.198), 0.0104629 s/step
on time step 55025 (time=573.177), 0.0104761 s/step
on time step 55408 (time=577.167), 0.0104656 s/step
field decay(t = 580.2604166666666): 0.006043968996928419 / 0.006043968996928419 = 1.0
on time step 55791 (time=581.156), 0.0104584 s/step
on time step 56174 (time=585.146), 0.0104645 s/step
on time step 56557 (time=589.135), 0.0104582 s/step
on time step 56939 (time=593.115), 0.0104732 s/step
on time step 57322 (time=597.104), 0.0104536 s/step
field decay(t = 600.2708333333333): 0.008887425811062149 / 0.008887425811062149 = 1.0
on time step 57704 (time=601.083), 0.01048 s/step
on time step 58087 (time=605.073), 0.0104676 s/step
on time step 58469 (time=609.052), 0.0104719 s/step
on time step 58852 (time=613.042), 0.0104566 s/step
on time step 59235 (time=617.031), 0.0104647 s/step
field decay(t = 620.28125): 0.012320432807406877 / 0.012320432807406877 = 1.0
on time step 59618 (time=621.021), 0.0104478 s/step
on time step 60001 (time=625.01), 0.010468 s/step
on time step 60384 (time=629), 0.0104658 s/step
on time step 60767 (time=632.99), 0.010461 s/step
on time step 61150 (time=636.979), 0.0104683 s/step
field decay(t = 640.2916666666666): 0.017777505505393865 / 0.017777505505393865 = 1.0
on time step 61533 (time=640.969), 0.0104646 s/step
on time step 61916 (time=644.958), 0.0104672 s/step
on time step 62299 (time=648.948), 0.0104623 s/step
on time step 62682 (time=652.938), 0.0104552 s/step
on time step 63065 (time=656.927), 0.0104609 s/step
field decay(t = 660.3020833333333): 0.02295940173570506 / 0.02295940173570506 = 1.0
on time step 63448 (time=660.917), 0.0104701 s/step
on time step 63831 (time=664.906), 0.0104598 s/step
on time step 64214 (time=668.896), 0.0104612 s/step
on time step 64597 (time=672.885), 0.0104572 s/step
on time step 64980 (time=676.875), 0.0104514 s/step
field decay(t = 680.3125): 0.03146927405313629 / 0.03146927405313629 = 1.0
on time step 65363 (time=680.865), 0.0104565 s/step
on time step 65746 (time=684.854), 0.0104543 s/step
on time step 66129 (time=688.844), 0.010463 s/step
on time step 66512 (time=692.833), 0.0104622 s/step
on time step 66894 (time=696.812), 0.0104732 s/step
field decay(t = 700.3229166666666): 0.04188703326640409 / 0.04188703326640409 = 1.0
on time step 67277 (time=700.802), 0.0104643 s/step
on time step 67660 (time=704.792), 0.0104629 s/step
on time step 68043 (time=708.781), 0.010464 s/step
on time step 68426 (time=712.771), 0.0104631 s/step
on time step 68809 (time=716.76), 0.0104686 s/step
field decay(t = 720.3333333333333): 0.0509146728135147 / 0.0509146728135147 = 1.0
on time step 69192 (time=720.75), 0.0104617 s/step
on time step 69575 (time=724.74), 0.0104555 s/step
on time step 69957 (time=728.719), 0.0104742 s/step
on time step 70340 (time=732.708), 0.0104538 s/step
on time step 70723 (time=736.698), 0.0104589 s/step
field decay(t = 740.34375): 0.06437170728032808 / 0.06437170728032808 = 1.0
on time step 71106 (time=740.688), 0.0104554 s/step
on time step 71489 (time=744.677), 0.0104565 s/step
on time step 71872 (time=748.667), 0.0104638 s/step
on time step 72255 (time=752.656), 0.0104604 s/step
on time step 72638 (time=756.646), 0.0104644 s/step
field decay(t = 760.3541666666666): 0.07902303709858835 / 0.07902303709858835 = 1.0
on time step 73021 (time=760.635), 0.0104584 s/step
on time step 73404 (time=764.625), 0.0104653 s/step
on time step 73786 (time=768.604), 0.0104755 s/step
on time step 74168 (time=772.583), 0.0104746 s/step
on time step 74550 (time=776.562), 0.0104716 s/step
field decay(t = 780.3645833333333): 0.09039875660344467 / 0.09039875660344467 = 1.0
on time step 74932 (time=780.542), 0.0104827 s/step
on time step 75314 (time=784.521), 0.0104789 s/step
on time step 75696 (time=788.5), 0.0104771 s/step
on time step 76078 (time=792.479), 0.010478 s/step
on time step 76460 (time=796.458), 0.0104824 s/step
field decay(t = 800.375): 0.105400554731262 / 0.105400554731262 = 1.0
on time step 76842 (time=800.438), 0.0104735 s/step
on time step 77224 (time=804.417), 0.0104778 s/step
on time step 77606 (time=808.396), 0.0104867 s/step
on time step 77988 (time=812.375), 0.0104727 s/step
on time step 78370 (time=816.354), 0.0104721 s/step
on time step 78752 (time=820.333), 0.010481 s/step
field decay(t = 820.3854166666666): 0.11930430425779305 / 0.11930430425779305 = 1.0
on time step 79134 (time=824.312), 0.0104749 s/step
on time step 79517 (time=828.302), 0.0104673 s/step
on time step 79899 (time=832.281), 0.0104909 s/step
on time step 80281 (time=836.26), 0.0104827 s/step
on time step 80663 (time=840.24), 0.0104821 s/step
field decay(t = 840.3958333333333): 0.1284497322670438 / 0.1284497322670438 = 1.0
on time step 81046 (time=844.229), 0.0104695 s/step
on time step 81429 (time=848.219), 0.0104634 s/step
on time step 81812 (time=852.208), 0.0104608 s/step
on time step 82195 (time=856.198), 0.0104696 s/step
on time step 82578 (time=860.188), 0.0104679 s/step
field decay(t = 860.40625): 0.13809857798122555 / 0.13809857798122555 = 1.0
on time step 82960 (time=864.167), 0.0104746 s/step
on time step 83343 (time=868.156), 0.0104691 s/step
on time step 83725 (time=872.135), 0.0104723 s/step
on time step 84108 (time=876.125), 0.0104586 s/step
on time step 84491 (time=880.115), 0.0104619 s/step
field decay(t = 880.4166666666666): 0.14301207569150637 / 0.14301207569150637 = 1.0
on time step 84874 (time=884.104), 0.0104653 s/step
on time step 85257 (time=888.094), 0.0104677 s/step
on time step 85640 (time=892.083), 0.0104574 s/step
on time step 86023 (time=896.073), 0.0104712 s/step
on time step 86406 (time=900.062), 0.0104697 s/step
field decay(t = 900.4270833333333): 0.14601291594296073 / 0.14601291594296073 = 1.0
on time step 86789 (time=904.052), 0.0104604 s/step
on time step 87172 (time=908.042), 0.0104512 s/step
on time step 87553 (time=912.01), 0.0105231 s/step
on time step 87936 (time=916), 0.0104571 s/step
on time step 88319 (time=919.99), 0.0104532 s/step
field decay(t = 920.4375): 0.14609666970644342 / 0.14609666970644342 = 1.0
on time step 88702 (time=923.979), 0.010454 s/step
on time step 89085 (time=927.969), 0.0104502 s/step
on time step 89469 (time=931.969), 0.0104422 s/step
on time step 89855 (time=935.99), 0.0103647 s/step
on time step 90242 (time=940.021), 0.0103597 s/step
field decay(t = 940.4479166666666): 0.14375406972245022 / 0.14609666970644342 = 0.9839654114724158
on time step 90628 (time=944.042), 0.0103646 s/step
on time step 91014 (time=948.062), 0.0103754 s/step
on time step 91400 (time=952.083), 0.0103724 s/step
on time step 91786 (time=956.104), 0.0103679 s/step
on time step 92172 (time=960.125), 0.0103846 s/step
field decay(t = 960.4583333333333): 0.139292426549303 / 0.14609666970644342 = 0.9534264321643169
on time step 92559 (time=964.156), 0.0103591 s/step
on time step 92946 (time=968.188), 0.0103544 s/step
on time step 93333 (time=972.219), 0.0103604 s/step
on time step 93719 (time=976.24), 0.0103639 s/step
on time step 94104 (time=980.25), 0.0103897 s/step
field decay(t = 980.46875): 0.13014646817284753 / 0.14609666970644342 = 0.8908243318232707
on time step 94491 (time=984.281), 0.0103624 s/step
on time step 94877 (time=988.302), 0.0103729 s/step
on time step 95263 (time=992.323), 0.0103727 s/step
on time step 95649 (time=996.344), 0.0103637 s/step
on time step 96035 (time=1000.36), 0.0103657 s/step
field decay(t = 1000.4791666666666): 0.11806129510302349 / 0.14609666970644342 = 0.8081039447391082
on time step 96421 (time=1004.39), 0.0103755 s/step
on time step 96807 (time=1008.41), 0.0103694 s/step
on time step 97194 (time=1012.44), 0.0103542 s/step
on time step 97581 (time=1016.47), 0.0103603 s/step
field decay(t = 1020.4895833333333): 0.10763098525051369 / 0.14609666970644342 = 0.7367107372589669
on time step 97967 (time=1020.49), 0.0103656 s/step
on time step 98353 (time=1024.51), 0.0103772 s/step
on time step 98740 (time=1028.54), 0.0103607 s/step
on time step 99126 (time=1032.56), 0.0103664 s/step
on time step 99512 (time=1036.58), 0.0103745 s/step
field decay(t = 1040.4895833333333): 0.09271389405697043 / 0.14609666970644342 = 0.6346064851667279
on time step 99898 (time=1040.6), 0.010373 s/step
on time step 100284 (time=1044.62), 0.0103656 s/step
on time step 100671 (time=1048.66), 0.0103547 s/step
on time step 101057 (time=1052.68), 0.0103806 s/step
on time step 101443 (time=1056.7), 0.0103683 s/step
field decay(t = 1060.5): 0.08049701365579473 / 0.14609666970644342 = 0.5509845899810029
on time step 101829 (time=1060.72), 0.0103691 s/step
on time step 102215 (time=1064.74), 0.0103712 s/step
on time step 102601 (time=1068.76), 0.0103658 s/step
on time step 102987 (time=1072.78), 0.0103716 s/step
on time step 103373 (time=1076.8), 0.0103649 s/step
field decay(t = 1080.5104166666665): 0.06651107502835546 / 0.14609666970644342 = 0.45525387513622473
on time step 103759 (time=1080.82), 0.0103732 s/step
on time step 104145 (time=1084.84), 0.0103705 s/step
on time step 104531 (time=1088.86), 0.0103684 s/step
on time step 104917 (time=1092.89), 0.0103636 s/step
on time step 105303 (time=1096.91), 0.0103732 s/step
field decay(t = 1100.5208333333333): 0.052826340315661045 / 0.14609666970644342 = 0.36158483572422734
on time step 105689 (time=1100.93), 0.0103746 s/step
on time step 106075 (time=1104.95), 0.010363 s/step
on time step 106461 (time=1108.97), 0.0103632 s/step
on time step 106847 (time=1112.99), 0.0103666 s/step
on time step 107233 (time=1117.01), 0.0103644 s/step
field decay(t = 1120.53125): 0.043593860482682385 / 0.14609666970644342 = 0.2983905147891248
on time step 107618 (time=1121.02), 0.0103978 s/step
on time step 108003 (time=1125.03), 0.0104082 s/step
on time step 108388 (time=1129.04), 0.0104005 s/step
on time step 108773 (time=1133.05), 0.0104066 s/step
on time step 109158 (time=1137.06), 0.0104048 s/step
field decay(t = 1140.5416666666665): 0.03288697976473616 / 0.14609666970644342 = 0.22510423975315105
on time step 109543 (time=1141.07), 0.0104157 s/step
on time step 109927 (time=1145.07), 0.0104195 s/step
on time step 110312 (time=1149.08), 0.0104075 s/step
on time step 110694 (time=1153.06), 0.0104741 s/step
on time step 111076 (time=1157.04), 0.0104915 s/step
field decay(t = 1160.5520833333333): 0.02409298120423309 / 0.14609666970644342 = 0.16491122797421645
on time step 111458 (time=1161.02), 0.0104861 s/step
on time step 111840 (time=1165), 0.0104817 s/step
on time step 112222 (time=1168.98), 0.0104887 s/step
on time step 112604 (time=1172.96), 0.0104896 s/step
on time step 112987 (time=1176.95), 0.0104449 s/step
field decay(t = 1180.5625): 0.018715790095316362 / 0.14609666970644342 = 0.12810552172696738
on time step 113371 (time=1180.95), 0.0104201 s/step
on time step 113755 (time=1184.95), 0.0104403 s/step
on time step 114139 (time=1188.95), 0.0104278 s/step
on time step 114523 (time=1192.95), 0.0104219 s/step
on time step 114907 (time=1196.95), 0.0104238 s/step
field decay(t = 1200.5729166666665): 0.0130287354646834 / 0.14609666970644342 = 0.08917886691642216
on time step 115291 (time=1200.95), 0.0104343 s/step
on time step 115676 (time=1204.96), 0.0104108 s/step
on time step 116060 (time=1208.96), 0.0104172 s/step
on time step 116444 (time=1212.96), 0.0104291 s/step
on time step 116830 (time=1216.98), 0.010374 s/step
field decay(t = 1220.5833333333333): 0.008810679404066607 / 0.14609666970644342 = 0.06030718853325116
on time step 117216 (time=1221), 0.0103778 s/step
on time step 117602 (time=1225.02), 0.0103671 s/step
on time step 117988 (time=1229.04), 0.0103773 s/step
on time step 118374 (time=1233.06), 0.0103722 s/step
on time step 118761 (time=1237.09), 0.0103442 s/step
field decay(t = 1240.59375): 0.006447244629620715 / 0.14609666970644342 = 0.04412999038633368
on time step 119147 (time=1241.11), 0.0103771 s/step
on time step 119533 (time=1245.14), 0.0103789 s/step
on time step 119918 (time=1249.15), 0.0104128 s/step
on time step 120303 (time=1253.16), 0.0104136 s/step
on time step 120688 (time=1257.17), 0.0103906 s/step
field decay(t = 1260.6041666666665): 0.0041462322663597135 / 0.14609666970644342 = 0.028380060097816514
on time step 121073 (time=1261.18), 0.0104067 s/step
on time step 121457 (time=1265.18), 0.0104265 s/step
on time step 121839 (time=1269.16), 0.0104787 s/step
on time step 122221 (time=1273.14), 0.0104779 s/step
on time step 122604 (time=1277.12), 0.0104533 s/step
field decay(t = 1280.6145833333333): 0.00289068090518045 / 0.14609666970644342 = 0.019786083495187023
on time step 122986 (time=1281.1), 0.0104737 s/step
on time step 123369 (time=1285.09), 0.0104719 s/step
on time step 123752 (time=1289.08), 0.0104617 s/step
on time step 124135 (time=1293.07), 0.010455 s/step
on time step 124518 (time=1297.06), 0.0104662 s/step
field decay(t = 1300.625): 0.0017887601014907116 / 0.14609666970644342 = 0.01224367471951909
on time step 124900 (time=1301.04), 0.0104813 s/step
on time step 125282 (time=1305.02), 0.0104722 s/step
on time step 125664 (time=1309), 0.0104865 s/step
on time step 126046 (time=1312.98), 0.0104769 s/step
on time step 126428 (time=1316.96), 0.01048 s/step
field decay(t = 1320.6354166666665): 0.0010647536264825803 / 0.14609666970644342 = 0.00728800751325833
on time step 126809 (time=1320.93), 0.0105024 s/step
on time step 127192 (time=1324.92), 0.0104703 s/step
on time step 127575 (time=1328.91), 0.0104699 s/step
on time step 127957 (time=1332.89), 0.0104871 s/step
on time step 128339 (time=1336.86), 0.0104893 s/step
field decay(t = 1340.6458333333333): 0.0007086720282582299 / 0.14609666970644342 = 0.004850706245954728
on time step 128721 (time=1340.84), 0.0104874 s/step
on time step 129103 (time=1344.82), 0.0104901 s/step
on time step 129485 (time=1348.8), 0.0104727 s/step
on time step 129867 (time=1352.78), 0.0104922 s/step
on time step 130249 (time=1356.76), 0.0104725 s/step
field decay(t = 1360.65625): 0.00040218647334081393 / 0.14609666970644342 = 0.0027528791323507902
on time step 130631 (time=1360.74), 0.0104815 s/step
on time step 131013 (time=1364.72), 0.0104803 s/step
on time step 131396 (time=1368.71), 0.0104642 s/step
on time step 131778 (time=1372.69), 0.0104718 s/step
on time step 132160 (time=1376.67), 0.010493 s/step
on time step 132542 (time=1380.65), 0.0104966 s/step
field decay(t = 1380.6666666666665): 0.00022223911182635045 / 0.14609666970644342 = 0.0015211784927945478
on time step 132924 (time=1384.62), 0.0104834 s/step
on time step 133307 (time=1388.61), 0.0104611 s/step
on time step 133690 (time=1392.6), 0.0104563 s/step
on time step 134072 (time=1396.58), 0.0104778 s/step
on time step 134454 (time=1400.56), 0.0104768 s/step
field decay(t = 1400.6770833333333): 0.000140003113232026 / 0.14609666970644342 = 0.0009582909282828871
on time step 134837 (time=1404.55), 0.0104666 s/step
on time step 135219 (time=1408.53), 0.0104951 s/step
on time step 135601 (time=1412.51), 0.0104833 s/step
on time step 135983 (time=1416.49), 0.010475 s/step
on time step 136368 (time=1420.5), 0.0103898 s/step
field decay(t = 1420.6875): 7.393807454918231e-05 / 0.14609666970644342 = 0.0005060900751382518
on time step 136750 (time=1424.48), 0.0104725 s/step
on time step 137131 (time=1428.45), 0.0105209 s/step
on time step 137512 (time=1432.42), 0.0105064 s/step
on time step 137893 (time=1436.39), 0.0105188 s/step
on time step 138274 (time=1440.35), 0.0105095 s/step
field decay(t = 1440.6979166666665): 4.177279496792836e-05 / 0.14609666970644342 = 0.0002859257165263502
on time step 138655 (time=1444.32), 0.0105183 s/step
on time step 139037 (time=1448.3), 0.0104911 s/step
on time step 139418 (time=1452.27), 0.0105093 s/step
on time step 139799 (time=1456.24), 0.0105051 s/step
on time step 140180 (time=1460.21), 0.0104995 s/step
field decay(t = 1460.7083333333333): 2.2802583100598187e-05 / 0.14609666970644342 = 0.00015607873298149866
on time step 140566 (time=1464.23), 0.0103848 s/step
on time step 140951 (time=1468.24), 0.0103914 s/step
on time step 141335 (time=1472.24), 0.0104302 s/step
on time step 141720 (time=1476.25), 0.010393 s/step
on time step 142103 (time=1480.24), 0.0104469 s/step
field decay(t = 1480.71875): 1.12587942597397e-05 / 0.14609666970644342 = 7.706400345991696e-05
on time step 142488 (time=1484.25), 0.0104038 s/step
on time step 142873 (time=1488.26), 0.0103898 s/step
on time step 143257 (time=1492.26), 0.0104182 s/step
on time step 143642 (time=1496.27), 0.0104065 s/step
on time step 144027 (time=1500.28), 0.0104086 s/step
field decay(t = 1500.7291666666665): 6.532008995616182e-06 / 0.14609666970644342 = 4.47101840770303e-05
on time step 144413 (time=1504.3), 0.0103869 s/step
on time step 144797 (time=1508.3), 0.0104203 s/step
on time step 145179 (time=1512.28), 0.0104813 s/step
on time step 145567 (time=1516.32), 0.0103248 s/step
on time step 145957 (time=1520.39), 0.0102746 s/step
field decay(t = 1520.7395833333333): 3.10147445695295e-06 / 0.14609666970644342 = 2.122891961319063e-05
on time step 146347 (time=1524.45), 0.0102677 s/step
on time step 146735 (time=1528.49), 0.0103142 s/step
on time step 147124 (time=1532.54), 0.0102879 s/step
on time step 147513 (time=1536.59), 0.0102856 s/step
on time step 147902 (time=1540.65), 0.0102964 s/step
field decay(t = 1540.75): 1.4390927307408805e-06 / 0.14609666970644342 = 9.850277447340136e-06
on time step 148291 (time=1544.7), 0.0102996 s/step
on time step 148680 (time=1548.75), 0.010287 s/step
on time step 149070 (time=1552.81), 0.0102814 s/step
on time step 149460 (time=1556.88), 0.0102724 s/step
field decay(t = 1560.7604166666665): 7.976984302416627e-07 / 0.14609666970644342 = 5.4600726480932316e-06
on time step 149850 (time=1560.94), 0.0102755 s/step
on time step 150240 (time=1565), 0.0102626 s/step
on time step 150630 (time=1569.06), 0.0102784 s/step
on time step 151020 (time=1573.12), 0.0102705 s/step
on time step 151411 (time=1577.2), 0.0102497 s/step
field decay(t = 1580.7708333333333): 3.569143014552649e-07 / 0.14609666970644342 = 2.443000940215981e-06
on time step 151803 (time=1581.28), 0.0102266 s/step
on time step 152195 (time=1585.36), 0.010223 s/step
on time step 152587 (time=1589.45), 0.0102062 s/step
on time step 152979 (time=1593.53), 0.0102246 s/step
on time step 153371 (time=1597.61), 0.0102119 s/step
field decay(t = 1600.78125): 1.709222778102092e-07 / 0.14609666970644342 = 1.169925900115647e-06
on time step 153762 (time=1601.69), 0.0102339 s/step
on time step 154154 (time=1605.77), 0.0102192 s/step
on time step 154546 (time=1609.85), 0.010219 s/step
on time step 154939 (time=1613.95), 0.010193 s/step
on time step 155331 (time=1618.03), 0.010228 s/step
field decay(t = 1620.7916666666665): 8.270017772863074e-08 / 0.14609666970644342 = 5.660647699554191e-07
on time step 155719 (time=1622.07), 0.0103211 s/step
on time step 156104 (time=1626.08), 0.010414 s/step
on time step 156489 (time=1630.09), 0.0104091 s/step
on time step 156874 (time=1634.1), 0.0104054 s/step
on time step 157259 (time=1638.11), 0.0104072 s/step
field decay(t = 1640.8020833333333): 3.487971720746898e-08 / 0.14609666970644342 = 2.387440951087652e-07
on time step 157644 (time=1642.12), 0.0104161 s/step
on time step 158034 (time=1646.19), 0.0102796 s/step
on time step 158425 (time=1650.26), 0.0102371 s/step
on time step 158817 (time=1654.34), 0.0102263 s/step
on time step 159209 (time=1658.43), 0.0102287 s/step
field decay(t = 1660.8125): 1.798846443702681e-08 / 0.14609666970644342 = 1.2312713543143449e-07
on time step 159601 (time=1662.51), 0.0102177 s/step
on time step 159992 (time=1666.58), 0.0102327 s/step
on time step 160479 (time=1671.66), 0.00822736 s/step
on time step 161163 (time=1678.78), 0.00585289 s/step
field decay(t = 1680.8229166666665): 7.299470800068421e-09 / 0.14609666970644342 = 4.996329358318348e-08
on time step 161940 (time=1686.88), 0.00515393 s/step
on time step 162716 (time=1694.96), 0.00515563 s/step
field decay(t = 1700.8333333333333): 2.8974871905126255e-09 / 0.14609666970644342 = 1.9832671041267654e-08
on time step 163493 (time=1703.05), 0.00515427 s/step
on time step 164269 (time=1711.14), 0.00515731 s/step
on time step 165036 (time=1719.12), 0.0052164 s/step
field decay(t = 1720.84375): 1.4393397114257348e-09 / 0.14609666970644342 = 9.85196797653119e-09
on time step 165804 (time=1727.12), 0.00521463 s/step
on time step 166571 (time=1735.11), 0.00521935 s/step
field decay(t = 1740.8541666666665): 5.599374611114951e-10 / 0.14609666970644342 = 3.832650410420681e-09
on time step 167338 (time=1743.1), 0.00521643 s/step
on time step 168105 (time=1751.09), 0.0052169 s/step
on time step 168872 (time=1759.08), 0.00522179 s/step
field decay(t = 1760.8645833333333): 2.2276280625460112e-10 / 0.14609666970644342 = 1.5247630675100627e-09
on time step 169640 (time=1767.08), 0.0052128 s/step
on time step 170402 (time=1775.02), 0.0052526 s/step
field decay(t = 1780.875): 1.012913444639767e-10 / 0.14609666970644342 = 6.933172718276505e-10
on time step 171163 (time=1782.95), 0.00526131 s/step
on time step 171924 (time=1790.88), 0.00525772 s/step
on time step 172685 (time=1798.8), 0.00526052 s/step
field decay(t = 1800.8854166666665): 3.9334959888296323e-11 / 0.14609666970644342 = 2.692392644358922e-10
on time step 173446 (time=1806.73), 0.00526003 s/step
on time step 174206 (time=1814.65), 0.005269 s/step
field decay(t = 1820.8958333333333): 2.044600838855468e-11 / 0.14609666970644342 = 1.3994849047303736e-10
on time step 174966 (time=1822.56), 0.00526771 s/step
on time step 175726 (time=1830.48), 0.00526839 s/step
on time step 176487 (time=1838.41), 0.00526126 s/step
2026-05-30 13:08:17 [INFO] D11_scaled_deep_groove: Checkpointed 4 completed spectra row(s) to /mnt/c/Users/admin/Meep_Simulation/meep_sim/results/diagnostics_v2/tables/D11_thickness_2um_quick_spectra_checkpoint.csv
2026-05-30 13:08:17 [INFO] D11_scaled_deep_groove: >>> task=5/10 case=scaled_inner_wall_film_2um pol=Ez wl=12.345 res=24 pml=4
2026-05-30 13:08:17 [INFO] D11_scaled_deep_groove: [single ref] wl=12.345 um, f=0.0810045, res=24, comp=Ez
field decay(t = 1840.90625): 2.9868436851391613e-10 / 0.14609666970644342 = 2.0444296855915465e-09
run 0 finished at t = 1840.90625 (176727 timesteps)
-----------
Initializing structure...
Splitting into 16 chunks by voxels
time for choose_chunkdivision = 0.000515765 s
Working in 2D dimensions.
Computational cell is 50 x 49 x 0 with resolution 24
time for set_epsilon = 0.151019 s
-----------
field decay(t = 20.010416666666664): 4.283817394690116e-10 / 4.283817394690116e-10 = 1.0
field decay(t = 40.010416666666664): 5.1963283829777956e-11 / 4.283817394690116e-10 = 0.12130135120649066
on time step 3975 (time=41.4062), 0.00100633 s/step
field decay(t = 60.02083333333333): 8.090830092548821e-11 / 4.283817394690116e-10 = 0.188869630684482
field decay(t = 80.02083333333333): 1.4827043644364836e-10 / 4.283817394690116e-10 = 0.3461175460640147
on time step 8104 (time=84.4167), 0.000968891 s/step
field decay(t = 100.03125): 3.756344409499983e-10 / 4.283817394690116e-10 = 0.8768684711341929
field decay(t = 120.04166666666666): 7.729145644232849e-10 / 7.729145644232849e-10 = 1.0
on time step 12239 (time=127.49), 0.000967542 s/step
field decay(t = 140.04166666666666): 1.660003051701223e-09 / 1.660003051701223e-09 = 1.0
field decay(t = 160.05208333333331): 3.4659124593660768e-09 / 3.4659124593660768e-09 = 1.0
on time step 16364 (time=170.458), 0.000969845 s/step
field decay(t = 180.0625): 9.20469872911357e-09 / 9.20469872911357e-09 = 1.0
field decay(t = 200.07291666666666): 1.9283054556536088e-08 / 1.9283054556536088e-08 = 1.0
on time step 20495 (time=213.49), 0.000968437 s/step
field decay(t = 220.08333333333331): 3.9528227246865024e-08 / 3.9528227246865024e-08 = 1.0
field decay(t = 240.09375): 7.951347834578859e-08 / 7.951347834578859e-08 = 1.0
on time step 24620 (time=256.458), 0.000969848 s/step
field decay(t = 260.10416666666663): 1.942348231128875e-07 / 1.942348231128875e-07 = 1.0
field decay(t = 280.1145833333333): 3.8347591823829864e-07 / 3.8347591823829864e-07 = 1.0
on time step 28750 (time=299.479), 0.000968741 s/step
field decay(t = 300.125): 7.341905186648199e-07 / 7.341905186648199e-07 = 1.0
field decay(t = 320.13541666666663): 1.3827291914045891e-06 / 1.3827291914045891e-06 = 1.0
field decay(t = 340.1458333333333): 3.004863733677525e-06 / 3.004863733677525e-06 = 1.0
on time step 32885 (time=342.552), 0.000967501 s/step
field decay(t = 360.15625): 5.69797135424753e-06 / 5.69797135424753e-06 = 1.0
field decay(t = 380.16666666666663): 1.0185254365854628e-05 / 1.0185254365854628e-05 = 1.0
on time step 37006 (time=385.479), 0.000970775 s/step
field decay(t = 400.1770833333333): 1.789605126439047e-05 / 1.789605126439047e-05 = 1.0
field decay(t = 420.1875): 3.37247782904601e-05 / 3.37247782904601e-05 = 1.0
on time step 41139 (time=428.531), 0.000968037 s/step
field decay(t = 440.19791666666663): 6.266147826505943e-05 / 6.266147826505943e-05 = 1.0
field decay(t = 460.2083333333333): 0.00010439999897714058 / 0.00010439999897714058 = 1.0
on time step 45263 (time=471.49), 0.000970066 s/step
field decay(t = 480.21875): 0.00017104494660825207 / 0.00017104494660825207 = 1.0
field decay(t = 500.22916666666663): 0.0002758260060570879 / 0.0002758260060570879 = 1.0
on time step 49401 (time=514.594), 0.000966834 s/step
field decay(t = 520.2291666666666): 0.0005084740323234977 / 0.0005084740323234977 = 1.0
field decay(t = 540.2395833333333): 0.0007895579840863984 / 0.0007895579840863984 = 1.0
on time step 53536 (time=557.667), 0.000967457 s/step
field decay(t = 560.25): 0.0012061160420329994 / 0.0012061160420329994 = 1.0
field decay(t = 580.2604166666666): 0.001812968204990026 / 0.001812968204990026 = 1.0
field decay(t = 600.2708333333333): 0.0030439663588475675 / 0.0030439663588475675 = 1.0
on time step 57668 (time=600.708), 0.000968205 s/step
field decay(t = 620.28125): 0.004405919700800306 / 0.004405919700800306 = 1.0
field decay(t = 640.2916666666666): 0.0062746708511723205 / 0.0062746708511723205 = 1.0
on time step 61787 (time=643.615), 0.000971175 s/step
field decay(t = 660.3020833333333): 0.008792281672890416 / 0.008792281672890416 = 1.0
field decay(t = 680.3125): 0.013444036093278315 / 0.013444036093278315 = 1.0
on time step 65928 (time=686.75), 0.00096615 s/step
field decay(t = 700.3229166666666): 0.01814001022114239 / 0.01814001022114239 = 1.0
field decay(t = 720.3333333333333): 0.02408361536847362 / 0.02408361536847362 = 1.0
on time step 70066 (time=729.854), 0.000966751 s/step
field decay(t = 740.34375): 0.03145982357149882 / 0.03145982357149882 = 1.0
field decay(t = 760.3541666666666): 0.043807664277508436 / 0.043807664277508436 = 1.0
on time step 74211 (time=773.031), 0.0009652 s/step
field decay(t = 780.3645833333333): 0.05510331292067335 / 0.05510331292067335 = 1.0
field decay(t = 800.375): 0.06820035464738973 / 0.06820035464738973 = 1.0
on time step 78343 (time=816.073), 0.000968126 s/step
field decay(t = 820.3854166666666): 0.08305174712956942 / 0.08305174712956942 = 1.0
field decay(t = 840.3958333333333): 0.10527113071665793 / 0.10527113071665793 = 1.0
on time step 82480 (time=859.167), 0.000967106 s/step
field decay(t = 860.40625): 0.12349720707735226 / 0.12349720707735226 = 1.0
field decay(t = 880.4166666666666): 0.1424908760192114 / 0.1424908760192114 = 1.0
field decay(t = 900.4270833333333): 0.1617616746169477 / 0.1617616746169477 = 1.0
on time step 86618 (time=902.271), 0.000966697 s/step
field decay(t = 920.4375): 0.1843068677424338 / 0.1843068677424338 = 1.0
field decay(t = 940.4479166666666): 0.20420791661290402 / 0.20420791661290402 = 1.0
on time step 90743 (time=945.24), 0.000969882 s/step
field decay(t = 960.4583333333333): 0.21964596821111992 / 0.21964596821111992 = 1.0
field decay(t = 980.46875): 0.23245432563630733 / 0.23245432563630733 = 1.0
on time step 94916 (time=988.708), 0.000958758 s/step
field decay(t = 1000.4791666666666): 0.2420592990426364 / 0.2420592990426364 = 1.0
field decay(t = 1020.4895833333333): 0.249128485668725 / 0.249128485668725 = 1.0
on time step 99068 (time=1031.96), 0.000963402 s/step
field decay(t = 1040.4895833333333): 0.25002778818516386 / 0.25002778818516386 = 1.0
field decay(t = 1060.5): 0.2491301081097768 / 0.25002778818516386 = 0.996409678772496
on time step 103378 (time=1076.85), 0.000928243 s/step
field decay(t = 1080.5104166666665): 0.2444654762739583 / 0.25002778818516386 = 0.9777532251451736
field decay(t = 1100.5208333333333): 0.23603766334255644 / 0.25002778818516386 = 0.9440457201011325
field decay(t = 1120.53125): 0.21964439350220352 / 0.25002778818516386 = 0.8784799285571442
on time step 108862 (time=1133.98), 0.000729433 s/step
field decay(t = 1140.5416666666665): 0.20420966683902894 / 0.25002778818516386 = 0.8167478835904302
field decay(t = 1160.5520833333333): 0.18680663416336468 / 0.25002778818516386 = 0.747143489606926
field decay(t = 1180.5625): 0.16814277964748056 / 0.25002778818516386 = 0.672496368775452
on time step 113797 (time=1185.39), 0.000810656 s/step
field decay(t = 1200.5729166666665): 0.142489803676357 / 0.25002778818516386 = 0.5698958692176762
field decay(t = 1220.5833333333333): 0.12349854894810895 / 0.25002778818516386 = 0.49393929308629186
on time step 118720 (time=1236.67), 0.000812603 s/step
field decay(t = 1240.59375): 0.10531781356579548 / 0.25002778818516386 = 0.4212244340129103
field decay(t = 1260.6041666666665): 0.08837162787327017 / 0.25002778818516386 = 0.35344722486535984
field decay(t = 1280.6145833333333): 0.06819973299204864 / 0.25002778818516386 = 0.272768612989296
on time step 123642 (time=1287.94), 0.000812767 s/step
field decay(t = 1300.625): 0.05510404954890241 / 0.25002778818516386 = 0.22039170105401978
field decay(t = 1320.6354166666665): 0.043807327173448374 / 0.25002778818516386 = 0.17520983364059456
on time step 128553 (time=1339.09), 0.000814656 s/step
field decay(t = 1340.6458333333333): 0.03426757324102677 / 0.25002778818516386 = 0.13705505891868758
field decay(t = 1360.65625): 0.025604970623168036 / 0.25002778818516386 = 0.10240849950728549
field decay(t = 1380.6666666666665): 0.018140199408883288 / 0.25002778818516386 = 0.07255273320039589
on time step 133554 (time=1391.19), 0.000799957 s/step
field decay(t = 1400.6770833333333): 0.013443946018952147 / 0.25002778818516386 = 0.05376980741434997
field decay(t = 1420.6875): 0.009803702831477353 / 0.25002778818516386 = 0.039210452976598725
field decay(t = 1440.6979166666665): 0.006992437960551919 / 0.25002778818516386 = 0.02796664327316093
on time step 138531 (time=1443.03), 0.000803734 s/step
field decay(t = 1460.7083333333333): 0.004405922374513624 / 0.25002778818516386 = 0.017621730794381608
field decay(t = 1480.71875): 0.0030439865782740405 / 0.25002778818516386 = 0.012174593073709654
on time step 143510 (time=1494.9), 0.000803466 s/step
field decay(t = 1500.7291666666665): 0.0020693417682976435 / 0.25002778818516386 = 0.008276447123409917
field decay(t = 1520.7395833333333): 0.0013841292124731892 / 0.25002778818516386 = 0.005535901519266892
field decay(t = 1540.75): 0.0007895360038719984 / 0.25002778818516386 = 0.0031577930181396047
on time step 148499 (time=1546.86), 0.000801789 s/step
field decay(t = 1560.7604166666665): 0.0005085168626755219 / 0.25002778818516386 = 0.0020338413836582356
field decay(t = 1580.7708333333333): 0.0003222539501648005 / 0.25002778818516386 = 0.001288872538944143
on time step 153486 (time=1598.81), 0.000802254 s/step
field decay(t = 1600.78125): 0.0002009492008889539 / 0.25002778818516386 = 0.0008037074692679213
field decay(t = 1620.7916666666665): 0.00010438924874575034 / 0.25002778818516386 = 0.00041751058753694396
field decay(t = 1640.8020833333333): 6.267621932613631e-05 / 0.25002778818516386 = 0.00025067701386743453
on time step 158477 (time=1650.8), 0.000801477 s/step
field decay(t = 1660.8125): 3.702758454354875e-05 / 0.25002778818516386 = 0.00014809387713387727
field decay(t = 1680.8229166666665): 2.1528661526691886e-05 / 0.25002778818516386 = 8.610507529166453e-05
field decay(t = 1700.8333333333333): 1.0182267395474495e-05 / 0.25002778818516386 = 4.072454293733855e-05
on time step 163464 (time=1702.75), 0.000802117 s/step
field decay(t = 1720.84375): 5.70015016499238e-06 / 0.25002778818516386 = 2.279806659238613e-05
field decay(t = 1740.8541666666665): 3.1392828038840196e-06 / 0.25002778818516386 = 1.2555735611111959e-05
on time step 168432 (time=1754.5), 0.000805271 s/step
field decay(t = 1760.8645833333333): 1.7020269956305768e-06 / 0.25002778818516386 = 6.807351326765733e-06
field decay(t = 1780.875): 7.336987335788471e-07 / 0.25002778818516386 = 2.9344687600703387e-06
field decay(t = 1800.8854166666665): 3.8313694785639654e-07 / 0.25002778818516386 = 1.5323774634708027e-06
on time step 173411 (time=1806.36), 0.00080344 s/step
field decay(t = 1820.8958333333333): 1.9666376236043613e-07 / 0.25002778818516386 = 7.86567620295038e-07
field decay(t = 1840.90625): 9.944206855136428e-08 / 0.25002778818516386 = 3.9772406608548714e-07
on time step 178392 (time=1858.25), 0.000803083 s/step
field decay(t = 1860.9166666666665): 4.3184200675266295e-08 / 0.25002778818516386 = 1.7271760466594711e-07
field decay(t = 1880.9270833333333): 1.900530021675853e-08 / 0.25002778818516386 = 7.60127518413422e-08
field decay(t = 1900.9375): 9.130025077808613e-09 / 0.25002778818516386 = 3.6516041453149045e-08
on time step 183384 (time=1910.25), 0.000801393 s/step
field decay(t = 1920.9479166666665): 4.328547191499135e-09 / 0.25002778818516386 = 1.731226446035482e-08
field decay(t = 1940.9583333333333): 1.8521670237805225e-09 / 0.25002778818516386 = 7.407844692882126e-09
field decay(t = 1960.96875): 7.165702482911875e-10 / 0.25002778818516386 = 2.865962433585641e-09
on time step 188377 (time=1962.26), 0.000801143 s/step
field decay(t = 1980.9791666666665): 3.2429105953199237e-10 / 0.25002778818516386 = 1.2970200707924157e-09
field decay(t = 2000.9895833333333): 1.458398008378967e-10 / 0.25002778818516386 = 5.832943685839099e-10
on time step 193368 (time=2014.25), 0.000801577 s/step
field decay(t = 2021.0): 6.255325931247092e-11 / 0.25002778818516386 = 2.5018522847606705e-10
field decay(t = 2041.0104166666665): 2.2131585722028766e-11 / 0.25002778818516386 = 8.851650403609822e-11
field decay(t = 2061.0104166666665): 4.0953919872416993e-10 / 0.25002778818516386 = 1.6379747295163697e-09
run 0 finished at t = 2061.0104166666665 (197857 timesteps)
-----------
Initializing structure...
Splitting into 16 chunks by voxels
time for choose_chunkdivision = 0.000794185 s
Working in 2D dimensions.
Computational cell is 50 x 49 x 0 with resolution 24
     block, center = (0,-4,0)
          size (50,25,1e+20)
          axes (1,0,0), (0,1,0), (0,0,1)
          dielectric constant epsilon diagonal = (1,1,1)
     prism, center = (2.72978,1,5e+19)
          height 1e+20, axis (0,0,1), sidewall angle: 0 radians, 4 vertices:
          (-10,8.5,0)
          (10,8.5,0)
          (15.4596,-6.5,0)
          (-4.54045,-6.5,0)
          dielectric constant epsilon diagonal = (2.07945,2.07945,2.07945)
     prism, center = (2.36581,2,5e+19)
          height 1e+20, axis (0,0,1), sidewall angle: 0 radians, 4 vertices:
          (-8,8.5,0)
          (8,8.5,0)
          (12.7316,-4.5,0)
          (-3.26839,-4.5,0)
          dielectric constant epsilon diagonal = (1,1,1)
time for set_epsilon = 2.11788 s
time for set_conductivity = 0.0514522 s
time for set_conductivity = 0.0492944 s
time for set_conductivity = 0.0517638 s
lorentzian susceptibility: frequency=15.6714, gamma=1.42115
lorentzian susceptibility: frequency=2.02365, gamma=1.3413
lorentzian susceptibility: frequency=1.24613, gamma=2.0309
lorentzian susceptibility: frequency=0.626693, gamma=1.83572
drude susceptibility: frequency=1e-10, gamma=0.0661375
-----------
2026-05-30 13:11:16 [INFO] D11_scaled_deep_groove: [single struct] 3 geometry objects
/home/gyh/miniforge3/envs/meep_mpi/lib/python3.11/site-packages/meep/simulation.py:1664: RuntimeWarning: Note: your sources include frequencies outside the range of validity of the material models. This is fine as long as you eventually only look at outputs (fluxes, resonant modes, etc.) at valid frequencies.
  warnings.warn(warn_src, RuntimeWarning)
/home/gyh/miniforge3/envs/meep_mpi/lib/python3.11/site-packages/meep/simulation.py:1664: RuntimeWarning: Note: your sources include frequencies outside the range of validity of the material models. This is fine as long as you eventually only look at outputs (fluxes, resonant modes, etc.) at valid frequencies.
  warnings.warn(warn_src, RuntimeWarning)
/home/gyh/miniforge3/envs/meep_mpi/lib/python3.11/site-packages/meep/simulation.py:1664: RuntimeWarning: Note: your sources include frequencies outside the range of validity of the material models. This is fine as long as you eventually only look at outputs (fluxes, resonant modes, etc.) at valid frequencies.
  warnings.warn(warn_src, RuntimeWarning)
/home/gyh/miniforge3/envs/meep_mpi/lib/python3.11/site-packages/meep/simulation.py:1664: RuntimeWarning: Note: your sources include frequencies outside the range of validity of the material models. This is fine as long as you eventually only look at outputs (fluxes, resonant modes, etc.) at valid frequencies.
  warnings.warn(warn_src, RuntimeWarning)
/home/gyh/miniforge3/envs/meep_mpi/lib/python3.11/site-packages/meep/simulation.py:1664: RuntimeWarning: Note: your sources include frequencies outside the range of validity of the material models. This is fine as long as you eventually only look at outputs (fluxes, resonant modes, etc.) at valid frequencies.
  warnings.warn(warn_src, RuntimeWarning)
/home/gyh/miniforge3/envs/meep_mpi/lib/python3.11/site-packages/meep/simulation.py:1664: RuntimeWarning: Note: your sources include frequencies outside the range of validity of the material models. This is fine as long as you eventually only look at outputs (fluxes, resonant modes, etc.) at valid frequencies.
  warnings.warn(warn_src, RuntimeWarning)
/home/gyh/miniforge3/envs/meep_mpi/lib/python3.11/site-packages/meep/simulation.py:1664: RuntimeWarning: Note: your sources include frequencies outside the range of validity of the material models. This is fine as long as you eventually only look at outputs (fluxes, resonant modes, etc.) at valid frequencies.
  warnings.warn(warn_src, RuntimeWarning)
/home/gyh/miniforge3/envs/meep_mpi/lib/python3.11/site-packages/meep/simulation.py:1664: RuntimeWarning: Note: your sources include frequencies outside the range of validity of the material models. This is fine as long as you eventually only look at outputs (fluxes, resonant modes, etc.) at valid frequencies.
  warnings.warn(warn_src, RuntimeWarning)
/home/gyh/miniforge3/envs/meep_mpi/lib/python3.11/site-packages/meep/simulation.py:1664: RuntimeWarning: Note: your sources include frequencies outside the range of validity of the material models. This is fine as long as you eventually only look at outputs (fluxes, resonant modes, etc.) at valid frequencies.
  warnings.warn(warn_src, RuntimeWarning)
/home/gyh/miniforge3/envs/meep_mpi/lib/python3.11/site-packages/meep/simulation.py:1664: RuntimeWarning: Note: your sources include frequencies outside the range of validity of the material models. This is fine as long as you eventually only look at outputs (fluxes, resonant modes, etc.) at valid frequencies.
  warnings.warn(warn_src, RuntimeWarning)
/home/gyh/miniforge3/envs/meep_mpi/lib/python3.11/site-packages/meep/simulation.py:1664: RuntimeWarning: Note: your sources include frequencies outside the range of validity of the material models. This is fine as long as you eventually only look at outputs (fluxes, resonant modes, etc.) at valid frequencies.
  warnings.warn(warn_src, RuntimeWarning)
/home/gyh/miniforge3/envs/meep_mpi/lib/python3.11/site-packages/meep/simulation.py:1664: RuntimeWarning: Note: your sources include frequencies outside the range of validity of the material models. This is fine as long as you eventually only look at outputs (fluxes, resonant modes, etc.) at valid frequencies.
  warnings.warn(warn_src, RuntimeWarning)
/home/gyh/miniforge3/envs/meep_mpi/lib/python3.11/site-packages/meep/simulation.py:1664: RuntimeWarning: Note: your sources include frequencies outside the range of validity of the material models. This is fine as long as you eventually only look at outputs (fluxes, resonant modes, etc.) at valid frequencies.
  warnings.warn(warn_src, RuntimeWarning)
/home/gyh/miniforge3/envs/meep_mpi/lib/python3.11/site-packages/meep/simulation.py:1664: RuntimeWarning: Note: your sources include frequencies outside the range of validity of the material models. This is fine as long as you eventually only look at outputs (fluxes, resonant modes, etc.) at valid frequencies.
  warnings.warn(warn_src, RuntimeWarning)
/home/gyh/miniforge3/envs/meep_mpi/lib/python3.11/site-packages/meep/simulation.py:1664: RuntimeWarning: Note: your sources include frequencies outside the range of validity of the material models. This is fine as long as you eventually only look at outputs (fluxes, resonant modes, etc.) at valid frequencies.
  warnings.warn(warn_src, RuntimeWarning)
/home/gyh/miniforge3/envs/meep_mpi/lib/python3.11/site-packages/meep/simulation.py:1664: RuntimeWarning: Note: your sources include frequencies outside the range of validity of the material models. This is fine as long as you eventually only look at outputs (fluxes, resonant modes, etc.) at valid frequencies.
  warnings.warn(warn_src, RuntimeWarning)
on time step 404 (time=4.20833), 0.00991213 s/step
on time step 828 (time=8.625), 0.00943987 s/step
on time step 1256 (time=13.0833), 0.00936277 s/step
on time step 1685 (time=17.5521), 0.00933808 s/step
field decay(t = 20.010416666666664): 4.283817394690116e-10 / 4.283817394690116e-10 = 1.0
on time step 2112 (time=22), 0.00937705 s/step
on time step 2541 (time=26.4688), 0.00934511 s/step
on time step 2969 (time=30.9271), 0.00934976 s/step
on time step 3397 (time=35.3854), 0.00935916 s/step
on time step 3826 (time=39.8542), 0.00933415 s/step
field decay(t = 40.010416666666664): 7.733908311733843e-11 / 4.283817394690116e-10 = 0.1805377680505287
on time step 4253 (time=44.3021), 0.0093829 s/step
on time step 4680 (time=48.75), 0.00937244 s/step
on time step 5107 (time=53.1979), 0.00937094 s/step
on time step 5534 (time=57.6458), 0.00938332 s/step
field decay(t = 60.02083333333333): 1.7075849604590966e-10 / 4.283817394690116e-10 = 0.3986129200034728
on time step 5962 (time=62.1042), 0.00936723 s/step
on time step 6391 (time=66.5729), 0.00933614 s/step
on time step 6819 (time=71.0312), 0.00935212 s/step
on time step 7247 (time=75.4896), 0.00936314 s/step
on time step 7674 (time=79.9375), 0.00937493 s/step
field decay(t = 80.02083333333333): 3.192649703435561e-10 / 4.283817394690116e-10 = 0.7452814649366052
on time step 8101 (time=84.3854), 0.0093794 s/step
on time step 8529 (time=88.8438), 0.00935461 s/step
on time step 8956 (time=93.2917), 0.00937926 s/step
on time step 9384 (time=97.75), 0.00935506 s/step
field decay(t = 100.03125): 6.750039477619285e-10 / 6.750039477619285e-10 = 1.0
on time step 9812 (time=102.208), 0.00936387 s/step
on time step 10240 (time=106.667), 0.00936282 s/step
on time step 10668 (time=111.125), 0.00936538 s/step
on time step 11096 (time=115.583), 0.00936773 s/step
field decay(t = 120.04166666666666): 1.4249504010314587e-09 / 1.4249504010314587e-09 = 1.0
on time step 11524 (time=120.042), 0.00935235 s/step
on time step 11953 (time=124.51), 0.00933947 s/step
on time step 12380 (time=128.958), 0.0093842 s/step
on time step 12807 (time=133.406), 0.00937645 s/step
on time step 13235 (time=137.865), 0.00934601 s/step
field decay(t = 140.04166666666666): 3.266747487479159e-09 / 3.266747487479159e-09 = 1.0
on time step 13663 (time=142.323), 0.00936322 s/step
on time step 14091 (time=146.781), 0.00934892 s/step
on time step 14519 (time=151.24), 0.0093561 s/step
on time step 14948 (time=155.708), 0.00934564 s/step
field decay(t = 160.05208333333331): 6.506993840975601e-09 / 6.506993840975601e-09 = 1.0
on time step 15376 (time=160.167), 0.00936798 s/step
on time step 15805 (time=164.635), 0.0093325 s/step
on time step 16226 (time=169.021), 0.00951769 s/step
on time step 16644 (time=173.375), 0.00959028 s/step
on time step 17062 (time=177.729), 0.00957598 s/step
field decay(t = 180.0625): 1.78939196776242e-08 / 1.78939196776242e-08 = 1.0
on time step 17480 (time=182.083), 0.00958175 s/step
on time step 17898 (time=186.438), 0.00959095 s/step
on time step 18315 (time=190.781), 0.00959577 s/step
on time step 18733 (time=195.135), 0.00958074 s/step
on time step 19151 (time=199.49), 0.0095797 s/step
field decay(t = 200.07291666666666): 3.7261424726276034e-08 / 3.7261424726276034e-08 = 1.0
on time step 19568 (time=203.833), 0.00959748 s/step
on time step 19986 (time=208.188), 0.00958401 s/step
on time step 20403 (time=212.531), 0.00960096 s/step
on time step 20819 (time=216.865), 0.00962937 s/step
field decay(t = 220.08333333333331): 7.687908392834309e-08 / 7.687908392834309e-08 = 1.0
on time step 21234 (time=221.188), 0.0096416 s/step
on time step 21650 (time=225.521), 0.00963672 s/step
on time step 22066 (time=229.854), 0.0096295 s/step
on time step 22482 (time=234.188), 0.00963061 s/step
on time step 22898 (time=238.521), 0.00962992 s/step
field decay(t = 240.09375): 1.5579424060813982e-07 / 1.5579424060813982e-07 = 1.0
on time step 23316 (time=242.875), 0.0095868 s/step
on time step 23733 (time=247.219), 0.00959584 s/step
on time step 24150 (time=251.562), 0.00959279 s/step
on time step 24567 (time=255.906), 0.00959454 s/step
field decay(t = 260.10416666666663): 3.7981548030136324e-07 / 3.7981548030136324e-07 = 1.0
on time step 24985 (time=260.26), 0.00958603 s/step
on time step 25402 (time=264.604), 0.00959644 s/step
on time step 25819 (time=268.948), 0.00959243 s/step
on time step 26237 (time=273.302), 0.00958278 s/step
on time step 26655 (time=277.656), 0.00958961 s/step
field decay(t = 280.1145833333333): 7.60250539205923e-07 / 7.60250539205923e-07 = 1.0
on time step 27073 (time=282.01), 0.00957834 s/step
on time step 27491 (time=286.365), 0.00958658 s/step
on time step 27909 (time=290.719), 0.00958793 s/step
on time step 28327 (time=295.073), 0.00959105 s/step
on time step 28745 (time=299.427), 0.00959234 s/step
field decay(t = 300.125): 1.4606062175337428e-06 / 1.4606062175337428e-06 = 1.0
on time step 29163 (time=303.781), 0.00958621 s/step
on time step 29580 (time=308.125), 0.0095967 s/step
on time step 29997 (time=312.469), 0.00960162 s/step
on time step 30415 (time=316.823), 0.00959009 s/step
field decay(t = 320.13541666666663): 2.775292177641927e-06 / 2.775292177641927e-06 = 1.0
on time step 30833 (time=321.177), 0.00959047 s/step
on time step 31251 (time=325.531), 0.00957081 s/step
on time step 31668 (time=329.875), 0.00959238 s/step
on time step 32085 (time=334.219), 0.00959298 s/step
on time step 32503 (time=338.573), 0.00957982 s/step
field decay(t = 340.1458333333333): 6.064438571872347e-06 / 6.064438571872347e-06 = 1.0
on time step 32921 (time=342.927), 0.00959021 s/step
on time step 33338 (time=347.271), 0.00960063 s/step
on time step 33756 (time=351.625), 0.00958398 s/step
on time step 34173 (time=355.969), 0.0096012 s/step
field decay(t = 360.15625): 1.1624186790376155e-05 / 1.1624186790376155e-05 = 1.0
on time step 34590 (time=360.312), 0.00960119 s/step
on time step 35007 (time=364.656), 0.00959546 s/step
on time step 35425 (time=369.01), 0.00958606 s/step
on time step 35843 (time=373.365), 0.00958249 s/step
on time step 36261 (time=377.719), 0.00958863 s/step
field decay(t = 380.16666666666663): 2.0925350358423104e-05 / 2.0925350358423104e-05 = 1.0
on time step 36678 (time=382.062), 0.00960231 s/step
on time step 37096 (time=386.417), 0.00958505 s/step
on time step 37513 (time=390.76), 0.0095961 s/step
on time step 37931 (time=395.115), 0.00957906 s/step
on time step 38349 (time=399.469), 0.0095883 s/step
field decay(t = 400.1770833333333): 3.702219635581777e-05 / 3.702219635581777e-05 = 1.0
on time step 38767 (time=403.823), 0.00958556 s/step
on time step 39184 (time=408.167), 0.009603 s/step
on time step 39602 (time=412.521), 0.00958476 s/step
on time step 40019 (time=416.865), 0.00959364 s/step
field decay(t = 420.1875): 7.0265743996906e-05 / 7.0265743996906e-05 = 1.0
on time step 40437 (time=421.219), 0.00957133 s/step
on time step 40855 (time=425.573), 0.00958101 s/step
on time step 41273 (time=429.927), 0.0095786 s/step
on time step 41691 (time=434.281), 0.00959101 s/step
on time step 42109 (time=438.635), 0.00957625 s/step
field decay(t = 440.19791666666663): 0.00013191951260291737 / 0.00013191951260291737 = 1.0
on time step 42526 (time=442.979), 0.00960115 s/step
on time step 42944 (time=447.333), 0.00958127 s/step
on time step 43361 (time=451.677), 0.00959502 s/step
on time step 43778 (time=456.021), 0.00959549 s/step
field decay(t = 460.2083333333333): 0.0002214305037204132 / 0.0002214305037204132 = 1.0
on time step 44195 (time=460.365), 0.00959274 s/step
on time step 44613 (time=464.719), 0.00958048 s/step
on time step 45031 (time=469.073), 0.00958568 s/step
on time step 45449 (time=473.427), 0.00958524 s/step
on time step 45867 (time=477.781), 0.00957199 s/step
field decay(t = 480.21875): 0.00036558184083544453 / 0.00036558184083544453 = 1.0
on time step 46285 (time=482.135), 0.00959095 s/step
on time step 46703 (time=486.49), 0.00957939 s/step
on time step 47121 (time=490.844), 0.00958044 s/step
on time step 47538 (time=495.188), 0.00959588 s/step
on time step 47956 (time=499.542), 0.00958173 s/step
field decay(t = 500.22916666666663): 0.0005941870013026465 / 0.0005941870013026465 = 1.0
on time step 48374 (time=503.896), 0.00957183 s/step
on time step 48796 (time=508.292), 0.00949603 s/step
on time step 49216 (time=512.667), 0.00952923 s/step
on time step 49636 (time=517.042), 0.00952649 s/step
field decay(t = 520.2291666666666): 0.0011070656784456206 / 0.0011070656784456206 = 1.0
on time step 50057 (time=521.427), 0.00951887 s/step
on time step 50479 (time=525.823), 0.009501 s/step
on time step 50899 (time=530.198), 0.00953634 s/step
on time step 51319 (time=534.573), 0.00952756 s/step
on time step 51740 (time=538.958), 0.00951347 s/step
field decay(t = 540.2395833333333): 0.0017330770059937521 / 0.0017330770059937521 = 1.0
on time step 52161 (time=543.344), 0.00952269 s/step
on time step 52581 (time=547.719), 0.00952416 s/step
on time step 53002 (time=552.104), 0.00951394 s/step
on time step 53423 (time=556.49), 0.00952154 s/step
field decay(t = 560.25): 0.0026695290838814134 / 0.0026695290838814134 = 1.0
on time step 53844 (time=560.875), 0.0095151 s/step
on time step 54264 (time=565.25), 0.00953037 s/step
on time step 54685 (time=569.635), 0.0095095 s/step
on time step 55106 (time=574.021), 0.00952234 s/step
on time step 55527 (time=578.406), 0.00951475 s/step
field decay(t = 580.2604166666666): 0.004046622600946251 / 0.004046622600946251 = 1.0
on time step 55947 (time=582.781), 0.00953502 s/step
on time step 56368 (time=587.167), 0.00950707 s/step
on time step 56787 (time=591.531), 0.00955256 s/step
on time step 57208 (time=595.917), 0.00952182 s/step
field decay(t = 600.2708333333333): 0.0068726739387206595 / 0.0068726739387206595 = 1.0
on time step 57628 (time=600.292), 0.00953835 s/step
on time step 58048 (time=604.667), 0.00953404 s/step
on time step 58469 (time=609.052), 0.00952259 s/step
on time step 58890 (time=613.438), 0.00952127 s/step
on time step 59311 (time=617.823), 0.00951821 s/step
field decay(t = 620.28125): 0.010035124522896259 / 0.010035124522896259 = 1.0
on time step 59731 (time=622.198), 0.00952419 s/step
on time step 60152 (time=626.583), 0.00951579 s/step
on time step 60574 (time=630.979), 0.00949683 s/step
on time step 60996 (time=635.375), 0.00949633 s/step
on time step 61416 (time=639.75), 0.00953944 s/step
field decay(t = 640.2916666666666): 0.014419794416001018 / 0.014419794416001018 = 1.0
on time step 61837 (time=644.135), 0.00950856 s/step
on time step 62257 (time=648.51), 0.00952989 s/step
on time step 62678 (time=652.896), 0.00950413 s/step
on time step 63099 (time=657.281), 0.00951728 s/step
field decay(t = 660.3020833333333): 0.02039020791738556 / 0.02039020791738556 = 1.0
on time step 63520 (time=661.667), 0.00951862 s/step
on time step 63941 (time=666.052), 0.00950782 s/step
on time step 64361 (time=670.427), 0.00953339 s/step
on time step 64781 (time=674.802), 0.00952724 s/step
on time step 65202 (time=679.188), 0.00950781 s/step
field decay(t = 680.3125): 0.031567729941497466 / 0.031567729941497466 = 1.0
on time step 65623 (time=683.573), 0.00951144 s/step
on time step 66044 (time=687.958), 0.00952017 s/step
on time step 66464 (time=692.333), 0.00953502 s/step
on time step 66884 (time=696.708), 0.00952862 s/step
field decay(t = 700.3229166666666): 0.04300034632954415 / 0.04300034632954415 = 1.0
on time step 67304 (time=701.083), 0.00953091 s/step
on time step 67725 (time=705.469), 0.00950975 s/step
on time step 68144 (time=709.833), 0.00954824 s/step
on time step 68564 (time=714.208), 0.00952611 s/step
on time step 68985 (time=718.594), 0.00952145 s/step
field decay(t = 720.3333333333333): 0.05764483211708588 / 0.05764483211708588 = 1.0
on time step 69406 (time=722.979), 0.00952347 s/step
on time step 69827 (time=727.365), 0.00950965 s/step
on time step 70247 (time=731.74), 0.00954118 s/step
on time step 70668 (time=736.125), 0.00951111 s/step
field decay(t = 740.34375): 0.07604733854127203 / 0.07604733854127203 = 1.0
on time step 71088 (time=740.5), 0.00953527 s/step
on time step 71508 (time=744.875), 0.00953185 s/step
on time step 71929 (time=749.26), 0.00952154 s/step
on time step 72351 (time=753.656), 0.00949844 s/step
on time step 72772 (time=758.042), 0.00951989 s/step
field decay(t = 760.3541666666666): 0.10733032465928868 / 0.10733032465928868 = 1.0
on time step 73192 (time=762.417), 0.00953298 s/step
on time step 73614 (time=766.812), 0.00948841 s/step
on time step 74035 (time=771.198), 0.00952015 s/step
on time step 74455 (time=775.573), 0.00952823 s/step
on time step 74876 (time=779.958), 0.00951876 s/step
field decay(t = 780.3645833333333): 0.1364090754627127 / 0.1364090754627127 = 1.0
on time step 75297 (time=784.344), 0.00950257 s/step
on time step 75718 (time=788.729), 0.00952073 s/step
on time step 76141 (time=793.135), 0.00947138 s/step
on time step 76563 (time=797.531), 0.00948183 s/step
field decay(t = 800.375): 0.17061960100442303 / 0.17061960100442303 = 1.0
on time step 76986 (time=801.938), 0.0094695 s/step
on time step 77410 (time=806.354), 0.00945501 s/step
on time step 77832 (time=810.75), 0.00948058 s/step
on time step 78256 (time=815.167), 0.00944488 s/step
on time step 78680 (time=819.583), 0.00943771 s/step
field decay(t = 820.3854166666666): 0.21002416591516504 / 0.21002416591516504 = 1.0
on time step 79102 (time=823.979), 0.00948898 s/step
on time step 79527 (time=828.406), 0.00943138 s/step
on time step 79950 (time=832.812), 0.00947491 s/step
on time step 80373 (time=837.219), 0.00947063 s/step
field decay(t = 840.3958333333333): 0.27025699055136493 / 0.27025699055136493 = 1.0
on time step 80797 (time=841.635), 0.00944869 s/step
on time step 81221 (time=846.052), 0.00943829 s/step
on time step 81648 (time=850.5), 0.00936974 s/step
on time step 82075 (time=854.948), 0.00938727 s/step
on time step 82502 (time=859.396), 0.00937144 s/step
field decay(t = 860.40625): 0.3205389903101728 / 0.3205389903101728 = 1.0
on time step 82930 (time=863.854), 0.00936123 s/step
on time step 83343 (time=868.156), 0.00970458 s/step
on time step 83755 (time=872.448), 0.00970991 s/step
on time step 84168 (time=876.75), 0.00970143 s/step
field decay(t = 880.4166666666666): 0.37413445167847614 / 0.37413445167847614 = 1.0
on time step 84581 (time=881.052), 0.0096944 s/step
on time step 84997 (time=885.385), 0.00963226 s/step
on time step 85433 (time=889.927), 0.00917482 s/step
on time step 85870 (time=894.479), 0.00915675 s/step
on time step 86304 (time=899), 0.00923374 s/step
field decay(t = 900.4270833333333): 0.429786320250247 / 0.429786320250247 = 1.0
on time step 86736 (time=903.5), 0.0092629 s/step
on time step 87168 (time=908), 0.00926491 s/step
on time step 87600 (time=912.5), 0.00926789 s/step
on time step 88032 (time=917), 0.00926493 s/step
field decay(t = 920.4375): 0.4993784405838365 / 0.4993784405838365 = 1.0
on time step 88464 (time=921.5), 0.00925993 s/step
on time step 88896 (time=926), 0.00926717 s/step
on time step 89328 (time=930.5), 0.00926359 s/step
on time step 89760 (time=935), 0.00926565 s/step
on time step 90192 (time=939.5), 0.00927797 s/step
field decay(t = 940.4479166666666): 0.5583328557393106 / 0.5583328557393106 = 1.0
on time step 90624 (time=944), 0.00926847 s/step
on time step 91056 (time=948.5), 0.00926819 s/step
on time step 91488 (time=953), 0.00926468 s/step
on time step 91920 (time=957.5), 0.00926451 s/step
field decay(t = 960.4583333333333): 0.6082549047020536 / 0.6082549047020536 = 1.0
on time step 92352 (time=962), 0.00926022 s/step
on time step 92785 (time=966.51), 0.0092573 s/step
on time step 93217 (time=971.01), 0.009264 s/step
on time step 93649 (time=975.51), 0.0092727 s/step
on time step 94081 (time=980.01), 0.00926828 s/step
field decay(t = 980.46875): 0.6521984478953645 / 0.6521984478953645 = 1.0
on time step 94513 (time=984.51), 0.00927245 s/step
on time step 94945 (time=989.01), 0.0092635 s/step
on time step 95380 (time=993.542), 0.00920027 s/step
on time step 95818 (time=998.104), 0.00914207 s/step
field decay(t = 1000.4791666666666): 0.6883034031185518 / 0.6883034031185518 = 1.0
on time step 96255 (time=1002.66), 0.00915436 s/step
on time step 96692 (time=1007.21), 0.00915368 s/step
on time step 97130 (time=1011.77), 0.00914049 s/step
on time step 97568 (time=1016.33), 0.00913321 s/step
field decay(t = 1020.4895833333333): 0.7215605657854288 / 0.7215605657854288 = 1.0
on time step 98006 (time=1020.9), 0.00913913 s/step
on time step 98444 (time=1025.46), 0.00913421 s/step
on time step 98881 (time=1030.01), 0.0091669 s/step
on time step 99318 (time=1034.56), 0.00916283 s/step
on time step 99756 (time=1039.12), 0.00914903 s/step
field decay(t = 1040.4895833333333): 0.7338589813708494 / 0.7338589813708494 = 1.0
on time step 100194 (time=1043.69), 0.00914992 s/step
on time step 100631 (time=1048.24), 0.00916884 s/step
on time step 101069 (time=1052.8), 0.00913251 s/step
on time step 101507 (time=1057.36), 0.00914226 s/step
field decay(t = 1060.5): 0.7356823148001397 / 0.7356823148001397 = 1.0
on time step 101945 (time=1061.93), 0.00914426 s/step
on time step 102383 (time=1066.49), 0.00913876 s/step
on time step 102819 (time=1071.03), 0.00917781 s/step
on time step 103255 (time=1075.57), 0.0091827 s/step
on time step 103691 (time=1080.11), 0.00918465 s/step
field decay(t = 1080.5104166666665): 0.7323462905352041 / 0.7356823148001397 = 0.9954654010327244
on time step 104127 (time=1084.66), 0.00917538 s/step
on time step 104564 (time=1089.21), 0.00917095 s/step
on time step 105002 (time=1093.77), 0.00914254 s/step
on time step 105439 (time=1098.32), 0.009155 s/step
field decay(t = 1100.5208333333333): 0.7178500274083187 / 0.7356823148001397 = 0.9757608861419138
on time step 105876 (time=1102.88), 0.00916071 s/step
on time step 106313 (time=1107.43), 0.00915497 s/step
on time step 106750 (time=1111.98), 0.00915699 s/step
on time step 107187 (time=1116.53), 0.00915448 s/step
field decay(t = 1120.53125): 0.6820221778632753 / 0.7356823148001397 = 0.9270607219211977
on time step 107624 (time=1121.08), 0.00915658 s/step
on time step 108061 (time=1125.64), 0.00915516 s/step
on time step 108498 (time=1130.19), 0.00916437 s/step
on time step 108936 (time=1134.75), 0.00914125 s/step
on time step 109374 (time=1139.31), 0.00915168 s/step
field decay(t = 1140.5416666666665): 0.6443625968656341 / 0.7356823148001397 = 0.8758707174314581
on time step 109812 (time=1143.88), 0.00915055 s/step
on time step 110249 (time=1148.43), 0.0091564 s/step
on time step 110686 (time=1152.98), 0.00915998 s/step
on time step 111124 (time=1157.54), 0.009151 s/step
field decay(t = 1160.5520833333333): 0.5992777628566082 / 0.7356823148001397 = 0.8145876974348798
on time step 111560 (time=1162.08), 0.00918912 s/step
on time step 111997 (time=1166.64), 0.00917201 s/step
on time step 112434 (time=1171.19), 0.00916698 s/step
on time step 112871 (time=1175.74), 0.00915383 s/step
on time step 113306 (time=1180.27), 0.00919701 s/step
field decay(t = 1180.5625): 0.5486445203127079 / 0.7356823148001397 = 0.745762823538522
on time step 113742 (time=1184.81), 0.00918725 s/step
on time step 114179 (time=1189.36), 0.00916301 s/step
on time step 114617 (time=1193.93), 0.00915277 s/step
on time step 115055 (time=1198.49), 0.00914031 s/step
field decay(t = 1200.5729166666665): 0.47594864791229835 / 0.7356823148001397 = 0.6469486058552294
on time step 115493 (time=1203.05), 0.00913494 s/step
on time step 115932 (time=1207.62), 0.00912829 s/step
on time step 116370 (time=1212.19), 0.00913489 s/step
on time step 116809 (time=1216.76), 0.00912778 s/step
field decay(t = 1220.5833333333333): 0.4200531784943042 / 0.7356823148001397 = 0.5709708797450413
on time step 117248 (time=1221.33), 0.0091314 s/step
on time step 117678 (time=1225.81), 0.00930885 s/step
on time step 118082 (time=1230.02), 0.00991107 s/step
on time step 118487 (time=1234.24), 0.00989193 s/step
on time step 118892 (time=1238.46), 0.00989305 s/step
field decay(t = 1240.59375): 0.3649573536338928 / 0.7356823148001397 = 0.4960800963837761
on time step 119296 (time=1242.67), 0.00991391 s/step
on time step 119700 (time=1246.88), 0.0099099 s/step
on time step 120105 (time=1251.09), 0.0099 s/step
on time step 120509 (time=1255.3), 0.00990534 s/step
on time step 120913 (time=1259.51), 0.00991549 s/step
field decay(t = 1260.6041666666665): 0.3121501015610197 / 0.7356823148001397 = 0.42430012966374003
on time step 121317 (time=1263.72), 0.00991053 s/step
on time step 121720 (time=1267.92), 0.00992936 s/step
on time step 122123 (time=1272.11), 0.00992879 s/step
on time step 122526 (time=1276.31), 0.00992804 s/step
on time step 122929 (time=1280.51), 0.00993672 s/step
field decay(t = 1280.6145833333333): 0.24733000809139363 / 0.7356823148001397 = 0.3361913194264904
on time step 123332 (time=1284.71), 0.00993371 s/step
on time step 123735 (time=1288.91), 0.00993077 s/step
on time step 124138 (time=1293.1), 0.0099491 s/step
on time step 124541 (time=1297.3), 0.00992955 s/step
field decay(t = 1300.625): 0.20394659316132333 / 0.7356823148001397 = 0.2772210083869269
on time step 124945 (time=1301.51), 0.00991369 s/step
on time step 125349 (time=1305.72), 0.00991517 s/step
on time step 125753 (time=1309.93), 0.00992472 s/step
on time step 126157 (time=1314.14), 0.00992241 s/step
on time step 126561 (time=1318.34), 0.00992303 s/step
field decay(t = 1320.6354166666665): 0.16555523050529009 / 0.7356823148001397 = 0.22503630599067195
on time step 126965 (time=1322.55), 0.00991573 s/step
on time step 127369 (time=1326.76), 0.00992122 s/step
on time step 127773 (time=1330.97), 0.00991217 s/step
on time step 128177 (time=1335.18), 0.00991718 s/step
on time step 128581 (time=1339.39), 0.00990699 s/step
field decay(t = 1340.6458333333333): 0.13229496201429117 / 0.7356823148001397 = 0.17982620942876856
on time step 128985 (time=1343.59), 0.00991254 s/step
on time step 129389 (time=1347.8), 0.00990252 s/step
on time step 129793 (time=1352.01), 0.00992468 s/step
on time step 130196 (time=1356.21), 0.00992668 s/step
on time step 130600 (time=1360.42), 0.00991256 s/step
field decay(t = 1360.65625): 0.10063197313868157 / 0.7356823148001397 = 0.13678726688709367
on time step 131004 (time=1364.62), 0.00990676 s/step
on time step 131407 (time=1368.82), 0.0099278 s/step
on time step 131811 (time=1373.03), 0.00991785 s/step
on time step 132214 (time=1377.23), 0.00993391 s/step
field decay(t = 1380.6666666666665): 0.07373011367228338 / 0.7356823148001397 = 0.10022004360987445
on time step 132618 (time=1381.44), 0.00992413 s/step
on time step 133022 (time=1385.65), 0.00991135 s/step
on time step 133426 (time=1389.85), 0.00990419 s/step
on time step 133829 (time=1394.05), 0.00993102 s/step
on time step 134233 (time=1398.26), 0.00991284 s/step
field decay(t = 1400.6770833333333): 0.05589011017053478 / 0.7356823148001397 = 0.07597044137960317
on time step 134637 (time=1402.47), 0.0099169 s/step
on time step 135040 (time=1406.67), 0.00992614 s/step
on time step 135444 (time=1410.88), 0.0099052 s/step
on time step 135847 (time=1415.07), 0.00993798 s/step
on time step 136250 (time=1419.27), 0.00993446 s/step
field decay(t = 1420.6875): 0.041695070473312286 / 0.7356823148001397 = 0.05667537418598875
on time step 136654 (time=1423.48), 0.00990551 s/step
on time step 137058 (time=1427.69), 0.00990932 s/step
on time step 137462 (time=1431.9), 0.00991335 s/step
on time step 137867 (time=1436.11), 0.00989561 s/step
on time step 138272 (time=1440.33), 0.0098874 s/step
field decay(t = 1440.6979166666665): 0.03046991100607287 / 0.7356823148001397 = 0.04141721282827157
on time step 138677 (time=1444.55), 0.00989314 s/step
on time step 139082 (time=1448.77), 0.00988752 s/step
on time step 139486 (time=1452.98), 0.00990816 s/step
on time step 139891 (time=1457.2), 0.00989439 s/step
field decay(t = 1460.7083333333333): 0.019754869204149164 / 0.7356823148001397 = 0.026852445419346397
on time step 140296 (time=1461.42), 0.00988886 s/step
on time step 140701 (time=1465.64), 0.00988975 s/step
on time step 141106 (time=1469.85), 0.00990035 s/step
on time step 141511 (time=1474.07), 0.00988846 s/step
on time step 141916 (time=1478.29), 0.00988591 s/step
field decay(t = 1480.71875): 0.013951347631684978 / 0.7356823148001397 = 0.01896382086536237
on time step 142321 (time=1482.51), 0.0098801 s/step
on time step 142726 (time=1486.73), 0.00988336 s/step
on time step 143131 (time=1490.95), 0.00989714 s/step
on time step 143536 (time=1495.17), 0.00989269 s/step
on time step 143941 (time=1499.39), 0.00989179 s/step
field decay(t = 1500.7291666666665): 0.009685628224306833 / 0.7356823148001397 = 0.013165503682031687
on time step 144346 (time=1503.6), 0.00988386 s/step
on time step 144751 (time=1507.82), 0.00988326 s/step
on time step 145156 (time=1512.04), 0.00988585 s/step
on time step 145561 (time=1516.26), 0.00988935 s/step
on time step 145966 (time=1520.48), 0.0099007 s/step
field decay(t = 1520.7395833333333): 0.006607428689880318 / 0.7356823148001397 = 0.008981361325336923
on time step 146371 (time=1524.7), 0.00989032 s/step
on time step 146775 (time=1528.91), 0.00991999 s/step
on time step 147178 (time=1533.1), 0.00994247 s/step
on time step 147581 (time=1537.3), 0.00993215 s/step
field decay(t = 1540.75): 0.0038566897582393298 / 0.7356823148001397 = 0.005242330392687316
on time step 147984 (time=1541.5), 0.00993498 s/step
on time step 148388 (time=1545.71), 0.00992288 s/step
on time step 148791 (time=1549.91), 0.00993513 s/step
on time step 149195 (time=1554.11), 0.00991392 s/step
on time step 149599 (time=1558.32), 0.00991335 s/step
field decay(t = 1560.7604166666665): 0.002518358379610678 / 0.7356823148001397 = 0.0034231601452793274
on time step 150003 (time=1562.53), 0.00991705 s/step
on time step 150407 (time=1566.74), 0.00992058 s/step
on time step 150810 (time=1570.94), 0.00992945 s/step
on time step 151211 (time=1575.11), 0.0099807 s/step
on time step 151615 (time=1579.32), 0.00991865 s/step
field decay(t = 1580.7708333333333): 0.0016114246535020055 / 0.7356823148001397 = 0.0021903811211497937
on time step 152019 (time=1583.53), 0.00991635 s/step
on time step 152423 (time=1587.74), 0.00990741 s/step
on time step 152826 (time=1591.94), 0.00992972 s/step
on time step 153229 (time=1596.14), 0.00992677 s/step
on time step 153632 (time=1600.33), 0.00992666 s/step
field decay(t = 1600.78125): 0.0010088926204848891 / 0.7356823148001397 = 0.0013713699516604142
on time step 154036 (time=1604.54), 0.00991252 s/step
on time step 154439 (time=1608.74), 0.00993226 s/step
on time step 154842 (time=1612.94), 0.00992671 s/step
on time step 155246 (time=1617.15), 0.00992273 s/step
field decay(t = 1620.7916666666665): 0.000520561434523968 / 0.7356823148001397 = 0.000707589980147052
on time step 155650 (time=1621.35), 0.00992 s/step
on time step 156054 (time=1625.56), 0.00990394 s/step
on time step 156457 (time=1629.76), 0.00993753 s/step
on time step 156859 (time=1633.95), 0.00997073 s/step
on time step 157263 (time=1638.16), 0.00990544 s/step
field decay(t = 1640.8020833333333): 0.0003071351184926653 / 0.7356823148001397 = 0.00041748335159599924
on time step 157667 (time=1642.36), 0.00990646 s/step
on time step 158071 (time=1646.57), 0.00991918 s/step
on time step 158474 (time=1650.77), 0.00993183 s/step
on time step 158878 (time=1654.98), 0.00992186 s/step
on time step 159281 (time=1659.18), 0.00993917 s/step
field decay(t = 1660.8125): 0.00017567789107292197 / 0.7356823148001397 = 0.00023879586003185054
on time step 159684 (time=1663.38), 0.00993517 s/step
on time step 160087 (time=1667.57), 0.00993679 s/step
on time step 160490 (time=1671.77), 0.00993351 s/step
on time step 160893 (time=1675.97), 0.00994362 s/step
on time step 161295 (time=1680.16), 0.00995814 s/step
field decay(t = 1680.8229166666665): 9.690184583811534e-05 / 0.7356823148001397 = 0.00013171697061175155
on time step 161698 (time=1684.35), 0.00993904 s/step
on time step 162101 (time=1688.55), 0.00993221 s/step
on time step 162505 (time=1692.76), 0.00992535 s/step
on time step 162908 (time=1696.96), 0.00993756 s/step
field decay(t = 1700.8333333333333): 4.901061073989149e-05 / 0.7356823148001397 = 6.661925909311282e-05
on time step 163311 (time=1701.16), 0.00993877 s/step
on time step 163714 (time=1705.35), 0.00994254 s/step
on time step 164117 (time=1709.55), 0.00994279 s/step
on time step 164520 (time=1713.75), 0.00993276 s/step
on time step 164922 (time=1717.94), 0.00995525 s/step
field decay(t = 1720.84375): 1.9965167583641265e-05 / 0.7356823148001397 = 2.7138300298907055e-05
on time step 165324 (time=1722.12), 0.00995808 s/step
on time step 165727 (time=1726.32), 0.00993808 s/step
on time step 166130 (time=1730.52), 0.00994638 s/step
on time step 166533 (time=1734.72), 0.00994215 s/step
on time step 166936 (time=1738.92), 0.00994198 s/step
field decay(t = 1740.8541666666665): 8.986120285485155e-06 / 0.7356823148001397 = 1.2214674873523885e-05
on time step 167338 (time=1743.1), 0.00995928 s/step
on time step 167741 (time=1747.3), 0.00993938 s/step
on time step 168144 (time=1751.5), 0.00993582 s/step
on time step 168547 (time=1755.7), 0.0099265 s/step
on time step 168951 (time=1759.91), 0.00992197 s/step
field decay(t = 1760.8645833333333): 3.594216387125931e-06 / 0.7356823148001397 = 4.885554966891327e-06
on time step 169354 (time=1764.1), 0.00993481 s/step
on time step 169757 (time=1768.3), 0.00993227 s/step
on time step 170159 (time=1772.49), 0.00995568 s/step
on time step 170562 (time=1776.69), 0.00994278 s/step
field decay(t = 1780.875): 1.1982770730979318e-06 / 0.7356823148001397 = 1.6287968991390852e-06
on time step 170965 (time=1780.89), 0.00993225 s/step
on time step 171368 (time=1785.08), 0.00994879 s/step
on time step 171771 (time=1789.28), 0.00994354 s/step
on time step 172174 (time=1793.48), 0.00994596 s/step
on time step 172577 (time=1797.68), 0.00994229 s/step
field decay(t = 1800.8854166666665): 3.132343162182533e-07 / 0.7356823148001397 = 4.2577388353198157e-07
on time step 172980 (time=1801.88), 0.00994607 s/step
on time step 173383 (time=1806.07), 0.00992914 s/step
on time step 173786 (time=1810.27), 0.00994806 s/step
on time step 174189 (time=1814.47), 0.00993707 s/step
on time step 174592 (time=1818.67), 0.00993804 s/step
field decay(t = 1820.8958333333333): 1.8435114964413138e-07 / 0.7356823148001397 = 2.505852674930937e-07
on time step 174995 (time=1822.86), 0.00994668 s/step
on time step 175398 (time=1827.06), 0.00994979 s/step
on time step 175801 (time=1831.26), 0.00993923 s/step
on time step 176204 (time=1835.46), 0.00993696 s/step
on time step 176606 (time=1839.65), 0.00995075 s/step
field decay(t = 1840.90625): 3.373495271384977e-07 / 0.7356823148001397 = 4.5855326457065136e-07
on time step 177009 (time=1843.84), 0.00992648 s/step
on time step 177412 (time=1848.04), 0.00994769 s/step
on time step 177815 (time=1852.24), 0.00993586 s/step
on time step 178217 (time=1856.43), 0.00996075 s/step
on time step 178619 (time=1860.61), 0.00996227 s/step
field decay(t = 1860.9166666666665): 4.2593404822699824e-07 / 0.7356823148001397 = 5.789646422895326e-07
on time step 179021 (time=1864.8), 0.00995379 s/step
on time step 179424 (time=1869), 0.00994786 s/step
on time step 179825 (time=1873.18), 0.00997744 s/step
on time step 180226 (time=1877.35), 0.00998332 s/step
field decay(t = 1880.9270833333333): 4.686051370484995e-07 / 0.7356823148001397 = 6.369667010084426e-07
on time step 180627 (time=1881.53), 0.0099902 s/step
on time step 181029 (time=1885.72), 0.00996409 s/step
on time step 181431 (time=1889.91), 0.00997474 s/step
on time step 181832 (time=1894.08), 0.00998528 s/step
on time step 182235 (time=1898.28), 0.00994665 s/step
field decay(t = 1900.9375): 4.7406563030438323e-07 / 0.7356823148001397 = 6.443890532194879e-07
on time step 182637 (time=1902.47), 0.00995656 s/step
on time step 183039 (time=1906.66), 0.00995844 s/step
on time step 183441 (time=1910.84), 0.00996438 s/step
on time step 183843 (time=1915.03), 0.0099713 s/step
on time step 184244 (time=1919.21), 0.00998032 s/step
field decay(t = 1920.9479166666665): 4.652603447392086e-07 / 0.7356823148001397 = 6.324201837930607e-07
on time step 184646 (time=1923.4), 0.0099564 s/step
on time step 185048 (time=1927.58), 0.0099633 s/step
on time step 185450 (time=1931.77), 0.00997136 s/step
on time step 185852 (time=1935.96), 0.00996783 s/step
on time step 186254 (time=1940.15), 0.0099609 s/step
field decay(t = 1940.9583333333333): 4.3415922148044466e-07 / 0.7356823148001397 = 5.901449752783458e-07
on time step 186656 (time=1944.33), 0.00996176 s/step
on time step 187058 (time=1948.52), 0.00995686 s/step
on time step 187460 (time=1952.71), 0.00997132 s/step
on time step 187862 (time=1956.9), 0.00997233 s/step
field decay(t = 1960.96875): 3.89838394068954e-07 / 0.7356823148001397 = 5.299004559799159e-07
on time step 188264 (time=1961.08), 0.00996499 s/step
on time step 188666 (time=1965.27), 0.00997043 s/step
on time step 189068 (time=1969.46), 0.00996343 s/step
on time step 189469 (time=1973.64), 0.0099801 s/step
on time step 189871 (time=1977.82), 0.00995353 s/step
field decay(t = 1980.9791666666665): 3.24539709562136e-07 / 0.7356823148001397 = 4.4114110538365e-07
on time step 190273 (time=1982.01), 0.00995707 s/step
on time step 190675 (time=1986.2), 0.00996632 s/step
on time step 191077 (time=1990.39), 0.00996159 s/step
on time step 191479 (time=1994.57), 0.00996123 s/step
on time step 191974 (time=1999.73), 0.00809306 s/step
field decay(t = 2000.9895833333333): 2.770293897300566e-07 / 0.7356823148001397 = 3.7656116527052334e-07
on time step 192487 (time=2005.07), 0.00781133 s/step
on time step 192999 (time=2010.41), 0.0078231 s/step
on time step 193509 (time=2015.72), 0.00785131 s/step
field decay(t = 2021.0): 2.3361816710251342e-07 / 0.7356823148001397 = 3.175530557180509e-07
on time step 194022 (time=2021.06), 0.00779822 s/step
on time step 194533 (time=2026.39), 0.00782929 s/step
on time step 195044 (time=2031.71), 0.00783306 s/step
on time step 195555 (time=2037.03), 0.00783014 s/step
field decay(t = 2041.0104166666665): 1.9525228559319118e-07 / 0.7356823148001397 = 2.6540298939527277e-07
on time step 196065 (time=2042.34), 0.00785487 s/step
on time step 196579 (time=2047.7), 0.00778852 s/step
on time step 197090 (time=2053.02), 0.00783131 s/step
on time step 197601 (time=2058.34), 0.00783974 s/step
2026-05-30 13:42:49 [INFO] D11_scaled_deep_groove: Checkpointed 5 completed spectra row(s) to /mnt/c/Users/admin/Meep_Simulation/meep_sim/results/diagnostics_v2/tables/D11_thickness_2um_quick_spectra_checkpoint.csv
2026-05-30 13:42:49 [INFO] D11_scaled_deep_groove: >>> task=6/10 case=scaled_inner_wall_film_2um pol=Hz wl=8.1014 res=24 pml=4
2026-05-30 13:42:49 [INFO] D11_scaled_deep_groove: [single ref] wl=8.1014 um, f=0.123435, res=24, comp=Hz
field decay(t = 2061.0104166666665): 1.6252818934985482e-07 / 0.7356823148001397 = 2.2092170231658796e-07
run 0 finished at t = 2061.0104166666665 (197857 timesteps)
-----------
Initializing structure...
Splitting into 16 chunks by voxels
time for choose_chunkdivision = 0.000563779 s
Working in 2D dimensions.
Computational cell is 50 x 49 x 0 with resolution 24
time for set_epsilon = 0.142866 s
-----------
field decay(t = 20.010416666666664): 1.6923554008979375e-10 / 1.6923554008979375e-10 = 1.0
on time step 3110 (time=32.3958), 0.00128646 s/step
field decay(t = 40.010416666666664): 4.413289333674316e-11 / 1.6923554008979375e-10 = 0.26077792710282327
field decay(t = 60.02083333333333): 1.7848707883855732e-10 / 1.7848707883855732e-10 = 1.0
on time step 6287 (time=65.4896), 0.00125912 s/step
field decay(t = 80.02083333333333): 6.908541180478997e-10 / 6.908541180478997e-10 = 1.0
on time step 9471 (time=98.6562), 0.0012565 s/step
field decay(t = 100.03125): 2.558120434015057e-09 / 2.558120434015057e-09 = 1.0
field decay(t = 120.04166666666666): 9.055271662976689e-09 / 9.055271662976689e-09 = 1.0
on time step 12649 (time=131.76), 0.00125894 s/step
field decay(t = 140.04166666666666): 3.064249755213635e-08 / 3.064249755213635e-08 = 1.0
field decay(t = 160.05208333333331): 9.913344975372662e-08 / 9.913344975372662e-08 = 1.0
on time step 15825 (time=164.844), 0.00125979 s/step
field decay(t = 180.0625): 3.0660137611957e-07 / 3.0660137611957e-07 = 1.0
on time step 19002 (time=197.938), 0.00125945 s/step
field decay(t = 200.07291666666666): 8.937773228294496e-07 / 8.937773228294496e-07 = 1.0
field decay(t = 220.08333333333331): 2.333023217277929e-06 / 2.333023217277929e-06 = 1.0
on time step 21954 (time=228.688), 0.00135525 s/step
field decay(t = 240.09375): 5.696974406712786e-06 / 5.696974406712786e-06 = 1.0
on time step 24914 (time=259.521), 0.00135173 s/step
field decay(t = 260.10416666666663): 1.4851277043841392e-05 / 1.4851277043841392e-05 = 1.0
field decay(t = 280.1145833333333): 3.701241100822835e-05 / 3.701241100822835e-05 = 1.0
on time step 27869 (time=290.302), 0.00135397 s/step
field decay(t = 300.125): 8.81850209993989e-05 / 8.81850209993989e-05 = 1.0
field decay(t = 320.13541666666663): 0.00020086582481253467 / 0.00020086582481253467 = 1.0
on time step 30813 (time=320.969), 0.001359 s/step
field decay(t = 340.1458333333333): 0.0004374023534775846 / 0.0004374023534775846 = 1.0
on time step 33756 (time=351.625), 0.00135944 s/step
field decay(t = 360.15625): 0.0009105840584342647 / 0.0009105840584342647 = 1.0
field decay(t = 380.16666666666663): 0.0018122696998324967 / 0.0018122696998324967 = 1.0
on time step 36691 (time=382.198), 0.00136322 s/step
field decay(t = 400.1770833333333): 0.0034481762919956406 / 0.0034481762919956406 = 1.0
on time step 39627 (time=412.781), 0.00136259 s/step
field decay(t = 420.1875): 0.006272200587074164 / 0.006272200587074164 = 1.0
field decay(t = 440.19791666666663): 0.010907224799739736 / 0.010907224799739736 = 1.0
on time step 42569 (time=443.427), 0.00135988 s/step
field decay(t = 460.2083333333333): 0.018133116089755614 / 0.018133116089755614 = 1.0
on time step 45506 (time=474.021), 0.0013623 s/step
field decay(t = 480.21875): 0.028820032939502985 / 0.028820032939502985 = 1.0
field decay(t = 500.22916666666663): 0.04379054561272308 / 0.04379054561272308 = 1.0
on time step 48453 (time=504.719), 0.00135757 s/step
field decay(t = 520.2291666666666): 0.06361068790953502 / 0.06361068790953502 = 1.0
on time step 51407 (time=535.49), 0.00135437 s/step
field decay(t = 540.2395833333333): 0.08655755012961776 / 0.08655755012961776 = 1.0
field decay(t = 560.25): 0.11121712749985505 / 0.11121712749985505 = 1.0
on time step 54339 (time=566.031), 0.00136437 s/step
field decay(t = 580.2604166666666): 0.1424362097074514 / 0.1424362097074514 = 1.0
on time step 57260 (time=596.458), 0.00136966 s/step
field decay(t = 600.2708333333333): 0.17439458550339448 / 0.17439458550339448 = 1.0
field decay(t = 620.28125): 0.20413122444276766 / 0.20413122444276766 = 1.0
on time step 60171 (time=626.781), 0.00137444 s/step
field decay(t = 640.2916666666666): 0.228428211330708 / 0.228428211330708 = 1.0
on time step 63079 (time=657.073), 0.00137593 s/step
field decay(t = 660.3020833333333): 0.2443733782541186 / 0.2443733782541186 = 1.0
field decay(t = 680.3125): 0.249932021102649 / 0.249932021102649 = 1.0
on time step 65997 (time=687.469), 0.00137107 s/step
field decay(t = 700.3229166666666): 0.24970470215501578 / 0.249932021102649 = 0.9990904768959562
on time step 68905 (time=717.76), 0.00137571 s/step
field decay(t = 720.3333333333333): 0.2419645458216842 / 0.249932021102649 = 0.968121430596152
field decay(t = 740.34375): 0.22415119699852287 / 0.249932021102649 = 0.8968486551247559
on time step 71817 (time=748.094), 0.00137399 s/step
field decay(t = 760.3541666666666): 0.19851541900849373 / 0.249932021102649 = 0.7942776525100076
on time step 74723 (time=778.365), 0.00137656 s/step
field decay(t = 780.3645833333333): 0.1680781587127442 / 0.249932021102649 = 0.6724954968603771
field decay(t = 800.375): 0.1360480035375658 / 0.249932021102649 = 0.5443400286900006
on time step 77630 (time=808.646), 0.00137634 s/step
field decay(t = 820.3854166666666): 0.10527782854462985 / 0.249932021102649 = 0.4212258520543529
on time step 80543 (time=838.99), 0.00137338 s/step
field decay(t = 840.3958333333333): 0.07788351057355289 / 0.249932021102649 = 0.31161877629743784
field decay(t = 860.40625): 0.05638777883083881 / 0.249932021102649 = 0.2256124628691732
on time step 83461 (time=869.385), 0.00137112 s/step
field decay(t = 880.4166666666666): 0.040369255145721664 / 0.249932021102649 = 0.16152094064466313
on time step 86371 (time=899.698), 0.0013746 s/step
field decay(t = 900.4270833333333): 0.02636416406219922 / 0.249932021102649 = 0.10548533935702163
field decay(t = 920.4375): 0.01643934125281215 / 0.249932021102649 = 0.06577525032720952
on time step 89370 (time=930.938), 0.00133404 s/step
field decay(t = 940.4479166666666): 0.00979984485191404 / 0.249932021102649 = 0.03921004122912753
field decay(t = 960.4583333333333): 0.005584937988161239 / 0.249932021102649 = 0.022345828131672102
on time step 93039 (time=969.156), 0.00109045 s/step
field decay(t = 980.46875): 0.0030428556565558974 / 0.249932021102649 = 0.012174733125957371
on time step 96045 (time=1000.47), 0.00133075 s/step
field decay(t = 1000.4791666666666): 0.0015849231538989414 / 0.249932021102649 = 0.0063414169457222174
field decay(t = 1020.4895833333333): 0.0007892214933079788 / 0.249932021102649 = 0.003157744613219606
on time step 99054 (time=1031.81), 0.00132966 s/step
field decay(t = 1040.4895833333333): 0.00037571060613152796 / 0.249932021102649 = 0.001503251181957276
field decay(t = 1060.5): 0.00017099044986249064 / 0.249932021102649 = 0.0006841478299103722
on time step 102067 (time=1063.2), 0.00132764 s/step
field decay(t = 1080.5104166666665): 7.439677077927379e-05 / 0.249932021102649 = 0.0002976680236932044
on time step 105073 (time=1094.51), 0.00133118 s/step
field decay(t = 1100.5208333333333): 3.094569132720336e-05 / 0.249932021102649 = 0.0001238164329271507
field decay(t = 1120.53125): 1.2305806664247393e-05 / 0.249932021102649 = 4.923661486013952e-05
on time step 108077 (time=1125.8), 0.00133164 s/step
field decay(t = 1140.5416666666665): 4.678254990129705e-06 / 0.249932021102649 = 1.871810970635215e-05
on time step 111081 (time=1157.09), 0.00133195 s/step
field decay(t = 1160.5520833333333): 1.7002841129485401e-06 / 0.249932021102649 = 6.802986289820864e-06
field decay(t = 1180.5625): 6.304404234338774e-07 / 0.249932021102649 = 2.522447586557749e-06
on time step 114079 (time=1188.32), 0.00133458 s/step
field decay(t = 1200.5729166666665): 2.360199069969636e-07 / 0.249932021102649 = 9.443364077787712e-07
on time step 117083 (time=1219.61), 0.00133167 s/step
field decay(t = 1220.5833333333333): 7.865881752055514e-08 / 0.249932021102649 = 3.1472084758698987e-07
field decay(t = 1240.59375): 2.4099636290173404e-08 / 0.249932021102649 = 9.642476455738137e-08
on time step 120070 (time=1250.73), 0.00133942 s/step
field decay(t = 1260.6041666666665): 7.057930611787754e-09 / 0.249932021102649 = 2.8239401180567447e-08
field decay(t = 1280.6145833333333): 1.976050456396978e-09 / 0.249932021102649 = 7.90635168586661e-09
on time step 123037 (time=1281.64), 0.00134841 s/step
field decay(t = 1300.625): 5.289359149067713e-10 / 0.249932021102649 = 2.1163191197879094e-09
on time step 126019 (time=1312.7), 0.00134144 s/step
field decay(t = 1320.6354166666665): 1.3534664078243123e-10 / 0.249932021102649 = 5.415338146161084e-10
field decay(t = 1340.6458333333333): 3.310959967225297e-11 / 0.249932021102649 = 1.3247442054915645e-10
on time step 128989 (time=1343.64), 0.00134733 s/step
/home/gyh/miniforge3/envs/meep_mpi/lib/python3.11/site-packages/meep/simulation.py:2479: RuntimeWarning: Epsilon < 1 may require adjusting the Courant parameter. See the 'Numerical Stability' entry under the 'Materials' section of the documentation
  warnings.warn(eps_warning, RuntimeWarning)
/home/gyh/miniforge3/envs/meep_mpi/lib/python3.11/site-packages/meep/simulation.py:2479: RuntimeWarning: Epsilon < 1 may require adjusting the Courant parameter. See the 'Numerical Stability' entry under the 'Materials' section of the documentation
  warnings.warn(eps_warning, RuntimeWarning)
/home/gyh/miniforge3/envs/meep_mpi/lib/python3.11/site-packages/meep/simulation.py:2479: RuntimeWarning: Epsilon < 1 may require adjusting the Courant parameter. See the 'Numerical Stability' entry under the 'Materials' section of the documentation
  warnings.warn(eps_warning, RuntimeWarning)
/home/gyh/miniforge3/envs/meep_mpi/lib/python3.11/site-packages/meep/simulation.py:2479: RuntimeWarning: Epsilon < 1 may require adjusting the Courant parameter. See the 'Numerical Stability' entry under the 'Materials' section of the documentation
  warnings.warn(eps_warning, RuntimeWarning)
/home/gyh/miniforge3/envs/meep_mpi/lib/python3.11/site-packages/meep/simulation.py:2479: RuntimeWarning: Epsilon < 1 may require adjusting the Courant parameter. See the 'Numerical Stability' entry under the 'Materials' section of the documentation
  warnings.warn(eps_warning, RuntimeWarning)
/home/gyh/miniforge3/envs/meep_mpi/lib/python3.11/site-packages/meep/simulation.py:2479: RuntimeWarning: Epsilon < 1 may require adjusting the Courant parameter. See the 'Numerical Stability' entry under the 'Materials' section of the documentation
  warnings.warn(eps_warning, RuntimeWarning)
/home/gyh/miniforge3/envs/meep_mpi/lib/python3.11/site-packages/meep/simulation.py:2479: RuntimeWarning: Epsilon < 1 may require adjusting the Courant parameter. See the 'Numerical Stability' entry under the 'Materials' section of the documentation
  warnings.warn(eps_warning, RuntimeWarning)
/home/gyh/miniforge3/envs/meep_mpi/lib/python3.11/site-packages/meep/simulation.py:2479: RuntimeWarning: Epsilon < 1 may require adjusting the Courant parameter. See the 'Numerical Stability' entry under the 'Materials' section of the documentation
  warnings.warn(eps_warning, RuntimeWarning)
/home/gyh/miniforge3/envs/meep_mpi/lib/python3.11/site-packages/meep/simulation.py:2479: RuntimeWarning: Epsilon < 1 may require adjusting the Courant parameter. See the 'Numerical Stability' entry under the 'Materials' section of the documentation
  warnings.warn(eps_warning, RuntimeWarning)
/home/gyh/miniforge3/envs/meep_mpi/lib/python3.11/site-packages/meep/simulation.py:2479: RuntimeWarning: Epsilon < 1 may require adjusting the Courant parameter. See the 'Numerical Stability' entry under the 'Materials' section of the documentation
  warnings.warn(eps_warning, RuntimeWarning)
/home/gyh/miniforge3/envs/meep_mpi/lib/python3.11/site-packages/meep/simulation.py:2479: RuntimeWarning: Epsilon < 1 may require adjusting the Courant parameter. See the 'Numerical Stability' entry under the 'Materials' section of the documentation
  warnings.warn(eps_warning, RuntimeWarning)
/home/gyh/miniforge3/envs/meep_mpi/lib/python3.11/site-packages/meep/simulation.py:2479: RuntimeWarning: Epsilon < 1 may require adjusting the Courant parameter. See the 'Numerical Stability' entry under the 'Materials' section of the documentation
  warnings.warn(eps_warning, RuntimeWarning)
/home/gyh/miniforge3/envs/meep_mpi/lib/python3.11/site-packages/meep/simulation.py:2479: RuntimeWarning: Epsilon < 1 may require adjusting the Courant parameter. See the 'Numerical Stability' entry under the 'Materials' section of the documentation
  warnings.warn(eps_warning, RuntimeWarning)
/home/gyh/miniforge3/envs/meep_mpi/lib/python3.11/site-packages/meep/simulation.py:2479: RuntimeWarning: Epsilon < 1 may require adjusting the Courant parameter. See the 'Numerical Stability' entry under the 'Materials' section of the documentation
  warnings.warn(eps_warning, RuntimeWarning)
/home/gyh/miniforge3/envs/meep_mpi/lib/python3.11/site-packages/meep/simulation.py:2479: RuntimeWarning: Epsilon < 1 may require adjusting the Courant parameter. See the 'Numerical Stability' entry under the 'Materials' section of the documentation
  warnings.warn(eps_warning, RuntimeWarning)
/home/gyh/miniforge3/envs/meep_mpi/lib/python3.11/site-packages/meep/simulation.py:2479: RuntimeWarning: Epsilon < 1 may require adjusting the Courant parameter. See the 'Numerical Stability' entry under the 'Materials' section of the documentation
  warnings.warn(eps_warning, RuntimeWarning)
field decay(t = 1360.65625): 1.5852364891874775e-10 / 0.249932021102649 = 6.342670627772056e-10
run 0 finished at t = 1360.65625 (130623 timesteps)
-----------
Initializing structure...
Splitting into 16 chunks by voxels
time for choose_chunkdivision = 0.000913358 s
Working in 2D dimensions.
Computational cell is 50 x 49 x 0 with resolution 24
     block, center = (0,-4,0)
          size (50,25,1e+20)
          axes (1,0,0), (0,1,0), (0,0,1)
          dielectric constant epsilon diagonal = (1,1,1)
     prism, center = (2.72978,1,5e+19)
          height 1e+20, axis (0,0,1), sidewall angle: 0 radians, 4 vertices:
          (-10,8.5,0)
          (10,8.5,0)
          (15.4596,-6.5,0)
          (-4.54045,-6.5,0)
          dielectric constant epsilon diagonal = (0.969194,0.969194,0.969194)
     prism, center = (2.36581,2,5e+19)
          height 1e+20, axis (0,0,1), sidewall angle: 0 radians, 4 vertices:
          (-8,8.5,0)
          (8,8.5,0)
          (12.7316,-4.5,0)
          (-3.26839,-4.5,0)
          dielectric constant epsilon diagonal = (1,1,1)
time for set_epsilon = 1.44595 s
time for set_conductivity = 0.0411147 s
time for set_conductivity = 0.0412133 s
time for set_conductivity = 0.0415929 s
lorentzian susceptibility: frequency=15.6714, gamma=1.42115
lorentzian susceptibility: frequency=2.02365, gamma=1.3413
lorentzian susceptibility: frequency=1.24613, gamma=2.0309
lorentzian susceptibility: frequency=0.626693, gamma=1.83572
drude susceptibility: frequency=1e-10, gamma=0.0661375
-----------
2026-05-30 13:45:46 [INFO] D11_scaled_deep_groove: [single struct] 3 geometry objects
on time step 228 (time=2.375), 0.0175579 s/step
on time step 464 (time=4.83333), 0.0169669 s/step
on time step 704 (time=7.33333), 0.0167172 s/step
on time step 953 (time=9.92708), 0.0161284 s/step
on time step 1137 (time=11.8438), 0.0218496 s/step
on time step 1321 (time=13.7604), 0.0217894 s/step
on time step 1506 (time=15.6875), 0.0217356 s/step
on time step 1691 (time=17.6146), 0.0217319 s/step
on time step 1876 (time=19.5417), 0.0217314 s/step
field decay(t = 20.010416666666664): 1.6923554008979375e-10 / 1.6923554008979375e-10 = 1.0
on time step 2060 (time=21.4583), 0.0217449 s/step
on time step 2245 (time=23.3854), 0.0217307 s/step
on time step 2430 (time=25.3125), 0.0217245 s/step
on time step 2614 (time=27.2292), 0.0217568 s/step
on time step 2799 (time=29.1562), 0.0217264 s/step
on time step 2983 (time=31.0729), 0.0217541 s/step
on time step 3168 (time=33), 0.0217312 s/step
on time step 3352 (time=34.9167), 0.0217462 s/step
on time step 3537 (time=36.8438), 0.0217314 s/step
on time step 3721 (time=38.7604), 0.0217411 s/step
field decay(t = 40.010416666666664): 4.263225951101197e-11 / 1.6923554008979375e-10 = 0.2519107953825299
on time step 3905 (time=40.6771), 0.0217419 s/step
on time step 4090 (time=42.6042), 0.0217291 s/step
on time step 4276 (time=44.5417), 0.0215218 s/step
on time step 4463 (time=46.4896), 0.0213993 s/step
on time step 4650 (time=48.4375), 0.02144 s/step
on time step 4837 (time=50.3854), 0.0214256 s/step
on time step 5024 (time=52.3333), 0.0214357 s/step
on time step 5211 (time=54.2812), 0.0214435 s/step
on time step 5398 (time=56.2292), 0.0214565 s/step
on time step 5586 (time=58.1875), 0.0212988 s/step
field decay(t = 60.02083333333333): 2.1541972250309368e-10 / 2.1541972250309368e-10 = 1.0
on time step 5775 (time=60.1562), 0.0211715 s/step
on time step 5964 (time=62.125), 0.0212279 s/step
on time step 6154 (time=64.1042), 0.0211643 s/step
on time step 6343 (time=66.0729), 0.021228 s/step
on time step 6532 (time=68.0417), 0.0211663 s/step
on time step 6721 (time=70.0104), 0.0212138 s/step
on time step 6910 (time=71.9792), 0.0211836 s/step
on time step 7099 (time=73.9479), 0.0212336 s/step
on time step 7286 (time=75.8958), 0.021445 s/step
on time step 7475 (time=77.8646), 0.0212148 s/step
on time step 7664 (time=79.8333), 0.02117 s/step
field decay(t = 80.02083333333333): 7.910413930741341e-10 / 7.910413930741341e-10 = 1.0
on time step 7853 (time=81.8021), 0.0211724 s/step
on time step 8042 (time=83.7708), 0.0212058 s/step
on time step 8229 (time=85.7188), 0.0214297 s/step
on time step 8417 (time=87.6771), 0.0213152 s/step
on time step 8606 (time=89.6458), 0.0212015 s/step
on time step 8795 (time=91.6146), 0.0211671 s/step
on time step 8984 (time=93.5833), 0.0212134 s/step
on time step 9173 (time=95.5521), 0.021179 s/step
on time step 9361 (time=97.5104), 0.0213236 s/step
on time step 9549 (time=99.4688), 0.0213519 s/step
field decay(t = 100.03125): 2.9239282415135204e-09 / 2.9239282415135204e-09 = 1.0
on time step 9736 (time=101.417), 0.0214124 s/step
on time step 9923 (time=103.365), 0.0214495 s/step
on time step 10110 (time=105.312), 0.0214118 s/step
on time step 10298 (time=107.271), 0.0213117 s/step
on time step 10485 (time=109.219), 0.021488 s/step
on time step 10674 (time=111.188), 0.0212778 s/step
on time step 10863 (time=113.156), 0.0211875 s/step
on time step 11052 (time=115.125), 0.0212173 s/step
on time step 11241 (time=117.094), 0.0211869 s/step
on time step 11430 (time=119.062), 0.0211977 s/step
field decay(t = 120.04166666666666): 1.0363877240801552e-08 / 1.0363877240801552e-08 = 1.0
on time step 11619 (time=121.031), 0.0211722 s/step
on time step 11808 (time=123), 0.0212198 s/step
on time step 11995 (time=124.948), 0.021452 s/step
on time step 12182 (time=126.896), 0.021439 s/step
on time step 12369 (time=128.844), 0.0214518 s/step
on time step 12556 (time=130.792), 0.0214259 s/step
on time step 12743 (time=132.74), 0.0214459 s/step
on time step 12930 (time=134.688), 0.0214304 s/step
on time step 13117 (time=136.635), 0.0214469 s/step
on time step 13305 (time=138.594), 0.021308 s/step
field decay(t = 140.04166666666666): 3.531622822694386e-08 / 3.531622822694386e-08 = 1.0
on time step 13495 (time=140.573), 0.0211467 s/step
on time step 13684 (time=142.542), 0.0212181 s/step
on time step 13874 (time=144.521), 0.0211585 s/step
on time step 14064 (time=146.5), 0.0211357 s/step
on time step 14253 (time=148.469), 0.0211764 s/step
on time step 14442 (time=150.438), 0.0211835 s/step
on time step 14632 (time=152.417), 0.0211538 s/step
on time step 14822 (time=154.396), 0.0210778 s/step
on time step 15011 (time=156.365), 0.0212429 s/step
on time step 15201 (time=158.344), 0.0210925 s/step
field decay(t = 160.05208333333331): 1.1508499889133763e-07 / 1.1508499889133763e-07 = 1.0
on time step 15388 (time=160.292), 0.0214614 s/step
on time step 15574 (time=162.229), 0.0216187 s/step
on time step 15760 (time=164.167), 0.0215466 s/step
on time step 15946 (time=166.104), 0.0215358 s/step
on time step 16136 (time=168.083), 0.0210948 s/step
on time step 16326 (time=170.062), 0.0210838 s/step
on time step 16516 (time=172.042), 0.0211306 s/step
on time step 16706 (time=174.021), 0.0210938 s/step
on time step 16896 (time=176), 0.0210783 s/step
on time step 17086 (time=177.979), 0.0210805 s/step
on time step 17276 (time=179.958), 0.0211159 s/step
field decay(t = 180.0625): 3.4981959310711615e-07 / 3.4981959310711615e-07 = 1.0
on time step 17467 (time=181.948), 0.0210168 s/step
on time step 17658 (time=183.938), 0.021028 s/step
on time step 17849 (time=185.927), 0.0210386 s/step
on time step 18038 (time=187.896), 0.021185 s/step
on time step 18223 (time=189.823), 0.0216435 s/step
on time step 18408 (time=191.75), 0.0216566 s/step
on time step 18594 (time=193.688), 0.0215458 s/step
on time step 18778 (time=195.604), 0.0217986 s/step
on time step 18963 (time=197.531), 0.0216605 s/step
on time step 19148 (time=199.458), 0.0216369 s/step
field decay(t = 200.07291666666666): 9.444505824847933e-07 / 9.444505824847933e-07 = 1.0
on time step 19333 (time=201.385), 0.021631 s/step
on time step 19519 (time=203.323), 0.0215673 s/step
on time step 19705 (time=205.26), 0.0215186 s/step
on time step 19891 (time=207.198), 0.0215942 s/step
on time step 20074 (time=209.104), 0.0218739 s/step
on time step 20259 (time=211.031), 0.0217096 s/step
on time step 20444 (time=212.958), 0.0217167 s/step
on time step 20625 (time=214.844), 0.0221736 s/step
on time step 20806 (time=216.729), 0.0221541 s/step
on time step 20987 (time=218.615), 0.0221336 s/step
field decay(t = 220.08333333333331): 2.480503729749546e-06 / 2.480503729749546e-06 = 1.0
on time step 21168 (time=220.5), 0.0221367 s/step
on time step 21350 (time=222.396), 0.0220025 s/step
on time step 21540 (time=224.375), 0.0210611 s/step
on time step 21731 (time=226.365), 0.021042 s/step
on time step 21922 (time=228.354), 0.0210238 s/step
on time step 22112 (time=230.333), 0.0211615 s/step
on time step 22300 (time=232.292), 0.0213898 s/step
on time step 22487 (time=234.24), 0.0214487 s/step
on time step 22674 (time=236.188), 0.021421 s/step
on time step 22862 (time=238.146), 0.0213144 s/step
field decay(t = 240.09375): 6.822913395028342e-06 / 6.822913395028342e-06 = 1.0
on time step 23049 (time=240.094), 0.0214273 s/step
on time step 23237 (time=242.052), 0.0213713 s/step
on time step 23424 (time=244), 0.0214375 s/step
on time step 23612 (time=245.958), 0.0213733 s/step
on time step 23801 (time=247.927), 0.0212482 s/step
on time step 23989 (time=249.885), 0.0213129 s/step
on time step 24177 (time=251.844), 0.0213347 s/step
on time step 24365 (time=253.802), 0.0212799 s/step
on time step 24552 (time=255.75), 0.0214162 s/step
on time step 24739 (time=257.698), 0.0214279 s/step
on time step 24926 (time=259.646), 0.0214279 s/step
field decay(t = 260.10416666666663): 1.7948259807229107e-05 / 1.7948259807229107e-05 = 1.0
on time step 25113 (time=261.594), 0.0214687 s/step
on time step 25300 (time=263.542), 0.0214166 s/step
on time step 25488 (time=265.5), 0.0212955 s/step
on time step 25677 (time=267.469), 0.0212754 s/step
on time step 25865 (time=269.427), 0.0212858 s/step
on time step 26053 (time=271.385), 0.0213216 s/step
on time step 26241 (time=273.344), 0.0213247 s/step
on time step 26430 (time=275.312), 0.021275 s/step
on time step 26618 (time=277.271), 0.0212794 s/step
on time step 26806 (time=279.229), 0.0213884 s/step
field decay(t = 280.1145833333333): 4.515325407263623e-05 / 4.515325407263623e-05 = 1.0
on time step 26995 (time=281.198), 0.0212109 s/step
on time step 27184 (time=283.167), 0.0211921 s/step
on time step 27373 (time=285.135), 0.0211918 s/step
on time step 27562 (time=287.104), 0.0211875 s/step
on time step 27750 (time=289.062), 0.0213132 s/step
on time step 27939 (time=291.031), 0.0212586 s/step
on time step 28125 (time=292.969), 0.0215656 s/step
on time step 28310 (time=294.896), 0.0216458 s/step
on time step 28496 (time=296.833), 0.0215739 s/step
on time step 28682 (time=298.771), 0.0215924 s/step
field decay(t = 300.125): 0.00010863834530652992 / 0.00010863834530652992 = 1.0
on time step 28868 (time=300.708), 0.0215974 s/step
on time step 29054 (time=302.646), 0.0215564 s/step
on time step 29240 (time=304.583), 0.0215161 s/step
on time step 29427 (time=306.531), 0.0214637 s/step
on time step 29609 (time=308.427), 0.0219812 s/step
on time step 29795 (time=310.365), 0.0215681 s/step
on time step 29979 (time=312.281), 0.0218069 s/step
on time step 30163 (time=314.198), 0.0218544 s/step
on time step 30346 (time=316.104), 0.0218615 s/step
on time step 30530 (time=318.021), 0.0218363 s/step
on time step 30718 (time=319.979), 0.0213697 s/step
field decay(t = 320.13541666666663): 0.00024998350734420637 / 0.00024998350734420637 = 1.0
on time step 30905 (time=321.927), 0.0214148 s/step
on time step 31092 (time=323.875), 0.021402 s/step
on time step 31279 (time=325.823), 0.0213941 s/step
on time step 31466 (time=327.771), 0.0214059 s/step
on time step 31653 (time=329.719), 0.0214433 s/step
on time step 31840 (time=331.667), 0.0214493 s/step
on time step 32027 (time=333.615), 0.0214233 s/step
on time step 32214 (time=335.562), 0.0214397 s/step
on time step 32401 (time=337.51), 0.0214475 s/step
on time step 32588 (time=339.458), 0.0214523 s/step
field decay(t = 340.1458333333333): 0.0005501323629949361 / 0.0005501323629949361 = 1.0
on time step 32775 (time=341.406), 0.0214458 s/step
on time step 32962 (time=343.354), 0.0214421 s/step
on time step 33149 (time=345.302), 0.0214486 s/step
on time step 33336 (time=347.25), 0.0214486 s/step
on time step 33523 (time=349.198), 0.0214516 s/step
on time step 33710 (time=351.146), 0.0214385 s/step
on time step 33897 (time=353.094), 0.0214398 s/step
on time step 34084 (time=355.042), 0.0214478 s/step
on time step 34271 (time=356.99), 0.0214413 s/step
on time step 34458 (time=358.938), 0.0214324 s/step
field decay(t = 360.15625): 0.0011578509991910474 / 0.0011578509991910474 = 1.0
on time step 34643 (time=360.865), 0.0216504 s/step
on time step 34829 (time=362.802), 0.0215157 s/step
on time step 35015 (time=364.74), 0.0216056 s/step
on time step 35202 (time=366.688), 0.0214711 s/step
on time step 35388 (time=368.625), 0.0215156 s/step
on time step 35573 (time=370.552), 0.0216296 s/step
on time step 35758 (time=372.479), 0.0216982 s/step
on time step 35944 (time=374.417), 0.0215298 s/step
on time step 36127 (time=376.323), 0.0218775 s/step
on time step 36311 (time=378.24), 0.0218523 s/step
on time step 36494 (time=380.146), 0.0219169 s/step
field decay(t = 380.16666666666663): 0.0023306138665362326 / 0.0023306138665362326 = 1.0
on time step 36677 (time=382.052), 0.0219195 s/step
on time step 36860 (time=383.958), 0.0219624 s/step
on time step 37043 (time=385.865), 0.021918 s/step
on time step 37227 (time=387.781), 0.0218437 s/step
on time step 37411 (time=389.698), 0.0218551 s/step
on time step 37594 (time=391.604), 0.0218616 s/step
on time step 37777 (time=393.51), 0.0218609 s/step
on time step 37961 (time=395.427), 0.0218566 s/step
on time step 38145 (time=397.344), 0.021849 s/step
on time step 38329 (time=399.26), 0.0218459 s/step
field decay(t = 400.1770833333333): 0.004486622602965429 / 0.004486622602965429 = 1.0
on time step 38513 (time=401.177), 0.0218598 s/step
on time step 38696 (time=403.083), 0.0218641 s/step
on time step 38879 (time=404.99), 0.0218608 s/step
on time step 39063 (time=406.906), 0.0218563 s/step
on time step 39247 (time=408.823), 0.0218549 s/step
on time step 39437 (time=410.802), 0.021108 s/step
on time step 39630 (time=412.812), 0.0208098 s/step
on time step 39822 (time=414.812), 0.0208694 s/step
on time step 40014 (time=416.812), 0.0208372 s/step
on time step 40207 (time=418.823), 0.0207994 s/step
field decay(t = 420.1875): 0.008260362123044427 / 0.008260362123044427 = 1.0
on time step 40399 (time=420.823), 0.0208582 s/step
on time step 40592 (time=422.833), 0.0207958 s/step
on time step 40785 (time=424.844), 0.0207976 s/step
on time step 40978 (time=426.854), 0.0207908 s/step
on time step 41171 (time=428.865), 0.0207971 s/step
on time step 41363 (time=430.865), 0.0208487 s/step
on time step 41555 (time=432.865), 0.020922 s/step
on time step 41747 (time=434.865), 0.0208686 s/step
on time step 41940 (time=436.875), 0.0207706 s/step
on time step 42133 (time=438.885), 0.0207689 s/step
field decay(t = 440.19791666666663): 0.014544814810445658 / 0.014544814810445658 = 1.0
on time step 42326 (time=440.896), 0.0207973 s/step
on time step 42519 (time=442.906), 0.0208195 s/step
on time step 42712 (time=444.917), 0.020805 s/step
on time step 42904 (time=446.917), 0.0208572 s/step
on time step 43096 (time=448.917), 0.0208401 s/step
on time step 43289 (time=450.927), 0.0208057 s/step
on time step 43482 (time=452.938), 0.0208165 s/step
on time step 43674 (time=454.938), 0.0208636 s/step
on time step 43867 (time=456.948), 0.0207521 s/step
on time step 44061 (time=458.969), 0.0206897 s/step
field decay(t = 460.2083333333333): 0.024493130095365925 / 0.024493130095365925 = 1.0
on time step 44254 (time=460.979), 0.0207262 s/step
on time step 44448 (time=463), 0.0207101 s/step
on time step 44642 (time=465.021), 0.0207206 s/step
on time step 44836 (time=467.042), 0.0207066 s/step
on time step 45030 (time=469.062), 0.0206961 s/step
on time step 45223 (time=471.073), 0.0207304 s/step
on time step 45417 (time=473.094), 0.020703 s/step
on time step 45611 (time=475.115), 0.0206928 s/step
on time step 45805 (time=477.135), 0.0207077 s/step
on time step 45999 (time=479.156), 0.0206594 s/step
field decay(t = 480.21875): 0.03944613656106888 / 0.03944613656106888 = 1.0
on time step 46193 (time=481.177), 0.0207129 s/step
on time step 46387 (time=483.198), 0.0207137 s/step
on time step 46581 (time=485.219), 0.0206976 s/step
on time step 46775 (time=487.24), 0.0207238 s/step
on time step 46969 (time=489.26), 0.0206917 s/step
on time step 47163 (time=491.281), 0.0207252 s/step
on time step 47357 (time=493.302), 0.0206933 s/step
on time step 47551 (time=495.323), 0.0207009 s/step
on time step 47745 (time=497.344), 0.0206944 s/step
on time step 47939 (time=499.365), 0.0206937 s/step
field decay(t = 500.22916666666663): 0.06013611937078895 / 0.06013611937078895 = 1.0
on time step 48133 (time=501.385), 0.0206839 s/step
on time step 48327 (time=503.406), 0.0206973 s/step
on time step 48521 (time=505.427), 0.0206973 s/step
on time step 48715 (time=507.448), 0.0206805 s/step
on time step 48909 (time=509.469), 0.0207272 s/step
on time step 49103 (time=511.49), 0.020672 s/step
on time step 49297 (time=513.51), 0.0207175 s/step
on time step 49491 (time=515.531), 0.0207256 s/step
on time step 49685 (time=517.552), 0.0207022 s/step
on time step 49879 (time=519.573), 0.0207007 s/step
field decay(t = 520.2291666666666): 0.08311776489278798 / 0.08311776489278798 = 1.0
on time step 50073 (time=521.594), 0.0207084 s/step
on time step 50267 (time=523.615), 0.0206938 s/step
on time step 50461 (time=525.635), 0.0206963 s/step
on time step 50654 (time=527.646), 0.0208305 s/step
on time step 50847 (time=529.656), 0.0208111 s/step
on time step 51041 (time=531.677), 0.0206882 s/step
on time step 51235 (time=533.698), 0.0206911 s/step
on time step 51429 (time=535.719), 0.0206946 s/step
on time step 51622 (time=537.729), 0.020726 s/step
on time step 51816 (time=539.75), 0.0207051 s/step
field decay(t = 540.2395833333333): 0.11813641845469122 / 0.11813641845469122 = 1.0
on time step 52009 (time=541.76), 0.0207689 s/step
on time step 52202 (time=543.771), 0.020816 s/step
on time step 52394 (time=545.771), 0.0208386 s/step
on time step 52587 (time=547.781), 0.020822 s/step
on time step 52780 (time=549.792), 0.0207711 s/step
on time step 52973 (time=551.802), 0.0207556 s/step
on time step 53166 (time=553.812), 0.020784 s/step
on time step 53359 (time=555.823), 0.0207947 s/step
on time step 53552 (time=557.833), 0.0208117 s/step
on time step 53745 (time=559.844), 0.0207874 s/step
field decay(t = 560.25): 0.16057720056358896 / 0.16057720056358896 = 1.0
on time step 53926 (time=561.729), 0.0221283 s/step
on time step 54108 (time=563.625), 0.0220326 s/step
on time step 54290 (time=565.521), 0.0220214 s/step
on time step 54472 (time=567.417), 0.0220432 s/step
on time step 54654 (time=569.312), 0.022073 s/step
on time step 54836 (time=571.208), 0.0220873 s/step
on time step 55017 (time=573.094), 0.0221216 s/step
on time step 55198 (time=574.979), 0.0221203 s/step
on time step 55380 (time=576.875), 0.0220891 s/step
on time step 55562 (time=578.771), 0.0220977 s/step
field decay(t = 580.2604166666666): 0.2087329722828464 / 0.2087329722828464 = 1.0
on time step 55743 (time=580.656), 0.0221 s/step
on time step 55925 (time=582.552), 0.0220766 s/step
on time step 56106 (time=584.438), 0.0221131 s/step
on time step 56288 (time=586.333), 0.0220865 s/step
on time step 56469 (time=588.219), 0.0221191 s/step
on time step 56650 (time=590.104), 0.022103 s/step
on time step 56831 (time=591.99), 0.0221207 s/step
on time step 57012 (time=593.875), 0.0221285 s/step
on time step 57194 (time=595.771), 0.0220681 s/step
on time step 57376 (time=597.667), 0.0220627 s/step
on time step 57558 (time=599.562), 0.0220824 s/step
field decay(t = 600.2708333333333): 0.25948006103926485 / 0.25948006103926485 = 1.0
on time step 57739 (time=601.448), 0.0221093 s/step
on time step 57921 (time=603.344), 0.0220716 s/step
on time step 58102 (time=605.229), 0.0221125 s/step
on time step 58283 (time=607.115), 0.0221234 s/step
on time step 58465 (time=609.01), 0.0220912 s/step
on time step 58647 (time=610.906), 0.0220616 s/step
on time step 58828 (time=612.792), 0.022102 s/step
on time step 59010 (time=614.688), 0.0220985 s/step
on time step 59192 (time=616.583), 0.0220578 s/step
on time step 59374 (time=618.479), 0.022092 s/step
field decay(t = 620.28125): 0.308477786998652 / 0.308477786998652 = 1.0
on time step 59555 (time=620.365), 0.0221023 s/step
on time step 59736 (time=622.25), 0.0221071 s/step
on time step 59917 (time=624.135), 0.0221378 s/step
on time step 60099 (time=626.031), 0.0220873 s/step
on time step 60280 (time=627.917), 0.0221078 s/step
on time step 60462 (time=629.812), 0.0220713 s/step
on time step 60643 (time=631.698), 0.0221785 s/step
on time step 60824 (time=633.583), 0.0221367 s/step
on time step 61005 (time=635.469), 0.0221023 s/step
on time step 61187 (time=637.365), 0.0220944 s/step
on time step 61369 (time=639.26), 0.0220905 s/step
field decay(t = 640.2916666666666): 0.35071605477336826 / 0.35071605477336826 = 1.0
on time step 61551 (time=641.156), 0.0220716 s/step
on time step 61733 (time=643.052), 0.0220951 s/step
on time step 61915 (time=644.948), 0.0220813 s/step
on time step 62096 (time=646.833), 0.0221043 s/step
on time step 62278 (time=648.729), 0.0220831 s/step
on time step 62460 (time=650.625), 0.0220725 s/step
on time step 62642 (time=652.521), 0.0220952 s/step
on time step 62824 (time=654.417), 0.0220885 s/step
on time step 63006 (time=656.312), 0.0220688 s/step
on time step 63187 (time=658.198), 0.0221198 s/step
on time step 63369 (time=660.094), 0.0220496 s/step
field decay(t = 660.3020833333333): 0.3813374305342385 / 0.3813374305342385 = 1.0
on time step 63550 (time=661.979), 0.0221005 s/step
on time step 63732 (time=663.875), 0.0220886 s/step
on time step 63914 (time=665.771), 0.0220689 s/step
on time step 64096 (time=667.667), 0.0220791 s/step
on time step 64278 (time=669.562), 0.0220768 s/step
on time step 64459 (time=671.448), 0.0221023 s/step
on time step 64641 (time=673.344), 0.0220807 s/step
on time step 64823 (time=675.24), 0.0220839 s/step
on time step 65005 (time=677.135), 0.0220308 s/step
on time step 65188 (time=679.042), 0.0219504 s/step
field decay(t = 680.3125): 0.39655446980437553 / 0.39655446980437553 = 1.0
on time step 65370 (time=680.938), 0.0220445 s/step
on time step 65552 (time=682.833), 0.0219975 s/step
on time step 65734 (time=684.729), 0.0220335 s/step
on time step 65916 (time=686.625), 0.0219881 s/step
on time step 66098 (time=688.521), 0.0220116 s/step
on time step 66280 (time=690.417), 0.0220287 s/step
on time step 66462 (time=692.312), 0.0220233 s/step
on time step 66644 (time=694.208), 0.0220276 s/step
on time step 66826 (time=696.104), 0.0220451 s/step
on time step 67008 (time=698), 0.0220219 s/step
on time step 67190 (time=699.896), 0.0220225 s/step
field decay(t = 700.3229166666666): 0.39782276154868945 / 0.39782276154868945 = 1.0
on time step 67372 (time=701.792), 0.022027 s/step
on time step 67554 (time=703.688), 0.0220224 s/step
on time step 67736 (time=705.583), 0.0220134 s/step
on time step 67918 (time=707.479), 0.0220279 s/step
on time step 68100 (time=709.375), 0.022093 s/step
on time step 68282 (time=711.271), 0.0220905 s/step
on time step 68463 (time=713.156), 0.0221097 s/step
on time step 68645 (time=715.052), 0.022084 s/step
on time step 68827 (time=716.948), 0.0220699 s/step
on time step 69008 (time=718.833), 0.0221219 s/step
field decay(t = 720.3333333333333): 0.39192096859801007 / 0.39782276154868945 = 0.9851647680296014
on time step 69190 (time=720.729), 0.0220969 s/step
on time step 69372 (time=722.625), 0.0220773 s/step
on time step 69554 (time=724.521), 0.0220268 s/step
on time step 69736 (time=726.417), 0.0220791 s/step
on time step 69918 (time=728.312), 0.0220842 s/step
on time step 70100 (time=730.208), 0.0220852 s/step
on time step 70282 (time=732.104), 0.0220739 s/step
on time step 70464 (time=734), 0.0220555 s/step
on time step 70645 (time=735.885), 0.022122 s/step
on time step 70827 (time=737.781), 0.0220866 s/step
on time step 71008 (time=739.667), 0.022134 s/step
field decay(t = 740.34375): 0.3696039191446886 / 0.39782276154868945 = 0.9290667977514726
on time step 71189 (time=741.552), 0.0221005 s/step
on time step 71371 (time=743.448), 0.0220914 s/step
on time step 71552 (time=745.333), 0.0221022 s/step
on time step 71734 (time=747.229), 0.0220949 s/step
on time step 71916 (time=749.125), 0.0220883 s/step
on time step 72097 (time=751.01), 0.0221279 s/step
on time step 72279 (time=752.906), 0.0220535 s/step
on time step 72461 (time=754.802), 0.0220795 s/step
on time step 72643 (time=756.698), 0.0220962 s/step
on time step 72825 (time=758.594), 0.0220476 s/step
field decay(t = 760.3541666666666): 0.33348114697007664 / 0.39782276154868945 = 0.8382656278184373
on time step 73007 (time=760.49), 0.0220197 s/step
on time step 73189 (time=762.385), 0.022076 s/step
on time step 73371 (time=764.281), 0.0220756 s/step
on time step 73553 (time=766.177), 0.0220347 s/step
on time step 73736 (time=768.083), 0.0219743 s/step
on time step 73919 (time=769.99), 0.0219438 s/step
on time step 74102 (time=771.896), 0.0218861 s/step
on time step 74285 (time=773.802), 0.021912 s/step
on time step 74469 (time=775.719), 0.0218313 s/step
on time step 74652 (time=777.625), 0.0218695 s/step
on time step 74836 (time=779.542), 0.0218386 s/step
field decay(t = 780.3645833333333): 0.2879298779691393 / 0.39782276154868945 = 0.723764213109007
on time step 75019 (time=781.448), 0.0218902 s/step
on time step 75203 (time=783.365), 0.0218271 s/step
on time step 75386 (time=785.271), 0.0219519 s/step
on time step 75570 (time=787.188), 0.0218385 s/step
on time step 75753 (time=789.094), 0.0218847 s/step
on time step 75936 (time=791), 0.0218874 s/step
on time step 76120 (time=792.917), 0.0218389 s/step
on time step 76303 (time=794.823), 0.0219145 s/step
on time step 76487 (time=796.74), 0.0218516 s/step
on time step 76672 (time=798.667), 0.0216968 s/step
field decay(t = 800.375): 0.2379622337749403 / 0.39782276154868945 = 0.5981614346262492
on time step 76855 (time=800.573), 0.0218983 s/step
on time step 77037 (time=802.469), 0.0220013 s/step
on time step 77220 (time=804.375), 0.0219057 s/step
on time step 77402 (time=806.271), 0.0220325 s/step
on time step 77584 (time=808.167), 0.0220997 s/step
on time step 77766 (time=810.062), 0.0220256 s/step
on time step 77949 (time=811.969), 0.0219591 s/step
on time step 78132 (time=813.875), 0.0219694 s/step
on time step 78314 (time=815.771), 0.0220236 s/step
on time step 78496 (time=817.667), 0.0219806 s/step
on time step 78678 (time=819.562), 0.0220913 s/step
field decay(t = 820.3854166666666): 0.1924876878090005 / 0.39782276154868945 = 0.48385287724529047
on time step 78859 (time=821.448), 0.0221064 s/step
on time step 79041 (time=823.344), 0.022023 s/step
on time step 79224 (time=825.25), 0.0219359 s/step
on time step 79406 (time=827.146), 0.0220144 s/step
on time step 79589 (time=829.052), 0.0219592 s/step
on time step 79771 (time=830.948), 0.0220158 s/step
on time step 79953 (time=832.844), 0.0219826 s/step
on time step 80135 (time=834.74), 0.0220514 s/step
on time step 80317 (time=836.635), 0.0220623 s/step
on time step 80499 (time=838.531), 0.0220407 s/step
field decay(t = 840.3958333333333): 0.15138987370598575 / 0.39782276154868945 = 0.3805460329032912
on time step 80681 (time=840.427), 0.0220646 s/step
on time step 80863 (time=842.323), 0.0220532 s/step
on time step 81045 (time=844.219), 0.0220284 s/step
on time step 81227 (time=846.115), 0.0220342 s/step
on time step 81409 (time=848.01), 0.0220812 s/step
on time step 81590 (time=849.896), 0.0221005 s/step
on time step 81772 (time=851.792), 0.0220816 s/step
on time step 81954 (time=853.688), 0.0220507 s/step
on time step 82135 (time=855.573), 0.0221182 s/step
on time step 82317 (time=857.469), 0.022013 s/step
on time step 82499 (time=859.365), 0.0220789 s/step
field decay(t = 860.40625): 0.1109105496738449 / 0.39782276154868945 = 0.2787938760519377
on time step 82681 (time=861.26), 0.0220714 s/step
on time step 82863 (time=863.156), 0.0220934 s/step
on time step 83044 (time=865.042), 0.0221081 s/step
on time step 83226 (time=866.938), 0.0220369 s/step
on time step 83408 (time=868.833), 0.0219964 s/step
on time step 83590 (time=870.729), 0.0220397 s/step
on time step 83772 (time=872.625), 0.0220582 s/step
on time step 83954 (time=874.521), 0.022023 s/step
on time step 84136 (time=876.417), 0.0220692 s/step
on time step 84318 (time=878.312), 0.022067 s/step
on time step 84499 (time=880.198), 0.0221175 s/step
field decay(t = 880.4166666666666): 0.07789908722378222 / 0.39782276154868945 = 0.19581355003551792
on time step 84681 (time=882.094), 0.0220422 s/step
on time step 84863 (time=883.99), 0.022036 s/step
on time step 85045 (time=885.885), 0.0220202 s/step
on time step 85227 (time=887.781), 0.022088 s/step
on time step 85409 (time=889.677), 0.0220193 s/step
on time step 85591 (time=891.573), 0.0219889 s/step
on time step 85773 (time=893.469), 0.0220256 s/step
on time step 85955 (time=895.365), 0.0220459 s/step
on time step 86137 (time=897.26), 0.0220894 s/step
on time step 86319 (time=899.156), 0.0220069 s/step
field decay(t = 900.4270833333333): 0.052477887944522614 / 0.39782276154868945 = 0.13191273355056599
on time step 86501 (time=901.052), 0.0220108 s/step
on time step 86683 (time=902.948), 0.0220388 s/step
on time step 86865 (time=904.844), 0.0220055 s/step
on time step 87047 (time=906.74), 0.0220989 s/step
on time step 87229 (time=908.635), 0.0220832 s/step
on time step 87409 (time=910.51), 0.0222375 s/step
on time step 87591 (time=912.406), 0.0220313 s/step
on time step 87778 (time=914.354), 0.0214971 s/step
on time step 87965 (time=916.302), 0.0214509 s/step
on time step 88151 (time=918.24), 0.021543 s/step
on time step 88335 (time=920.156), 0.0218025 s/step
field decay(t = 920.4375): 0.03392209182062974 / 0.39782276154868945 = 0.08526935886869313
on time step 88518 (time=922.062), 0.0218757 s/step
on time step 88702 (time=923.979), 0.0217969 s/step
on time step 88887 (time=925.906), 0.0216637 s/step
on time step 89071 (time=927.823), 0.0218558 s/step
on time step 89255 (time=929.74), 0.021836 s/step
on time step 89440 (time=931.667), 0.0216925 s/step
on time step 89624 (time=933.583), 0.0217964 s/step
on time step 89807 (time=935.49), 0.0219709 s/step
on time step 89988 (time=937.375), 0.0221269 s/step
on time step 90171 (time=939.281), 0.0219261 s/step
field decay(t = 940.4479166666666): 0.02104401265965159 / 0.39782276154868945 = 0.05289796033220693
on time step 90356 (time=941.208), 0.0217226 s/step
on time step 90541 (time=943.135), 0.0216742 s/step
on time step 90726 (time=945.062), 0.0216706 s/step
on time step 90909 (time=946.969), 0.0218821 s/step
on time step 91091 (time=948.865), 0.0220807 s/step
on time step 91276 (time=950.792), 0.0217135 s/step
on time step 91460 (time=952.708), 0.0217549 s/step
on time step 91644 (time=954.625), 0.0217461 s/step
on time step 91829 (time=956.552), 0.0217005 s/step
on time step 92014 (time=958.479), 0.0216531 s/step
on time step 92198 (time=960.396), 0.0217611 s/step
field decay(t = 960.4583333333333): 0.012526983837204788 / 0.39782276154868945 = 0.031488856465724406
on time step 92382 (time=962.312), 0.0217999 s/step
on time step 92565 (time=964.219), 0.0218859 s/step
on time step 92747 (time=966.115), 0.0220587 s/step
on time step 92929 (time=968.01), 0.0220747 s/step
on time step 93111 (time=969.906), 0.0220424 s/step
on time step 93293 (time=971.802), 0.0220629 s/step
on time step 93475 (time=973.698), 0.0220369 s/step
on time step 93657 (time=975.594), 0.0220221 s/step
on time step 93839 (time=977.49), 0.0220329 s/step
on time step 94021 (time=979.385), 0.022065 s/step
field decay(t = 980.46875): 0.007151121832877001 / 0.39782276154868945 = 0.017975647760923242
on time step 94203 (time=981.281), 0.0220499 s/step
on time step 94385 (time=983.177), 0.0220251 s/step
on time step 94568 (time=985.083), 0.0219503 s/step
on time step 94751 (time=986.99), 0.0219216 s/step
on time step 94933 (time=988.885), 0.0220535 s/step
on time step 95115 (time=990.781), 0.0220739 s/step
on time step 95297 (time=992.677), 0.022021 s/step
on time step 95479 (time=994.573), 0.0219911 s/step
on time step 95664 (time=996.5), 0.0217105 s/step
on time step 95846 (time=998.396), 0.0219851 s/step
on time step 96029 (time=1000.3), 0.0219641 s/step
field decay(t = 1000.4791666666666): 0.003909612330188803 / 0.39782276154868945 = 0.009827522977742706
on time step 96213 (time=1002.22), 0.0218434 s/step
on time step 96395 (time=1004.11), 0.0219999 s/step
on time step 96578 (time=1006.02), 0.0218981 s/step
on time step 96763 (time=1007.95), 0.021684 s/step
on time step 96948 (time=1009.88), 0.021642 s/step
on time step 97133 (time=1011.8), 0.021633 s/step
on time step 97316 (time=1013.71), 0.0219387 s/step
on time step 97499 (time=1015.61), 0.0218895 s/step
on time step 97682 (time=1017.52), 0.0219131 s/step
on time step 97867 (time=1019.45), 0.0217271 s/step
field decay(t = 1020.4895833333333): 0.0020428559703239858 / 0.39782276154868945 = 0.005135090718216637
on time step 98052 (time=1021.38), 0.021732 s/step
on time step 98237 (time=1023.3), 0.0217162 s/step
on time step 98422 (time=1025.23), 0.0217158 s/step
on time step 98606 (time=1027.15), 0.0218492 s/step
on time step 98791 (time=1029.07), 0.0217318 s/step
on time step 98976 (time=1031), 0.0217186 s/step
on time step 99161 (time=1032.93), 0.0217317 s/step
on time step 99346 (time=1034.85), 0.021735 s/step
on time step 99531 (time=1036.78), 0.021718 s/step
on time step 99715 (time=1038.7), 0.0217444 s/step
field decay(t = 1040.4895833333333): 0.0010173869550943071 / 0.39782276154868945 = 0.0025573874937012357
on time step 99900 (time=1040.62), 0.0216855 s/step
on time step 100083 (time=1042.53), 0.0218595 s/step
on time step 100267 (time=1044.45), 0.0217565 s/step
on time step 100450 (time=1046.35), 0.0218728 s/step
on time step 100635 (time=1048.28), 0.0216646 s/step
on time step 100819 (time=1050.2), 0.0218559 s/step
on time step 101005 (time=1052.14), 0.0215425 s/step
on time step 101190 (time=1054.06), 0.0216653 s/step
on time step 101374 (time=1055.98), 0.0217399 s/step
on time step 101558 (time=1057.9), 0.0217954 s/step
on time step 101744 (time=1059.83), 0.0216132 s/step
field decay(t = 1060.5): 0.00048141893964704464 / 0.39782276154868945 = 0.001210134226038054
on time step 101928 (time=1061.75), 0.0218149 s/step
on time step 102115 (time=1063.7), 0.021492 s/step
on time step 102301 (time=1065.64), 0.0215331 s/step
on time step 102487 (time=1067.57), 0.0216188 s/step
on time step 102671 (time=1069.49), 0.0217753 s/step
on time step 102857 (time=1071.43), 0.021555 s/step
on time step 103040 (time=1073.33), 0.0219735 s/step
on time step 103225 (time=1075.26), 0.0217315 s/step
on time step 103410 (time=1077.19), 0.0217032 s/step
on time step 103594 (time=1079.1), 0.0217945 s/step
field decay(t = 1080.5104166666665): 0.000215911076850579 / 0.39782276154868945 = 0.0005427318336689834
on time step 103780 (time=1081.04), 0.0216021 s/step
on time step 103965 (time=1082.97), 0.0216676 s/step
on time step 104149 (time=1084.89), 0.0217774 s/step
on time step 104333 (time=1086.8), 0.0217457 s/step
on time step 104517 (time=1088.72), 0.0217489 s/step
on time step 104702 (time=1090.65), 0.0216645 s/step
on time step 104886 (time=1092.56), 0.0217843 s/step
on time step 105072 (time=1094.5), 0.0215721 s/step
on time step 105257 (time=1096.43), 0.0217245 s/step
on time step 105442 (time=1098.35), 0.0217151 s/step
on time step 105627 (time=1100.28), 0.0216971 s/step
field decay(t = 1100.5208333333333): 9.183956517455082e-05 / 0.39782276154868945 = 0.00023085548151399727
on time step 105811 (time=1102.2), 0.0217486 s/step
on time step 105996 (time=1104.12), 0.0217307 s/step
on time step 106181 (time=1106.05), 0.021694 s/step
on time step 106365 (time=1107.97), 0.0218145 s/step
on time step 106550 (time=1109.9), 0.0217166 s/step
on time step 106735 (time=1111.82), 0.0217011 s/step
on time step 106920 (time=1113.75), 0.0216815 s/step
on time step 107104 (time=1115.67), 0.0217414 s/step
on time step 107288 (time=1117.58), 0.0218084 s/step
on time step 107473 (time=1119.51), 0.0216872 s/step
field decay(t = 1120.53125): 3.738182718913012e-05 / 0.39782276154868945 = 9.396603412938443e-05
on time step 107659 (time=1121.45), 0.0215568 s/step
on time step 107845 (time=1123.39), 0.0215528 s/step
on time step 108030 (time=1125.31), 0.0216693 s/step
on time step 108215 (time=1127.24), 0.0216516 s/step
on time step 108401 (time=1129.18), 0.0215269 s/step
on time step 108587 (time=1131.11), 0.0215462 s/step
on time step 108772 (time=1133.04), 0.0216348 s/step
on time step 108958 (time=1134.98), 0.0215205 s/step
on time step 109144 (time=1136.92), 0.0216222 s/step
on time step 109328 (time=1138.83), 0.0217456 s/step
field decay(t = 1140.5416666666665): 1.4951386412930124e-05 / 0.39782276154868945 = 3.758303409972239e-05
on time step 109511 (time=1140.74), 0.0218969 s/step
on time step 109696 (time=1142.67), 0.0216496 s/step
on time step 109883 (time=1144.61), 0.021423 s/step
on time step 110072 (time=1146.58), 0.0212169 s/step
on time step 110261 (time=1148.55), 0.0212009 s/step
on time step 110450 (time=1150.52), 0.0212238 s/step
on time step 110639 (time=1152.49), 0.0212013 s/step
on time step 110828 (time=1154.46), 0.0211874 s/step
on time step 111013 (time=1156.39), 0.0216753 s/step
on time step 111198 (time=1158.31), 0.0216245 s/step
on time step 111385 (time=1160.26), 0.0214306 s/step
field decay(t = 1160.5520833333333): 6.627674829901815e-06 / 0.39782276154868945 = 1.6659868339611472e-05
on time step 111570 (time=1162.19), 0.0216732 s/step
on time step 111755 (time=1164.11), 0.0216241 s/step
on time step 111940 (time=1166.04), 0.021728 s/step
on time step 112126 (time=1167.98), 0.0215848 s/step
on time step 112312 (time=1169.92), 0.02159 s/step
on time step 112497 (time=1171.84), 0.0217072 s/step
on time step 112683 (time=1173.78), 0.02162 s/step
on time step 112869 (time=1175.72), 0.0215365 s/step
on time step 113055 (time=1177.66), 0.0215707 s/step
on time step 113240 (time=1179.58), 0.0217117 s/step
field decay(t = 1180.5625): 3.1289322013308426e-06 / 0.39782276154868945 = 7.865141223066727e-06
on time step 113425 (time=1181.51), 0.0217081 s/step
on time step 113609 (time=1183.43), 0.0217413 s/step
on time step 113794 (time=1185.35), 0.0216541 s/step
on time step 113979 (time=1187.28), 0.0217271 s/step
on time step 114164 (time=1189.21), 0.0216674 s/step
on time step 114348 (time=1191.12), 0.0217668 s/step
on time step 114533 (time=1193.05), 0.0216587 s/step
on time step 114720 (time=1195), 0.0214915 s/step
on time step 114907 (time=1196.95), 0.0215021 s/step
on time step 115093 (time=1198.89), 0.0216133 s/step
field decay(t = 1200.5729166666665): 1.6292737790374931e-06 / 0.39782276154868945 = 4.0954765199830995e-06
on time step 115279 (time=1200.82), 0.0215814 s/step
on time step 115465 (time=1202.76), 0.0215183 s/step
on time step 115651 (time=1204.7), 0.0216027 s/step
on time step 115838 (time=1206.65), 0.0214924 s/step
on time step 116023 (time=1208.57), 0.0216492 s/step
on time step 116208 (time=1210.5), 0.0216961 s/step
on time step 116394 (time=1212.44), 0.0215657 s/step
on time step 116579 (time=1214.36), 0.0216718 s/step
on time step 116764 (time=1216.29), 0.0217118 s/step
on time step 116951 (time=1218.24), 0.0214623 s/step
on time step 117139 (time=1220.2), 0.0213741 s/step
field decay(t = 1220.5833333333333): 8.898116315320067e-07 / 0.39782276154868945 = 2.2367036719267828e-06
on time step 117327 (time=1222.16), 0.0213781 s/step
on time step 117514 (time=1224.1), 0.0214033 s/step
on time step 117699 (time=1226.03), 0.0217011 s/step
on time step 117885 (time=1227.97), 0.0216196 s/step
on time step 118069 (time=1229.89), 0.0217537 s/step
on time step 118255 (time=1231.82), 0.0216186 s/step
on time step 118439 (time=1233.74), 0.0217441 s/step
on time step 118623 (time=1235.66), 0.0217845 s/step
on time step 118808 (time=1237.58), 0.0216501 s/step
on time step 118993 (time=1239.51), 0.0217109 s/step
field decay(t = 1240.59375): 4.99527475518737e-07 / 0.39782276154868945 = 1.2556533305789743e-06
on time step 119178 (time=1241.44), 0.0216531 s/step
on time step 119364 (time=1243.38), 0.0215822 s/step
on time step 119549 (time=1245.3), 0.0216789 s/step
on time step 119735 (time=1247.24), 0.0216162 s/step
on time step 119921 (time=1249.18), 0.0215494 s/step
on time step 120106 (time=1251.1), 0.0216308 s/step
on time step 120290 (time=1253.02), 0.0217662 s/step
on time step 120476 (time=1254.96), 0.0216225 s/step
on time step 120660 (time=1256.88), 0.0217408 s/step
on time step 120844 (time=1258.79), 0.0217426 s/step
field decay(t = 1260.6041666666665): 2.8616813544450705e-07 / 0.39782276154868945 = 7.193357522593211e-07
on time step 121029 (time=1260.72), 0.0217071 s/step
on time step 121213 (time=1262.64), 0.0217778 s/step
on time step 121398 (time=1264.56), 0.0217344 s/step
on time step 121584 (time=1266.5), 0.0216069 s/step
on time step 121769 (time=1268.43), 0.0216928 s/step
on time step 121955 (time=1270.36), 0.021611 s/step
on time step 122140 (time=1272.29), 0.021662 s/step
on time step 122325 (time=1274.22), 0.0216632 s/step
on time step 122510 (time=1276.15), 0.0216974 s/step
on time step 122697 (time=1278.09), 0.0214242 s/step
on time step 122884 (time=1280.04), 0.0214514 s/step
field decay(t = 1280.6145833333333): 1.7785722574003725e-07 / 0.39782276154868945 = 4.470765449610136e-07
on time step 123070 (time=1281.98), 0.0216012 s/step
on time step 123257 (time=1283.93), 0.0214396 s/step
on time step 123444 (time=1285.88), 0.0213942 s/step
on time step 123630 (time=1287.81), 0.0216067 s/step
on time step 123815 (time=1289.74), 0.0216679 s/step
on time step 124000 (time=1291.67), 0.0216377 s/step
on time step 124185 (time=1293.59), 0.0217068 s/step
on time step 124370 (time=1295.52), 0.0217327 s/step
on time step 124556 (time=1297.46), 0.0216028 s/step
on time step 124741 (time=1299.39), 0.0216462 s/step
field decay(t = 1300.625): 1.3142524915996136e-07 / 0.39782276154868945 = 3.3036131127423247e-07
on time step 124926 (time=1301.31), 0.0216989 s/step
on time step 125111 (time=1303.24), 0.0217084 s/step
on time step 125296 (time=1305.17), 0.021651 s/step
on time step 125481 (time=1307.09), 0.021712 s/step
on time step 125666 (time=1309.02), 0.0216972 s/step
on time step 125851 (time=1310.95), 0.0216821 s/step
on time step 126035 (time=1312.86), 0.0217642 s/step
on time step 126220 (time=1314.79), 0.0216571 s/step
on time step 126413 (time=1316.8), 0.0207536 s/step
on time step 126657 (time=1319.34), 0.0164112 s/step
field decay(t = 1320.6354166666665): 1.1788572005875497e-07 / 0.39782276154868945 = 2.963272377875919e-07
on time step 126899 (time=1321.86), 0.0165624 s/step
on time step 127140 (time=1324.38), 0.0166328 s/step
on time step 127378 (time=1326.85), 0.0168766 s/step
on time step 127618 (time=1329.35), 0.0166673 s/step
on time step 127859 (time=1331.86), 0.0166267 s/step
on time step 128102 (time=1334.4), 0.0164613 s/step
on time step 128339 (time=1336.86), 0.0169482 s/step
on time step 128579 (time=1339.36), 0.0166756 s/step
field decay(t = 1340.6458333333333): 1.138784579298157e-07 / 0.39782276154868945 = 2.862542542475367e-07
on time step 128822 (time=1341.9), 0.0164743 s/step
on time step 129064 (time=1344.42), 0.0165458 s/step
on time step 129307 (time=1346.95), 0.0165136 s/step
on time step 129551 (time=1349.49), 0.0163994 s/step
on time step 129794 (time=1352.02), 0.0164824 s/step
on time step 130038 (time=1354.56), 0.0163942 s/step
on time step 130281 (time=1357.09), 0.0164754 s/step
on time step 130519 (time=1359.57), 0.0168252 s/step
2026-05-30 14:32:23 [INFO] D11_scaled_deep_groove: Checkpointed 6 completed spectra row(s) to /mnt/c/Users/admin/Meep_Simulation/meep_sim/results/diagnostics_v2/tables/D11_thickness_2um_quick_spectra_checkpoint.csv
2026-05-30 14:32:23 [INFO] D11_scaled_deep_groove: >>> task=7/10 case=scaled_inner_wall_film_2um pol=Hz wl=9.0016 res=24 pml=4
2026-05-30 14:32:23 [INFO] D11_scaled_deep_groove: [single ref] wl=9.0016 um, f=0.111091, res=24, comp=Hz
field decay(t = 1360.65625): 1.1623311896954055e-07 / 0.39782276154868945 = 2.921731238229183e-07
run 0 finished at t = 1360.65625 (130623 timesteps)
-----------
Initializing structure...
Splitting into 16 chunks by voxels
time for choose_chunkdivision = 0.000419323 s
Working in 2D dimensions.
Computational cell is 50 x 49 x 0 with resolution 24
time for set_epsilon = 0.134845 s
-----------
field decay(t = 20.010416666666664): 2.0685234179530424e-10 / 2.0685234179530424e-10 = 1.0
on time step 3100 (time=32.2917), 0.00129061 s/step
field decay(t = 40.010416666666664): 3.322563202431625e-11 / 2.0685234179530424e-10 = 0.16062487732043895
field decay(t = 60.02083333333333): 1.3435678580404234e-10 / 2.0685234179530424e-10 = 0.6495299237994528
on time step 6190 (time=64.4792), 0.00129452 s/step
field decay(t = 80.02083333333333): 4.042599315204442e-10 / 4.042599315204442e-10 = 1.0
on time step 9286 (time=96.7292), 0.00129235 s/step
field decay(t = 100.03125): 1.2658709458715304e-09 / 1.2658709458715304e-09 = 1.0
field decay(t = 120.04166666666666): 4.264743250847122e-09 / 4.264743250847122e-09 = 1.0
on time step 12368 (time=128.833), 0.00129799 s/step
field decay(t = 140.04166666666666): 1.159757543385447e-08 / 1.159757543385447e-08 = 1.0
field decay(t = 160.05208333333331): 3.889407489512778e-08 / 3.889407489512778e-08 = 1.0
on time step 15469 (time=161.135), 0.0012902 s/step
field decay(t = 180.0625): 9.913753668795712e-08 / 9.913753668795712e-08 = 1.0
on time step 18611 (time=193.865), 0.00127349 s/step
field decay(t = 200.07291666666666): 3.066161704314131e-07 / 3.066161704314131e-07 = 1.0
field decay(t = 220.08333333333331): 7.325130201587734e-07 / 7.325130201587734e-07 = 1.0
on time step 21557 (time=224.552), 0.00135807 s/step
field decay(t = 240.09375): 2.087085271070267e-06 / 2.087085271070267e-06 = 1.0
on time step 24503 (time=255.24), 0.00135803 s/step
field decay(t = 260.10416666666663): 4.678368446968467e-06 / 4.678368446968467e-06 = 1.0
field decay(t = 280.1145833333333): 1.072894443616635e-05 / 1.072894443616635e-05 = 1.0
on time step 27431 (time=285.74), 0.00136617 s/step
field decay(t = 300.125): 2.582714984929448e-05 / 2.582714984929448e-05 = 1.0
on time step 30362 (time=316.271), 0.00136502 s/step
field decay(t = 320.13541666666663): 5.2665808268630084e-05 / 5.2665808268630084e-05 = 1.0
field decay(t = 340.1458333333333): 0.0001232429206982356 / 0.0001232429206982356 = 1.0
on time step 33298 (time=346.854), 0.00136266 s/step
field decay(t = 360.15625): 0.0002355496881807037 / 0.0002355496881807037 = 1.0
on time step 36217 (time=377.26), 0.00137069 s/step
field decay(t = 380.16666666666663): 0.000508335807077817 / 0.000508335807077817 = 1.0
field decay(t = 400.1770833333333): 0.0009106242757946037 / 0.0009106242757946037 = 1.0
on time step 39150 (time=407.812), 0.0013638 s/step
field decay(t = 420.1875): 0.001812351154188543 / 0.001812351154188543 = 1.0
on time step 42094 (time=438.479), 0.00135913 s/step
field decay(t = 440.19791666666663): 0.0030429781722834427 / 0.0030429781722834427 = 1.0
field decay(t = 460.2083333333333): 0.005094897501496772 / 0.005094897501496772 = 1.0
on time step 45023 (time=468.99), 0.00136566 s/step
field decay(t = 480.21875): 0.008789443440547716 / 0.008789443440547716 = 1.0
on time step 47958 (time=499.562), 0.00136306 s/step
field decay(t = 500.22916666666663): 0.013439487399779652 / 0.013439487399779652 = 1.0
field decay(t = 520.2291666666666): 0.0219445582757028 / 0.0219445582757028 = 1.0
on time step 50912 (time=530.333), 0.00135454 s/step
field decay(t = 540.2395833333333): 0.03144967340197333 / 0.03144967340197333 = 1.0
field decay(t = 560.25): 0.047358205882924595 / 0.047358205882924595 = 1.0
on time step 53870 (time=561.146), 0.00135241 s/step
field decay(t = 580.2604166666666): 0.06361397106260473 / 0.06361397106260473 = 1.0
on time step 56815 (time=591.823), 0.00135838 s/step
field decay(t = 600.2708333333333): 0.08834186659384459 / 0.08834186659384459 = 1.0
field decay(t = 620.28125): 0.11122228367299943 / 0.11122228367299943 = 1.0
on time step 59760 (time=622.5), 0.00135824 s/step
field decay(t = 640.2916666666666): 0.1360548165004477 / 0.1360548165004477 = 1.0
on time step 62693 (time=653.052), 0.00136383 s/step
field decay(t = 660.3020833333333): 0.1680869685125989 / 0.1680869685125989 = 1.0
field decay(t = 680.3125): 0.19271882075845087 / 0.19271882075845087 = 1.0
on time step 65649 (time=683.844), 0.00135329 s/step
field decay(t = 700.3229166666666): 0.21957314310132192 / 0.21957314310132192 = 1.0
on time step 68584 (time=714.417), 0.00136318 s/step
field decay(t = 720.3333333333333): 0.2359593964051324 / 0.2359593964051324 = 1.0
field decay(t = 740.34375): 0.24792900142191474 / 0.24792900142191474 = 1.0
on time step 71530 (time=745.104), 0.00135791 s/step
field decay(t = 760.3541666666666): 0.24994475164810834 / 0.24994475164810834 = 1.0
on time step 74461 (time=775.635), 0.0013648 s/step
field decay(t = 780.3645833333333): 0.24904696656517547 / 0.24994475164810834 = 0.9964080658745064
field decay(t = 800.375): 0.23916578604764152 / 0.24994475164810834 = 0.9568746071706187
on time step 77395 (time=806.198), 0.0013635 s/step
field decay(t = 820.3854166666666): 0.22416472576347063 / 0.24994475164810834 = 0.8968571025610779
on time step 80348 (time=836.958), 0.00135499 s/step
field decay(t = 840.3958333333333): 0.20414200383405515 / 0.24994475164810834 = 0.8167485113728739
field decay(t = 860.40625): 0.1744039149191316 / 0.24994475164810834 = 0.6977698622160748
on time step 83312 (time=867.833), 0.00134969 s/step
field decay(t = 880.4166666666666): 0.14886386882360747 / 0.24994475164810834 = 0.5955870961163033
field decay(t = 900.4270833333333): 0.11728652597927251 / 0.24994475164810834 = 0.46924980503050373
on time step 86511 (time=901.156), 0.00125054 s/step
field decay(t = 920.4375): 0.09383160951840044 / 0.24994475164810834 = 0.3754094010763782
field decay(t = 940.4479166666666): 0.06817779511632084 / 0.24994475164810834 = 0.27277146115997203
on time step 90335 (time=940.99), 0.00104613 s/step
field decay(t = 960.4583333333333): 0.05112248592342876 / 0.24994475164810834 = 0.20453514461229005
on time step 93587 (time=974.865), 0.0012302 s/step
field decay(t = 980.46875): 0.035295339139901 / 0.24994475164810834 = 0.14121256360522635
field decay(t = 1000.4791666666666): 0.024075632006168968 / 0.24994475164810834 = 0.0963238149527721
on time step 96833 (time=1008.68), 0.00123261 s/step
field decay(t = 1020.4895833333333): 0.01644036867144778 / 0.24994475164810834 = 0.06577601075054303
field decay(t = 1040.4895833333333): 0.009800457668736367 / 0.24994475164810834 = 0.03921049593605475
on time step 100077 (time=1042.47), 0.00123317 s/step
field decay(t = 1060.5): 0.006272608505889276 / 0.24994475164810834 = 0.025095980069708933
on time step 103320 (time=1076.25), 0.00123352 s/step
field decay(t = 1080.5104166666665): 0.003448402403558485 / 0.24994475164810834 = 0.013796658584827634
field decay(t = 1100.5208333333333): 0.0020686533959597157 / 0.24994475164810834 = 0.00827644262309667
on time step 106555 (time=1109.95), 0.00123655 s/step
field decay(t = 1120.53125): 0.0010487994548354306 / 0.24994475164810834 = 0.004196125135333956
field decay(t = 1140.5416666666665): 0.0005896987501536231 / 0.24994475164810834 = 0.002359316393983927
on time step 109800 (time=1143.75), 0.00123284 s/step
field decay(t = 1160.5520833333333): 0.0002959464166636507 / 0.24994475164810834 = 0.001184047333309511
on time step 113061 (time=1177.72), 0.00122663 s/step
field decay(t = 1180.5625): 0.00014530333122055977 / 0.24994475164810834 = 0.0005813417975870488
field decay(t = 1200.5729166666665): 7.440089955453011e-05 / 0.24994475164810834 = 0.00029766938118899766
on time step 116320 (time=1211.67), 0.00122742 s/step
field decay(t = 1220.5833333333333): 3.0947381148641505e-05 / 0.24994475164810834 = 0.00012381688731040704
field decay(t = 1240.59375): 1.4852324838931273e-05 / 0.24994475164810834 = 5.942243132130868e-05
on time step 119576 (time=1245.58), 0.00122859 s/step
field decay(t = 1260.6041666666665): 5.697378548005485e-06 / 0.24994475164810834 = 2.27945516376623e-05
on time step 122833 (time=1279.51), 0.00122817 s/step
field decay(t = 1280.6145833333333): 2.5627922525633664e-06 / 0.24994475164810834 = 1.0253434951782722e-05
field decay(t = 1300.625): 9.066274849377143e-07 / 0.24994475164810834 = 3.627311551690971e-06
on time step 126088 (time=1313.42), 0.00122923 s/step
field decay(t = 1320.6354166666665): 3.8223967408279694e-07 / 0.24994475164810834 = 1.5292966608114407e-06
field decay(t = 1340.6458333333333): 1.3770926858264456e-07 / 0.24994475164810834 = 5.509588326004235e-07
on time step 129330 (time=1347.19), 0.00123412 s/step
field decay(t = 1360.65625): 4.927897736385711e-08 / 0.24994475164810834 = 1.9715948040083629e-07
field decay(t = 1380.6666666666665): 1.8911823993833022e-08 / 0.24994475164810834 = 7.566401722432867e-08
on time step 132573 (time=1380.97), 0.00123377 s/step
field decay(t = 1400.6770833333333): 5.491443806695631e-09 / 0.24994475164810834 = 2.1970630591303284e-08
on time step 135817 (time=1414.76), 0.00123333 s/step
field decay(t = 1420.6875): 1.9761616868278598e-09 / 0.24994475164810834 = 7.90639400826489e-09
field decay(t = 1440.6979166666665): 5.289439361329273e-10 / 0.24994475164810834 = 2.116243420376419e-09
on time step 139058 (time=1448.52), 0.00123442 s/step
field decay(t = 1460.7083333333333): 1.7841212902912714e-10 / 0.24994475164810834 = 7.138062625948218e-10
field decay(t = 1480.71875): 4.403973572804506e-11 / 0.24994475164810834 = 1.7619788148241505e-10
on time step 142290 (time=1482.19), 0.00123785 s/step
field decay(t = 1500.7291666666665): 1.3924031870353646e-11 / 0.24994475164810834 = 5.57084386791085e-11
run 0 finished at t = 1500.7291666666665 (144070 timesteps)
-----------
Initializing structure...
Splitting into 16 chunks by voxels
time for choose_chunkdivision = 0.000531523 s
Working in 2D dimensions.
Computational cell is 50 x 49 x 0 with resolution 24
     block, center = (0,-4,0)
          size (50,25,1e+20)
          axes (1,0,0), (0,1,0), (0,0,1)
          dielectric constant epsilon diagonal = (1,1,1)
     prism, center = (2.72978,1,5e+19)
          height 1e+20, axis (0,0,1), sidewall angle: 0 radians, 4 vertices:
          (-10,8.5,0)
          (10,8.5,0)
          (15.4596,-6.5,0)
          (-4.54045,-6.5,0)
          dielectric constant epsilon diagonal = (1.69684,1.69684,1.69684)
     prism, center = (2.36581,2,5e+19)
          height 1e+20, axis (0,0,1), sidewall angle: 0 radians, 4 vertices:
          (-8,8.5,0)
          (8,8.5,0)
          (12.7316,-4.5,0)
          (-3.26839,-4.5,0)
          dielectric constant epsilon diagonal = (1,1,1)
time for set_epsilon = 1.46026 s
time for set_conductivity = 0.0346686 s
time for set_conductivity = 0.034165 s
time for set_conductivity = 0.0341958 s
lorentzian susceptibility: frequency=15.6714, gamma=1.42115
lorentzian susceptibility: frequency=2.02365, gamma=1.3413
lorentzian susceptibility: frequency=1.24613, gamma=2.0309
lorentzian susceptibility: frequency=0.626693, gamma=1.83572
drude susceptibility: frequency=1e-10, gamma=0.0661375
-----------
2026-05-30 14:35:32 [INFO] D11_scaled_deep_groove: [single struct] 3 geometry objects
on time step 232 (time=2.41667), 0.0172619 s/step
on time step 472 (time=4.91667), 0.0167346 s/step
on time step 712 (time=7.41667), 0.0167253 s/step
on time step 953 (time=9.92708), 0.0166512 s/step
on time step 1193 (time=12.4271), 0.0166844 s/step
on time step 1433 (time=14.9271), 0.0166906 s/step
on time step 1720 (time=17.9167), 0.0139455 s/step
on time step 1902 (time=19.8125), 0.0219903 s/step
field decay(t = 20.010416666666664): 2.0685234179530424e-10 / 2.0685234179530424e-10 = 1.0
on time step 2084 (time=21.7083), 0.02201 s/step
on time step 2267 (time=23.6146), 0.0219329 s/step
on time step 2450 (time=25.5208), 0.0219618 s/step
on time step 2632 (time=27.4167), 0.0220058 s/step
on time step 2814 (time=29.3125), 0.0219821 s/step
on time step 2997 (time=31.2188), 0.021963 s/step
on time step 3179 (time=33.1146), 0.0219882 s/step
on time step 3361 (time=35.0104), 0.0220366 s/step
on time step 3544 (time=36.9167), 0.0219686 s/step
on time step 3726 (time=38.8125), 0.0220111 s/step
field decay(t = 40.010416666666664): 4.390069313222615e-11 / 2.0685234179530424e-10 = 0.2122320334940619
on time step 3908 (time=40.7083), 0.0220144 s/step
on time step 4090 (time=42.6042), 0.0220802 s/step
on time step 4272 (time=44.5), 0.0220477 s/step
on time step 4454 (time=46.3958), 0.0219964 s/step
on time step 4636 (time=48.2917), 0.0220226 s/step
on time step 4819 (time=50.1979), 0.0219436 s/step
on time step 5001 (time=52.0938), 0.0219804 s/step
on time step 5183 (time=53.9896), 0.0220205 s/step
on time step 5365 (time=55.8854), 0.022031 s/step
on time step 5547 (time=57.7812), 0.0220962 s/step
on time step 5729 (time=59.6771), 0.0220286 s/step
field decay(t = 60.02083333333333): 1.8872636989269096e-10 / 2.0685234179530424e-10 = 0.9123724114250045
on time step 5911 (time=61.5729), 0.022008 s/step
on time step 6093 (time=63.4688), 0.0220063 s/step
on time step 6275 (time=65.3646), 0.0220985 s/step
on time step 6456 (time=67.25), 0.0221144 s/step
on time step 6637 (time=69.1354), 0.0221601 s/step
on time step 6819 (time=71.0312), 0.0220679 s/step
on time step 7000 (time=72.9167), 0.0222073 s/step
on time step 7180 (time=74.7917), 0.0222229 s/step
on time step 7360 (time=76.6667), 0.0222229 s/step
on time step 7540 (time=78.5417), 0.0222594 s/step
field decay(t = 80.02083333333333): 5.606175253140494e-10 / 5.606175253140494e-10 = 1.0
on time step 7720 (time=80.4167), 0.0222232 s/step
on time step 7901 (time=82.3021), 0.0221261 s/step
on time step 8081 (time=84.1771), 0.0222344 s/step
on time step 8262 (time=86.0625), 0.022195 s/step
on time step 8443 (time=87.9479), 0.0221653 s/step
on time step 8624 (time=89.8333), 0.0221524 s/step
on time step 8805 (time=91.7188), 0.0221888 s/step
on time step 8986 (time=93.6042), 0.0221597 s/step
on time step 9167 (time=95.4896), 0.0221557 s/step
on time step 9348 (time=97.375), 0.0221836 s/step
on time step 9529 (time=99.2604), 0.0221406 s/step
field decay(t = 100.03125): 1.6319316729271316e-09 / 1.6319316729271316e-09 = 1.0
on time step 9710 (time=101.146), 0.0222065 s/step
on time step 9891 (time=103.031), 0.0222238 s/step
on time step 10071 (time=104.906), 0.0222356 s/step
on time step 10252 (time=106.792), 0.0221911 s/step
on time step 10432 (time=108.667), 0.0222458 s/step
on time step 10613 (time=110.552), 0.0222185 s/step
on time step 10794 (time=112.438), 0.0222263 s/step
on time step 10975 (time=114.323), 0.0221848 s/step
on time step 11155 (time=116.198), 0.0222524 s/step
on time step 11336 (time=118.083), 0.0222147 s/step
on time step 11517 (time=119.969), 0.0222063 s/step
field decay(t = 120.04166666666666): 5.784881507341646e-09 / 5.784881507341646e-09 = 1.0
on time step 11698 (time=121.854), 0.0221562 s/step
on time step 11878 (time=123.729), 0.022241 s/step
on time step 12059 (time=125.615), 0.0221815 s/step
on time step 12240 (time=127.5), 0.022195 s/step
on time step 12420 (time=129.375), 0.0222503 s/step
on time step 12601 (time=131.26), 0.0221979 s/step
on time step 12785 (time=133.177), 0.0217515 s/step
on time step 12971 (time=135.115), 0.0215722 s/step
on time step 13157 (time=137.052), 0.0215832 s/step
on time step 13342 (time=138.979), 0.0217151 s/step
field decay(t = 140.04166666666666): 1.579391286978256e-08 / 1.579391286978256e-08 = 1.0
on time step 13528 (time=140.917), 0.0215947 s/step
on time step 13714 (time=142.854), 0.0215215 s/step
on time step 13900 (time=144.792), 0.0215505 s/step
on time step 14086 (time=146.729), 0.0215753 s/step
on time step 14271 (time=148.656), 0.0216325 s/step
on time step 14457 (time=150.594), 0.021582 s/step
on time step 14643 (time=152.531), 0.0215168 s/step
on time step 14829 (time=154.469), 0.0215749 s/step
on time step 15015 (time=156.406), 0.021537 s/step
on time step 15201 (time=158.344), 0.0215323 s/step
field decay(t = 160.05208333333331): 5.322297330640297e-08 / 5.322297330640297e-08 = 1.0
on time step 15387 (time=160.281), 0.0215641 s/step
on time step 15574 (time=162.229), 0.0214609 s/step
on time step 15760 (time=164.167), 0.0215962 s/step
on time step 15947 (time=166.115), 0.0215032 s/step
on time step 16133 (time=168.052), 0.021559 s/step
on time step 16319 (time=169.99), 0.0215574 s/step
on time step 16505 (time=171.927), 0.0215724 s/step
on time step 16691 (time=173.865), 0.0215466 s/step
on time step 16877 (time=175.802), 0.0215262 s/step
on time step 17063 (time=177.74), 0.0216071 s/step
on time step 17249 (time=179.677), 0.021605 s/step
field decay(t = 180.0625): 1.3611638788323355e-07 / 1.3611638788323355e-07 = 1.0
on time step 17436 (time=181.625), 0.0214817 s/step
on time step 17622 (time=183.562), 0.0215528 s/step
on time step 17808 (time=185.5), 0.02161 s/step
on time step 17994 (time=187.438), 0.0215083 s/step
on time step 18180 (time=189.375), 0.0216048 s/step
on time step 18366 (time=191.312), 0.0215749 s/step
on time step 18552 (time=193.25), 0.0216142 s/step
on time step 18738 (time=195.188), 0.0215665 s/step
on time step 18924 (time=197.125), 0.0215799 s/step
on time step 19110 (time=199.062), 0.0215448 s/step
field decay(t = 200.07291666666666): 4.229510718544083e-07 / 4.229510718544083e-07 = 1.0
on time step 19296 (time=201), 0.0215879 s/step
on time step 19482 (time=202.938), 0.021573 s/step
on time step 19668 (time=204.875), 0.0215581 s/step
on time step 19854 (time=206.812), 0.0215912 s/step
on time step 20040 (time=208.75), 0.0215392 s/step
on time step 20225 (time=210.677), 0.0216583 s/step
on time step 20411 (time=212.615), 0.0216121 s/step
on time step 20597 (time=214.552), 0.0216139 s/step
on time step 20782 (time=216.479), 0.0216785 s/step
on time step 20968 (time=218.417), 0.0216021 s/step
field decay(t = 220.08333333333331): 1.0143138174307976e-06 / 1.0143138174307976e-06 = 1.0
on time step 21154 (time=220.354), 0.0215934 s/step
on time step 21340 (time=222.292), 0.0215742 s/step
on time step 21525 (time=224.219), 0.021661 s/step
on time step 21711 (time=226.156), 0.0215744 s/step
on time step 21897 (time=228.094), 0.0216065 s/step
on time step 22083 (time=230.031), 0.0215602 s/step
on time step 22268 (time=231.958), 0.0217068 s/step
on time step 22454 (time=233.896), 0.0215438 s/step
on time step 22639 (time=235.823), 0.0216343 s/step
on time step 22825 (time=237.76), 0.021511 s/step
on time step 23011 (time=239.698), 0.0215365 s/step
field decay(t = 240.09375): 2.89134938193075e-06 / 2.89134938193075e-06 = 1.0
on time step 23197 (time=241.635), 0.0216102 s/step
on time step 23383 (time=243.573), 0.0215851 s/step
on time step 23569 (time=245.51), 0.0215473 s/step
on time step 23755 (time=247.448), 0.0215983 s/step
on time step 23941 (time=249.385), 0.0215215 s/step
on time step 24127 (time=251.323), 0.0216029 s/step
on time step 24313 (time=253.26), 0.0215692 s/step
on time step 24499 (time=255.198), 0.0215307 s/step
on time step 24685 (time=257.135), 0.0215822 s/step
on time step 24870 (time=259.062), 0.0216822 s/step
field decay(t = 260.10416666666663): 6.538257911947711e-06 / 6.538257911947711e-06 = 1.0
on time step 25055 (time=260.99), 0.0216499 s/step
on time step 25241 (time=262.927), 0.0215539 s/step
on time step 25426 (time=264.854), 0.0216289 s/step
on time step 25612 (time=266.792), 0.0215594 s/step
on time step 25798 (time=268.729), 0.021606 s/step
on time step 25985 (time=270.677), 0.0215024 s/step
on time step 26171 (time=272.615), 0.0215813 s/step
on time step 26358 (time=274.562), 0.0214972 s/step
on time step 26543 (time=276.49), 0.0216415 s/step
on time step 26729 (time=278.427), 0.0215692 s/step
field decay(t = 280.1145833333333): 1.4530830679137541e-05 / 1.4530830679137541e-05 = 1.0
on time step 26915 (time=280.365), 0.0215812 s/step
on time step 27100 (time=282.292), 0.0216495 s/step
on time step 27285 (time=284.219), 0.0217016 s/step
on time step 27471 (time=286.156), 0.0216 s/step
on time step 27657 (time=288.094), 0.0215859 s/step
on time step 27843 (time=290.031), 0.0215656 s/step
on time step 28029 (time=291.969), 0.0215268 s/step
on time step 28215 (time=293.906), 0.0215262 s/step
on time step 28400 (time=295.833), 0.0216748 s/step
on time step 28585 (time=297.76), 0.021685 s/step
on time step 28770 (time=299.688), 0.0216254 s/step
field decay(t = 300.125): 3.643023378990892e-05 / 3.643023378990892e-05 = 1.0
on time step 28956 (time=301.625), 0.021571 s/step
on time step 29142 (time=303.562), 0.0215352 s/step
on time step 29327 (time=305.49), 0.0216273 s/step
on time step 29512 (time=307.417), 0.0216489 s/step
on time step 29698 (time=309.354), 0.021579 s/step
on time step 29884 (time=311.292), 0.0215523 s/step
on time step 30070 (time=313.229), 0.0215758 s/step
on time step 30258 (time=315.188), 0.0213838 s/step
on time step 30446 (time=317.146), 0.0213919 s/step
on time step 30633 (time=319.094), 0.0214182 s/step
field decay(t = 320.13541666666663): 7.459611230429678e-05 / 7.459611230429678e-05 = 1.0
on time step 30820 (time=321.042), 0.0214019 s/step
on time step 31007 (time=322.99), 0.0214132 s/step
on time step 31194 (time=324.938), 0.0213944 s/step
on time step 31381 (time=326.885), 0.021437 s/step
on time step 31568 (time=328.833), 0.0214182 s/step
on time step 31755 (time=330.781), 0.0214432 s/step
on time step 31942 (time=332.729), 0.0214053 s/step
on time step 32130 (time=334.688), 0.0213847 s/step
on time step 32317 (time=336.635), 0.0214182 s/step
on time step 32505 (time=338.594), 0.0213749 s/step
field decay(t = 340.1458333333333): 0.00017547599244966091 / 0.00017547599244966091 = 1.0
on time step 32693 (time=340.552), 0.0213801 s/step
on time step 32880 (time=342.5), 0.0214174 s/step
on time step 33067 (time=344.448), 0.0213987 s/step
on time step 33255 (time=346.406), 0.0213826 s/step
on time step 33442 (time=348.354), 0.0214069 s/step
on time step 33629 (time=350.302), 0.0214136 s/step
on time step 33816 (time=352.25), 0.0214169 s/step
on time step 34003 (time=354.198), 0.0214083 s/step
on time step 34190 (time=356.146), 0.0214286 s/step
on time step 34377 (time=358.094), 0.0214169 s/step
on time step 34564 (time=360.042), 0.0213981 s/step
field decay(t = 360.15625): 0.00033679556637945525 / 0.00033679556637945525 = 1.0
on time step 34752 (time=362), 0.0213878 s/step
on time step 34939 (time=363.948), 0.0214031 s/step
on time step 35127 (time=365.906), 0.0213868 s/step
on time step 35315 (time=367.865), 0.0213875 s/step
on time step 35502 (time=369.812), 0.0214277 s/step
on time step 35689 (time=371.76), 0.0214228 s/step
on time step 35877 (time=373.719), 0.0213618 s/step
on time step 36065 (time=375.677), 0.0213472 s/step
on time step 36254 (time=377.646), 0.0212375 s/step
on time step 36443 (time=379.615), 0.0212421 s/step
field decay(t = 380.16666666666663): 0.0007306902847350641 / 0.0007306902847350641 = 1.0
on time step 36632 (time=381.583), 0.0212486 s/step
on time step 36821 (time=383.552), 0.0212456 s/step
on time step 37009 (time=385.51), 0.0212958 s/step
on time step 37197 (time=387.469), 0.0213338 s/step
on time step 37386 (time=389.438), 0.0212433 s/step
on time step 37575 (time=391.406), 0.0212422 s/step
on time step 37764 (time=393.375), 0.0212445 s/step
on time step 37952 (time=395.333), 0.0212774 s/step
on time step 38138 (time=397.271), 0.0215287 s/step
on time step 38327 (time=399.24), 0.0212552 s/step
field decay(t = 400.1770833333333): 0.0013145362046387823 / 0.0013145362046387823 = 1.0
on time step 38516 (time=401.208), 0.0212421 s/step
on time step 38705 (time=403.177), 0.0212709 s/step
on time step 38894 (time=405.146), 0.0212638 s/step
on time step 39083 (time=407.115), 0.0212324 s/step
on time step 39272 (time=409.083), 0.0212404 s/step
on time step 39461 (time=411.052), 0.0212571 s/step
on time step 39650 (time=413.021), 0.0212459 s/step
on time step 39839 (time=414.99), 0.0212438 s/step
on time step 40028 (time=416.958), 0.0212429 s/step
on time step 40217 (time=418.927), 0.0212346 s/step
field decay(t = 420.1875): 0.0026293236196483242 / 0.0026293236196483242 = 1.0
on time step 40406 (time=420.896), 0.0212499 s/step
on time step 40595 (time=422.865), 0.0212558 s/step
on time step 40784 (time=424.833), 0.0212443 s/step
on time step 40973 (time=426.802), 0.0212445 s/step
on time step 41162 (time=428.771), 0.0212489 s/step
on time step 41351 (time=430.74), 0.0212411 s/step
on time step 41540 (time=432.708), 0.021257 s/step
on time step 41729 (time=434.677), 0.021252 s/step
on time step 41917 (time=436.635), 0.0213008 s/step
on time step 42106 (time=438.604), 0.0212092 s/step
field decay(t = 440.19791666666663): 0.004435502773674519 / 0.004435502773674519 = 1.0
on time step 42295 (time=440.573), 0.0212143 s/step
on time step 42484 (time=442.542), 0.0212388 s/step
on time step 42672 (time=444.5), 0.0213372 s/step
on time step 42861 (time=446.469), 0.021247 s/step
on time step 43050 (time=448.438), 0.0212664 s/step
on time step 43238 (time=450.396), 0.0212849 s/step
on time step 43427 (time=452.365), 0.0212211 s/step
on time step 43616 (time=454.333), 0.0212288 s/step
on time step 43805 (time=456.302), 0.0212243 s/step
on time step 43994 (time=458.271), 0.0212734 s/step
field decay(t = 460.2083333333333): 0.0072674573720880745 / 0.0072674573720880745 = 1.0
on time step 44183 (time=460.24), 0.0212385 s/step
on time step 44372 (time=462.208), 0.0212365 s/step
on time step 44561 (time=464.177), 0.0212404 s/step
on time step 44750 (time=466.146), 0.0212672 s/step
on time step 44939 (time=468.115), 0.021239 s/step
on time step 45128 (time=470.083), 0.0212461 s/step
on time step 45317 (time=472.052), 0.0212028 s/step
on time step 45506 (time=474.021), 0.021252 s/step
on time step 45695 (time=475.99), 0.0212145 s/step
on time step 45884 (time=477.958), 0.0212299 s/step
on time step 46073 (time=479.927), 0.0212377 s/step
field decay(t = 480.21875): 0.012937849215051717 / 0.012937849215051717 = 1.0
on time step 46262 (time=481.896), 0.0212329 s/step
on time step 46451 (time=483.865), 0.0212555 s/step
on time step 46640 (time=485.833), 0.0212405 s/step
on time step 46829 (time=487.802), 0.0212341 s/step
on time step 47016 (time=489.75), 0.0214362 s/step
on time step 47203 (time=491.698), 0.0214067 s/step
on time step 47388 (time=493.625), 0.02164 s/step
on time step 47575 (time=495.573), 0.0214696 s/step
on time step 47763 (time=497.531), 0.0213849 s/step
on time step 47950 (time=499.479), 0.0214523 s/step
field decay(t = 500.22916666666663): 0.01986959976205553 / 0.01986959976205553 = 1.0
on time step 48134 (time=501.396), 0.0217709 s/step
on time step 48320 (time=503.333), 0.0215258 s/step
on time step 48505 (time=505.26), 0.0216341 s/step
on time step 48691 (time=507.198), 0.0216193 s/step
on time step 48880 (time=509.167), 0.0212425 s/step
on time step 49064 (time=511.083), 0.0217878 s/step
on time step 49250 (time=513.021), 0.0215724 s/step
on time step 49437 (time=514.969), 0.0214036 s/step
on time step 49624 (time=516.917), 0.0214437 s/step
on time step 49810 (time=518.854), 0.0215526 s/step
field decay(t = 520.2291666666666): 0.032623377897010086 / 0.032623377897010086 = 1.0
on time step 49997 (time=520.802), 0.0214523 s/step
on time step 50184 (time=522.75), 0.021459 s/step
on time step 50371 (time=524.698), 0.0214418 s/step
on time step 50558 (time=526.646), 0.0214636 s/step
on time step 50746 (time=528.604), 0.0213618 s/step
on time step 50933 (time=530.552), 0.021469 s/step
on time step 51120 (time=532.5), 0.0214133 s/step
on time step 51306 (time=534.438), 0.0215316 s/step
on time step 51492 (time=536.375), 0.0215914 s/step
on time step 51680 (time=538.333), 0.0213383 s/step
field decay(t = 540.2395833333333): 0.046962346848170536 / 0.046962346848170536 = 1.0
on time step 51866 (time=540.271), 0.0215094 s/step
on time step 52054 (time=542.229), 0.0213106 s/step
on time step 52238 (time=544.146), 0.0217607 s/step
on time step 52423 (time=546.073), 0.0216237 s/step
on time step 52610 (time=548.021), 0.0214325 s/step
on time step 52795 (time=549.948), 0.021629 s/step
on time step 52983 (time=551.906), 0.0213233 s/step
on time step 53170 (time=553.854), 0.0214859 s/step
on time step 53358 (time=555.812), 0.0213313 s/step
on time step 53547 (time=557.781), 0.0212467 s/step
on time step 53734 (time=559.729), 0.0214992 s/step
field decay(t = 560.25): 0.07111391209621679 / 0.07111391209621679 = 1.0
on time step 53921 (time=561.677), 0.0214828 s/step
on time step 54109 (time=563.635), 0.0213558 s/step
on time step 54297 (time=565.594), 0.0213855 s/step
on time step 54484 (time=567.542), 0.0214434 s/step
on time step 54671 (time=569.49), 0.0214453 s/step
on time step 54857 (time=571.427), 0.0215641 s/step
on time step 55044 (time=573.375), 0.021478 s/step
on time step 55232 (time=575.333), 0.021343 s/step
on time step 55419 (time=577.281), 0.0214952 s/step
on time step 55606 (time=579.229), 0.021401 s/step
field decay(t = 580.2604166666666): 0.09595358527412133 / 0.09595358527412133 = 1.0
on time step 55794 (time=581.188), 0.0213835 s/step
on time step 55981 (time=583.135), 0.0214162 s/step
on time step 56169 (time=585.094), 0.021342 s/step
on time step 56356 (time=587.042), 0.0214653 s/step
on time step 56544 (time=589), 0.021386 s/step
on time step 56732 (time=590.958), 0.0213681 s/step
on time step 56920 (time=592.917), 0.0213371 s/step
on time step 57108 (time=594.875), 0.0213825 s/step
on time step 57296 (time=596.833), 0.0213879 s/step
on time step 57485 (time=598.802), 0.0212425 s/step
field decay(t = 600.2708333333333): 0.13400555098540873 / 0.13400555098540873 = 1.0
on time step 57672 (time=600.75), 0.0214289 s/step
on time step 57861 (time=602.719), 0.0212421 s/step
on time step 58042 (time=604.604), 0.0221248 s/step
on time step 58222 (time=606.479), 0.0223384 s/step
on time step 58402 (time=608.354), 0.0223431 s/step
on time step 58582 (time=610.229), 0.0223177 s/step
on time step 58762 (time=612.104), 0.0223352 s/step
on time step 58942 (time=613.979), 0.0223108 s/step
on time step 59122 (time=615.854), 0.0222615 s/step
on time step 59302 (time=617.729), 0.0222761 s/step
on time step 59482 (time=619.604), 0.0222571 s/step
field decay(t = 620.28125): 0.16947921302195754 / 0.16947921302195754 = 1.0
on time step 59662 (time=621.479), 0.0222719 s/step
on time step 59842 (time=623.354), 0.022256 s/step
on time step 60022 (time=625.229), 0.0222639 s/step
on time step 60202 (time=627.104), 0.0222604 s/step
on time step 60382 (time=628.979), 0.0222725 s/step
on time step 60562 (time=630.854), 0.0222705 s/step
on time step 60742 (time=632.729), 0.0222614 s/step
on time step 60922 (time=634.604), 0.022268 s/step
on time step 61102 (time=636.479), 0.0222586 s/step
on time step 61282 (time=638.354), 0.0222601 s/step
on time step 61462 (time=640.229), 0.0222587 s/step
field decay(t = 640.2916666666666): 0.208267609110723 / 0.208267609110723 = 1.0
on time step 61645 (time=642.135), 0.0218608 s/step
on time step 61834 (time=644.104), 0.0212683 s/step
on time step 62023 (time=646.073), 0.0212157 s/step
on time step 62212 (time=648.042), 0.0212289 s/step
on time step 62401 (time=650.01), 0.0212302 s/step
on time step 62590 (time=651.979), 0.0212275 s/step
on time step 62779 (time=653.948), 0.0212393 s/step
on time step 62968 (time=655.917), 0.0212226 s/step
on time step 63157 (time=657.885), 0.0212349 s/step
on time step 63346 (time=659.854), 0.0212292 s/step
field decay(t = 660.3020833333333): 0.25878065456729027 / 0.25878065456729027 = 1.0
on time step 63535 (time=661.823), 0.0212043 s/step
on time step 63724 (time=663.792), 0.0212265 s/step
on time step 63913 (time=665.76), 0.0212087 s/step
on time step 64102 (time=667.729), 0.0212134 s/step
on time step 64290 (time=669.688), 0.0213619 s/step
on time step 64476 (time=671.625), 0.021587 s/step
on time step 64662 (time=673.562), 0.0215844 s/step
on time step 64850 (time=675.521), 0.0212878 s/step
on time step 65039 (time=677.49), 0.0212112 s/step
on time step 65228 (time=679.458), 0.021243 s/step
field decay(t = 680.3125): 0.29807303893537346 / 0.29807303893537346 = 1.0
on time step 65417 (time=681.427), 0.0212627 s/step
on time step 65606 (time=683.396), 0.0212257 s/step
on time step 65795 (time=685.365), 0.0212154 s/step
on time step 65984 (time=687.333), 0.0212248 s/step
on time step 66173 (time=689.302), 0.0212221 s/step
on time step 66362 (time=691.271), 0.0212152 s/step
on time step 66551 (time=693.24), 0.0212131 s/step
on time step 66740 (time=695.208), 0.0212321 s/step
on time step 66929 (time=697.177), 0.0212478 s/step
on time step 67117 (time=699.135), 0.0212783 s/step
field decay(t = 700.3229166666666): 0.3415780565540938 / 0.3415780565540938 = 1.0
on time step 67306 (time=701.104), 0.0212691 s/step
on time step 67495 (time=703.073), 0.0212714 s/step
on time step 67684 (time=705.042), 0.0212611 s/step
on time step 67873 (time=707.01), 0.0212629 s/step
on time step 68062 (time=708.979), 0.0212562 s/step
on time step 68246 (time=710.896), 0.0218256 s/step
on time step 68426 (time=712.771), 0.022271 s/step
on time step 68606 (time=714.646), 0.0222772 s/step
on time step 68786 (time=716.521), 0.0223329 s/step
on time step 68967 (time=718.406), 0.0222154 s/step
on time step 69147 (time=720.281), 0.0222796 s/step
field decay(t = 720.3333333333333): 0.3687882626692393 / 0.3687882626692393 = 1.0
on time step 69327 (time=722.156), 0.0223374 s/step
on time step 69507 (time=724.031), 0.0222891 s/step
on time step 69686 (time=725.896), 0.0223638 s/step
on time step 69866 (time=727.771), 0.022327 s/step
on time step 70046 (time=729.646), 0.0223394 s/step
on time step 70226 (time=731.521), 0.0223446 s/step
on time step 70406 (time=733.396), 0.0222894 s/step
on time step 70587 (time=735.281), 0.0222206 s/step
on time step 70768 (time=737.167), 0.0221775 s/step
on time step 70949 (time=739.052), 0.0222155 s/step
field decay(t = 740.34375): 0.38977690230816614 / 0.38977690230816614 = 1.0
on time step 71129 (time=740.927), 0.0222454 s/step
on time step 71309 (time=742.802), 0.0222328 s/step
on time step 71490 (time=744.688), 0.0222119 s/step
on time step 71671 (time=746.573), 0.0222069 s/step
on time step 71852 (time=748.458), 0.0222139 s/step
on time step 72032 (time=750.333), 0.0222408 s/step
on time step 72213 (time=752.219), 0.0222191 s/step
on time step 72393 (time=754.094), 0.0222252 s/step
on time step 72573 (time=755.969), 0.022223 s/step
on time step 72753 (time=757.844), 0.0222224 s/step
on time step 72933 (time=759.719), 0.0222424 s/step
field decay(t = 760.3541666666666): 0.3944494343428384 / 0.3944494343428384 = 1.0
on time step 73113 (time=761.594), 0.0222369 s/step
on time step 73293 (time=763.469), 0.022237 s/step
on time step 73473 (time=765.344), 0.0222338 s/step
on time step 73654 (time=767.229), 0.0222198 s/step
on time step 73834 (time=769.104), 0.022235 s/step
on time step 74015 (time=770.99), 0.0222083 s/step
on time step 74196 (time=772.875), 0.0222211 s/step
on time step 74376 (time=774.75), 0.0222754 s/step
on time step 74556 (time=776.625), 0.0222284 s/step
on time step 74736 (time=778.5), 0.022224 s/step
field decay(t = 780.3645833333333): 0.39385191996794894 / 0.3944494343428384 = 0.9984851939871965
on time step 74916 (time=780.375), 0.0222403 s/step
on time step 75096 (time=782.25), 0.022232 s/step
on time step 75276 (time=784.125), 0.0222311 s/step
on time step 75456 (time=786), 0.022266 s/step
on time step 75636 (time=787.875), 0.0222594 s/step
on time step 75816 (time=789.75), 0.0222368 s/step
on time step 75997 (time=791.635), 0.0222233 s/step
on time step 76177 (time=793.51), 0.022235 s/step
on time step 76357 (time=795.385), 0.0222289 s/step
on time step 76537 (time=797.26), 0.02224 s/step
on time step 76717 (time=799.135), 0.0222238 s/step
field decay(t = 800.375): 0.38186104388279507 / 0.3944494343428384 = 0.9680861743888266
on time step 76897 (time=801.01), 0.0222444 s/step
on time step 77077 (time=802.885), 0.0222225 s/step
on time step 77257 (time=804.76), 0.0222316 s/step
on time step 77438 (time=806.646), 0.0222214 s/step
on time step 77619 (time=808.531), 0.0222097 s/step
on time step 77800 (time=810.417), 0.022212 s/step
on time step 77980 (time=812.292), 0.0222314 s/step
on time step 78160 (time=814.167), 0.0222486 s/step
on time step 78340 (time=816.042), 0.0222249 s/step
on time step 78520 (time=817.917), 0.0222227 s/step
on time step 78700 (time=819.792), 0.02225 s/step
field decay(t = 820.3854166666666): 0.35833476341187676 / 0.3944494343428384 = 0.9084428375689535
on time step 78881 (time=821.677), 0.0222075 s/step
on time step 79061 (time=823.552), 0.0222356 s/step
on time step 79241 (time=825.427), 0.0222547 s/step
on time step 79421 (time=827.302), 0.0222287 s/step
on time step 79601 (time=829.177), 0.0222446 s/step
on time step 79783 (time=831.073), 0.0220813 s/step
on time step 79967 (time=832.99), 0.0217467 s/step
on time step 80152 (time=834.917), 0.0216378 s/step
on time step 80337 (time=836.844), 0.0216493 s/step
on time step 80522 (time=838.771), 0.021664 s/step
field decay(t = 840.3958333333333): 0.32790654727023033 / 0.3944494343428384 = 0.8313018570213695
on time step 80708 (time=840.708), 0.0215943 s/step
on time step 80893 (time=842.635), 0.0216417 s/step
on time step 81078 (time=844.562), 0.0216314 s/step
on time step 81263 (time=846.49), 0.0216943 s/step
on time step 81448 (time=848.417), 0.0217252 s/step
on time step 81633 (time=850.344), 0.0216228 s/step
on time step 81819 (time=852.281), 0.0216113 s/step
on time step 82005 (time=854.219), 0.021541 s/step
on time step 82191 (time=856.156), 0.0215719 s/step
on time step 82378 (time=858.104), 0.0215011 s/step
on time step 82565 (time=860.052), 0.0214644 s/step
field decay(t = 860.40625): 0.28184626764800375 / 0.3944494343428384 = 0.7145307943401311
on time step 82751 (time=861.99), 0.0215361 s/step
on time step 82937 (time=863.927), 0.0215687 s/step
on time step 83123 (time=865.865), 0.0215943 s/step
on time step 83310 (time=867.812), 0.0214601 s/step
on time step 83497 (time=869.76), 0.0215051 s/step
on time step 83683 (time=871.698), 0.0215837 s/step
on time step 83869 (time=873.635), 0.0215896 s/step
on time step 84054 (time=875.562), 0.0216265 s/step
on time step 84240 (time=877.5), 0.021578 s/step
on time step 84426 (time=879.438), 0.0215684 s/step
field decay(t = 880.4166666666666): 0.24175807974557853 / 0.3944494343428384 = 0.6129000543462634
on time step 84611 (time=881.365), 0.0216416 s/step
on time step 84798 (time=883.312), 0.0214556 s/step
on time step 84984 (time=885.25), 0.0215363 s/step
on time step 85170 (time=887.188), 0.021539 s/step
on time step 85356 (time=889.125), 0.0215973 s/step
on time step 85542 (time=891.062), 0.0215443 s/step
on time step 85728 (time=893), 0.0215491 s/step
on time step 85914 (time=894.938), 0.0215059 s/step
on time step 86100 (time=896.875), 0.0215482 s/step
on time step 86286 (time=898.812), 0.0215833 s/step
field decay(t = 900.4270833333333): 0.19165832029379845 / 0.3944494343428384 = 0.4858881864366354
on time step 86472 (time=900.75), 0.0215547 s/step
on time step 86659 (time=902.698), 0.0215017 s/step
on time step 86845 (time=904.635), 0.0215529 s/step
on time step 87032 (time=906.583), 0.0215055 s/step
on time step 87219 (time=908.531), 0.021494 s/step
on time step 87406 (time=910.479), 0.0215039 s/step
on time step 87592 (time=912.417), 0.0215423 s/step
on time step 87778 (time=914.354), 0.021564 s/step
on time step 87964 (time=916.292), 0.0215857 s/step
on time step 88150 (time=918.229), 0.0215842 s/step
on time step 88336 (time=920.167), 0.021565 s/step
field decay(t = 920.4375): 0.1540979586052822 / 0.3944494343428384 = 0.3906659388725271
on time step 88522 (time=922.104), 0.0215331 s/step
on time step 88708 (time=924.042), 0.0215809 s/step
on time step 88893 (time=925.969), 0.0216633 s/step
on time step 89078 (time=927.896), 0.0217367 s/step
on time step 89263 (time=929.823), 0.0216294 s/step
on time step 89448 (time=931.75), 0.0216261 s/step
on time step 89634 (time=933.688), 0.0215316 s/step
on time step 89820 (time=935.625), 0.0215176 s/step
on time step 90007 (time=937.573), 0.0214839 s/step
on time step 90191 (time=939.49), 0.0217816 s/step
field decay(t = 940.4479166666666): 0.11267759308187526 / 0.3944494343428384 = 0.2856578898879616
on time step 90375 (time=941.406), 0.021813 s/step
on time step 90559 (time=943.323), 0.0217419 s/step
on time step 90742 (time=945.229), 0.0219191 s/step
on time step 90925 (time=947.135), 0.0219376 s/step
on time step 91108 (time=949.042), 0.0219449 s/step
on time step 91291 (time=950.948), 0.0219263 s/step
on time step 91474 (time=952.854), 0.0219517 s/step
on time step 91657 (time=954.76), 0.0219267 s/step
on time step 91840 (time=956.667), 0.0219347 s/step
on time step 92023 (time=958.573), 0.0219323 s/step
field decay(t = 960.4583333333333): 0.08492239063382886 / 0.3944494343428384 = 0.21529347804823568
on time step 92206 (time=960.479), 0.0219334 s/step
on time step 92389 (time=962.385), 0.0219415 s/step
on time step 92572 (time=964.292), 0.0219757 s/step
on time step 92755 (time=966.198), 0.0219345 s/step
on time step 92938 (time=968.104), 0.0219541 s/step
on time step 93121 (time=970.01), 0.0219257 s/step
on time step 93303 (time=971.906), 0.0219879 s/step
on time step 93486 (time=973.812), 0.0219541 s/step
on time step 93669 (time=975.719), 0.0219021 s/step
on time step 93851 (time=977.615), 0.0220449 s/step
on time step 94034 (time=979.521), 0.0219505 s/step
field decay(t = 980.46875): 0.06120829687785209 / 0.3944494343428384 = 0.15517400089526426
on time step 94217 (time=981.427), 0.0219454 s/step
on time step 94400 (time=983.333), 0.0219745 s/step
on time step 94583 (time=985.24), 0.021888 s/step
on time step 94766 (time=987.146), 0.0218742 s/step
on time step 94949 (time=989.052), 0.0218758 s/step
on time step 95133 (time=990.969), 0.0217897 s/step
on time step 95321 (time=992.927), 0.0213696 s/step
on time step 95509 (time=994.885), 0.0213675 s/step
on time step 95697 (time=996.844), 0.021331 s/step
on time step 95885 (time=998.802), 0.021326 s/step
field decay(t = 1000.4791666666666): 0.04046364003632993 / 0.3944494343428384 = 0.10258257843300816
on time step 96072 (time=1000.75), 0.0213953 s/step
on time step 96258 (time=1002.69), 0.0215226 s/step
on time step 96444 (time=1004.62), 0.0215373 s/step
on time step 96630 (time=1006.56), 0.0215319 s/step
on time step 96816 (time=1008.5), 0.0215438 s/step
on time step 97003 (time=1010.45), 0.0214914 s/step
on time step 97189 (time=1012.39), 0.0215287 s/step
on time step 97375 (time=1014.32), 0.0215432 s/step
on time step 97561 (time=1016.26), 0.0215241 s/step
on time step 97748 (time=1018.21), 0.0214593 s/step
on time step 97934 (time=1020.15), 0.0215456 s/step
field decay(t = 1020.4895833333333): 0.02777735340548612 / 0.3944494343428384 = 0.07042056848620867
on time step 98121 (time=1022.09), 0.0214348 s/step
on time step 98308 (time=1024.04), 0.0214278 s/step
on time step 98495 (time=1025.99), 0.0215 s/step
on time step 98682 (time=1027.94), 0.0214925 s/step
on time step 98869 (time=1029.89), 0.0215021 s/step
on time step 99056 (time=1031.83), 0.0214538 s/step
on time step 99244 (time=1033.79), 0.0213526 s/step
on time step 99431 (time=1035.74), 0.0214397 s/step
on time step 99618 (time=1037.69), 0.0214847 s/step
on time step 99804 (time=1039.62), 0.0215281 s/step
field decay(t = 1040.4895833333333): 0.016670234762079354 / 0.3944494343428384 = 0.042262032368869634
on time step 99990 (time=1041.56), 0.0215207 s/step
on time step 100178 (time=1043.52), 0.0213726 s/step
on time step 100366 (time=1045.48), 0.0213087 s/step
on time step 100553 (time=1047.43), 0.0214698 s/step
on time step 100740 (time=1049.38), 0.0214683 s/step
on time step 100927 (time=1051.32), 0.0214067 s/step
on time step 101113 (time=1053.26), 0.0215372 s/step
on time step 101300 (time=1055.21), 0.0215014 s/step
on time step 101486 (time=1057.15), 0.0215066 s/step
on time step 101674 (time=1059.1), 0.0213814 s/step
field decay(t = 1060.5): 0.010727607149524183 / 0.3944494343428384 = 0.027196406473231776
on time step 101861 (time=1061.05), 0.0214613 s/step
on time step 102048 (time=1063), 0.0214779 s/step
on time step 102234 (time=1064.94), 0.0215903 s/step
on time step 102421 (time=1066.89), 0.021467 s/step
on time step 102609 (time=1068.84), 0.0213261 s/step
on time step 102797 (time=1070.8), 0.0213095 s/step
on time step 102984 (time=1072.75), 0.0214986 s/step
on time step 103172 (time=1074.71), 0.0212931 s/step
on time step 103360 (time=1076.67), 0.0213583 s/step
on time step 103546 (time=1078.6), 0.0215173 s/step
field decay(t = 1080.5104166666665): 0.005938455999943263 / 0.3944494343428384 = 0.015055050110128473
on time step 103733 (time=1080.55), 0.0214996 s/step
on time step 103921 (time=1082.51), 0.0213096 s/step
on time step 104109 (time=1084.47), 0.0213875 s/step
on time step 104297 (time=1086.43), 0.021346 s/step
on time step 104485 (time=1088.39), 0.0213438 s/step
on time step 104672 (time=1090.33), 0.0214061 s/step
on time step 104859 (time=1092.28), 0.021441 s/step
on time step 105046 (time=1094.23), 0.0214299 s/step
on time step 105233 (time=1096.18), 0.0214693 s/step
on time step 105420 (time=1098.12), 0.0214609 s/step
on time step 105607 (time=1100.07), 0.0214739 s/step
field decay(t = 1100.5208333333333): 0.0035824368718830944 / 0.3944494343428384 = 0.009082119430216739
on time step 105794 (time=1102.02), 0.0214671 s/step
on time step 105981 (time=1103.97), 0.0214975 s/step
on time step 106168 (time=1105.92), 0.0214317 s/step
on time step 106355 (time=1107.86), 0.0215023 s/step
on time step 106542 (time=1109.81), 0.0214226 s/step
on time step 106729 (time=1111.76), 0.0214509 s/step
on time step 106916 (time=1113.71), 0.021486 s/step
on time step 107103 (time=1115.66), 0.0214554 s/step
on time step 107290 (time=1117.6), 0.0214522 s/step
on time step 107477 (time=1119.55), 0.0214329 s/step
field decay(t = 1120.53125): 0.0018292906248090982 / 0.3944494343428384 = 0.0046375795362889475
on time step 107663 (time=1121.49), 0.021511 s/step
on time step 107850 (time=1123.44), 0.0214686 s/step
on time step 108037 (time=1125.39), 0.0214881 s/step
on time step 108224 (time=1127.33), 0.0214611 s/step
on time step 108407 (time=1129.24), 0.0219758 s/step
on time step 108590 (time=1131.15), 0.0218942 s/step
on time step 108773 (time=1133.05), 0.0219052 s/step
on time step 108956 (time=1134.96), 0.021907 s/step
on time step 109140 (time=1136.88), 0.0218381 s/step
on time step 109323 (time=1138.78), 0.0219515 s/step
field decay(t = 1140.5416666666665): 0.001034524617125461 / 0.3944494343428384 = 0.0026227052875585997
on time step 109507 (time=1140.7), 0.0218564 s/step
on time step 109690 (time=1142.6), 0.0218724 s/step
on time step 109873 (time=1144.51), 0.0219362 s/step
on time step 110057 (time=1146.43), 0.0218523 s/step
on time step 110240 (time=1148.33), 0.0219777 s/step
on time step 110423 (time=1150.24), 0.0219161 s/step
on time step 110607 (time=1152.16), 0.021833 s/step
on time step 110790 (time=1154.06), 0.021916 s/step
on time step 110973 (time=1155.97), 0.0219075 s/step
on time step 111156 (time=1157.88), 0.0218622 s/step
on time step 111339 (time=1159.78), 0.0219186 s/step
field decay(t = 1160.5520833333333): 0.000555108735210692 / 0.3944494343428384 = 0.001407300117277429
on time step 111522 (time=1161.69), 0.0219131 s/step
on time step 111706 (time=1163.6), 0.0218308 s/step
on time step 111889 (time=1165.51), 0.02192 s/step
on time step 112072 (time=1167.42), 0.0218834 s/step
on time step 112255 (time=1169.32), 0.0219029 s/step
on time step 112438 (time=1171.23), 0.0219166 s/step
on time step 112621 (time=1173.14), 0.0219115 s/step
on time step 112804 (time=1175.04), 0.0219587 s/step
on time step 112987 (time=1176.95), 0.0218923 s/step
on time step 113170 (time=1178.85), 0.021978 s/step
field decay(t = 1180.5625): 0.00025835376939406876 / 0.3944494343428384 = 0.0006549731014939644
on time step 113353 (time=1180.76), 0.0219738 s/step
on time step 113536 (time=1182.67), 0.0219152 s/step
on time step 113719 (time=1184.57), 0.0218912 s/step
on time step 113902 (time=1186.48), 0.0218666 s/step
on time step 114085 (time=1188.39), 0.0219748 s/step
on time step 114268 (time=1190.29), 0.0219304 s/step
on time step 114451 (time=1192.2), 0.0219645 s/step
on time step 114634 (time=1194.1), 0.0218639 s/step
on time step 114816 (time=1196), 0.0220464 s/step
on time step 114999 (time=1197.91), 0.02188 s/step
on time step 115182 (time=1199.81), 0.021873 s/step
field decay(t = 1200.5729166666665): 0.0001331023491617373 / 0.3944494343428384 = 0.00033743830659432633
on time step 115365 (time=1201.72), 0.0219526 s/step
on time step 115548 (time=1203.62), 0.0218791 s/step
on time step 115732 (time=1205.54), 0.0218374 s/step
on time step 115915 (time=1207.45), 0.0219132 s/step
on time step 116099 (time=1209.36), 0.0218305 s/step
on time step 116283 (time=1211.28), 0.0217933 s/step
on time step 116467 (time=1213.2), 0.0217911 s/step
on time step 116650 (time=1215.1), 0.0218687 s/step
on time step 116833 (time=1217.01), 0.0218664 s/step
on time step 117016 (time=1218.92), 0.0218868 s/step
field decay(t = 1220.5833333333333): 5.5799109309762094e-05 / 0.3944494343428384 = 0.00014146074110291134
on time step 117200 (time=1220.83), 0.0218177 s/step
on time step 117384 (time=1222.75), 0.0218341 s/step
on time step 117567 (time=1224.66), 0.0218963 s/step
on time step 117751 (time=1226.57), 0.0218294 s/step
on time step 117935 (time=1228.49), 0.0218468 s/step
on time step 118118 (time=1230.4), 0.0218637 s/step
on time step 118302 (time=1232.31), 0.0218257 s/step
on time step 118486 (time=1234.23), 0.021836 s/step
on time step 118669 (time=1236.14), 0.0218778 s/step
on time step 118852 (time=1238.04), 0.0218951 s/step
on time step 119038 (time=1239.98), 0.0215352 s/step
field decay(t = 1240.59375): 2.695150345200526e-05 / 0.3944494343428384 = 6.832689086474941e-05
on time step 119225 (time=1241.93), 0.0214073 s/step
on time step 119412 (time=1243.88), 0.0214314 s/step
on time step 119597 (time=1245.8), 0.0216273 s/step
on time step 119781 (time=1247.72), 0.0218089 s/step
on time step 119969 (time=1249.68), 0.0213772 s/step
on time step 120156 (time=1251.62), 0.0214552 s/step
on time step 120341 (time=1253.55), 0.0217007 s/step
on time step 120525 (time=1255.47), 0.0218347 s/step
on time step 120710 (time=1257.4), 0.0216253 s/step
on time step 120896 (time=1259.33), 0.0215802 s/step
field decay(t = 1260.6041666666665): 1.0423444113734974e-05 / 0.3944494343428384 = 2.6425298672567918e-05
on time step 121080 (time=1261.25), 0.0218241 s/step
on time step 121264 (time=1263.17), 0.0217974 s/step
on time step 121448 (time=1265.08), 0.0217672 s/step
on time step 121632 (time=1267), 0.0217468 s/step
on time step 121816 (time=1268.92), 0.0218212 s/step
on time step 122000 (time=1270.83), 0.0217843 s/step
on time step 122184 (time=1272.75), 0.021832 s/step
on time step 122368 (time=1274.67), 0.0218099 s/step
on time step 122551 (time=1276.57), 0.0219302 s/step
on time step 122734 (time=1278.48), 0.0219098 s/step
on time step 122917 (time=1280.39), 0.0219397 s/step
field decay(t = 1280.6145833333333): 4.720144449563414e-06 / 0.3944494343428384 = 1.1966412012802807e-05
on time step 123101 (time=1282.3), 0.0218322 s/step
on time step 123284 (time=1284.21), 0.0218688 s/step
on time step 123467 (time=1286.11), 0.0219372 s/step
on time step 123650 (time=1288.02), 0.0219024 s/step
on time step 123833 (time=1289.93), 0.0218948 s/step
on time step 124016 (time=1291.83), 0.0218978 s/step
on time step 124198 (time=1293.73), 0.0219906 s/step
on time step 124381 (time=1295.64), 0.0219232 s/step
on time step 124564 (time=1297.54), 0.0218742 s/step
on time step 124747 (time=1299.45), 0.0218818 s/step
field decay(t = 1300.625): 1.6842046295806841e-06 / 0.3944494343428384 = 4.269760539488684e-06
on time step 124930 (time=1301.35), 0.0219044 s/step
on time step 125113 (time=1303.26), 0.0219055 s/step
on time step 125296 (time=1305.17), 0.021894 s/step
on time step 125479 (time=1307.07), 0.0218617 s/step
on time step 125662 (time=1308.98), 0.021883 s/step
on time step 125845 (time=1310.89), 0.0219446 s/step
on time step 126029 (time=1312.8), 0.0218553 s/step
on time step 126212 (time=1314.71), 0.0218975 s/step
on time step 126395 (time=1316.61), 0.0218772 s/step
on time step 126578 (time=1318.52), 0.0218645 s/step
on time step 126761 (time=1320.43), 0.0219711 s/step
field decay(t = 1320.6354166666665): 7.150693826721413e-07 / 0.3944494343428384 = 1.8128290229734084e-06
on time step 126943 (time=1322.32), 0.0219803 s/step
on time step 127126 (time=1324.23), 0.021919 s/step
on time step 127309 (time=1326.14), 0.0219224 s/step
on time step 127493 (time=1328.05), 0.021846 s/step
on time step 127676 (time=1329.96), 0.0218936 s/step
on time step 127860 (time=1331.88), 0.0218543 s/step
on time step 128043 (time=1333.78), 0.0219341 s/step
on time step 128226 (time=1335.69), 0.0219073 s/step
on time step 128410 (time=1337.6), 0.02183 s/step
on time step 128594 (time=1339.52), 0.021796 s/step
field decay(t = 1340.6458333333333): 2.855075135242497e-07 / 0.3944494343428384 = 7.238127087187021e-07
on time step 128778 (time=1341.44), 0.0218518 s/step
on time step 128962 (time=1343.35), 0.0218319 s/step
on time step 129146 (time=1345.27), 0.0218063 s/step
on time step 129331 (time=1347.2), 0.0216558 s/step
on time step 129517 (time=1349.14), 0.021601 s/step
on time step 129702 (time=1351.06), 0.0216368 s/step
on time step 129888 (time=1353), 0.0216074 s/step
on time step 130073 (time=1354.93), 0.0216722 s/step
on time step 130261 (time=1356.89), 0.0213402 s/step
on time step 130449 (time=1358.84), 0.0213901 s/step
field decay(t = 1360.65625): 9.370894917263925e-08 / 0.3944494343428384 = 2.3756897846427504e-07
on time step 130633 (time=1360.76), 0.0218005 s/step
on time step 130817 (time=1362.68), 0.0217664 s/step
on time step 131002 (time=1364.6), 0.0217283 s/step
on time step 131187 (time=1366.53), 0.0216896 s/step
on time step 131371 (time=1368.45), 0.021751 s/step
on time step 131556 (time=1370.38), 0.0217269 s/step
on time step 131740 (time=1372.29), 0.0217625 s/step
on time step 131924 (time=1374.21), 0.0217545 s/step
on time step 132108 (time=1376.12), 0.0217786 s/step
on time step 132292 (time=1378.04), 0.0217846 s/step
on time step 132476 (time=1379.96), 0.0217933 s/step
field decay(t = 1380.6666666666665): 3.62479771571899e-08 / 0.3944494343428384 = 9.189511760253843e-08
on time step 132660 (time=1381.88), 0.0218319 s/step
on time step 132844 (time=1383.79), 0.0217905 s/step
on time step 133028 (time=1385.71), 0.0217957 s/step
on time step 133212 (time=1387.62), 0.0218304 s/step
on time step 133396 (time=1389.54), 0.0218226 s/step
on time step 133580 (time=1391.46), 0.0217982 s/step
on time step 133764 (time=1393.38), 0.0218252 s/step
on time step 133947 (time=1395.28), 0.0218581 s/step
on time step 134130 (time=1397.19), 0.0218609 s/step
on time step 134314 (time=1399.1), 0.0218415 s/step
field decay(t = 1400.6770833333333): 1.0623609673100015e-08 / 0.3944494343428384 = 2.693275423451725e-08
on time step 134498 (time=1401.02), 0.0218443 s/step
on time step 134683 (time=1402.95), 0.0217126 s/step
on time step 134868 (time=1404.88), 0.0217018 s/step
on time step 135054 (time=1406.81), 0.0216107 s/step
on time step 135238 (time=1408.73), 0.0217569 s/step
on time step 135423 (time=1410.66), 0.0217355 s/step
on time step 135608 (time=1412.58), 0.0217116 s/step
on time step 135793 (time=1414.51), 0.0217374 s/step
on time step 135977 (time=1416.43), 0.0217489 s/step
on time step 136163 (time=1418.36), 0.0216181 s/step
on time step 136348 (time=1420.29), 0.0217063 s/step
field decay(t = 1420.6875): 3.853688206302412e-09 / 0.3944494343428384 = 9.76979017024766e-09
on time step 136531 (time=1422.2), 0.0218813 s/step
on time step 136718 (time=1424.15), 0.0214063 s/step
on time step 136905 (time=1426.09), 0.0214068 s/step
on time step 137092 (time=1428.04), 0.0213968 s/step
on time step 137280 (time=1430), 0.0213558 s/step
on time step 137468 (time=1431.96), 0.0213664 s/step
on time step 137656 (time=1433.92), 0.0213837 s/step
on time step 137844 (time=1435.88), 0.0213525 s/step
on time step 138086 (time=1438.4), 0.0165388 s/step
field decay(t = 1440.6979166666665): 1.0423094870777865e-09 / 0.3944494343428384 = 2.6424413279088545e-09
on time step 138335 (time=1440.99), 0.0161072 s/step
on time step 138584 (time=1443.58), 0.0160967 s/step
on time step 138833 (time=1446.18), 0.0161077 s/step
on time step 139082 (time=1448.77), 0.0161248 s/step
on time step 139331 (time=1451.36), 0.0160927 s/step
on time step 139579 (time=1453.95), 0.0161587 s/step
on time step 139828 (time=1456.54), 0.0161133 s/step
on time step 140077 (time=1459.14), 0.0161099 s/step
field decay(t = 1460.7083333333333): 3.546021984970329e-10 / 0.3944494343428384 = 8.98980116647418e-10
on time step 140326 (time=1461.73), 0.0161183 s/step
on time step 140575 (time=1464.32), 0.0161225 s/step
on time step 140823 (time=1466.91), 0.0161393 s/step
on time step 141071 (time=1469.49), 0.0161447 s/step
on time step 141320 (time=1472.08), 0.0161054 s/step
on time step 141568 (time=1474.67), 0.0161396 s/step
on time step 141816 (time=1477.25), 0.0161426 s/step
on time step 142109 (time=1480.3), 0.0136723 s/step
field decay(t = 1480.71875): 8.837488136019186e-11 / 0.3944494343428384 = 2.2404616071367016e-10
on time step 142451 (time=1483.86), 0.0117291 s/step
on time step 142793 (time=1487.43), 0.0117184 s/step
on time step 143135 (time=1490.99), 0.0117302 s/step
on time step 143477 (time=1494.55), 0.0117287 s/step
on time step 143819 (time=1498.11), 0.0117246 s/step
2026-05-30 15:26:44 [INFO] D11_scaled_deep_groove: Checkpointed 7 completed spectra row(s) to /mnt/c/Users/admin/Meep_Simulation/meep_sim/results/diagnostics_v2/tables/D11_thickness_2um_quick_spectra_checkpoint.csv
2026-05-30 15:26:44 [INFO] D11_scaled_deep_groove: >>> task=8/10 case=scaled_inner_wall_film_2um pol=Hz wl=10.009 res=24 pml=4
2026-05-30 15:26:44 [INFO] D11_scaled_deep_groove: [single ref] wl=10.009 um, f=0.0999101, res=24, comp=Hz
field decay(t = 1500.7291666666665): 2.8168451252127438e-11 / 0.3944494343428384 = 7.141207161079267e-11
run 0 finished at t = 1500.7291666666665 (144070 timesteps)
-----------
Initializing structure...
Splitting into 16 chunks by voxels
time for choose_chunkdivision = 0.000441905 s
Working in 2D dimensions.
Computational cell is 50 x 49 x 0 with resolution 24
time for set_epsilon = 0.146773 s
-----------
field decay(t = 20.010416666666664): 2.5335633193753584e-10 / 2.5335633193753584e-10 = 1.0
on time step 2954 (time=30.7708), 0.00135433 s/step
field decay(t = 40.010416666666664): 2.4997380401062046e-11 / 2.5335633193753584e-10 = 0.09866491281230369
field decay(t = 60.02083333333333): 7.751982386470893e-11 / 2.5335633193753584e-10 = 0.30597152742099687
on time step 5872 (time=61.1667), 0.0013712 s/step
field decay(t = 80.02083333333333): 2.34778594475275e-10 / 2.5335633193753584e-10 = 0.9266734826787708
on time step 8769 (time=91.3438), 0.00138115 s/step
field decay(t = 100.03125): 6.910243093609341e-10 / 6.910243093609341e-10 = 1.0
field decay(t = 120.04166666666666): 1.9761760311890746e-09 / 1.9761760311890746e-09 = 1.0
on time step 11680 (time=121.667), 0.00137437 s/step
field decay(t = 140.04166666666666): 5.491617965926656e-09 / 5.491617965926656e-09 = 1.0
on time step 14567 (time=151.74), 0.00138557 s/step
field decay(t = 160.05208333333331): 1.4827173592573885e-08 / 1.4827173592573885e-08 = 1.0
field decay(t = 180.0625): 3.8896686545183836e-08 / 3.8896686545183836e-08 = 1.0
on time step 17498 (time=182.271), 0.00136506 s/step
field decay(t = 200.07291666666666): 9.914176181840263e-08 / 9.914176181840263e-08 = 1.0
on time step 20372 (time=212.208), 0.00139218 s/step
field decay(t = 220.08333333333331): 2.4553367413675e-07 / 2.4553367413675e-07 = 1.0
field decay(t = 240.09375): 5.908205742032644e-07 / 5.908205742032644e-07 = 1.0
on time step 23258 (time=242.271), 0.00138631 s/step
field decay(t = 260.10416666666663): 1.3813210300041446e-06 / 1.3813210300041446e-06 = 1.0
on time step 26153 (time=272.427), 0.00138208 s/step
field decay(t = 280.1145833333333): 3.1378898577579806e-06 / 3.1378898577579806e-06 = 1.0
field decay(t = 300.125): 6.925827677668753e-06 / 6.925827677668753e-06 = 1.0
on time step 29075 (time=302.865), 0.00136898 s/step
field decay(t = 320.13541666666663): 1.485267625879372e-05 / 1.485267625879372e-05 = 1.0
on time step 31960 (time=332.917), 0.00138676 s/step
field decay(t = 340.1458333333333): 3.094824675872066e-05 / 3.094824675872066e-05 = 1.0
field decay(t = 360.15625): 6.26554983643387e-05 / 6.26554983643387e-05 = 1.0
on time step 34823 (time=362.74), 0.00139733 s/step
field decay(t = 380.16666666666663): 0.0001232496347284719 / 0.0001232496347284719 = 1.0
on time step 37717 (time=392.885), 0.0013826 s/step
field decay(t = 400.1770833333333): 0.00023556236421464144 / 0.00023556236421464144 = 1.0
field decay(t = 420.1875): 0.0004374420106227874 / 0.0004374420106227874 = 1.0
on time step 40585 (time=422.76), 0.00139492 s/step
field decay(t = 440.19791666666663): 0.0007892923863720993 / 0.0007892923863720993 = 1.0
on time step 43458 (time=452.688), 0.00139255 s/step
field decay(t = 460.2083333333333): 0.0013837157260329796 / 0.0013837157260329796 = 1.0
field decay(t = 480.21875): 0.0023569762386386286 / 0.0023569762386386286 = 1.0
on time step 46354 (time=482.854), 0.00138168 s/step
field decay(t = 500.22916666666663): 0.0039008689203064812 / 0.0039008689203064812 = 1.0
on time step 49282 (time=513.354), 0.00136632 s/step
field decay(t = 520.2291666666666): 0.006272766060193828 / 0.006272766060193828 = 1.0
field decay(t = 540.2395833333333): 0.009800790820176623 / 0.009800790820176623 = 1.0
on time step 52222 (time=543.979), 0.00136093 s/step
field decay(t = 560.25): 0.014878393423478596 / 0.014878393423478596 = 1.0
on time step 55137 (time=574.344), 0.00137261 s/step
field decay(t = 580.2604166666666): 0.021945534826234264 / 0.021945534826234264 = 1.0
field decay(t = 600.2708333333333): 0.03145127633502517 / 0.03145127633502517 = 1.0
on time step 58058 (time=604.771), 0.00136964 s/step
field decay(t = 620.28125): 0.043794740160197555 / 0.043794740160197555 = 1.0
on time step 60986 (time=635.271), 0.00136613 s/step
field decay(t = 640.2916666666666): 0.05925238002090586 / 0.05925238002090586 = 1.0
field decay(t = 660.3020833333333): 0.07789089056063968 / 0.07789089056063968 = 1.0
on time step 63898 (time=665.604), 0.00137401 s/step
field decay(t = 680.3125): 0.09948534689898013 / 0.09948534689898013 = 1.0
on time step 66838 (time=696.229), 0.00136073 s/step
field decay(t = 700.3229166666666): 0.12346295748701791 / 0.12346295748701791 = 1.0
field decay(t = 720.3333333333333): 0.1488697012434175 / 0.1488697012434175 = 1.0
on time step 69779 (time=726.865), 0.0013605 s/step
field decay(t = 740.34375): 0.1744102381799309 / 0.1744102381799309 = 1.0
on time step 72694 (time=757.229), 0.00137243 s/step
field decay(t = 760.3541666666666): 0.1985357894982572 / 0.1985357894982572 = 1.0
field decay(t = 780.3645833333333): 0.21958224466390602 / 0.21958224466390602 = 1.0
on time step 75610 (time=787.604), 0.00137207 s/step
field decay(t = 800.375): 0.23596989114009123 / 0.23596989114009123 = 1.0
on time step 78549 (time=818.219), 0.00136121 s/step
field decay(t = 820.3854166666666): 0.24638382773820813 / 0.24638382773820813 = 1.0
field decay(t = 840.3958333333333): 0.249953758338007 / 0.249953758338007 = 1.0
on time step 81493 (time=848.885), 0.00135889 s/step
field decay(t = 860.40625): 0.24973135269077634 / 0.249953758338007 = 0.9991102128301271
on time step 84402 (time=879.188), 0.0013753 s/step
field decay(t = 880.4166666666666): 0.2443966541019286 / 0.249953758338007 = 0.9777674707792805
field decay(t = 900.4270833333333): 0.23238763365884288 / 0.249953758338007 = 0.9297225022901643
on time step 87279 (time=909.156), 0.00139037 s/step
field decay(t = 920.4375): 0.21470017213963333 / 0.249953758338007 = 0.8589595674304644
field decay(t = 940.4479166666666): 0.19272735112625214 / 0.249953758338007 = 0.7710520234131913
on time step 90662 (time=944.396), 0.00118257 s/step
field decay(t = 960.4583333333333): 0.16809501062471027 / 0.249953758338007 = 0.6725044333896315
field decay(t = 980.46875): 0.14245017090045006 / 0.249953758338007 = 0.5699060972222623
on time step 94323 (time=982.531), 0.00109268 s/step
field decay(t = 1000.4791666666666): 0.11729046456799776 / 0.249953758338007 = 0.46924865362251694
on time step 97720 (time=1017.92), 0.00117762 s/step
field decay(t = 1020.4895833333333): 0.09383565493076586 / 0.249953758338007 = 0.37541205843312003
field decay(t = 1040.4895833333333): 0.07293984109777013 / 0.249953758338007 = 0.2918133401264372
on time step 101098 (time=1053.1), 0.00118449 s/step
field decay(t = 1060.5): 0.05508813868953247 / 0.249953758338007 = 0.22039332017179747
field decay(t = 1080.5104166666665): 0.04042520330815524 / 0.249953758338007 = 0.16173072802325747
on time step 104467 (time=1088.2), 0.00118762 s/step
field decay(t = 1100.5208333333333): 0.028822915136590205 / 0.249953758338007 = 0.11531298960351541
field decay(t = 1120.53125): 0.019967555397793574 / 0.249953758338007 = 0.07988499765141313
on time step 107833 (time=1123.26), 0.00118865 s/step
field decay(t = 1140.5416666666665): 0.013440263263856432 / 0.249953758338007 = 0.05377099889684978
on time step 111204 (time=1158.38), 0.00118679 s/step
field decay(t = 1160.5520833333333): 0.008789878591584416 / 0.249953758338007 = 0.03516601890697741
field decay(t = 1180.5625): 0.005585511425489305 / 0.249953758338007 = 0.02234617899978179
on time step 114554 (time=1193.27), 0.00119424 s/step
field decay(t = 1200.5729166666665): 0.0034485345453959828 / 0.249953758338007 = 0.013796690109106521
field decay(t = 1220.5833333333333): 0.002068727969476647 / 0.249953758338007 = 0.008276442743778038
on time step 117904 (time=1228.17), 0.00119414 s/step
field decay(t = 1240.59375): 0.0012057914904179787 / 0.249953758338007 = 0.004824058251556327
field decay(t = 1260.6041666666665): 0.0006828614796996503 / 0.249953758338007 = 0.0027319512386616393
on time step 121266 (time=1263.19), 0.00118996 s/step
field decay(t = 1280.6145833333333): 0.00037574664931549156 / 0.249953758338007 = 0.0015032646510854922
on time step 124631 (time=1298.24), 0.00118873 s/step
field decay(t = 1300.625): 0.0002008873941175199 / 0.249953758338007 = 0.0008036982338383737
field decay(t = 1320.6354166666665): 0.00010435261840301767 / 0.249953758338007 = 0.00041748769491156804
on time step 128000 (time=1333.33), 0.0011874 s/step
field decay(t = 1340.6458333333333): 5.266936567086699e-05 / 0.249953758338007 = 0.0002107164381967138
field decay(t = 1360.65625): 2.582880558865716e-05 / 0.249953758338007 = 0.00010333433576033464
on time step 131371 (time=1368.45), 0.00118684 s/step
field decay(t = 1380.6666666666665): 1.2306902478805105e-05 / 0.249953758338007 = 4.9236717065733215e-05
field decay(t = 1400.6770833333333): 5.69760453713897e-06 / 0.249953758338007 = 2.2794634395671793e-05
on time step 134744 (time=1403.58), 0.00118612 s/step
field decay(t = 1420.6875): 2.5628732569570808e-06 / 0.249953758338007 = 1.0253389562926129e-05
on time step 138147 (time=1439.03), 0.00117561 s/step
field decay(t = 1440.6979166666665): 1.1201220250014813e-06 / 0.249953758338007 = 4.48131699418884e-06
field decay(t = 1460.7083333333333): 4.756612702087899e-07 / 0.249953758338007 = 1.9029970718246354e-06
on time step 141692 (time=1475.96), 0.00112855 s/step
field decay(t = 1480.71875): 1.962561056083638e-07 / 0.249953758338007 = 7.851696526321919e-07
field decay(t = 1500.7291666666665): 7.867801175589247e-08 / 0.249953758338007 = 3.1477026902511265e-07
on time step 145646 (time=1517.15), 0.00101168 s/step
field decay(t = 1520.7395833333333): 3.06460630142904e-08 / 0.249953758338007 = 1.2260693025006807e-07
field decay(t = 1540.75): 1.1598231801620612e-08 / 0.249953758338007 = 4.6401509938236565e-08
on time step 149105 (time=1553.18), 0.00115655 s/step
field decay(t = 1560.7604166666665): 4.2649588300589714e-09 / 0.249953758338007 = 1.7062991404560362e-08
field decay(t = 1580.7708333333333): 1.5237813257774061e-09 / 0.249953758338007 = 6.096252906574943e-09
on time step 152570 (time=1589.27), 0.00115467 s/step
field decay(t = 1600.78125): 5.289666623202731e-10 / 0.249953758338007 = 2.116258086445586e-09
field decay(t = 1620.7916666666665): 1.784255144394334e-10 / 0.249953758338007 = 7.138340932571714e-10
on time step 156030 (time=1625.31), 0.00115631 s/step
field decay(t = 1640.8020833333333): 5.847016053261766e-11 / 0.249953758338007 = 2.3392391025203046e-10
field decay(t = 1660.8125): 1.8618265632534955e-11 / 0.249953758338007 = 7.448684011127323e-11
on time step 159493 (time=1661.39), 0.00115512 s/step
field decay(t = 1680.8229166666665): 2.3903929845573876e-10 / 0.249953758338007 = 9.563340837327643e-10
run 0 finished at t = 1680.8229166666665 (161359 timesteps)
-----------
Initializing structure...
Splitting into 16 chunks by voxels
time for choose_chunkdivision = 0.000774533 s
Working in 2D dimensions.
Computational cell is 50 x 49 x 0 with resolution 24
     block, center = (0,-4,0)
          size (50,25,1e+20)
          axes (1,0,0), (0,1,0), (0,0,1)
          dielectric constant epsilon diagonal = (1,1,1)
     prism, center = (2.72978,1,5e+19)
          height 1e+20, axis (0,0,1), sidewall angle: 0 radians, 4 vertices:
          (-10,8.5,0)
          (10,8.5,0)
          (15.4596,-6.5,0)
          (-4.54045,-6.5,0)
          dielectric constant epsilon diagonal = (2.70559,2.70559,2.70559)
     prism, center = (2.36581,2,5e+19)
          height 1e+20, axis (0,0,1), sidewall angle: 0 radians, 4 vertices:
          (-8,8.5,0)
          (8,8.5,0)
          (12.7316,-4.5,0)
          (-3.26839,-4.5,0)
          dielectric constant epsilon diagonal = (1,1,1)
time for set_epsilon = 1.78929 s
time for set_conductivity = 0.0429413 s
time for set_conductivity = 0.0427796 s
time for set_conductivity = 0.0405397 s
lorentzian susceptibility: frequency=15.6714, gamma=1.42115
lorentzian susceptibility: frequency=2.02365, gamma=1.3413
lorentzian susceptibility: frequency=1.24613, gamma=2.0309
lorentzian susceptibility: frequency=0.626693, gamma=1.83572
drude susceptibility: frequency=1e-10, gamma=0.0661375
-----------
2026-05-30 15:30:14 [INFO] D11_scaled_deep_groove: [single struct] 3 geometry objects
on time step 181 (time=1.88542), 0.0221241 s/step
on time step 369 (time=3.84375), 0.0213227 s/step
on time step 557 (time=5.80208), 0.0213254 s/step
on time step 745 (time=7.76042), 0.0213235 s/step
on time step 933 (time=9.71875), 0.0213233 s/step
on time step 1121 (time=11.6771), 0.0213206 s/step
on time step 1309 (time=13.6354), 0.0213258 s/step
on time step 1497 (time=15.5938), 0.0213239 s/step
on time step 1685 (time=17.5521), 0.0213233 s/step
on time step 1873 (time=19.5104), 0.0213279 s/step
field decay(t = 20.010416666666664): 2.5335633193753584e-10 / 2.5335633193753584e-10 = 1.0
on time step 2061 (time=21.4688), 0.0213176 s/step
on time step 2249 (time=23.4271), 0.0213273 s/step
on time step 2437 (time=25.3854), 0.0213223 s/step
on time step 2625 (time=27.3438), 0.021327 s/step
on time step 2813 (time=29.3021), 0.0213247 s/step
on time step 3001 (time=31.2604), 0.0213294 s/step
on time step 3189 (time=33.2188), 0.0213284 s/step
on time step 3377 (time=35.1771), 0.021323 s/step
on time step 3565 (time=37.1354), 0.0213289 s/step
on time step 3753 (time=39.0938), 0.0213166 s/step
field decay(t = 40.010416666666664): 2.8930150682245664e-11 / 2.5335633193753584e-10 = 0.114187596816717
on time step 3941 (time=41.0521), 0.0213234 s/step
on time step 4129 (time=43.0104), 0.021327 s/step
on time step 4317 (time=44.9688), 0.0213238 s/step
on time step 4506 (time=46.9375), 0.021267 s/step
on time step 4695 (time=48.9062), 0.0212552 s/step
on time step 4884 (time=50.875), 0.0212484 s/step
on time step 5073 (time=52.8438), 0.0212594 s/step
on time step 5262 (time=54.8125), 0.0212494 s/step
on time step 5451 (time=56.7812), 0.0212495 s/step
on time step 5640 (time=58.75), 0.0212467 s/step
field decay(t = 60.02083333333333): 1.0322011793944808e-10 / 2.5335633193753584e-10 = 0.4074108475998013
on time step 5829 (time=60.7188), 0.0212623 s/step
on time step 6018 (time=62.6875), 0.0212556 s/step
on time step 6207 (time=64.6562), 0.0212567 s/step
on time step 6396 (time=66.625), 0.0212438 s/step
on time step 6585 (time=68.5938), 0.0212574 s/step
on time step 6774 (time=70.5625), 0.0212547 s/step
on time step 6963 (time=72.5312), 0.0212585 s/step
on time step 7152 (time=74.5), 0.0212392 s/step
on time step 7341 (time=76.4688), 0.0212534 s/step
on time step 7530 (time=78.4375), 0.0212546 s/step
field decay(t = 80.02083333333333): 2.462294456936049e-10 / 2.5335633193753584e-10 = 0.9718701080433702
on time step 7719 (time=80.4062), 0.0212544 s/step
on time step 7908 (time=82.375), 0.0212604 s/step
on time step 8097 (time=84.3438), 0.0212597 s/step
on time step 8286 (time=86.3125), 0.0212532 s/step
on time step 8475 (time=88.2812), 0.0212549 s/step
on time step 8664 (time=90.25), 0.0212524 s/step
on time step 8853 (time=92.2188), 0.0212507 s/step
on time step 9042 (time=94.1875), 0.0212618 s/step
on time step 9231 (time=96.1562), 0.021244 s/step
on time step 9420 (time=98.125), 0.0212584 s/step
field decay(t = 100.03125): 6.982337471376183e-10 / 6.982337471376183e-10 = 1.0
on time step 9609 (time=100.094), 0.021256 s/step
on time step 9798 (time=102.062), 0.0212605 s/step
on time step 9987 (time=104.031), 0.0212523 s/step
on time step 10176 (time=106), 0.0212671 s/step
on time step 10364 (time=107.958), 0.0213522 s/step
on time step 10552 (time=109.917), 0.0213547 s/step
on time step 10740 (time=111.875), 0.0213655 s/step
on time step 10928 (time=113.833), 0.021358 s/step
on time step 11116 (time=115.792), 0.02134 s/step
on time step 11304 (time=117.75), 0.0213106 s/step
on time step 11492 (time=119.708), 0.0213195 s/step
field decay(t = 120.04166666666666): 1.972789954432238e-09 / 1.972789954432238e-09 = 1.0
on time step 11680 (time=121.667), 0.0213447 s/step
on time step 11868 (time=123.625), 0.021333 s/step
on time step 12056 (time=125.583), 0.0213494 s/step
on time step 12244 (time=127.542), 0.0213531 s/step
on time step 12432 (time=129.5), 0.0213542 s/step
on time step 12620 (time=131.458), 0.0213564 s/step
on time step 12808 (time=133.417), 0.0213773 s/step
on time step 12996 (time=135.375), 0.0213281 s/step
on time step 13184 (time=137.333), 0.0213511 s/step
on time step 13372 (time=139.292), 0.0213443 s/step
field decay(t = 140.04166666666666): 5.418856255270775e-09 / 5.418856255270775e-09 = 1.0
on time step 13560 (time=141.25), 0.021359 s/step
on time step 13748 (time=143.208), 0.0213516 s/step
on time step 13936 (time=145.167), 0.021356 s/step
on time step 14124 (time=147.125), 0.0213407 s/step
on time step 14312 (time=149.083), 0.0213567 s/step
on time step 14500 (time=151.042), 0.0213174 s/step
on time step 14688 (time=153), 0.0213423 s/step
on time step 14876 (time=154.958), 0.0213294 s/step
on time step 15064 (time=156.917), 0.0213281 s/step
on time step 15252 (time=158.875), 0.0213572 s/step
field decay(t = 160.05208333333331): 1.4563511960898807e-08 / 1.4563511960898807e-08 = 1.0
on time step 15440 (time=160.833), 0.0213335 s/step
on time step 15628 (time=162.792), 0.0213508 s/step
on time step 15816 (time=164.75), 0.0213538 s/step
on time step 16004 (time=166.708), 0.021348 s/step
on time step 16192 (time=168.667), 0.0213115 s/step
on time step 16380 (time=170.625), 0.0213255 s/step
on time step 16568 (time=172.583), 0.0213288 s/step
on time step 16756 (time=174.542), 0.021344 s/step
on time step 16944 (time=176.5), 0.0213234 s/step
on time step 17132 (time=178.458), 0.0213496 s/step
field decay(t = 180.0625): 3.801826907503619e-08 / 3.801826907503619e-08 = 1.0
on time step 17320 (time=180.417), 0.0213534 s/step
on time step 17508 (time=182.375), 0.0213389 s/step
on time step 17696 (time=184.333), 0.021346 s/step
on time step 17884 (time=186.292), 0.0213531 s/step
on time step 18072 (time=188.25), 0.0213525 s/step
on time step 18260 (time=190.208), 0.0213337 s/step
on time step 18448 (time=192.167), 0.0213142 s/step
on time step 18636 (time=194.125), 0.021336 s/step
on time step 18824 (time=196.083), 0.0213311 s/step
on time step 19012 (time=198.042), 0.0213523 s/step
on time step 19200 (time=200), 0.0213181 s/step
field decay(t = 200.07291666666666): 9.650939104046157e-08 / 9.650939104046157e-08 = 1.0
on time step 19388 (time=201.958), 0.0213448 s/step
on time step 19576 (time=203.917), 0.0213567 s/step
on time step 19763 (time=205.865), 0.0214292 s/step
on time step 19951 (time=207.823), 0.021362 s/step
on time step 20139 (time=209.781), 0.0213488 s/step
on time step 20326 (time=211.729), 0.0214314 s/step
on time step 20513 (time=213.677), 0.0214308 s/step
on time step 20700 (time=215.625), 0.0214309 s/step
on time step 20887 (time=217.573), 0.021432 s/step
on time step 21074 (time=219.521), 0.0214263 s/step
field decay(t = 220.08333333333331): 2.3805262674843724e-07 / 2.3805262674843724e-07 = 1.0
on time step 21261 (time=221.469), 0.0214144 s/step
on time step 21448 (time=223.417), 0.0214288 s/step
on time step 21635 (time=225.365), 0.0214334 s/step
on time step 21822 (time=227.312), 0.0214271 s/step
on time step 22009 (time=229.26), 0.0214182 s/step
on time step 22196 (time=231.208), 0.0214226 s/step
on time step 22383 (time=233.156), 0.0214221 s/step
on time step 22570 (time=235.104), 0.0214316 s/step
on time step 22757 (time=237.052), 0.0214259 s/step
on time step 22945 (time=239.01), 0.0213815 s/step
field decay(t = 240.09375): 5.703635260490436e-07 / 5.703635260490436e-07 = 1.0
on time step 23133 (time=240.969), 0.0212876 s/step
on time step 23321 (time=242.927), 0.0213866 s/step
on time step 23509 (time=244.885), 0.0213409 s/step
on time step 23697 (time=246.844), 0.0213458 s/step
on time step 23885 (time=248.802), 0.021295 s/step
on time step 24073 (time=250.76), 0.0213398 s/step
on time step 24261 (time=252.719), 0.0213256 s/step
on time step 24449 (time=254.677), 0.0213007 s/step
on time step 24637 (time=256.635), 0.0213436 s/step
on time step 24826 (time=258.604), 0.0212657 s/step
field decay(t = 260.10416666666663): 1.3278037142046043e-06 / 1.3278037142046043e-06 = 1.0
on time step 25015 (time=260.573), 0.0212605 s/step
on time step 25204 (time=262.542), 0.0212623 s/step
on time step 25393 (time=264.51), 0.0212646 s/step
on time step 25582 (time=266.479), 0.02126 s/step
on time step 25771 (time=268.448), 0.0212627 s/step
on time step 25960 (time=270.417), 0.0212612 s/step
on time step 26149 (time=272.385), 0.0212603 s/step
on time step 26338 (time=274.354), 0.0212628 s/step
on time step 26527 (time=276.323), 0.0212665 s/step
on time step 26716 (time=278.292), 0.0212613 s/step
field decay(t = 280.1145833333333): 3.0022981541836366e-06 / 3.0022981541836366e-06 = 1.0
on time step 26905 (time=280.26), 0.0212618 s/step
on time step 27094 (time=282.229), 0.0212637 s/step
on time step 27283 (time=284.198), 0.0212638 s/step
on time step 27472 (time=286.167), 0.0212628 s/step
on time step 27661 (time=288.135), 0.021267 s/step
on time step 27850 (time=290.104), 0.0212604 s/step
on time step 28039 (time=292.073), 0.0212622 s/step
on time step 28228 (time=294.042), 0.0212638 s/step
on time step 28416 (time=296), 0.0213509 s/step
on time step 28605 (time=297.969), 0.0212629 s/step
on time step 28794 (time=299.938), 0.0212582 s/step
field decay(t = 300.125): 6.594215516545973e-06 / 6.594215516545973e-06 = 1.0
on time step 28983 (time=301.906), 0.0212619 s/step
on time step 29172 (time=303.875), 0.0212618 s/step
on time step 29361 (time=305.844), 0.0212701 s/step
on time step 29550 (time=307.812), 0.0212559 s/step
on time step 29739 (time=309.781), 0.0212588 s/step
on time step 29928 (time=311.75), 0.0212541 s/step
on time step 30117 (time=313.719), 0.0212561 s/step
on time step 30306 (time=315.688), 0.0212614 s/step
on time step 30495 (time=317.656), 0.0212542 s/step
on time step 30684 (time=319.625), 0.0212582 s/step
field decay(t = 320.13541666666663): 1.4068901213238835e-05 / 1.4068901213238835e-05 = 1.0
on time step 30873 (time=321.594), 0.0212552 s/step
on time step 31062 (time=323.562), 0.0212542 s/step
on time step 31251 (time=325.531), 0.0212411 s/step
on time step 31440 (time=327.5), 0.0212123 s/step
on time step 31629 (time=329.469), 0.0212119 s/step
on time step 31818 (time=331.438), 0.0212167 s/step
on time step 32007 (time=333.406), 0.0212168 s/step
on time step 32196 (time=335.375), 0.0212184 s/step
on time step 32385 (time=337.344), 0.021215 s/step
on time step 32574 (time=339.312), 0.0212173 s/step
field decay(t = 340.1458333333333): 2.91553799882035e-05 / 2.91553799882035e-05 = 1.0
on time step 32763 (time=341.281), 0.0212129 s/step
on time step 32952 (time=343.25), 0.0212143 s/step
on time step 33141 (time=345.219), 0.0212186 s/step
on time step 33330 (time=347.188), 0.0212146 s/step
on time step 33519 (time=349.156), 0.0212167 s/step
on time step 33708 (time=351.125), 0.0212202 s/step
on time step 33897 (time=353.094), 0.0212204 s/step
on time step 34086 (time=355.062), 0.021215 s/step
on time step 34275 (time=357.031), 0.0212173 s/step
on time step 34464 (time=359), 0.0212187 s/step
field decay(t = 360.15625): 5.868605507967875e-05 / 5.868605507967875e-05 = 1.0
on time step 34653 (time=360.969), 0.0212156 s/step
on time step 34842 (time=362.938), 0.0212179 s/step
on time step 35031 (time=364.906), 0.0212214 s/step
on time step 35220 (time=366.875), 0.0212153 s/step
on time step 35409 (time=368.844), 0.0212239 s/step
on time step 35598 (time=370.812), 0.021219 s/step
on time step 35787 (time=372.781), 0.0212181 s/step
on time step 35976 (time=374.75), 0.0212194 s/step
on time step 36165 (time=376.719), 0.0212164 s/step
on time step 36354 (time=378.688), 0.0212155 s/step
field decay(t = 380.16666666666663): 0.0001147375681660197 / 0.0001147375681660197 = 1.0
on time step 36543 (time=380.656), 0.0212214 s/step
on time step 36732 (time=382.625), 0.0212149 s/step
on time step 36921 (time=384.594), 0.0212161 s/step
on time step 37110 (time=386.562), 0.0212161 s/step
on time step 37299 (time=388.531), 0.0212146 s/step
on time step 37488 (time=390.5), 0.0212168 s/step
on time step 37677 (time=392.469), 0.0212107 s/step
on time step 37866 (time=394.438), 0.0212188 s/step
on time step 38055 (time=396.406), 0.0212134 s/step
on time step 38244 (time=398.375), 0.0212155 s/step
field decay(t = 400.1770833333333): 0.00021787861267313018 / 0.00021787861267313018 = 1.0
on time step 38433 (time=400.344), 0.0212096 s/step
on time step 38622 (time=402.312), 0.0212153 s/step
on time step 38811 (time=404.281), 0.0212185 s/step
on time step 39000 (time=406.25), 0.0212158 s/step
on time step 39189 (time=408.219), 0.0212103 s/step
on time step 39378 (time=410.188), 0.0212222 s/step
on time step 39567 (time=412.156), 0.0212183 s/step
on time step 39756 (time=414.125), 0.021212 s/step
on time step 39945 (time=416.094), 0.0212156 s/step
on time step 40134 (time=418.062), 0.0212456 s/step
on time step 40323 (time=420.031), 0.0212674 s/step
field decay(t = 420.1875): 0.00040183987582414885 / 0.00040183987582414885 = 1.0
on time step 40512 (time=422), 0.0212627 s/step
on time step 40701 (time=423.969), 0.0212628 s/step
on time step 40890 (time=425.938), 0.0212637 s/step
on time step 41078 (time=427.896), 0.0212885 s/step
on time step 41266 (time=429.854), 0.0212842 s/step
on time step 41454 (time=431.812), 0.0212975 s/step
on time step 41642 (time=433.771), 0.0212922 s/step
on time step 41830 (time=435.729), 0.021297 s/step
on time step 42018 (time=437.688), 0.021279 s/step
on time step 42206 (time=439.646), 0.0212916 s/step
field decay(t = 440.19791666666663): 0.0007198015759780058 / 0.0007198015759780058 = 1.0
on time step 42395 (time=441.615), 0.0212278 s/step
on time step 42582 (time=443.562), 0.0213913 s/step
on time step 42770 (time=445.521), 0.0213464 s/step
on time step 42957 (time=447.469), 0.0213908 s/step
on time step 43144 (time=449.417), 0.0213926 s/step
on time step 43331 (time=451.365), 0.021392 s/step
on time step 43519 (time=453.323), 0.0213856 s/step
on time step 43707 (time=455.281), 0.0213591 s/step
on time step 43894 (time=457.229), 0.0213915 s/step
on time step 44081 (time=459.177), 0.0214045 s/step
field decay(t = 460.2083333333333): 0.0012522311985143028 / 0.0012522311985143028 = 1.0
on time step 44268 (time=461.125), 0.0213957 s/step
on time step 44456 (time=463.083), 0.0213638 s/step
on time step 44644 (time=465.042), 0.0213834 s/step
on time step 44832 (time=467), 0.0213713 s/step
on time step 45020 (time=468.958), 0.0213798 s/step
on time step 45208 (time=470.917), 0.021383 s/step
on time step 45396 (time=472.875), 0.0213363 s/step
on time step 45584 (time=474.833), 0.0213198 s/step
on time step 45772 (time=476.792), 0.0213783 s/step
on time step 45960 (time=478.75), 0.0213752 s/step
field decay(t = 480.21875): 0.002115677899681669 / 0.002115677899681669 = 1.0
on time step 46148 (time=480.708), 0.0213794 s/step
on time step 46336 (time=482.667), 0.0213875 s/step
on time step 46524 (time=484.625), 0.0213709 s/step
on time step 46712 (time=486.583), 0.0213817 s/step
on time step 46900 (time=488.542), 0.0213574 s/step
on time step 47088 (time=490.5), 0.0213676 s/step
on time step 47275 (time=492.448), 0.0214037 s/step
on time step 47463 (time=494.406), 0.021385 s/step
on time step 47650 (time=496.354), 0.0214122 s/step
on time step 47838 (time=498.312), 0.021371 s/step
field decay(t = 500.22916666666663): 0.003471308680888718 / 0.003471308680888718 = 1.0
on time step 48026 (time=500.271), 0.0213469 s/step
on time step 48214 (time=502.229), 0.0213745 s/step
on time step 48402 (time=504.188), 0.0213693 s/step
on time step 48590 (time=506.146), 0.021376 s/step
on time step 48778 (time=508.104), 0.021377 s/step
on time step 48966 (time=510.062), 0.0213732 s/step
on time step 49154 (time=512.021), 0.0213271 s/step
on time step 49342 (time=513.979), 0.0213824 s/step
on time step 49530 (time=515.938), 0.0213839 s/step
on time step 49718 (time=517.896), 0.0213843 s/step
on time step 49906 (time=519.854), 0.0213671 s/step
field decay(t = 520.2291666666666): 0.005530947451751082 / 0.005530947451751082 = 1.0
on time step 50094 (time=521.812), 0.0213898 s/step
on time step 50282 (time=523.771), 0.0213855 s/step
on time step 50469 (time=525.719), 0.0213936 s/step
on time step 50656 (time=527.667), 0.0213968 s/step
on time step 50844 (time=529.625), 0.0213863 s/step
on time step 51031 (time=531.573), 0.0214022 s/step
on time step 51219 (time=533.531), 0.0213399 s/step
on time step 51407 (time=535.49), 0.0213737 s/step
on time step 51595 (time=537.448), 0.0213882 s/step
on time step 51783 (time=539.406), 0.0213809 s/step
field decay(t = 540.2395833333333): 0.008557641803066262 / 0.008557641803066262 = 1.0
on time step 51971 (time=541.365), 0.0213873 s/step
on time step 52158 (time=543.312), 0.0214082 s/step
on time step 52346 (time=545.271), 0.0213884 s/step
on time step 52533 (time=547.219), 0.0213921 s/step
on time step 52721 (time=549.177), 0.0213665 s/step
on time step 52909 (time=551.135), 0.0213391 s/step
on time step 53097 (time=553.094), 0.0213871 s/step
on time step 53285 (time=555.052), 0.0213628 s/step
on time step 53473 (time=557.01), 0.0213526 s/step
on time step 53661 (time=558.969), 0.0213747 s/step
field decay(t = 560.25): 0.012856962679740375 / 0.012856962679740375 = 1.0
on time step 53849 (time=560.927), 0.021325 s/step
on time step 54037 (time=562.885), 0.0212841 s/step
on time step 54225 (time=564.844), 0.0213061 s/step
on time step 54413 (time=566.802), 0.0213462 s/step
on time step 54602 (time=568.771), 0.0212328 s/step
on time step 54791 (time=570.74), 0.0212313 s/step
on time step 54980 (time=572.708), 0.0212231 s/step
on time step 55169 (time=574.677), 0.021222 s/step
on time step 55358 (time=576.646), 0.0212175 s/step
on time step 55547 (time=578.615), 0.0212167 s/step
field decay(t = 580.2604166666666): 0.018755369731583277 / 0.018755369731583277 = 1.0
on time step 55736 (time=580.583), 0.0212731 s/step
on time step 55924 (time=582.542), 0.0212937 s/step
on time step 56112 (time=584.5), 0.0213033 s/step
on time step 56300 (time=586.458), 0.0212976 s/step
on time step 56488 (time=588.417), 0.0213024 s/step
on time step 56677 (time=590.385), 0.0212699 s/step
on time step 56866 (time=592.354), 0.0212473 s/step
on time step 57052 (time=594.292), 0.0216003 s/step
on time step 57240 (time=596.25), 0.0212915 s/step
on time step 57428 (time=598.208), 0.0213469 s/step
on time step 57615 (time=600.156), 0.0214533 s/step
field decay(t = 600.2708333333333): 0.02656385194294516 / 0.02656385194294516 = 1.0
on time step 57803 (time=602.115), 0.0212876 s/step
on time step 57991 (time=604.073), 0.0212784 s/step
on time step 58180 (time=606.042), 0.0212298 s/step
on time step 58368 (time=608), 0.0213145 s/step
on time step 58555 (time=609.948), 0.0214198 s/step
on time step 58744 (time=611.917), 0.0212689 s/step
on time step 58933 (time=613.885), 0.0212705 s/step
on time step 59121 (time=615.844), 0.0212931 s/step
on time step 59309 (time=617.802), 0.0213495 s/step
on time step 59498 (time=619.771), 0.0212356 s/step
field decay(t = 620.28125): 0.0365267795039879 / 0.0365267795039879 = 1.0
on time step 59686 (time=621.729), 0.0212831 s/step
on time step 59874 (time=623.688), 0.0212919 s/step
on time step 60062 (time=625.646), 0.0212968 s/step
on time step 60251 (time=627.615), 0.0212411 s/step
on time step 60439 (time=629.573), 0.0213186 s/step
on time step 60628 (time=631.542), 0.0212344 s/step
on time step 60817 (time=633.51), 0.0212201 s/step
on time step 61006 (time=635.479), 0.0212478 s/step
on time step 61195 (time=637.448), 0.0212602 s/step
on time step 61383 (time=639.406), 0.0212775 s/step
field decay(t = 640.2916666666666): 0.048759218870099014 / 0.048759218870099014 = 1.0
on time step 61572 (time=641.375), 0.0212226 s/step
on time step 61761 (time=643.344), 0.0212203 s/step
on time step 61950 (time=645.312), 0.0212256 s/step
on time step 62139 (time=647.281), 0.0212282 s/step
on time step 62328 (time=649.25), 0.0212234 s/step
on time step 62517 (time=651.219), 0.0212258 s/step
on time step 62706 (time=653.188), 0.0212539 s/step
on time step 62894 (time=655.146), 0.0212821 s/step
on time step 63083 (time=657.115), 0.0212387 s/step
on time step 63272 (time=659.083), 0.0212397 s/step
field decay(t = 660.3020833333333): 0.06318090320637303 / 0.06318090320637303 = 1.0
on time step 63460 (time=661.042), 0.0213686 s/step
on time step 63649 (time=663.01), 0.0212728 s/step
on time step 63838 (time=664.979), 0.0212749 s/step
on time step 64027 (time=666.948), 0.0212336 s/step
on time step 64214 (time=668.896), 0.0214152 s/step
on time step 64402 (time=670.854), 0.0213039 s/step
on time step 64591 (time=672.823), 0.0212492 s/step
on time step 64780 (time=674.792), 0.0212461 s/step
on time step 64968 (time=676.75), 0.0213341 s/step
on time step 65156 (time=678.708), 0.0212833 s/step
field decay(t = 680.3125): 0.07946229954350899 / 0.07946229954350899 = 1.0
on time step 65344 (time=680.667), 0.0213628 s/step
on time step 65533 (time=682.635), 0.0212577 s/step
on time step 65721 (time=684.594), 0.0213085 s/step
on time step 65908 (time=686.542), 0.021464 s/step
on time step 66096 (time=688.5), 0.0212799 s/step
on time step 66285 (time=690.469), 0.0212496 s/step
on time step 66474 (time=692.438), 0.0212628 s/step
on time step 66663 (time=694.406), 0.021211 s/step
on time step 66852 (time=696.375), 0.0212136 s/step
on time step 67041 (time=698.344), 0.0212097 s/step
on time step 67230 (time=700.312), 0.0212007 s/step
field decay(t = 700.3229166666666): 0.09699363717185117 / 0.09699363717185117 = 1.0
on time step 67419 (time=702.281), 0.0212123 s/step
on time step 67608 (time=704.25), 0.021199 s/step
on time step 67797 (time=706.219), 0.0211948 s/step
on time step 67986 (time=708.188), 0.0212098 s/step
on time step 68175 (time=710.156), 0.0212026 s/step
on time step 68364 (time=712.125), 0.0211983 s/step
on time step 68553 (time=714.094), 0.0212041 s/step
on time step 68742 (time=716.062), 0.0212394 s/step
on time step 68931 (time=718.031), 0.0212571 s/step
on time step 69120 (time=720), 0.0212487 s/step
field decay(t = 720.3333333333333): 0.11488642946976385 / 0.11488642946976385 = 1.0
on time step 69309 (time=721.969), 0.0212562 s/step
on time step 69498 (time=723.938), 0.0212446 s/step
on time step 69687 (time=725.906), 0.0212553 s/step
on time step 69876 (time=727.875), 0.0212533 s/step
on time step 70065 (time=729.844), 0.0212541 s/step
on time step 70254 (time=731.812), 0.0212582 s/step
on time step 70443 (time=733.781), 0.0212517 s/step
on time step 70632 (time=735.75), 0.0212504 s/step
on time step 70821 (time=737.719), 0.0212606 s/step
on time step 71010 (time=739.688), 0.0212537 s/step
field decay(t = 740.34375): 0.13203429052215895 / 0.13203429052215895 = 1.0
on time step 71199 (time=741.656), 0.021262 s/step
on time step 71388 (time=743.625), 0.0212588 s/step
on time step 71577 (time=745.594), 0.0212541 s/step
on time step 71766 (time=747.562), 0.0212533 s/step
on time step 71955 (time=749.531), 0.0212571 s/step
on time step 72144 (time=751.5), 0.0212624 s/step
on time step 72333 (time=753.469), 0.0212524 s/step
on time step 72522 (time=755.438), 0.0212604 s/step
on time step 72711 (time=757.406), 0.0212607 s/step
on time step 72900 (time=759.375), 0.0212485 s/step
field decay(t = 760.3541666666666): 0.14720373244067886 / 0.14720373244067886 = 1.0
on time step 73089 (time=761.344), 0.0212566 s/step
on time step 73278 (time=763.312), 0.0212476 s/step
on time step 73467 (time=765.281), 0.0212601 s/step
on time step 73656 (time=767.25), 0.0212588 s/step
on time step 73845 (time=769.219), 0.0212445 s/step
on time step 74034 (time=771.188), 0.0212516 s/step
on time step 74223 (time=773.156), 0.0212465 s/step
on time step 74412 (time=775.125), 0.0212544 s/step
on time step 74601 (time=777.094), 0.0212613 s/step
on time step 74790 (time=779.062), 0.0212479 s/step
field decay(t = 780.3645833333333): 0.15917963591566708 / 0.15917963591566708 = 1.0
on time step 74978 (time=781.021), 0.0212819 s/step
on time step 75167 (time=782.99), 0.0212713 s/step
on time step 75355 (time=784.948), 0.0212788 s/step
on time step 75543 (time=786.906), 0.0212839 s/step
on time step 75732 (time=788.875), 0.0212718 s/step
on time step 75920 (time=790.833), 0.0213169 s/step
on time step 76108 (time=792.792), 0.0213386 s/step
on time step 76297 (time=794.76), 0.0212322 s/step
on time step 76486 (time=796.729), 0.021229 s/step
on time step 76675 (time=798.698), 0.0212252 s/step
field decay(t = 800.375): 0.16691150754145526 / 0.16691150754145526 = 1.0
on time step 76863 (time=800.656), 0.0213389 s/step
on time step 77050 (time=802.604), 0.0214362 s/step
on time step 77237 (time=804.552), 0.0214592 s/step
on time step 77424 (time=806.5), 0.0214226 s/step
on time step 77611 (time=808.448), 0.0214203 s/step
on time step 77797 (time=810.385), 0.0215232 s/step
on time step 77984 (time=812.333), 0.0214732 s/step
on time step 78172 (time=814.292), 0.0212855 s/step
on time step 78358 (time=816.229), 0.0216187 s/step
on time step 78545 (time=818.177), 0.0214101 s/step
on time step 78732 (time=820.125), 0.0214325 s/step
field decay(t = 820.3854166666666): 0.16967244425651035 / 0.16967244425651035 = 1.0
on time step 78921 (time=822.094), 0.0212648 s/step
on time step 79109 (time=824.052), 0.0213491 s/step
on time step 79293 (time=825.969), 0.0218018 s/step
on time step 79480 (time=827.917), 0.0214863 s/step
on time step 79667 (time=829.865), 0.0215052 s/step
on time step 79851 (time=831.781), 0.021762 s/step
on time step 80035 (time=833.698), 0.0217577 s/step
on time step 80221 (time=835.635), 0.0215735 s/step
on time step 80409 (time=837.594), 0.0213763 s/step
on time step 80595 (time=839.531), 0.0215397 s/step
field decay(t = 840.3958333333333): 0.16953807325898954 / 0.16967244425651035 = 0.9992080564518911
on time step 80780 (time=841.458), 0.0217206 s/step
on time step 80964 (time=843.375), 0.0217402 s/step
on time step 81149 (time=845.302), 0.0217298 s/step
on time step 81334 (time=847.229), 0.021713 s/step
on time step 81519 (time=849.156), 0.0217337 s/step
on time step 81704 (time=851.083), 0.0217232 s/step
on time step 81889 (time=853.01), 0.0217212 s/step
on time step 82074 (time=854.938), 0.0217222 s/step
on time step 82259 (time=856.865), 0.0217211 s/step
on time step 82444 (time=858.792), 0.0216733 s/step
field decay(t = 860.40625): 0.16570475919356856 / 0.16967244425651035 = 0.976615619110529
on time step 82632 (time=860.75), 0.0213406 s/step
on time step 82821 (time=862.719), 0.0212477 s/step
on time step 83010 (time=864.688), 0.0212573 s/step
on time step 83198 (time=866.646), 0.0212903 s/step
on time step 83386 (time=868.604), 0.0213862 s/step
on time step 83573 (time=870.552), 0.0214645 s/step
on time step 83757 (time=872.469), 0.021799 s/step
on time step 83942 (time=874.396), 0.0216799 s/step
on time step 84128 (time=876.333), 0.0215598 s/step
on time step 84313 (time=878.26), 0.0216948 s/step
on time step 84500 (time=880.208), 0.0214586 s/step
field decay(t = 880.4166666666666): 0.1568790016128877 / 0.16967244425651035 = 0.9245991728375083
on time step 84684 (time=882.125), 0.0218002 s/step
on time step 84868 (time=884.042), 0.0217459 s/step
on time step 85052 (time=885.958), 0.0217647 s/step
on time step 85239 (time=887.906), 0.021437 s/step
on time step 85423 (time=889.823), 0.0217662 s/step
on time step 85608 (time=891.75), 0.0217025 s/step
on time step 85792 (time=893.667), 0.0217724 s/step
on time step 85979 (time=895.615), 0.0214301 s/step
on time step 86166 (time=897.562), 0.021473 s/step
on time step 86351 (time=899.49), 0.0217158 s/step
field decay(t = 900.4270833333333): 0.1437918914965807 / 0.16967244425651035 = 0.847467555068615
on time step 86538 (time=901.438), 0.0214944 s/step
on time step 86724 (time=903.375), 0.0215669 s/step
on time step 86911 (time=905.323), 0.0214489 s/step
on time step 87096 (time=907.25), 0.0216779 s/step
on time step 87282 (time=909.188), 0.0215621 s/step
on time step 87467 (time=911.115), 0.0217397 s/step
on time step 87652 (time=913.042), 0.0216217 s/step
on time step 87839 (time=914.99), 0.0214901 s/step
on time step 88026 (time=916.938), 0.0214715 s/step
on time step 88213 (time=918.885), 0.0214502 s/step
field decay(t = 920.4375): 0.12752080176650266 / 0.16967244425651035 = 0.7515704882150283
on time step 88400 (time=920.833), 0.0214549 s/step
on time step 88587 (time=922.781), 0.0214721 s/step
on time step 88774 (time=924.729), 0.0214076 s/step
on time step 88961 (time=926.677), 0.0214764 s/step
on time step 89148 (time=928.625), 0.0214302 s/step
on time step 89335 (time=930.573), 0.0214501 s/step
on time step 89522 (time=932.521), 0.0214795 s/step
on time step 89709 (time=934.469), 0.021417 s/step
on time step 89896 (time=936.417), 0.0214269 s/step
on time step 90083 (time=938.365), 0.0214455 s/step
on time step 90270 (time=940.312), 0.0214544 s/step
field decay(t = 940.4479166666666): 0.10933561092603489 / 0.16967244425651035 = 0.6443922665529684
on time step 90457 (time=942.26), 0.0214152 s/step
on time step 90644 (time=944.208), 0.0214318 s/step
on time step 90831 (time=946.156), 0.0214447 s/step
on time step 91018 (time=948.104), 0.0214349 s/step
on time step 91205 (time=950.052), 0.0214427 s/step
on time step 91392 (time=952), 0.0214517 s/step
on time step 91579 (time=953.948), 0.0214346 s/step
on time step 91766 (time=955.896), 0.0214008 s/step
on time step 91953 (time=957.844), 0.0214599 s/step
on time step 92140 (time=959.792), 0.021452 s/step
field decay(t = 960.4583333333333): 0.09054352399702034 / 0.16967244425651035 = 0.5336371759938632
on time step 92328 (time=961.75), 0.0213785 s/step
on time step 92515 (time=963.698), 0.0214182 s/step
on time step 92702 (time=965.646), 0.0214475 s/step
on time step 92889 (time=967.594), 0.0214047 s/step
on time step 93076 (time=969.542), 0.0214179 s/step
on time step 93263 (time=971.49), 0.0214429 s/step
on time step 93450 (time=973.438), 0.0214141 s/step
on time step 93637 (time=975.385), 0.0214443 s/step
on time step 93824 (time=977.333), 0.0214236 s/step
on time step 94011 (time=979.281), 0.0214309 s/step
field decay(t = 980.46875): 0.0723315031870126 / 0.16967244425651035 = 0.4263008263007164
on time step 94198 (time=981.229), 0.0214135 s/step
on time step 94383 (time=983.156), 0.0217365 s/step
on time step 94568 (time=985.083), 0.0217231 s/step
on time step 94753 (time=987.01), 0.0217179 s/step
on time step 94937 (time=988.927), 0.0217566 s/step
on time step 95122 (time=990.854), 0.0217164 s/step
on time step 95306 (time=992.771), 0.0217604 s/step
on time step 95491 (time=994.698), 0.0217149 s/step
on time step 95676 (time=996.625), 0.0217344 s/step
on time step 95861 (time=998.552), 0.0217303 s/step
on time step 96045 (time=1000.47), 0.0217898 s/step
field decay(t = 1000.4791666666666): 0.0556525109237935 / 0.16967244425651035 = 0.327999700644721
on time step 96230 (time=1002.4), 0.0216247 s/step
on time step 96415 (time=1004.32), 0.021683 s/step
on time step 96600 (time=1006.25), 0.0216782 s/step
on time step 96785 (time=1008.18), 0.0216943 s/step
on time step 96970 (time=1010.1), 0.0216465 s/step
on time step 97155 (time=1012.03), 0.021669 s/step
on time step 97339 (time=1013.95), 0.0217508 s/step
on time step 97524 (time=1015.88), 0.0217061 s/step
on time step 97710 (time=1017.81), 0.0216006 s/step
on time step 97896 (time=1019.75), 0.0215757 s/step
field decay(t = 1020.4895833333333): 0.041155903919129204 / 0.16967244425651035 = 0.24256091847719138
on time step 98081 (time=1021.68), 0.0216681 s/step
on time step 98266 (time=1023.6), 0.0217113 s/step
on time step 98451 (time=1025.53), 0.0217349 s/step
on time step 98637 (time=1027.47), 0.0216114 s/step
on time step 98822 (time=1029.4), 0.0217298 s/step
on time step 99009 (time=1031.34), 0.0214801 s/step
on time step 99194 (time=1033.27), 0.0217046 s/step
on time step 99381 (time=1035.22), 0.0214868 s/step
on time step 99571 (time=1037.2), 0.0211249 s/step
on time step 99760 (time=1039.17), 0.0211677 s/step
field decay(t = 1040.4895833333333): 0.029174566535700556 / 0.16967244425651035 = 0.17194640333933378
on time step 99950 (time=1041.15), 0.0211034 s/step
on time step 100140 (time=1043.12), 0.0210837 s/step
on time step 100329 (time=1045.09), 0.0211739 s/step
on time step 100519 (time=1047.07), 0.021085 s/step
on time step 100709 (time=1049.05), 0.0210899 s/step
on time step 100899 (time=1051.03), 0.0211052 s/step
on time step 101089 (time=1053.01), 0.0211066 s/step
on time step 101279 (time=1054.99), 0.0211129 s/step
on time step 101469 (time=1056.97), 0.0210978 s/step
on time step 101659 (time=1058.95), 0.0210984 s/step
field decay(t = 1060.5): 0.019755945670517566 / 0.16967244425651035 = 0.11643579343178778
on time step 101849 (time=1060.93), 0.0211099 s/step
on time step 102039 (time=1062.91), 0.0211007 s/step
on time step 102229 (time=1064.89), 0.0211531 s/step
on time step 102419 (time=1066.86), 0.0210852 s/step
on time step 102609 (time=1068.84), 0.0210881 s/step
on time step 102799 (time=1070.82), 0.0211383 s/step
on time step 102989 (time=1072.8), 0.0211178 s/step
on time step 103179 (time=1074.78), 0.0210917 s/step
on time step 103369 (time=1076.76), 0.0211167 s/step
on time step 103559 (time=1078.74), 0.0210949 s/step
field decay(t = 1080.5104166666665): 0.01272275393724389 / 0.16967244425651035 = 0.07498420850241107
on time step 103749 (time=1080.72), 0.0210619 s/step
on time step 103939 (time=1082.7), 0.021104 s/step
on time step 104129 (time=1084.68), 0.0211327 s/step
on time step 104319 (time=1086.66), 0.0210616 s/step
on time step 104509 (time=1088.64), 0.0210918 s/step
on time step 104699 (time=1090.61), 0.0210868 s/step
on time step 104889 (time=1092.59), 0.0210816 s/step
on time step 105079 (time=1094.57), 0.0211316 s/step
on time step 105269 (time=1096.55), 0.0210628 s/step
on time step 105459 (time=1098.53), 0.0211381 s/step
on time step 105649 (time=1100.51), 0.0211086 s/step
field decay(t = 1100.5208333333333): 0.007751632216182365 / 0.16967244425651035 = 0.045685864019636965
on time step 105839 (time=1102.49), 0.0210882 s/step
on time step 106029 (time=1104.47), 0.0211475 s/step
on time step 106219 (time=1106.45), 0.02108 s/step
on time step 106409 (time=1108.43), 0.0211168 s/step
on time step 106599 (time=1110.41), 0.0211294 s/step
on time step 106789 (time=1112.39), 0.021111 s/step
on time step 106979 (time=1114.36), 0.0210742 s/step
on time step 107169 (time=1116.34), 0.0211533 s/step
on time step 107359 (time=1118.32), 0.0210738 s/step
on time step 107549 (time=1120.3), 0.0211074 s/step
field decay(t = 1120.53125): 0.0044476283901240445 / 0.16967244425651035 = 0.02621302716309156
on time step 107739 (time=1122.28), 0.0210688 s/step
on time step 107929 (time=1124.26), 0.0210717 s/step
on time step 108119 (time=1126.24), 0.021161 s/step
on time step 108309 (time=1128.22), 0.0210879 s/step
on time step 108499 (time=1130.2), 0.0210819 s/step
on time step 108689 (time=1132.18), 0.021147 s/step
on time step 108879 (time=1134.16), 0.0210896 s/step
on time step 109069 (time=1136.14), 0.0210875 s/step
on time step 109259 (time=1138.11), 0.0210982 s/step
on time step 109449 (time=1140.09), 0.0211269 s/step
field decay(t = 1140.5416666666665): 0.0024074165523722524 / 0.16967244425651035 = 0.014188612434513683
on time step 109639 (time=1142.07), 0.0210938 s/step
on time step 109828 (time=1144.04), 0.0211941 s/step
on time step 110018 (time=1146.02), 0.0211158 s/step
on time step 110208 (time=1148), 0.0211039 s/step
on time step 110398 (time=1149.98), 0.0211257 s/step
on time step 110588 (time=1151.96), 0.0211109 s/step
on time step 110778 (time=1153.94), 0.0210969 s/step
on time step 110968 (time=1155.92), 0.0211274 s/step
on time step 111158 (time=1157.9), 0.0210939 s/step
on time step 111344 (time=1159.83), 0.0215878 s/step
field decay(t = 1160.5520833333333): 0.0012649439435639311 / 0.16967244425651035 = 0.007455211416955792
on time step 111529 (time=1161.76), 0.0216732 s/step
on time step 111715 (time=1163.7), 0.0215256 s/step
on time step 111901 (time=1165.64), 0.0215908 s/step
on time step 112087 (time=1167.57), 0.021592 s/step
on time step 112273 (time=1169.51), 0.0216195 s/step
on time step 112460 (time=1171.46), 0.0214942 s/step
on time step 112647 (time=1173.41), 0.021477 s/step
on time step 112834 (time=1175.35), 0.0214447 s/step
on time step 113021 (time=1177.3), 0.0214406 s/step
on time step 113208 (time=1179.25), 0.0214663 s/step
field decay(t = 1180.5625): 0.0007167601420961611 / 0.16967244425651035 = 0.004224375650606913
on time step 113395 (time=1181.2), 0.0214476 s/step
on time step 113581 (time=1183.14), 0.0215112 s/step
on time step 113768 (time=1185.08), 0.0214576 s/step
on time step 113955 (time=1187.03), 0.0214529 s/step
on time step 114142 (time=1188.98), 0.0214856 s/step
on time step 114329 (time=1190.93), 0.0214589 s/step
on time step 114516 (time=1192.88), 0.0214946 s/step
on time step 114703 (time=1194.82), 0.0214981 s/step
on time step 114890 (time=1196.77), 0.0214757 s/step
on time step 115077 (time=1198.72), 0.0214783 s/step
field decay(t = 1200.5729166666665): 0.00052907214139233 / 0.16967244425651035 = 0.0031181972046826897
on time step 115264 (time=1200.67), 0.0214942 s/step
on time step 115450 (time=1202.6), 0.0215289 s/step
on time step 115635 (time=1204.53), 0.0216408 s/step
on time step 115822 (time=1206.48), 0.0214646 s/step
on time step 116009 (time=1208.43), 0.021421 s/step
on time step 116195 (time=1210.36), 0.0215128 s/step
on time step 116382 (time=1212.31), 0.0215028 s/step
on time step 116569 (time=1214.26), 0.0214399 s/step
on time step 116756 (time=1216.21), 0.0214874 s/step
on time step 116943 (time=1218.16), 0.0215041 s/step
on time step 117130 (time=1220.1), 0.0214984 s/step
field decay(t = 1220.5833333333333): 0.0005868384313993269 / 0.16967244425651035 = 0.0034586549039875097
on time step 117317 (time=1222.05), 0.0214456 s/step
on time step 117504 (time=1224), 0.0215042 s/step
on time step 117691 (time=1225.95), 0.0214568 s/step
on time step 117878 (time=1227.9), 0.0214676 s/step
on time step 118065 (time=1229.84), 0.0214333 s/step
on time step 118251 (time=1231.78), 0.0215176 s/step
on time step 118438 (time=1233.73), 0.02148 s/step
on time step 118625 (time=1235.68), 0.0214607 s/step
on time step 118812 (time=1237.62), 0.0214626 s/step
on time step 118999 (time=1239.57), 0.0214965 s/step
field decay(t = 1240.59375): 0.0006777811503181774 / 0.16967244425651035 = 0.003994644818657234
on time step 119186 (time=1241.52), 0.0214553 s/step
on time step 119372 (time=1243.46), 0.0215069 s/step
on time step 119559 (time=1245.41), 0.0214901 s/step
on time step 119745 (time=1247.34), 0.0215436 s/step
on time step 119934 (time=1249.31), 0.0211968 s/step
on time step 120123 (time=1251.28), 0.0212169 s/step
on time step 120312 (time=1253.25), 0.0212568 s/step
on time step 120501 (time=1255.22), 0.0212084 s/step
on time step 120690 (time=1257.19), 0.0212099 s/step
on time step 120879 (time=1259.16), 0.0212671 s/step
field decay(t = 1260.6041666666665): 0.0007418463955235093 / 0.16967244425651035 = 0.004372226726468253
on time step 121067 (time=1261.11), 0.0213191 s/step
on time step 121255 (time=1263.07), 0.0213375 s/step
on time step 121443 (time=1265.03), 0.0213572 s/step
on time step 121631 (time=1266.99), 0.0213434 s/step
on time step 121819 (time=1268.95), 0.0213039 s/step
on time step 122007 (time=1270.91), 0.0212913 s/step
on time step 122196 (time=1272.88), 0.0212718 s/step
on time step 122384 (time=1274.83), 0.0212983 s/step
on time step 122572 (time=1276.79), 0.0212888 s/step
on time step 122760 (time=1278.75), 0.0213262 s/step
field decay(t = 1280.6145833333333): 0.0008038265270311274 / 0.16967244425651035 = 0.0047375195810576325
on time step 122948 (time=1280.71), 0.021351 s/step
on time step 123136 (time=1282.67), 0.0213763 s/step
on time step 123324 (time=1284.62), 0.0213403 s/step
on time step 123512 (time=1286.58), 0.021321 s/step
on time step 123700 (time=1288.54), 0.0213572 s/step
on time step 123888 (time=1290.5), 0.021278 s/step
on time step 124076 (time=1292.46), 0.0213565 s/step
on time step 124264 (time=1294.42), 0.0213073 s/step
on time step 124452 (time=1296.38), 0.0213872 s/step
on time step 124640 (time=1298.33), 0.0213819 s/step
on time step 124828 (time=1300.29), 0.0213638 s/step
field decay(t = 1300.625): 0.0008377418993065093 / 0.16967244425651035 = 0.004937406913523408
on time step 125016 (time=1302.25), 0.0213586 s/step
on time step 125203 (time=1304.2), 0.0214253 s/step
on time step 125387 (time=1306.11), 0.0217623 s/step
on time step 125574 (time=1308.06), 0.0214323 s/step
on time step 125763 (time=1310.03), 0.0212757 s/step
on time step 125951 (time=1311.99), 0.021285 s/step
on time step 126139 (time=1313.95), 0.0212828 s/step
on time step 126327 (time=1315.91), 0.0212956 s/step
on time step 126515 (time=1317.86), 0.0212844 s/step
on time step 126703 (time=1319.82), 0.0212864 s/step
field decay(t = 1320.6354166666665): 0.0008464888470169729 / 0.16967244425651035 = 0.004988958877360506
on time step 126891 (time=1321.78), 0.0212831 s/step
on time step 127079 (time=1323.74), 0.0212925 s/step
on time step 127265 (time=1325.68), 0.021596 s/step
on time step 127449 (time=1327.59), 0.0218276 s/step
on time step 127633 (time=1329.51), 0.021799 s/step
on time step 127818 (time=1331.44), 0.0216625 s/step
on time step 128002 (time=1333.35), 0.0218194 s/step
on time step 128188 (time=1335.29), 0.0215149 s/step
on time step 128375 (time=1337.24), 0.0214319 s/step
on time step 128560 (time=1339.17), 0.0216534 s/step
field decay(t = 1340.6458333333333): 0.0008453853465602851 / 0.16967244425651035 = 0.004982455166863947
on time step 128747 (time=1341.11), 0.0214455 s/step
on time step 128934 (time=1343.06), 0.0214113 s/step
on time step 129121 (time=1345.01), 0.021447 s/step
on time step 129305 (time=1346.93), 0.0217425 s/step
on time step 129490 (time=1348.85), 0.0216607 s/step
on time step 129675 (time=1350.78), 0.0216483 s/step
on time step 129860 (time=1352.71), 0.0216447 s/step
on time step 130045 (time=1354.64), 0.0216946 s/step
on time step 130232 (time=1356.58), 0.0214681 s/step
on time step 130419 (time=1358.53), 0.021486 s/step
on time step 130605 (time=1360.47), 0.02153 s/step
field decay(t = 1360.65625): 0.0008308222947930226 / 0.16967244425651035 = 0.004896624778605698
on time step 130792 (time=1362.42), 0.0214789 s/step
on time step 130977 (time=1364.34), 0.0217049 s/step
on time step 131162 (time=1366.27), 0.0217122 s/step
on time step 131349 (time=1368.22), 0.0215018 s/step
on time step 131535 (time=1370.16), 0.0215737 s/step
on time step 131722 (time=1372.1), 0.0214108 s/step
on time step 131907 (time=1374.03), 0.0216632 s/step
on time step 132093 (time=1375.97), 0.0215602 s/step
on time step 132279 (time=1377.91), 0.0215447 s/step
on time step 132464 (time=1379.83), 0.0216601 s/step
field decay(t = 1380.6666666666665): 0.0008043955883186473 / 0.16967244425651035 = 0.004740873462649977
on time step 132649 (time=1381.76), 0.0217001 s/step
on time step 132836 (time=1383.71), 0.0214351 s/step
on time step 133023 (time=1385.66), 0.0214445 s/step
on time step 133210 (time=1387.6), 0.0214596 s/step
on time step 133397 (time=1389.55), 0.021491 s/step
on time step 133581 (time=1391.47), 0.0218092 s/step
on time step 133767 (time=1393.41), 0.0215112 s/step
on time step 133952 (time=1395.33), 0.0217175 s/step
on time step 134137 (time=1397.26), 0.0216706 s/step
on time step 134323 (time=1399.2), 0.0215131 s/step
field decay(t = 1400.6770833333333): 0.0007711700403966109 / 0.16967244425651035 = 0.0045450517541360935
on time step 134509 (time=1401.14), 0.0216128 s/step
on time step 134694 (time=1403.06), 0.0217188 s/step
on time step 134880 (time=1405), 0.0215503 s/step
on time step 135065 (time=1406.93), 0.0217032 s/step
on time step 135252 (time=1408.88), 0.021458 s/step
on time step 135438 (time=1410.81), 0.0215228 s/step
on time step 135625 (time=1412.76), 0.0214104 s/step
on time step 135812 (time=1414.71), 0.0214496 s/step
on time step 135998 (time=1416.65), 0.0216019 s/step
on time step 136182 (time=1418.56), 0.0218575 s/step
on time step 136369 (time=1420.51), 0.0214237 s/step
field decay(t = 1420.6875): 0.0007349527241624959 / 0.16967244425651035 = 0.004331597434002874
on time step 136556 (time=1422.46), 0.0214141 s/step
on time step 136740 (time=1424.38), 0.021776 s/step
on time step 136925 (time=1426.3), 0.0217226 s/step
on time step 137112 (time=1428.25), 0.0213925 s/step
on time step 137298 (time=1430.19), 0.0215586 s/step
on time step 137482 (time=1432.1), 0.0217561 s/step
on time step 137668 (time=1434.04), 0.0215161 s/step
on time step 137853 (time=1435.97), 0.0216576 s/step
on time step 138040 (time=1437.92), 0.0214283 s/step
on time step 138226 (time=1439.85), 0.0215418 s/step
field decay(t = 1440.6979166666665): 0.0006983705415361494 / 0.16967244425651035 = 0.004115992697555265
on time step 138411 (time=1441.78), 0.0216393 s/step
on time step 138597 (time=1443.72), 0.0216087 s/step
on time step 138784 (time=1445.67), 0.0214432 s/step
on time step 138971 (time=1447.61), 0.021444 s/step
on time step 139157 (time=1449.55), 0.0215696 s/step
on time step 139344 (time=1451.5), 0.0214229 s/step
on time step 139528 (time=1453.42), 0.0217555 s/step
on time step 139715 (time=1455.36), 0.0214982 s/step
on time step 139899 (time=1457.28), 0.0217575 s/step
on time step 140086 (time=1459.23), 0.0214528 s/step
field decay(t = 1460.7083333333333): 0.0006630746885131285 / 0.16967244425651035 = 0.003907969213378538
on time step 140273 (time=1461.18), 0.0214511 s/step
on time step 140460 (time=1463.12), 0.021451 s/step
on time step 140646 (time=1465.06), 0.0216154 s/step
on time step 140834 (time=1467.02), 0.0213834 s/step
on time step 141019 (time=1468.95), 0.0216807 s/step
on time step 141205 (time=1470.89), 0.0215766 s/step
on time step 141391 (time=1472.82), 0.0215317 s/step
on time step 141579 (time=1474.78), 0.0213798 s/step
on time step 141767 (time=1476.74), 0.0213761 s/step
on time step 141955 (time=1478.7), 0.0213741 s/step
on time step 142143 (time=1480.66), 0.021388 s/step
field decay(t = 1480.71875): 0.0006300065345923629 / 0.16967244425651035 = 0.0037130751392955752
on time step 142331 (time=1482.61), 0.0213799 s/step
on time step 142519 (time=1484.57), 0.0213802 s/step
on time step 142707 (time=1486.53), 0.0213857 s/step
on time step 142895 (time=1488.49), 0.021366 s/step
on time step 143083 (time=1490.45), 0.021385 s/step
on time step 143271 (time=1492.41), 0.0213829 s/step
on time step 143459 (time=1494.36), 0.0213795 s/step
on time step 143647 (time=1496.32), 0.0213799 s/step
on time step 143835 (time=1498.28), 0.0213769 s/step
on time step 144022 (time=1500.23), 0.0213947 s/step
field decay(t = 1500.7291666666665): 0.0005995723994828853 / 0.16967244425651035 = 0.0035337052054042043
on time step 144210 (time=1502.19), 0.0213832 s/step
on time step 144398 (time=1504.15), 0.0213858 s/step
on time step 144586 (time=1506.1), 0.0213801 s/step
on time step 144774 (time=1508.06), 0.0213792 s/step
on time step 144962 (time=1510.02), 0.0213848 s/step
on time step 145150 (time=1511.98), 0.0213863 s/step
on time step 145338 (time=1513.94), 0.0213734 s/step
on time step 145526 (time=1515.9), 0.0213885 s/step
on time step 145714 (time=1517.85), 0.0213834 s/step
on time step 145902 (time=1519.81), 0.0213772 s/step
field decay(t = 1520.7395833333333): 0.0005718718401435035 / 0.16967244425651035 = 0.0033704461714416586
on time step 146090 (time=1521.77), 0.0213757 s/step
on time step 146278 (time=1523.73), 0.0213789 s/step
on time step 146466 (time=1525.69), 0.0213744 s/step
on time step 146654 (time=1527.65), 0.0213738 s/step
on time step 146842 (time=1529.6), 0.0213854 s/step
on time step 147030 (time=1531.56), 0.021375 s/step
on time step 147218 (time=1533.52), 0.0213809 s/step
on time step 147405 (time=1535.47), 0.0213923 s/step
on time step 147592 (time=1537.42), 0.0214529 s/step
on time step 147777 (time=1539.34), 0.0217269 s/step
field decay(t = 1540.75): 0.0005467988142693213 / 0.16967244425651035 = 0.003222673054928544
on time step 147961 (time=1541.26), 0.0218103 s/step
on time step 148145 (time=1543.18), 0.0218306 s/step
on time step 148329 (time=1545.09), 0.0217539 s/step
on time step 148513 (time=1547.01), 0.0218219 s/step
on time step 148698 (time=1548.94), 0.0216668 s/step
on time step 148882 (time=1550.85), 0.0218107 s/step
on time step 149066 (time=1552.77), 0.0218339 s/step
on time step 149250 (time=1554.69), 0.0218264 s/step
on time step 149433 (time=1556.59), 0.0218631 s/step
on time step 149617 (time=1558.51), 0.0218347 s/step
on time step 149802 (time=1560.44), 0.0217152 s/step
field decay(t = 1560.7604166666665): 0.0005241325756271533 / 0.16967244425651035 = 0.003089084841818929
on time step 149986 (time=1562.35), 0.0217498 s/step
on time step 150171 (time=1564.28), 0.0216993 s/step
on time step 150356 (time=1566.21), 0.0217124 s/step
on time step 150540 (time=1568.12), 0.0218026 s/step
on time step 150724 (time=1570.04), 0.0218082 s/step
on time step 150908 (time=1571.96), 0.0217615 s/step
on time step 151093 (time=1573.89), 0.0217115 s/step
on time step 151277 (time=1575.8), 0.0217651 s/step
on time step 151461 (time=1577.72), 0.0217471 s/step
on time step 151645 (time=1579.64), 0.0217769 s/step
field decay(t = 1580.7708333333333): 0.0005036317442092369 / 0.16967244425651035 = 0.002968258908605382
on time step 151830 (time=1581.56), 0.0217018 s/step
on time step 152014 (time=1583.48), 0.0218381 s/step
on time step 152200 (time=1585.42), 0.0215939 s/step
on time step 152384 (time=1587.33), 0.0217669 s/step
on time step 152567 (time=1589.24), 0.0218649 s/step
on time step 152749 (time=1591.14), 0.02208 s/step
on time step 152934 (time=1593.06), 0.0216703 s/step
on time step 153116 (time=1594.96), 0.0220112 s/step
on time step 153299 (time=1596.86), 0.0218736 s/step
on time step 153483 (time=1598.78), 0.0218047 s/step
on time step 153670 (time=1600.73), 0.0214995 s/step
field decay(t = 1600.78125): 0.00048501369784648596 / 0.16967244425651035 = 0.00285852956248596
on time step 153857 (time=1602.68), 0.0214211 s/step
on time step 154044 (time=1604.62), 0.0214708 s/step
on time step 154231 (time=1606.57), 0.0214733 s/step
on time step 154417 (time=1608.51), 0.0215626 s/step
on time step 154638 (time=1610.81), 0.018162 s/step
on time step 154897 (time=1613.51), 0.0154755 s/step
on time step 155151 (time=1616.16), 0.0157693 s/step
on time step 155390 (time=1618.65), 0.0167737 s/step
field decay(t = 1620.7916666666665): 0.00046802710809394356 / 0.16967244425651035 = 0.002758415546760094
on time step 155629 (time=1621.14), 0.0167582 s/step
on time step 155868 (time=1623.62), 0.0167699 s/step
on time step 156108 (time=1626.12), 0.0166895 s/step
on time step 156349 (time=1628.64), 0.0166399 s/step
on time step 156590 (time=1631.15), 0.0166508 s/step
on time step 156831 (time=1633.66), 0.0166511 s/step
on time step 157070 (time=1636.15), 0.0167892 s/step
on time step 157303 (time=1638.57), 0.0172163 s/step
field decay(t = 1640.8020833333333): 0.00045244172660511265 / 0.16967244425651035 = 0.0026665598446917664
on time step 157536 (time=1641), 0.0171876 s/step
on time step 157769 (time=1643.43), 0.0172204 s/step
on time step 158002 (time=1645.85), 0.0172032 s/step
on time step 158235 (time=1648.28), 0.0171862 s/step
on time step 158480 (time=1650.83), 0.0163384 s/step
on time step 158727 (time=1653.41), 0.0162221 s/step
on time step 158974 (time=1655.98), 0.0162126 s/step
on time step 159221 (time=1658.55), 0.0162123 s/step
field decay(t = 1660.8125): 0.00043805433314338224 / 0.16967244425651035 = 0.0025817647353575746
on time step 159468 (time=1661.12), 0.0162041 s/step
on time step 159715 (time=1663.7), 0.0162118 s/step
on time step 159962 (time=1666.27), 0.0162116 s/step
on time step 160209 (time=1668.84), 0.0162123 s/step
on time step 160479 (time=1671.66), 0.0148266 s/step
on time step 160807 (time=1675.07), 0.0121984 s/step
on time step 161136 (time=1678.5), 0.0121912 s/step
2026-05-30 16:27:07 [INFO] D11_scaled_deep_groove: Checkpointed 8 completed spectra row(s) to /mnt/c/Users/admin/Meep_Simulation/meep_sim/results/diagnostics_v2/tables/D11_thickness_2um_quick_spectra_checkpoint.csv
2026-05-30 16:27:07 [INFO] D11_scaled_deep_groove: >>> task=9/10 case=scaled_inner_wall_film_2um pol=Hz wl=10.985 res=24 pml=4
2026-05-30 16:27:07 [INFO] D11_scaled_deep_groove: [single ref] wl=10.985 um, f=0.0910332, res=24, comp=Hz
field decay(t = 1680.8229166666665): 0.00042469104653216684 / 0.16967244425651035 = 0.0025030054137142035
run 0 finished at t = 1680.8229166666665 (161359 timesteps)
-----------
Initializing structure...
Splitting into 16 chunks by voxels
time for choose_chunkdivision = 0.000515469 s
Working in 2D dimensions.
Computational cell is 50 x 49 x 0 with resolution 24
time for set_epsilon = 0.15027 s
-----------
field decay(t = 20.010416666666664): 3.028518613828998e-10 / 3.028518613828998e-10 = 1.0
on time step 2963 (time=30.8646), 0.00135005 s/step
field decay(t = 40.010416666666664): 2.4972637854954713e-11 / 3.028518613828998e-10 = 0.08245826108158359
field decay(t = 60.02083333333333): 5.854523826574357e-11 / 3.028518613828998e-10 = 0.19331312014531096
on time step 5961 (time=62.0938), 0.00133433 s/step
field decay(t = 80.02083333333333): 1.7846260177087137e-10 / 3.028518613828998e-10 = 0.5892735839758919
on time step 8929 (time=93.0104), 0.00134792 s/step
field decay(t = 100.03125): 5.246696508320609e-10 / 5.246696508320609e-10 = 1.0
field decay(t = 120.04166666666666): 1.1727497175103842e-09 / 1.1727497175103842e-09 = 1.0
on time step 11922 (time=124.188), 0.00133679 s/step
field decay(t = 140.04166666666666): 3.306254365867144e-09 / 3.306254365867144e-09 = 1.0
on time step 14912 (time=155.333), 0.00133812 s/step
field decay(t = 160.05208333333331): 8.215590709757513e-09 / 8.215590709757513e-09 = 1.0
field decay(t = 180.0625): 1.892149204280982e-08 / 1.892149204280982e-08 = 1.0
on time step 17917 (time=186.635), 0.00133115 s/step
field decay(t = 200.07291666666666): 4.928088907781225e-08 / 4.928088907781225e-08 = 1.0
on time step 20898 (time=217.688), 0.00134195 s/step
field decay(t = 220.08333333333331): 9.914636305952997e-08 / 9.914636305952997e-08 = 1.0
field decay(t = 240.09375): 2.4554010444408113e-07 / 2.4554010444408113e-07 = 1.0
on time step 23885 (time=248.802), 0.00133925 s/step
field decay(t = 260.10416666666663): 5.908366181913014e-07 / 5.908366181913014e-07 = 1.0
on time step 26872 (time=279.917), 0.00133939 s/step
field decay(t = 280.1145833333333): 1.1201428623884962e-06 / 1.1201428623884962e-06 = 1.0
field decay(t = 300.125): 2.562934764133283e-06 / 2.562934764133283e-06 = 1.0
on time step 29850 (time=310.938), 0.00134355 s/step
field decay(t = 320.13541666666663): 5.697664871695775e-06 / 5.697664871695775e-06 = 1.0
field decay(t = 340.1458333333333): 1.0179264532280677e-05 / 1.0179264532280677e-05 = 1.0
on time step 32834 (time=342.021), 0.00134088 s/step
field decay(t = 360.15625): 2.1517746726538338e-05 / 2.1517746726538338e-05 = 1.0
on time step 35805 (time=372.969), 0.00134639 s/step
field decay(t = 380.16666666666663): 4.4082412575716954e-05 / 4.4082412575716954e-05 = 1.0
field decay(t = 400.1770833333333): 7.440537259257392e-05 / 7.440537259257392e-05 = 1.0
on time step 38796 (time=404.125), 0.00133761 s/step
field decay(t = 420.1875): 0.00014531188789325452 / 0.00014531188789325452 = 1.0
on time step 41774 (time=435.146), 0.00134357 s/step
field decay(t = 440.19791666666663): 0.00025686277903515324 / 0.00025686277903515324 = 1.0
field decay(t = 460.2083333333333): 0.00043745883127349665 / 0.00043745883127349665 = 1.0
on time step 44776 (time=466.417), 0.00133282 s/step
field decay(t = 480.21875): 0.000789315548318785 / 0.000789315548318785 = 1.0
on time step 47790 (time=497.812), 0.00132715 s/step
field decay(t = 500.22916666666663): 0.0012058126468500027 / 0.0012058126468500027 = 1.0
field decay(t = 520.2291666666666): 0.0020687841982883373 / 0.0020687841982883373 = 1.0
on time step 50797 (time=529.135), 0.00133067 s/step
field decay(t = 540.2395833333333): 0.003448619432002125 / 0.003448619432002125 = 1.0
field decay(t = 560.25): 0.004964623882924351 / 0.004964623882924351 = 1.0
on time step 53841 (time=560.844), 0.00131424 s/step
field decay(t = 580.2604166666666): 0.007869339961446346 / 0.007869339961446346 = 1.0
on time step 56812 (time=591.792), 0.0013464 s/step
field decay(t = 600.2708333333333): 0.012119507932683592 / 0.012119507932683592 = 1.0
field decay(t = 620.28125): 0.016441369348157008 / 0.016441369348157008 = 1.0
on time step 59766 (time=622.562), 0.00135421 s/step
field decay(t = 640.2916666666666): 0.024077231103162674 / 0.024077231103162674 = 1.0
on time step 62722 (time=653.354), 0.0013536 s/step
field decay(t = 660.3020833333333): 0.03425441078065697 / 0.03425441078065697 = 1.0
field decay(t = 680.3125): 0.04379602962087627 / 0.04379602962087627 = 1.0
on time step 65679 (time=684.156), 0.00135305 s/step
field decay(t = 700.3229166666666): 0.059254303545180104 / 0.059254303545180104 = 1.0
on time step 68630 (time=714.896), 0.00135574 s/step
field decay(t = 720.3333333333333): 0.07399560624552047 / 0.07399560624552047 = 1.0
field decay(t = 740.34375): 0.09383754190924684 / 0.09383754190924684 = 1.0
on time step 71587 (time=745.698), 0.00135307 s/step
field decay(t = 760.3541666666666): 0.11729469809583538 / 0.11729469809583538 = 1.0
on time step 74543 (time=776.49), 0.00135343 s/step
field decay(t = 780.3645833333333): 0.13606516752957634 / 0.13606516752957634 = 1.0
field decay(t = 800.375): 0.16171996448484804 / 0.16171996448484804 = 1.0
on time step 77502 (time=807.312), 0.0013521 s/step
field decay(t = 820.3854166666666): 0.18675919734421406 / 0.18675919734421406 = 1.0
on time step 80451 (time=838.031), 0.00135641 s/step
field decay(t = 840.3958333333333): 0.20415649630994398 / 0.20415649630994398 = 1.0
field decay(t = 860.40625): 0.22417944347538474 / 0.22417944347538474 = 1.0
on time step 83396 (time=868.708), 0.00135834 s/step
field decay(t = 880.4166666666666): 0.23918324355410464 / 0.23918324355410464 = 1.0
on time step 86340 (time=899.375), 0.00135912 s/step
field decay(t = 900.4270833333333): 0.24639085431723445 / 0.24639085431723445 = 1.0
field decay(t = 920.4375): 0.2499615856224579 / 0.2499615856224579 = 1.0
field decay(t = 940.4479166666666): 0.2497381237956416 / 0.2499615856224579 = 0.9991060153252754
on time step 90428 (time=941.958), 0.000978634 s/step
field decay(t = 960.4583333333333): 0.24599203579503526 / 0.2499615856224579 = 0.9841193605107856
on time step 93620 (time=975.208), 0.00125319 s/step
field decay(t = 980.46875): 0.23597768180263423 / 0.2499615856224579 = 0.9440557884724536
field decay(t = 1000.4791666666666): 0.21958968750316007 / 0.2499615856224579 = 0.8784937371729928
on time step 96778 (time=1008.1), 0.00126704 s/step
field decay(t = 1020.4895833333333): 0.2041567140276481 / 0.2499615856224579 = 0.816752356244077
field decay(t = 1040.4895833333333): 0.18064525564064648 / 0.2499615856224579 = 0.7226920696266232
on time step 99916 (time=1040.79), 0.00127479 s/step
field decay(t = 1060.5): 0.15530454812244351 / 0.2499615856224579 = 0.6213136620001106
on time step 103063 (time=1073.57), 0.00127121 s/step
field decay(t = 1080.5104166666665): 0.1360654396207135 / 0.2499615856224579 = 0.5443454012418804
field decay(t = 1100.5208333333333): 0.11123137963970174 / 0.2499615856224579 = 0.4449938952127855
on time step 106209 (time=1106.34), 0.00127177 s/step
field decay(t = 1120.53125): 0.08834898029686826 / 0.2499615856224579 = 0.35345023147000915
on time step 109358 (time=1139.15), 0.00127041 s/step
field decay(t = 1140.5416666666665): 0.0729419089324844 / 0.2499615856224579 = 0.29181247490826806
field decay(t = 1160.5520833333333): 0.05509005681968871 / 0.2499615856224579 = 0.2203940924862621
on time step 112497 (time=1171.84), 0.00127443 s/step
field decay(t = 1180.5625): 0.04042630416475568 / 0.2499615856224579 = 0.16173006769854464
field decay(t = 1200.5729166666665): 0.03145223765790655 / 0.2499615856224579 = 0.12582828509262228
on time step 115648 (time=1204.67), 0.00126946 s/step
field decay(t = 1220.5833333333333): 0.02194644820415657 / 0.2499615856224579 = 0.08779928383597509
on time step 118783 (time=1237.32), 0.00127611 s/step
field decay(t = 1240.59375): 0.01633729675456174 / 0.2499615856224579 = 0.06535922995478834
field decay(t = 1260.6041666666665): 0.010908652144081992 / 0.2499615856224579 = 0.04364131439203792
on time step 121922 (time=1270.02), 0.00127444 s/step
field decay(t = 1280.6145833333333): 0.0070323485887286395 / 0.2499615856224579 = 0.02813371731186848
field decay(t = 1300.625): 0.004964653923234367 / 0.2499615856224579 = 0.01986166758732673
on time step 125079 (time=1302.91), 0.00126711 s/step
field decay(t = 1320.6354166666665): 0.00304323682673625 / 0.2499615856224579 = 0.012174818059174726
on time step 128218 (time=1335.6), 0.00127436 s/step
field decay(t = 1340.6458333333333): 0.00181251519230248 / 0.2499615856224579 = 0.0072511749667010985
field decay(t = 1360.65625): 0.0012058210344703542 / 0.2499615856224579 = 0.004824025385611159
on time step 131358 (time=1368.31), 0.00127404 s/step
field decay(t = 1380.6666666666665): 0.0006828817739894438 / 0.2499615856224579 = 0.002731946880113286
field decay(t = 1400.6770833333333): 0.0003757578213495175 / 0.2499615856224579 = 0.0015032622729360594
on time step 134490 (time=1400.94), 0.00127718 s/step
field decay(t = 1420.6875): 0.00023557100714425452 / 0.2499615856224579 = 0.0009424288398460597
on time step 137619 (time=1433.53), 0.00127868 s/step
field decay(t = 1440.6979166666665): 0.0001232538280589056 / 0.2499615856224579 = 0.0004930910793831667
field decay(t = 1460.7083333333333): 6.618365115427953e-05 / 0.2499615856224579 = 0.0002647752893288305
on time step 140743 (time=1466.07), 0.00128064 s/step
field decay(t = 1480.71875): 3.7017405138695475e-05 / 0.2499615856224579 = 0.00014809237606056228
on time step 143861 (time=1498.55), 0.00128316 s/step
field decay(t = 1500.7291666666665): 1.7893707099647643e-05 / 0.2499615856224579 = 7.158582809869956e-05
field decay(t = 1520.7395833333333): 1.0021033658789617e-05 / 0.2499615856224579 = 4.009029481004089e-05
on time step 147003 (time=1531.28), 0.00127328 s/step
field decay(t = 1540.75): 4.678805997879434e-06 / 0.2499615856224579 = 1.8718100168184663e-05
field decay(t = 1560.7604166666665): 2.0895140800946224e-06 / 0.2499615856224579 = 8.359340795871833e-06
on time step 150168 (time=1564.25), 0.00126415 s/step
field decay(t = 1580.7708333333333): 1.120154732302481e-06 / 0.2499615856224579 = 4.481307515765095e-06
on time step 153332 (time=1597.21), 0.00126468 s/step
field decay(t = 1600.78125): 4.7567383454686486e-07 / 0.2499615856224579 = 1.9029877465464748e-06
field decay(t = 1620.7916666666665): 1.9626186345586704e-07 / 0.2499615856224579 = 7.851681007989005e-07
on time step 156496 (time=1630.17), 0.00126441 s/step
field decay(t = 1640.8020833333333): 9.914719913400019e-08 / 0.2499615856224579 = 3.966497447481877e-07
field decay(t = 1660.8125): 3.889818092161126e-08 / 0.2499615856224579 = 1.556166353511739e-07
on time step 159677 (time=1663.3), 0.00125782 s/step
field decay(t = 1680.8229166666665): 1.482757761770202e-08 / 0.2499615856224579 = 5.931942534601137e-08
on time step 162855 (time=1696.41), 0.00125879 s/step
field decay(t = 1700.8333333333333): 7.058773344818252e-09 / 0.2499615856224579 = 2.8239432580171847e-08
field decay(t = 1720.84375): 2.5585412617384317e-09 / 0.2499615856224579 = 1.0235737844945718e-08
on time step 166035 (time=1729.53), 0.00125813 s/step
field decay(t = 1740.8541666666665): 1.0086734475852243e-09 / 0.2499615856224579 = 4.035313846619317e-09
field decay(t = 1760.8645833333333): 4.0422546656831146e-10 / 0.2499615856224579 = 1.6171503535701434e-09
on time step 169903 (time=1769.82), 0.0010342 s/step
field decay(t = 1780.875): 1.3536244620749463e-10 / 0.2499615856224579 = 5.415329954417321e-10
field decay(t = 1800.8854166666665): 5.679606187704837e-11 / 0.2499615856224579 = 2.2721916143880274e-10
on time step 173805 (time=1810.47), 0.0010252 s/step
field decay(t = 1820.8958333333333): 1.8618337621066606e-11 / 0.2499615856224579 = 7.448479563250872e-11
field decay(t = 1840.90625): 2.8702693930672014e-10 / 0.2499615856224579 = 1.1482841997179748e-09
run 0 finished at t = 1840.90625 (176727 timesteps)
-----------
Initializing structure...
Splitting into 16 chunks by voxels
time for choose_chunkdivision = 0.000848128 s
Working in 2D dimensions.
Computational cell is 50 x 49 x 0 with resolution 24
     block, center = (0,-4,0)
          size (50,25,1e+20)
          axes (1,0,0), (0,1,0), (0,0,1)
          dielectric constant epsilon diagonal = (1,1,1)
     prism, center = (2.72978,1,5e+19)
          height 1e+20, axis (0,0,1), sidewall angle: 0 radians, 4 vertices:
          (-10,8.5,0)
          (10,8.5,0)
          (15.4596,-6.5,0)
          (-4.54045,-6.5,0)
          dielectric constant epsilon diagonal = (2.30448,2.30448,2.30448)
     prism, center = (2.36581,2,5e+19)
          height 1e+20, axis (0,0,1), sidewall angle: 0 radians, 4 vertices:
          (-8,8.5,0)
          (8,8.5,0)
          (12.7316,-4.5,0)
          (-3.26839,-4.5,0)
          dielectric constant epsilon diagonal = (1,1,1)
time for set_epsilon = 1.36806 s
time for set_conductivity = 0.039664 s
time for set_conductivity = 0.0403015 s
time for set_conductivity = 0.0401049 s
lorentzian susceptibility: frequency=15.6714, gamma=1.42115
lorentzian susceptibility: frequency=2.02365, gamma=1.3413
lorentzian susceptibility: frequency=1.24613, gamma=2.0309
lorentzian susceptibility: frequency=0.626693, gamma=1.83572
drude susceptibility: frequency=1e-10, gamma=0.0661375
-----------
2026-05-30 16:30:57 [INFO] D11_scaled_deep_groove: [single struct] 3 geometry objects
on time step 183 (time=1.90625), 0.0218622 s/step
on time step 371 (time=3.86458), 0.0212799 s/step
on time step 558 (time=5.8125), 0.021439 s/step
on time step 746 (time=7.77083), 0.0213029 s/step
on time step 933 (time=9.71875), 0.0214086 s/step
on time step 1121 (time=11.6771), 0.0213606 s/step
on time step 1309 (time=13.6354), 0.0213695 s/step
on time step 1496 (time=15.5833), 0.0214488 s/step
on time step 1683 (time=17.5312), 0.0214727 s/step
on time step 1869 (time=19.4688), 0.0215793 s/step
field decay(t = 20.010416666666664): 3.028518613828998e-10 / 3.028518613828998e-10 = 1.0
on time step 2056 (time=21.4167), 0.0214656 s/step
on time step 2243 (time=23.3646), 0.0214521 s/step
on time step 2430 (time=25.3125), 0.0214748 s/step
on time step 2617 (time=27.2604), 0.0214186 s/step
on time step 2804 (time=29.2083), 0.0214328 s/step
on time step 2991 (time=31.1562), 0.0214335 s/step
on time step 3177 (time=33.0938), 0.0215216 s/step
on time step 3365 (time=35.0521), 0.0213724 s/step
on time step 3553 (time=37.0104), 0.021387 s/step
on time step 3740 (time=38.9583), 0.0214311 s/step
field decay(t = 40.010416666666664): 2.4850042592199466e-11 / 3.028518613828998e-10 = 0.0820534583433886
on time step 3927 (time=40.9062), 0.021467 s/step
on time step 4115 (time=42.8646), 0.0213521 s/step
on time step 4302 (time=44.8125), 0.021402 s/step
on time step 4490 (time=46.7708), 0.0213532 s/step
on time step 4678 (time=48.7292), 0.0213583 s/step
on time step 4866 (time=50.6875), 0.0213357 s/step
on time step 5054 (time=52.6458), 0.0213495 s/step
on time step 5242 (time=54.6042), 0.0213355 s/step
on time step 5430 (time=56.5625), 0.0213311 s/step
on time step 5619 (time=58.5312), 0.0212653 s/step
field decay(t = 60.02083333333333): 1.081116118307444e-10 / 3.028518613828998e-10 = 0.35697852850261136
on time step 5807 (time=60.4896), 0.0213806 s/step
on time step 5995 (time=62.4479), 0.0212788 s/step
on time step 6183 (time=64.4062), 0.0213099 s/step
on time step 6372 (time=66.375), 0.0212685 s/step
on time step 6560 (time=68.3333), 0.0213674 s/step
on time step 6748 (time=70.2917), 0.0213106 s/step
on time step 6936 (time=72.25), 0.021357 s/step
on time step 7124 (time=74.2083), 0.0213663 s/step
on time step 7311 (time=76.1562), 0.0214344 s/step
on time step 7498 (time=78.1042), 0.0215027 s/step
field decay(t = 80.02083333333333): 2.0928548769533422e-10 / 3.028518613828998e-10 = 0.691049038760015
on time step 7685 (time=80.0521), 0.0214002 s/step
on time step 7872 (time=82), 0.0214106 s/step
on time step 8059 (time=83.9479), 0.0214124 s/step
on time step 8247 (time=85.9062), 0.0213353 s/step
on time step 8435 (time=87.8646), 0.0213685 s/step
on time step 8623 (time=89.8229), 0.0213433 s/step
on time step 8811 (time=91.7812), 0.0213294 s/step
on time step 8999 (time=93.7396), 0.0213013 s/step
on time step 9187 (time=95.6979), 0.0212865 s/step
on time step 9375 (time=97.6562), 0.0213254 s/step
on time step 9562 (time=99.6042), 0.0214015 s/step
field decay(t = 100.03125): 5.757422596854767e-10 / 5.757422596854767e-10 = 1.0
on time step 9750 (time=101.562), 0.0213487 s/step
on time step 9937 (time=103.51), 0.0214863 s/step
on time step 10124 (time=105.458), 0.0214293 s/step
on time step 10311 (time=107.406), 0.0214046 s/step
on time step 10499 (time=109.365), 0.0213739 s/step
on time step 10686 (time=111.312), 0.0214187 s/step
on time step 10873 (time=113.26), 0.0214892 s/step
on time step 11060 (time=115.208), 0.021486 s/step
on time step 11248 (time=117.167), 0.021348 s/step
on time step 11436 (time=119.125), 0.0213557 s/step
field decay(t = 120.04166666666666): 1.2819387181510256e-09 / 1.2819387181510256e-09 = 1.0
on time step 11623 (time=121.073), 0.0214895 s/step
on time step 11810 (time=123.021), 0.0214552 s/step
on time step 11997 (time=124.969), 0.0214283 s/step
on time step 12185 (time=126.927), 0.0213277 s/step
on time step 12373 (time=128.885), 0.0213431 s/step
on time step 12561 (time=130.844), 0.0213057 s/step
on time step 12749 (time=132.802), 0.021344 s/step
on time step 12937 (time=134.76), 0.0213317 s/step
on time step 13125 (time=136.719), 0.0213183 s/step
on time step 13312 (time=138.667), 0.0214256 s/step
field decay(t = 140.04166666666666): 3.61390396088183e-09 / 3.61390396088183e-09 = 1.0
on time step 13500 (time=140.625), 0.0213827 s/step
on time step 13688 (time=142.583), 0.0213851 s/step
on time step 13876 (time=144.542), 0.0213808 s/step
on time step 14063 (time=146.49), 0.0214134 s/step
on time step 14251 (time=148.448), 0.0213593 s/step
on time step 14439 (time=150.406), 0.0213627 s/step
on time step 14626 (time=152.354), 0.0214349 s/step
on time step 14813 (time=154.302), 0.0214288 s/step
on time step 15000 (time=156.25), 0.0213937 s/step
on time step 15188 (time=158.208), 0.0213578 s/step
field decay(t = 160.05208333333331): 9.755354950583409e-09 / 9.755354950583409e-09 = 1.0
on time step 15376 (time=160.167), 0.0213841 s/step
on time step 15564 (time=162.125), 0.0213605 s/step
on time step 15752 (time=164.083), 0.0213518 s/step
on time step 15940 (time=166.042), 0.0213522 s/step
on time step 16128 (time=168), 0.021379 s/step
on time step 16316 (time=169.958), 0.0213871 s/step
on time step 16503 (time=171.906), 0.0214196 s/step
on time step 16690 (time=173.854), 0.0213953 s/step
on time step 16877 (time=175.802), 0.0214175 s/step
on time step 17066 (time=177.771), 0.0212565 s/step
on time step 17255 (time=179.74), 0.0212466 s/step
field decay(t = 180.0625): 2.0863994766006873e-08 / 2.0863994766006873e-08 = 1.0
on time step 17443 (time=181.698), 0.0212819 s/step
on time step 17631 (time=183.656), 0.0212886 s/step
on time step 17818 (time=185.604), 0.0214106 s/step
on time step 18006 (time=187.562), 0.0213678 s/step
on time step 18193 (time=189.51), 0.0214123 s/step
on time step 18380 (time=191.458), 0.0214004 s/step
on time step 18568 (time=193.417), 0.0213222 s/step
on time step 18756 (time=195.375), 0.0213447 s/step
on time step 18945 (time=197.344), 0.0212725 s/step
on time step 19134 (time=199.312), 0.0212459 s/step
field decay(t = 200.07291666666666): 5.462732363527169e-08 / 5.462732363527169e-08 = 1.0
on time step 19322 (time=201.271), 0.0213834 s/step
on time step 19510 (time=203.229), 0.0213451 s/step
on time step 19697 (time=205.177), 0.0214135 s/step
on time step 19885 (time=207.135), 0.0213844 s/step
on time step 20072 (time=209.083), 0.0214236 s/step
on time step 20259 (time=211.031), 0.0214882 s/step
on time step 20446 (time=212.979), 0.0214146 s/step
on time step 20634 (time=214.938), 0.0213766 s/step
on time step 20821 (time=216.885), 0.0214857 s/step
on time step 21009 (time=218.844), 0.0213812 s/step
field decay(t = 220.08333333333331): 1.2366620601590084e-07 / 1.2366620601590084e-07 = 1.0
on time step 21196 (time=220.792), 0.0214525 s/step
on time step 21384 (time=222.75), 0.0213499 s/step
on time step 21571 (time=224.698), 0.0214585 s/step
on time step 21759 (time=226.656), 0.0213164 s/step
on time step 21946 (time=228.604), 0.0214278 s/step
on time step 22133 (time=230.552), 0.0214401 s/step
on time step 22320 (time=232.5), 0.021429 s/step
on time step 22507 (time=234.448), 0.0214625 s/step
on time step 22695 (time=236.406), 0.0213666 s/step
on time step 22882 (time=238.354), 0.0214299 s/step
field decay(t = 240.09375): 2.751563570415014e-07 / 2.751563570415014e-07 = 1.0
on time step 23069 (time=240.302), 0.0214531 s/step
on time step 23256 (time=242.25), 0.0214237 s/step
on time step 23444 (time=244.208), 0.0213869 s/step
on time step 23631 (time=246.156), 0.021413 s/step
on time step 23818 (time=248.104), 0.0214327 s/step
on time step 24005 (time=250.052), 0.0214533 s/step
on time step 24192 (time=252), 0.0214875 s/step
on time step 24379 (time=253.948), 0.0214674 s/step
on time step 24566 (time=255.896), 0.0214212 s/step
on time step 24754 (time=257.854), 0.0213436 s/step
on time step 24941 (time=259.802), 0.0214329 s/step
field decay(t = 260.10416666666663): 6.665935796148577e-07 / 6.665935796148577e-07 = 1.0
on time step 25129 (time=261.76), 0.0213602 s/step
on time step 25315 (time=263.698), 0.0215078 s/step
on time step 25500 (time=265.625), 0.0216619 s/step
on time step 25686 (time=267.562), 0.0216033 s/step
on time step 25871 (time=269.49), 0.0216547 s/step
on time step 26056 (time=271.417), 0.0216453 s/step
on time step 26241 (time=273.344), 0.021664 s/step
on time step 26426 (time=275.271), 0.0216468 s/step
on time step 26611 (time=277.198), 0.0216531 s/step
on time step 26796 (time=279.125), 0.0216427 s/step
field decay(t = 280.1145833333333): 1.2701476353867e-06 / 1.2701476353867e-06 = 1.0
on time step 26981 (time=281.052), 0.021652 s/step
on time step 27166 (time=282.979), 0.0216423 s/step
on time step 27352 (time=284.917), 0.0216148 s/step
on time step 27538 (time=286.854), 0.0216067 s/step
on time step 27724 (time=288.792), 0.0216118 s/step
on time step 27910 (time=290.729), 0.0216091 s/step
on time step 28096 (time=292.667), 0.0216129 s/step
on time step 28282 (time=294.604), 0.021619 s/step
on time step 28468 (time=296.542), 0.0216221 s/step
on time step 28654 (time=298.479), 0.0216101 s/step
field decay(t = 300.125): 2.926607692254956e-06 / 2.926607692254956e-06 = 1.0
on time step 28840 (time=300.417), 0.0216121 s/step
on time step 29024 (time=302.333), 0.0218111 s/step
on time step 29207 (time=304.24), 0.0219296 s/step
on time step 29390 (time=306.146), 0.0219209 s/step
on time step 29575 (time=308.073), 0.0217291 s/step
on time step 29759 (time=309.99), 0.0218074 s/step
on time step 29943 (time=311.906), 0.0217655 s/step
on time step 30126 (time=313.812), 0.0219158 s/step
on time step 30309 (time=315.719), 0.0219287 s/step
on time step 30495 (time=317.656), 0.0215525 s/step
on time step 30678 (time=319.562), 0.0218995 s/step
field decay(t = 320.13541666666663): 6.55328304350783e-06 / 6.55328304350783e-06 = 1.0
on time step 30862 (time=321.479), 0.0217561 s/step
on time step 31046 (time=323.396), 0.0218571 s/step
on time step 31230 (time=325.312), 0.0218291 s/step
on time step 31415 (time=327.24), 0.021676 s/step
on time step 31598 (time=329.146), 0.0218608 s/step
on time step 31782 (time=331.062), 0.0217519 s/step
on time step 31967 (time=332.99), 0.0216769 s/step
on time step 32151 (time=334.906), 0.0217781 s/step
on time step 32335 (time=336.823), 0.0218582 s/step
on time step 32518 (time=338.729), 0.0218616 s/step
field decay(t = 340.1458333333333): 1.1773298144516073e-05 / 1.1773298144516073e-05 = 1.0
on time step 32702 (time=340.646), 0.0218501 s/step
on time step 32886 (time=342.562), 0.0218444 s/step
on time step 33070 (time=344.479), 0.0218452 s/step
on time step 33253 (time=346.385), 0.0218816 s/step
on time step 33437 (time=348.302), 0.0218424 s/step
on time step 33623 (time=350.24), 0.0215875 s/step
on time step 33811 (time=352.198), 0.021375 s/step
on time step 33998 (time=354.146), 0.0213988 s/step
on time step 34186 (time=356.104), 0.0213655 s/step
on time step 34373 (time=358.052), 0.0214034 s/step
on time step 34560 (time=360), 0.021408 s/step
field decay(t = 360.15625): 2.5077697232273904e-05 / 2.5077697232273904e-05 = 1.0
on time step 34747 (time=361.948), 0.0214129 s/step
on time step 34934 (time=363.896), 0.0214217 s/step
on time step 35122 (time=365.854), 0.0213869 s/step
on time step 35309 (time=367.802), 0.0213972 s/step
on time step 35497 (time=369.76), 0.0213335 s/step
on time step 35684 (time=371.708), 0.0214107 s/step
on time step 35872 (time=373.667), 0.0213753 s/step
on time step 36060 (time=375.625), 0.0213713 s/step
on time step 36248 (time=377.583), 0.0213697 s/step
on time step 36436 (time=379.542), 0.021355 s/step
field decay(t = 380.16666666666663): 5.1911481125839e-05 / 5.1911481125839e-05 = 1.0
on time step 36624 (time=381.5), 0.0213498 s/step
on time step 36812 (time=383.458), 0.0213435 s/step
on time step 37000 (time=385.417), 0.0213344 s/step
on time step 37188 (time=387.375), 0.0213126 s/step
on time step 37376 (time=389.333), 0.0213616 s/step
on time step 37564 (time=391.292), 0.0213121 s/step
on time step 37752 (time=393.25), 0.0213363 s/step
on time step 37940 (time=395.208), 0.0213445 s/step
on time step 38127 (time=397.156), 0.0214503 s/step
on time step 38315 (time=399.115), 0.0213144 s/step
field decay(t = 400.1770833333333): 8.792329491707318e-05 / 8.792329491707318e-05 = 1.0
on time step 38503 (time=401.073), 0.0213281 s/step
on time step 38691 (time=403.031), 0.0213517 s/step
on time step 38878 (time=404.979), 0.0214228 s/step
on time step 39066 (time=406.938), 0.0213834 s/step
on time step 39253 (time=408.885), 0.0214074 s/step
on time step 39440 (time=410.833), 0.0213955 s/step
on time step 39627 (time=412.781), 0.0214058 s/step
on time step 39814 (time=414.729), 0.0214268 s/step
on time step 40001 (time=416.677), 0.0213964 s/step
on time step 40189 (time=418.635), 0.0213682 s/step
field decay(t = 420.1875): 0.00017313111683461005 / 0.00017313111683461005 = 1.0
on time step 40377 (time=420.594), 0.0213907 s/step
on time step 40564 (time=422.542), 0.0214249 s/step
on time step 40751 (time=424.49), 0.021433 s/step
on time step 40939 (time=426.448), 0.0213802 s/step
on time step 41126 (time=428.396), 0.0214264 s/step
on time step 41313 (time=430.344), 0.0214138 s/step
on time step 41500 (time=432.292), 0.0214153 s/step
on time step 41687 (time=434.24), 0.0214414 s/step
on time step 41873 (time=436.177), 0.0215331 s/step
on time step 42060 (time=438.125), 0.0214711 s/step
on time step 42247 (time=440.073), 0.0214795 s/step
field decay(t = 440.19791666666663): 0.00033032917505529093 / 0.00033032917505529093 = 1.0
on time step 42434 (time=442.021), 0.0214818 s/step
on time step 42621 (time=443.969), 0.021477 s/step
on time step 42808 (time=445.917), 0.0214537 s/step
on time step 42995 (time=447.865), 0.0214805 s/step
on time step 43181 (time=449.802), 0.0215209 s/step
on time step 43368 (time=451.75), 0.0214351 s/step
on time step 43555 (time=453.698), 0.0214062 s/step
on time step 43743 (time=455.656), 0.0213845 s/step
on time step 43930 (time=457.604), 0.0214223 s/step
on time step 44118 (time=459.562), 0.0213863 s/step
field decay(t = 460.2083333333333): 0.0005290571043881532 / 0.0005290571043881532 = 1.0
on time step 44307 (time=461.531), 0.0212011 s/step
on time step 44495 (time=463.49), 0.021284 s/step
on time step 44683 (time=465.448), 0.0213401 s/step
on time step 44871 (time=467.406), 0.0213153 s/step
on time step 45059 (time=469.365), 0.0213367 s/step
on time step 45247 (time=471.323), 0.0213417 s/step
on time step 45435 (time=473.281), 0.0213307 s/step
on time step 45623 (time=475.24), 0.0213099 s/step
on time step 45811 (time=477.198), 0.0213355 s/step
on time step 45999 (time=479.156), 0.0213338 s/step
field decay(t = 480.21875): 0.0009630948739380528 / 0.0009630948739380528 = 1.0
on time step 46187 (time=481.115), 0.0213275 s/step
on time step 46375 (time=483.073), 0.0213274 s/step
on time step 46563 (time=485.031), 0.0213359 s/step
on time step 46751 (time=486.99), 0.0213267 s/step
on time step 46939 (time=488.948), 0.0213226 s/step
on time step 47127 (time=490.906), 0.0213132 s/step
on time step 47315 (time=492.865), 0.0213226 s/step
on time step 47503 (time=494.823), 0.0213066 s/step
on time step 47691 (time=496.781), 0.0213193 s/step
on time step 47879 (time=498.74), 0.0213119 s/step
field decay(t = 500.22916666666663): 0.00158990323905029 / 0.00158990323905029 = 1.0
on time step 48067 (time=500.698), 0.0213107 s/step
on time step 48255 (time=502.656), 0.0213258 s/step
on time step 48443 (time=504.615), 0.0213291 s/step
on time step 48631 (time=506.573), 0.0213474 s/step
on time step 48819 (time=508.531), 0.0213384 s/step
on time step 49007 (time=510.49), 0.0213423 s/step
on time step 49195 (time=512.448), 0.0213157 s/step
on time step 49383 (time=514.406), 0.0212983 s/step
on time step 49572 (time=516.375), 0.0212549 s/step
on time step 49761 (time=518.344), 0.0211912 s/step
field decay(t = 520.2291666666666): 0.0025652462429966525 / 0.0025652462429966525 = 1.0
on time step 49949 (time=520.302), 0.0213216 s/step
on time step 50138 (time=522.271), 0.0212687 s/step
on time step 50327 (time=524.24), 0.0212067 s/step
on time step 50515 (time=526.198), 0.0213108 s/step
on time step 50703 (time=528.156), 0.0213101 s/step
on time step 50887 (time=530.073), 0.021848 s/step
on time step 51073 (time=532.01), 0.021563 s/step
on time step 51260 (time=533.958), 0.0215006 s/step
on time step 51447 (time=535.906), 0.0214616 s/step
on time step 51634 (time=537.854), 0.0214403 s/step
on time step 51821 (time=539.802), 0.0214567 s/step
field decay(t = 540.2395833333333): 0.004317191789855486 / 0.004317191789855486 = 1.0
on time step 52009 (time=541.76), 0.0213744 s/step
on time step 52197 (time=543.719), 0.0213669 s/step
on time step 52385 (time=545.677), 0.0213641 s/step
on time step 52573 (time=547.635), 0.0213558 s/step
on time step 52761 (time=549.594), 0.0213547 s/step
on time step 52949 (time=551.552), 0.0213601 s/step
on time step 53136 (time=553.5), 0.0213924 s/step
on time step 53323 (time=555.448), 0.0214474 s/step
on time step 53509 (time=557.385), 0.0215312 s/step
on time step 53696 (time=559.333), 0.0213997 s/step
field decay(t = 560.25): 0.006260742123638628 / 0.006260742123638628 = 1.0
on time step 53884 (time=561.292), 0.0213863 s/step
on time step 54071 (time=563.24), 0.0214093 s/step
on time step 54259 (time=565.198), 0.021319 s/step
on time step 54447 (time=567.156), 0.0213165 s/step
on time step 54635 (time=569.115), 0.021293 s/step
on time step 54823 (time=571.073), 0.0213353 s/step
on time step 55011 (time=573.031), 0.0213508 s/step
on time step 55199 (time=574.99), 0.0213137 s/step
on time step 55387 (time=576.948), 0.0213141 s/step
on time step 55575 (time=578.906), 0.0213131 s/step
field decay(t = 580.2604166666666): 0.010023382041172854 / 0.010023382041172854 = 1.0
on time step 55763 (time=580.865), 0.021312 s/step
on time step 55949 (time=582.802), 0.0216014 s/step
on time step 56135 (time=584.74), 0.0215107 s/step
on time step 56323 (time=586.698), 0.0213368 s/step
on time step 56505 (time=588.594), 0.0220147 s/step
on time step 56690 (time=590.521), 0.0216611 s/step
on time step 56878 (time=592.479), 0.0212852 s/step
on time step 57066 (time=594.438), 0.0213006 s/step
on time step 57253 (time=596.385), 0.0214112 s/step
on time step 57441 (time=598.344), 0.0213025 s/step
field decay(t = 600.2708333333333): 0.015595854216185364 / 0.015595854216185364 = 1.0
on time step 57628 (time=600.292), 0.0213921 s/step
on time step 57815 (time=602.24), 0.0214542 s/step
on time step 58003 (time=604.198), 0.0213142 s/step
on time step 58190 (time=606.146), 0.0214589 s/step
on time step 58378 (time=608.104), 0.021373 s/step
on time step 58566 (time=610.062), 0.0213815 s/step
on time step 58752 (time=612), 0.0216014 s/step
on time step 58939 (time=613.948), 0.0213939 s/step
on time step 59126 (time=615.896), 0.0214052 s/step
on time step 59313 (time=617.844), 0.0214688 s/step
on time step 59501 (time=619.802), 0.0213904 s/step
field decay(t = 620.28125): 0.021324205098399364 / 0.021324205098399364 = 1.0
on time step 59688 (time=621.75), 0.0214155 s/step
on time step 59875 (time=623.698), 0.0214869 s/step
on time step 60062 (time=625.646), 0.0214547 s/step
on time step 60249 (time=627.594), 0.0214599 s/step
on time step 60437 (time=629.552), 0.0213723 s/step
on time step 60625 (time=631.51), 0.0213685 s/step
on time step 60813 (time=633.469), 0.0213588 s/step
on time step 61001 (time=635.427), 0.0213683 s/step
on time step 61188 (time=637.375), 0.0214178 s/step
on time step 61376 (time=639.333), 0.0213755 s/step
field decay(t = 640.2916666666666): 0.031563781015318496 / 0.031563781015318496 = 1.0
on time step 61564 (time=641.292), 0.0213454 s/step
on time step 61752 (time=643.25), 0.0213856 s/step
on time step 61940 (time=645.208), 0.0213629 s/step
on time step 62128 (time=647.167), 0.0213821 s/step
on time step 62316 (time=649.125), 0.0213509 s/step
on time step 62504 (time=651.083), 0.0213663 s/step
on time step 62692 (time=653.042), 0.0213813 s/step
on time step 62880 (time=655), 0.0213492 s/step
on time step 63068 (time=656.958), 0.0213456 s/step
on time step 63256 (time=658.917), 0.021373 s/step
field decay(t = 660.3020833333333): 0.04540636637086185 / 0.04540636637086185 = 1.0
on time step 63444 (time=660.875), 0.021328 s/step
on time step 63632 (time=662.833), 0.021346 s/step
on time step 63820 (time=664.792), 0.0213295 s/step
on time step 64008 (time=666.75), 0.0213327 s/step
on time step 64196 (time=668.708), 0.0213316 s/step
on time step 64384 (time=670.667), 0.0213304 s/step
on time step 64572 (time=672.625), 0.0213348 s/step
on time step 64760 (time=674.583), 0.0213287 s/step
on time step 64948 (time=676.542), 0.0213276 s/step
on time step 65136 (time=678.5), 0.0213242 s/step
field decay(t = 680.3125): 0.0585372665372668 / 0.0585372665372668 = 1.0
on time step 65324 (time=680.458), 0.02133 s/step
on time step 65512 (time=682.417), 0.0213259 s/step
on time step 65700 (time=684.375), 0.0213364 s/step
on time step 65888 (time=686.333), 0.0213179 s/step
on time step 66076 (time=688.292), 0.0213287 s/step
on time step 66264 (time=690.25), 0.0213349 s/step
on time step 66452 (time=692.208), 0.0213227 s/step
on time step 66640 (time=694.167), 0.0213278 s/step
on time step 66828 (time=696.125), 0.0213315 s/step
on time step 67016 (time=698.083), 0.0213301 s/step
on time step 67204 (time=700.042), 0.0213363 s/step
field decay(t = 700.3229166666666): 0.08010888364001575 / 0.08010888364001575 = 1.0
on time step 67392 (time=702), 0.021333 s/step
on time step 67580 (time=703.958), 0.0213301 s/step
on time step 67768 (time=705.917), 0.0213342 s/step
on time step 67956 (time=707.875), 0.0213306 s/step
on time step 68144 (time=709.833), 0.0213276 s/step
on time step 68332 (time=711.792), 0.0213189 s/step
on time step 68520 (time=713.75), 0.0213589 s/step
on time step 68707 (time=715.698), 0.0213908 s/step
on time step 68895 (time=717.656), 0.0213739 s/step
on time step 69083 (time=719.615), 0.0213875 s/step
field decay(t = 720.3333333333333): 0.1065491296769645 / 0.1065491296769645 = 1.0
on time step 69271 (time=721.573), 0.0213298 s/step
on time step 69459 (time=723.531), 0.0213291 s/step
on time step 69647 (time=725.49), 0.0213137 s/step
on time step 69835 (time=727.448), 0.0213348 s/step
on time step 70023 (time=729.406), 0.0213695 s/step
on time step 70211 (time=731.365), 0.0213468 s/step
on time step 70399 (time=733.323), 0.021351 s/step
on time step 70587 (time=735.281), 0.0213513 s/step
on time step 70775 (time=737.24), 0.0213408 s/step
on time step 70963 (time=739.198), 0.0213317 s/step
field decay(t = 740.34375): 0.12951616847363595 / 0.12951616847363595 = 1.0
on time step 71151 (time=741.156), 0.0213324 s/step
on time step 71339 (time=743.115), 0.0213403 s/step
on time step 71527 (time=745.073), 0.0213336 s/step
on time step 71715 (time=747.031), 0.0213197 s/step
on time step 71903 (time=748.99), 0.0213372 s/step
on time step 72091 (time=750.948), 0.0213261 s/step
on time step 72279 (time=752.906), 0.0213291 s/step
on time step 72467 (time=754.865), 0.0213457 s/step
on time step 72655 (time=756.823), 0.0213432 s/step
on time step 72843 (time=758.781), 0.0213337 s/step
field decay(t = 760.3541666666666): 0.1638773994901984 / 0.1638773994901984 = 1.0
on time step 73031 (time=760.74), 0.0213459 s/step
on time step 73219 (time=762.698), 0.0213255 s/step
on time step 73407 (time=764.656), 0.0213289 s/step
on time step 73595 (time=766.615), 0.0213314 s/step
on time step 73782 (time=768.562), 0.0214373 s/step
on time step 73970 (time=770.521), 0.0213556 s/step
on time step 74158 (time=772.479), 0.0213872 s/step
on time step 74346 (time=774.438), 0.0213628 s/step
on time step 74534 (time=776.396), 0.0213753 s/step
on time step 74721 (time=778.344), 0.0214175 s/step
on time step 74908 (time=780.292), 0.0214413 s/step
field decay(t = 780.3645833333333): 0.19451438931112938 / 0.19451438931112938 = 1.0
on time step 75095 (time=782.24), 0.0214057 s/step
on time step 75282 (time=784.188), 0.0214483 s/step
on time step 75469 (time=786.135), 0.0213963 s/step
on time step 75656 (time=788.083), 0.021451 s/step
on time step 75843 (time=790.031), 0.02142 s/step
on time step 76030 (time=791.979), 0.0214406 s/step
on time step 76217 (time=793.927), 0.0214104 s/step
on time step 76404 (time=795.875), 0.021416 s/step
on time step 76590 (time=797.812), 0.0215057 s/step
on time step 76777 (time=799.76), 0.0214301 s/step
field decay(t = 800.375): 0.23097612723362562 / 0.23097612723362562 = 1.0
on time step 76964 (time=801.708), 0.0213993 s/step
on time step 77151 (time=803.656), 0.0215008 s/step
on time step 77337 (time=805.594), 0.0215485 s/step
on time step 77523 (time=807.531), 0.0216194 s/step
on time step 77708 (time=809.458), 0.0216807 s/step
on time step 77893 (time=811.385), 0.02167 s/step
on time step 78078 (time=813.312), 0.0216915 s/step
on time step 78263 (time=815.24), 0.0216877 s/step
on time step 78446 (time=817.146), 0.021922 s/step
on time step 78630 (time=819.062), 0.0218318 s/step
field decay(t = 820.3854166666666): 0.270218417879635 / 0.270218417879635 = 1.0
on time step 78815 (time=820.99), 0.0216454 s/step
on time step 79000 (time=822.917), 0.0216743 s/step
on time step 79185 (time=824.844), 0.0216775 s/step
on time step 79370 (time=826.771), 0.0216579 s/step
on time step 79556 (time=828.708), 0.0216055 s/step
on time step 79741 (time=830.635), 0.021677 s/step
on time step 79926 (time=832.562), 0.0217042 s/step
on time step 80111 (time=834.49), 0.0217131 s/step
on time step 80294 (time=836.396), 0.0218656 s/step
on time step 80479 (time=838.323), 0.0216842 s/step
on time step 80664 (time=840.25), 0.0216956 s/step
field decay(t = 840.3958333333333): 0.2983317776268265 / 0.2983317776268265 = 1.0
on time step 80849 (time=842.177), 0.0217326 s/step
on time step 81035 (time=844.115), 0.0216139 s/step
on time step 81219 (time=846.031), 0.0217741 s/step
on time step 81403 (time=847.948), 0.0217515 s/step
on time step 81588 (time=849.875), 0.0217365 s/step
on time step 81772 (time=851.792), 0.0217688 s/step
on time step 81956 (time=853.708), 0.0217525 s/step
on time step 82141 (time=855.635), 0.0217373 s/step
on time step 82325 (time=857.552), 0.0217397 s/step
on time step 82509 (time=859.469), 0.021754 s/step
field decay(t = 860.40625): 0.3320301084053715 / 0.3320301084053715 = 1.0
on time step 82693 (time=861.385), 0.0217773 s/step
on time step 82876 (time=863.292), 0.0219753 s/step
on time step 83058 (time=865.188), 0.021979 s/step
on time step 83240 (time=867.083), 0.0219966 s/step
on time step 83422 (time=868.979), 0.0220157 s/step
on time step 83605 (time=870.885), 0.0218891 s/step
on time step 83790 (time=872.812), 0.0216522 s/step
on time step 83976 (time=874.75), 0.02154 s/step
on time step 84163 (time=876.698), 0.0214127 s/step
on time step 84348 (time=878.625), 0.0216676 s/step
field decay(t = 880.4166666666666): 0.35915307931316 / 0.35915307931316 = 1.0
on time step 84530 (time=880.521), 0.0219835 s/step
on time step 84712 (time=882.417), 0.0220069 s/step
on time step 84899 (time=884.365), 0.0214513 s/step
on time step 85086 (time=886.312), 0.0213944 s/step
on time step 85274 (time=888.271), 0.0212953 s/step
on time step 85463 (time=890.24), 0.0212773 s/step
on time step 85650 (time=892.188), 0.0214457 s/step
on time step 85837 (time=894.135), 0.0214038 s/step
on time step 86024 (time=896.083), 0.021414 s/step
on time step 86212 (time=898.042), 0.0212979 s/step
on time step 86400 (time=900), 0.0213517 s/step
field decay(t = 900.4270833333333): 0.37387939052971464 / 0.37387939052971464 = 1.0
on time step 86587 (time=901.948), 0.0214842 s/step
on time step 86774 (time=903.896), 0.0213991 s/step
on time step 86962 (time=905.854), 0.0213706 s/step
on time step 87151 (time=907.823), 0.0212526 s/step
on time step 87339 (time=909.781), 0.0213037 s/step
on time step 87527 (time=911.74), 0.0213218 s/step
on time step 87715 (time=913.698), 0.0213109 s/step
on time step 87903 (time=915.656), 0.0213058 s/step
on time step 88090 (time=917.604), 0.0214464 s/step
on time step 88277 (time=919.552), 0.0214841 s/step
field decay(t = 920.4375): 0.38473886954999054 / 0.38473886954999054 = 1.0
on time step 88464 (time=921.5), 0.0214318 s/step
on time step 88651 (time=923.448), 0.0214233 s/step
on time step 88838 (time=925.396), 0.0214573 s/step
on time step 89025 (time=927.344), 0.0215001 s/step
on time step 89213 (time=929.302), 0.0213606 s/step
on time step 89400 (time=931.25), 0.0214743 s/step
on time step 89587 (time=933.198), 0.0214764 s/step
on time step 89773 (time=935.135), 0.0215668 s/step
on time step 89959 (time=937.073), 0.021554 s/step
on time step 90146 (time=939.021), 0.0213906 s/step
field decay(t = 940.4479166666666): 0.38613555894401935 / 0.38613555894401935 = 1.0
on time step 90333 (time=940.969), 0.0214424 s/step
on time step 90520 (time=942.917), 0.0214974 s/step
on time step 90707 (time=944.865), 0.0213914 s/step
on time step 90895 (time=946.823), 0.0213666 s/step
on time step 91082 (time=948.771), 0.0214 s/step
on time step 91269 (time=950.719), 0.02146 s/step
on time step 91456 (time=952.667), 0.0214852 s/step
on time step 91643 (time=954.615), 0.0214354 s/step
on time step 91831 (time=956.573), 0.0213591 s/step
on time step 92019 (time=958.531), 0.0213189 s/step
field decay(t = 960.4583333333333): 0.38308663579112734 / 0.38613555894401935 = 0.9921040083404128
on time step 92207 (time=960.49), 0.0213257 s/step
on time step 92395 (time=962.448), 0.0213232 s/step
on time step 92583 (time=964.406), 0.0213041 s/step
on time step 92771 (time=966.365), 0.0213014 s/step
on time step 92959 (time=968.323), 0.0213049 s/step
on time step 93145 (time=970.26), 0.0215773 s/step
on time step 93328 (time=972.167), 0.0219119 s/step
on time step 93512 (time=974.083), 0.0218193 s/step
on time step 93696 (time=976), 0.0218198 s/step
on time step 93880 (time=977.917), 0.0218245 s/step
on time step 94064 (time=979.833), 0.0218456 s/step
field decay(t = 980.46875): 0.3740191708268327 / 0.38613555894401935 = 0.968621413292467
on time step 94248 (time=981.75), 0.0218438 s/step
on time step 94432 (time=983.667), 0.0218382 s/step
on time step 94616 (time=985.583), 0.0218448 s/step
on time step 94800 (time=987.5), 0.0218426 s/step
on time step 94984 (time=989.417), 0.0218224 s/step
on time step 95168 (time=991.333), 0.0218395 s/step
on time step 95352 (time=993.25), 0.0218513 s/step
on time step 95536 (time=995.167), 0.0218348 s/step
on time step 95720 (time=997.083), 0.0218273 s/step
on time step 95903 (time=998.99), 0.0218759 s/step
field decay(t = 1000.4791666666666): 0.35333535339977035 / 0.38613555894401935 = 0.9150552059127912
on time step 96087 (time=1000.91), 0.0218326 s/step
on time step 96271 (time=1002.82), 0.0218157 s/step
on time step 96455 (time=1004.74), 0.0218513 s/step
on time step 96640 (time=1006.67), 0.0216311 s/step
on time step 96826 (time=1008.6), 0.0215498 s/step
on time step 97012 (time=1010.54), 0.0215697 s/step
on time step 97198 (time=1012.48), 0.0215592 s/step
on time step 97383 (time=1014.41), 0.0217206 s/step
on time step 97567 (time=1016.32), 0.0218464 s/step
on time step 97750 (time=1018.23), 0.0218727 s/step
on time step 97935 (time=1020.16), 0.0216361 s/step
field decay(t = 1020.4895833333333): 0.32858823976794577 / 0.38613555894401935 = 0.8509660199815563
on time step 98120 (time=1022.08), 0.0217133 s/step
on time step 98304 (time=1024), 0.0217755 s/step
on time step 98490 (time=1025.94), 0.0215828 s/step
on time step 98674 (time=1027.85), 0.021759 s/step
on time step 98860 (time=1029.79), 0.0216023 s/step
on time step 99046 (time=1031.73), 0.0215336 s/step
on time step 99231 (time=1033.66), 0.0216895 s/step
on time step 99415 (time=1035.57), 0.0218245 s/step
on time step 99601 (time=1037.51), 0.0215304 s/step
on time step 99788 (time=1039.46), 0.0214694 s/step
field decay(t = 1040.4895833333333): 0.29864099646670705 / 0.38613555894401935 = 0.7734097250287251
on time step 99975 (time=1041.41), 0.0214804 s/step
on time step 100162 (time=1043.35), 0.0214682 s/step
on time step 100349 (time=1045.3), 0.0214734 s/step
on time step 100536 (time=1047.25), 0.0214665 s/step
on time step 100721 (time=1049.18), 0.021728 s/step
on time step 100907 (time=1051.11), 0.0216025 s/step
on time step 101093 (time=1053.05), 0.0215429 s/step
on time step 101279 (time=1054.99), 0.0215106 s/step
on time step 101465 (time=1056.93), 0.0215119 s/step
on time step 101653 (time=1058.89), 0.0213227 s/step
field decay(t = 1060.5): 0.26085004253086524 / 0.38613555894401935 = 0.6755400700319403
on time step 101842 (time=1060.85), 0.0212595 s/step
on time step 102031 (time=1062.82), 0.0212657 s/step
on time step 102220 (time=1064.79), 0.0212539 s/step
on time step 102409 (time=1066.76), 0.0212556 s/step
on time step 102598 (time=1068.73), 0.0212592 s/step
on time step 102787 (time=1070.7), 0.0212753 s/step
on time step 102976 (time=1072.67), 0.0212624 s/step
on time step 103165 (time=1074.64), 0.0212566 s/step
on time step 103354 (time=1076.6), 0.0212553 s/step
on time step 103543 (time=1078.57), 0.0212617 s/step
field decay(t = 1080.5104166666665): 0.23130897439152776 / 0.38613555894401935 = 0.5990356729229959
on time step 103732 (time=1080.54), 0.0212631 s/step
on time step 103921 (time=1082.51), 0.0212596 s/step
on time step 104110 (time=1084.48), 0.0212574 s/step
on time step 104299 (time=1086.45), 0.0212713 s/step
on time step 104488 (time=1088.42), 0.0212611 s/step
on time step 104677 (time=1090.39), 0.0212586 s/step
on time step 104866 (time=1092.35), 0.0212655 s/step
on time step 105055 (time=1094.32), 0.0212574 s/step
on time step 105244 (time=1096.29), 0.0212636 s/step
on time step 105432 (time=1098.25), 0.0212999 s/step
on time step 105620 (time=1100.21), 0.0212973 s/step
field decay(t = 1100.5208333333333): 0.19220016902756182 / 0.38613555894401935 = 0.49775309363680326
on time step 105808 (time=1102.17), 0.0212968 s/step
on time step 105996 (time=1104.12), 0.021306 s/step
on time step 106184 (time=1106.08), 0.0213514 s/step
on time step 106372 (time=1108.04), 0.0213085 s/step
on time step 106560 (time=1110), 0.021309 s/step
on time step 106748 (time=1111.96), 0.0213024 s/step
on time step 106936 (time=1113.92), 0.0212975 s/step
on time step 107124 (time=1115.88), 0.0213074 s/step
on time step 107312 (time=1117.83), 0.0212974 s/step
on time step 107500 (time=1119.79), 0.0213043 s/step
field decay(t = 1120.53125): 0.1552126015103565 / 0.38613555894401935 = 0.4019640199281898
on time step 107688 (time=1121.75), 0.0213039 s/step
on time step 107876 (time=1123.71), 0.0213204 s/step
on time step 108064 (time=1125.67), 0.0213029 s/step
on time step 108252 (time=1127.62), 0.0213077 s/step
on time step 108440 (time=1129.58), 0.0212932 s/step
on time step 108628 (time=1131.54), 0.0212978 s/step
on time step 108816 (time=1133.5), 0.021308 s/step
on time step 109004 (time=1135.46), 0.0213189 s/step
on time step 109192 (time=1137.42), 0.0213297 s/step
on time step 109380 (time=1139.38), 0.0213361 s/step
field decay(t = 1140.5416666666665): 0.12977123271170776 / 0.38613555894401935 = 0.3360768769045732
on time step 109568 (time=1141.33), 0.0213215 s/step
on time step 109756 (time=1143.29), 0.0213292 s/step
on time step 109944 (time=1145.25), 0.0213475 s/step
on time step 110132 (time=1147.21), 0.0213228 s/step
on time step 110320 (time=1149.17), 0.0213218 s/step
on time step 110508 (time=1151.12), 0.0213268 s/step
on time step 110696 (time=1153.08), 0.0213114 s/step
on time step 110884 (time=1155.04), 0.0213072 s/step
on time step 111072 (time=1157), 0.0212943 s/step
on time step 111260 (time=1158.96), 0.0212961 s/step
field decay(t = 1160.5520833333333): 0.09969373709749656 / 0.38613555894401935 = 0.25818325919045915
on time step 111448 (time=1160.92), 0.0212946 s/step
on time step 111636 (time=1162.88), 0.0212781 s/step
on time step 111825 (time=1164.84), 0.0212611 s/step
on time step 112014 (time=1166.81), 0.0212698 s/step
on time step 112203 (time=1168.78), 0.0212695 s/step
on time step 112392 (time=1170.75), 0.0212746 s/step
on time step 112580 (time=1172.71), 0.0212767 s/step
on time step 112769 (time=1174.68), 0.0212754 s/step
on time step 112958 (time=1176.65), 0.0212758 s/step
on time step 113146 (time=1178.6), 0.0212808 s/step
field decay(t = 1180.5625): 0.07443199780984876 / 0.38613555894401935 = 0.1927613142218784
on time step 113335 (time=1180.57), 0.0212696 s/step
on time step 113524 (time=1182.54), 0.0212759 s/step
on time step 113713 (time=1184.51), 0.0212699 s/step
on time step 113902 (time=1186.48), 0.0212708 s/step
on time step 114091 (time=1188.45), 0.0212706 s/step
on time step 114280 (time=1190.42), 0.0212746 s/step
on time step 114468 (time=1192.38), 0.0212797 s/step
on time step 114656 (time=1194.33), 0.0213016 s/step
on time step 114844 (time=1196.29), 0.0213073 s/step
on time step 115032 (time=1198.25), 0.0212997 s/step
on time step 115220 (time=1200.21), 0.0213039 s/step
field decay(t = 1200.5729166666665): 0.058674042117154636 / 0.38613555894401935 = 0.15195192661772183
on time step 115408 (time=1202.17), 0.0212998 s/step
on time step 115596 (time=1204.12), 0.0213041 s/step
on time step 115784 (time=1206.08), 0.0212946 s/step
on time step 115972 (time=1208.04), 0.0213105 s/step
on time step 116159 (time=1209.99), 0.0214113 s/step
on time step 116346 (time=1211.94), 0.0214364 s/step
on time step 116533 (time=1213.89), 0.0214026 s/step
on time step 116720 (time=1215.83), 0.0214114 s/step
on time step 116907 (time=1217.78), 0.0214458 s/step
on time step 117094 (time=1219.73), 0.0214317 s/step
field decay(t = 1220.5833333333333): 0.04167200078684161 / 0.38613555894401935 = 0.10792065071863294
on time step 117281 (time=1221.68), 0.0214159 s/step
on time step 117468 (time=1223.62), 0.0214033 s/step
on time step 117655 (time=1225.57), 0.0214036 s/step
on time step 117842 (time=1227.52), 0.0214621 s/step
on time step 118029 (time=1229.47), 0.021413 s/step
on time step 118216 (time=1231.42), 0.0214602 s/step
on time step 118402 (time=1233.35), 0.0215117 s/step
on time step 118589 (time=1235.3), 0.0214788 s/step
on time step 118776 (time=1237.25), 0.0213994 s/step
on time step 118963 (time=1239.2), 0.0214552 s/step
field decay(t = 1240.59375): 0.028763146274376147 / 0.38613555894401935 = 0.07448976300715711
on time step 119150 (time=1241.15), 0.0214666 s/step
on time step 119337 (time=1243.09), 0.0214062 s/step
on time step 119524 (time=1245.04), 0.0213959 s/step
on time step 119711 (time=1246.99), 0.0214343 s/step
on time step 119898 (time=1248.94), 0.0214573 s/step
on time step 120086 (time=1250.9), 0.0213687 s/step
on time step 120273 (time=1252.84), 0.0214157 s/step
on time step 120460 (time=1254.79), 0.0213964 s/step
on time step 120647 (time=1256.74), 0.0213941 s/step
on time step 120834 (time=1258.69), 0.0214202 s/step
field decay(t = 1260.6041666666665): 0.02137658664173766 / 0.38613555894401935 = 0.055360316206559894
on time step 121021 (time=1260.64), 0.0213914 s/step
on time step 121208 (time=1262.58), 0.0214434 s/step
on time step 121395 (time=1264.53), 0.0214274 s/step
on time step 121582 (time=1266.48), 0.0214666 s/step
on time step 121769 (time=1268.43), 0.0214447 s/step
on time step 121956 (time=1270.38), 0.0213924 s/step
on time step 122143 (time=1272.32), 0.0214009 s/step
on time step 122330 (time=1274.27), 0.0214141 s/step
on time step 122517 (time=1276.22), 0.0214529 s/step
on time step 122704 (time=1278.17), 0.0214955 s/step
on time step 122890 (time=1280.1), 0.0215918 s/step
field decay(t = 1280.6145833333333): 0.014035257675897346 / 0.38613555894401935 = 0.036348006162084986
on time step 123076 (time=1282.04), 0.0215857 s/step
on time step 123262 (time=1283.98), 0.0215913 s/step
on time step 123448 (time=1285.92), 0.0215593 s/step
on time step 123634 (time=1287.85), 0.0215949 s/step
on time step 123820 (time=1289.79), 0.0215956 s/step
on time step 124006 (time=1291.73), 0.0215881 s/step
on time step 124192 (time=1293.67), 0.0215938 s/step
on time step 124378 (time=1295.6), 0.0215941 s/step
on time step 124564 (time=1297.54), 0.0216181 s/step
on time step 124750 (time=1299.48), 0.0215685 s/step
field decay(t = 1300.625): 0.0097329232548051 / 0.38613555894401935 = 0.025205975024476177
on time step 124936 (time=1301.42), 0.0215881 s/step
on time step 125122 (time=1303.35), 0.0216017 s/step
on time step 125308 (time=1305.29), 0.0215746 s/step
on time step 125494 (time=1307.23), 0.0215915 s/step
on time step 125680 (time=1309.17), 0.0215769 s/step
on time step 125866 (time=1311.1), 0.0215967 s/step
on time step 126052 (time=1313.04), 0.0216154 s/step
on time step 126238 (time=1314.98), 0.0216047 s/step
on time step 126424 (time=1316.92), 0.0215782 s/step
on time step 126610 (time=1318.85), 0.021596 s/step
field decay(t = 1320.6354166666665): 0.006274540235814212 / 0.38613555894401935 = 0.016249578912062523
on time step 126796 (time=1320.79), 0.0216066 s/step
on time step 126982 (time=1322.73), 0.0215693 s/step
on time step 127168 (time=1324.67), 0.021576 s/step
on time step 127354 (time=1326.6), 0.0216036 s/step
on time step 127540 (time=1328.54), 0.0215921 s/step
on time step 127726 (time=1330.48), 0.0216092 s/step
on time step 127912 (time=1332.42), 0.021573 s/step
on time step 128098 (time=1334.35), 0.0215843 s/step
on time step 128284 (time=1336.29), 0.0215899 s/step
on time step 128470 (time=1338.23), 0.0216039 s/step
on time step 128656 (time=1340.17), 0.0215731 s/step
field decay(t = 1340.6458333333333): 0.003808164975559463 / 0.38613555894401935 = 0.009862248858856218
on time step 128842 (time=1342.1), 0.0215926 s/step
on time step 129028 (time=1344.04), 0.021606 s/step
on time step 129214 (time=1345.98), 0.0216049 s/step
on time step 129400 (time=1347.92), 0.021567 s/step
on time step 129586 (time=1349.85), 0.0216152 s/step
on time step 129772 (time=1351.79), 0.021603 s/step
on time step 129958 (time=1353.73), 0.0215798 s/step
on time step 130144 (time=1355.67), 0.0216129 s/step
on time step 130330 (time=1357.6), 0.0215769 s/step
on time step 130515 (time=1359.53), 0.0216404 s/step
field decay(t = 1360.65625): 0.0025698548382783407 / 0.38613555894401935 = 0.006655317747234229
on time step 130700 (time=1361.46), 0.0216965 s/step
on time step 130884 (time=1363.38), 0.021778 s/step
on time step 131069 (time=1365.3), 0.0217123 s/step
on time step 131253 (time=1367.22), 0.021797 s/step
on time step 131437 (time=1369.14), 0.0217695 s/step
on time step 131621 (time=1371.05), 0.0218102 s/step
on time step 131805 (time=1372.97), 0.0217902 s/step
on time step 131989 (time=1374.89), 0.021781 s/step
on time step 132174 (time=1376.81), 0.0216928 s/step
on time step 132358 (time=1378.73), 0.0217849 s/step
field decay(t = 1380.6666666666665): 0.0014834910525012214 / 0.38613555894401935 = 0.0038418918386024454
on time step 132544 (time=1380.67), 0.0216101 s/step
on time step 132730 (time=1382.6), 0.0215912 s/step
on time step 132915 (time=1384.53), 0.0216323 s/step
on time step 133100 (time=1386.46), 0.0216359 s/step
on time step 133284 (time=1388.38), 0.0217719 s/step
on time step 133469 (time=1390.3), 0.0216832 s/step
on time step 133654 (time=1392.23), 0.0217031 s/step
on time step 133840 (time=1394.17), 0.0215701 s/step
on time step 134025 (time=1396.09), 0.0217074 s/step
on time step 134209 (time=1398.01), 0.0218113 s/step
on time step 134393 (time=1399.93), 0.0217696 s/step
field decay(t = 1400.6770833333333): 0.0008322073294041234 / 0.38613555894401935 = 0.0021552206475881027
on time step 134578 (time=1401.85), 0.0216547 s/step
on time step 134762 (time=1403.77), 0.0217879 s/step
on time step 134946 (time=1405.69), 0.0217562 s/step
on time step 135132 (time=1407.62), 0.0215399 s/step
on time step 135316 (time=1409.54), 0.0218491 s/step
on time step 135501 (time=1411.47), 0.0217186 s/step
on time step 135685 (time=1413.39), 0.0217803 s/step
on time step 135870 (time=1415.31), 0.0217111 s/step
on time step 136056 (time=1417.25), 0.0215811 s/step
on time step 136241 (time=1419.18), 0.0216512 s/step
field decay(t = 1420.6875): 0.0005293869988941396 / 0.38613555894401935 = 0.0013709874333818822
on time step 136425 (time=1421.09), 0.0217674 s/step
on time step 136612 (time=1423.04), 0.0214449 s/step
on time step 136800 (time=1425), 0.0213336 s/step
on time step 136988 (time=1426.96), 0.0213197 s/step
on time step 137176 (time=1428.92), 0.0213708 s/step
on time step 137364 (time=1430.88), 0.0213112 s/step
on time step 137552 (time=1432.83), 0.0213259 s/step
on time step 137740 (time=1434.79), 0.0213386 s/step
on time step 137928 (time=1436.75), 0.0213337 s/step
on time step 138116 (time=1438.71), 0.021327 s/step
on time step 138304 (time=1440.67), 0.0213148 s/step
field decay(t = 1440.6979166666665): 0.0002824470009238372 / 0.38613555894401935 = 0.0007314710970837716
on time step 138492 (time=1442.62), 0.0213325 s/step
on time step 138680 (time=1444.58), 0.0213181 s/step
on time step 138868 (time=1446.54), 0.0213203 s/step
on time step 139056 (time=1448.5), 0.0213334 s/step
on time step 139244 (time=1450.46), 0.0213568 s/step
on time step 139430 (time=1452.4), 0.0215395 s/step
on time step 139617 (time=1454.34), 0.0214539 s/step
on time step 139805 (time=1456.3), 0.0213087 s/step
on time step 139993 (time=1458.26), 0.0213178 s/step
on time step 140181 (time=1460.22), 0.0213043 s/step
field decay(t = 1460.7083333333333): 0.0001464367401828104 / 0.38613555894401935 = 0.0003792366095038668
on time step 140369 (time=1462.18), 0.0213245 s/step
on time step 140557 (time=1464.14), 0.0213253 s/step
on time step 140745 (time=1466.09), 0.021319 s/step
on time step 140933 (time=1468.05), 0.0213188 s/step
on time step 141121 (time=1470.01), 0.021355 s/step
on time step 141309 (time=1471.97), 0.0213676 s/step
on time step 141497 (time=1473.93), 0.0213678 s/step
on time step 141685 (time=1475.89), 0.0213688 s/step
on time step 141873 (time=1477.84), 0.0213604 s/step
on time step 142061 (time=1479.8), 0.0213594 s/step
field decay(t = 1480.71875): 8.780177598704862e-05 / 0.38613555894401935 = 0.00022738588548323215
on time step 142249 (time=1481.76), 0.0213466 s/step
on time step 142437 (time=1483.72), 0.0213515 s/step
on time step 142625 (time=1485.68), 0.0213703 s/step
on time step 142813 (time=1487.64), 0.0213886 s/step
on time step 143001 (time=1489.59), 0.0213779 s/step
on time step 143189 (time=1491.55), 0.0213626 s/step
on time step 143377 (time=1493.51), 0.0213876 s/step
on time step 143564 (time=1495.46), 0.0214638 s/step
on time step 143752 (time=1497.42), 0.02137 s/step
on time step 143940 (time=1499.38), 0.021366 s/step
field decay(t = 1500.7291666666665): 4.329173731427178e-05 / 0.38613555894401935 = 0.00011211538619406992
on time step 144128 (time=1501.33), 0.0213676 s/step
on time step 144316 (time=1503.29), 0.0213772 s/step
on time step 144504 (time=1505.25), 0.0213653 s/step
on time step 144692 (time=1507.21), 0.0213661 s/step
on time step 144880 (time=1509.17), 0.0213741 s/step
on time step 145068 (time=1511.12), 0.0213667 s/step
on time step 145256 (time=1513.08), 0.021389 s/step
on time step 145443 (time=1515.03), 0.0213934 s/step
on time step 145630 (time=1516.98), 0.021403 s/step
on time step 145818 (time=1518.94), 0.0213682 s/step
field decay(t = 1520.7395833333333): 2.0741124369782587e-05 / 0.38613555894401935 = 5.371461884138354e-05
on time step 146006 (time=1520.9), 0.0213434 s/step
on time step 146194 (time=1522.85), 0.0213794 s/step
on time step 146381 (time=1524.8), 0.0214063 s/step
on time step 146568 (time=1526.75), 0.0214414 s/step
on time step 146755 (time=1528.7), 0.0214027 s/step
on time step 146942 (time=1530.65), 0.0214416 s/step
on time step 147129 (time=1532.59), 0.0214053 s/step
on time step 147316 (time=1534.54), 0.0214438 s/step
on time step 147503 (time=1536.49), 0.021398 s/step
on time step 147690 (time=1538.44), 0.0214501 s/step
on time step 147877 (time=1540.39), 0.0214031 s/step
field decay(t = 1540.75): 1.1720953787608678e-05 / 0.38613555894401935 = 3.035450508537066e-05
on time step 148064 (time=1542.33), 0.0213911 s/step
on time step 148252 (time=1544.29), 0.0213405 s/step
on time step 148439 (time=1546.24), 0.0213967 s/step
on time step 148627 (time=1548.2), 0.0213404 s/step
on time step 148815 (time=1550.16), 0.0213858 s/step
on time step 149002 (time=1552.1), 0.0214272 s/step
on time step 149189 (time=1554.05), 0.0214034 s/step
on time step 149376 (time=1556), 0.0214043 s/step
on time step 149563 (time=1557.95), 0.0214374 s/step
on time step 149750 (time=1559.9), 0.0214053 s/step
field decay(t = 1560.7604166666665): 5.340027795668473e-06 / 0.38613555894401935 = 1.3829412163624776e-05
on time step 149937 (time=1561.84), 0.0214284 s/step
on time step 150124 (time=1563.79), 0.0214344 s/step
on time step 150311 (time=1565.74), 0.0214026 s/step
on time step 150498 (time=1567.69), 0.0214421 s/step
on time step 150685 (time=1569.64), 0.0214194 s/step
on time step 150872 (time=1571.58), 0.0214107 s/step
on time step 151059 (time=1573.53), 0.0214056 s/step
on time step 151247 (time=1575.49), 0.02135 s/step
on time step 151435 (time=1577.45), 0.0213893 s/step
on time step 151622 (time=1579.4), 0.0214899 s/step
field decay(t = 1580.7708333333333): 2.733225618841735e-06 / 0.38613555894401935 = 7.07840952622027e-06
on time step 151809 (time=1581.34), 0.0214879 s/step
on time step 151996 (time=1583.29), 0.0214589 s/step
on time step 152183 (time=1585.24), 0.0214225 s/step
on time step 152370 (time=1587.19), 0.021484 s/step
on time step 152557 (time=1589.14), 0.0214344 s/step
on time step 152744 (time=1591.08), 0.0214225 s/step
on time step 152931 (time=1593.03), 0.0214458 s/step
on time step 153116 (time=1594.96), 0.0216374 s/step
on time step 153301 (time=1596.89), 0.0216398 s/step
on time step 153486 (time=1598.81), 0.0216412 s/step
on time step 153671 (time=1600.74), 0.0216374 s/step
field decay(t = 1600.78125): 1.2588819952891603e-06 / 0.38613555894401935 = 3.260207370520022e-06
on time step 153856 (time=1602.67), 0.0216324 s/step
on time step 154039 (time=1604.57), 0.0218642 s/step
on time step 154224 (time=1606.5), 0.0216375 s/step
on time step 154409 (time=1608.43), 0.0217111 s/step
on time step 154592 (time=1610.33), 0.0219262 s/step
on time step 154775 (time=1612.24), 0.0219481 s/step
on time step 154959 (time=1614.16), 0.0218365 s/step
on time step 155144 (time=1616.08), 0.0216402 s/step
on time step 155329 (time=1618.01), 0.0216409 s/step
on time step 155514 (time=1619.94), 0.0216407 s/step
field decay(t = 1620.7916666666665): 5.298925624010916e-07 / 0.38613555894401935 = 1.372296723591607e-06
on time step 155699 (time=1621.86), 0.0216418 s/step
on time step 155884 (time=1623.79), 0.0216333 s/step
on time step 156069 (time=1625.72), 0.0216392 s/step
on time step 156254 (time=1627.65), 0.0216335 s/step
on time step 156439 (time=1629.57), 0.0216347 s/step
on time step 156624 (time=1631.5), 0.0216448 s/step
on time step 156809 (time=1633.43), 0.0216655 s/step
on time step 156994 (time=1635.35), 0.0217026 s/step
on time step 157179 (time=1637.28), 0.0216479 s/step
on time step 157362 (time=1639.19), 0.0218795 s/step
field decay(t = 1640.8020833333333): 2.713991859359412e-07 / 0.38613555894401935 = 7.028598626817681e-07
on time step 157546 (time=1641.1), 0.021819 s/step
on time step 157729 (time=1643.01), 0.0219311 s/step
on time step 157912 (time=1644.92), 0.0219594 s/step
on time step 158097 (time=1646.84), 0.0217239 s/step
on time step 158282 (time=1648.77), 0.0216397 s/step
on time step 158467 (time=1650.7), 0.0216391 s/step
on time step 158652 (time=1652.62), 0.0216359 s/step
on time step 158837 (time=1654.55), 0.0216427 s/step
on time step 159022 (time=1656.48), 0.0216357 s/step
on time step 159207 (time=1658.41), 0.0216347 s/step
on time step 159391 (time=1660.32), 0.0218543 s/step
field decay(t = 1660.8125): 1.0874486609832623e-07 / 0.38613555894401935 = 2.816235479470351e-07
on time step 159576 (time=1662.25), 0.021632 s/step
on time step 159762 (time=1664.19), 0.0215407 s/step
on time step 159949 (time=1666.14), 0.0214355 s/step
on time step 160134 (time=1668.06), 0.0216356 s/step
on time step 160321 (time=1670.01), 0.0214057 s/step
on time step 160507 (time=1671.95), 0.0215566 s/step
on time step 160694 (time=1673.9), 0.0214446 s/step
on time step 160882 (time=1675.85), 0.0213663 s/step
on time step 161069 (time=1677.8), 0.0214346 s/step
on time step 161255 (time=1679.74), 0.0216171 s/step
field decay(t = 1680.8229166666665): 4.2280991557648515e-08 / 0.38613555894401935 = 1.0949779314103074e-07
on time step 161442 (time=1681.69), 0.021457 s/step
on time step 161628 (time=1683.62), 0.0215519 s/step
on time step 161814 (time=1685.56), 0.0216164 s/step
on time step 162000 (time=1687.5), 0.0216202 s/step
on time step 162185 (time=1689.43), 0.0216491 s/step
on time step 162370 (time=1691.35), 0.0216242 s/step
on time step 162555 (time=1693.28), 0.0216665 s/step
on time step 162740 (time=1695.21), 0.0216591 s/step
on time step 162926 (time=1697.15), 0.0215987 s/step
on time step 163112 (time=1699.08), 0.0215805 s/step
field decay(t = 1700.8333333333333): 2.042987009786461e-08 / 0.38613555894401935 = 5.290854370867839e-08
on time step 163299 (time=1701.03), 0.021416 s/step
on time step 163487 (time=1702.99), 0.021374 s/step
on time step 163675 (time=1704.95), 0.0213808 s/step
on time step 163863 (time=1706.91), 0.0213838 s/step
on time step 164051 (time=1708.86), 0.0213766 s/step
on time step 164234 (time=1710.77), 0.0219772 s/step
on time step 164417 (time=1712.68), 0.0219795 s/step
on time step 164599 (time=1714.57), 0.0220175 s/step
on time step 164781 (time=1716.47), 0.0220132 s/step
on time step 164964 (time=1718.38), 0.0219258 s/step
on time step 165146 (time=1720.27), 0.0220223 s/step
field decay(t = 1720.84375): 7.552216333252005e-09 / 0.38613555894401935 = 1.9558458573215478e-08
on time step 165328 (time=1722.17), 0.0220168 s/step
on time step 165511 (time=1724.07), 0.0218668 s/step
on time step 165694 (time=1725.98), 0.0219685 s/step
on time step 165876 (time=1727.88), 0.0219782 s/step
on time step 166056 (time=1729.75), 0.0222301 s/step
on time step 166236 (time=1731.62), 0.0222517 s/step
on time step 166416 (time=1733.5), 0.0222655 s/step
on time step 166596 (time=1735.38), 0.0222557 s/step
on time step 166778 (time=1737.27), 0.022052 s/step
on time step 166961 (time=1739.18), 0.0219069 s/step
field decay(t = 1740.8541666666665): 2.71192665099458e-09 / 0.38613555894401935 = 7.02325022437974e-09
on time step 167143 (time=1741.07), 0.0220429 s/step
on time step 167326 (time=1742.98), 0.0218658 s/step
on time step 167509 (time=1744.89), 0.0219145 s/step
on time step 167692 (time=1746.79), 0.0218978 s/step
on time step 167875 (time=1748.7), 0.0219232 s/step
on time step 168058 (time=1750.6), 0.0219138 s/step
on time step 168281 (time=1752.93), 0.0179373 s/step
on time step 168524 (time=1755.46), 0.0165162 s/step
on time step 168766 (time=1757.98), 0.0165396 s/step
on time step 169009 (time=1760.51), 0.0164764 s/step
field decay(t = 1760.8645833333333): 1.2344088743156548e-09 / 0.38613555894401935 = 3.1968277609330853e-09
on time step 169256 (time=1763.08), 0.0162332 s/step
on time step 169503 (time=1765.66), 0.0162374 s/step
on time step 169748 (time=1768.21), 0.016342 s/step
on time step 169994 (time=1770.77), 0.0162907 s/step
on time step 170241 (time=1773.34), 0.0162211 s/step
on time step 170488 (time=1775.92), 0.0162383 s/step
on time step 170735 (time=1778.49), 0.0162234 s/step
field decay(t = 1780.875): 4.2150656376121667e-10 / 0.38613555894401935 = 1.0916025576974258e-09
on time step 170982 (time=1781.06), 0.0162229 s/step
on time step 171229 (time=1783.64), 0.0162305 s/step
on time step 171476 (time=1786.21), 0.0162252 s/step
on time step 171723 (time=1788.78), 0.0162196 s/step
on time step 171970 (time=1791.35), 0.016213 s/step
on time step 172217 (time=1793.93), 0.016217 s/step
on time step 172464 (time=1796.5), 0.0162198 s/step
on time step 172711 (time=1799.07), 0.0162407 s/step
field decay(t = 1800.8854166666665): 1.4163841951714625e-10 / 0.38613555894401935 = 3.668100910066159e-10
on time step 172956 (time=1801.62), 0.0163813 s/step
on time step 173198 (time=1804.15), 0.0165585 s/step
on time step 173439 (time=1806.66), 0.0166197 s/step
on time step 173691 (time=1809.28), 0.0159027 s/step
on time step 173944 (time=1811.92), 0.0158269 s/step
on time step 174197 (time=1814.55), 0.0158246 s/step
on time step 174450 (time=1817.19), 0.0158227 s/step
on time step 174703 (time=1819.82), 0.0158275 s/step
field decay(t = 1820.8958333333333): 5.999424416626683e-11 / 0.38613555894401935 = 1.5537093846092687e-10
on time step 174956 (time=1822.46), 0.0158486 s/step
on time step 175209 (time=1825.09), 0.0158424 s/step
on time step 175452 (time=1827.62), 0.0164825 s/step
on time step 175751 (time=1830.74), 0.0134156 s/step
on time step 176089 (time=1834.26), 0.0118405 s/step
on time step 176428 (time=1837.79), 0.0118321 s/step
2026-05-30 17:33:22 [INFO] D11_scaled_deep_groove: Checkpointed 9 completed spectra row(s) to /mnt/c/Users/admin/Meep_Simulation/meep_sim/results/diagnostics_v2/tables/D11_thickness_2um_quick_spectra_checkpoint.csv
2026-05-30 17:33:22 [INFO] D11_scaled_deep_groove: >>> task=10/10 case=scaled_inner_wall_film_2um pol=Hz wl=12.345 res=24 pml=4
2026-05-30 17:33:22 [INFO] D11_scaled_deep_groove: [single ref] wl=12.345 um, f=0.0810045, res=24, comp=Hz
field decay(t = 1840.90625): 3.448883924441896e-10 / 0.38613555894401935 = 8.931795698572023e-10
run 0 finished at t = 1840.90625 (176727 timesteps)
-----------
Initializing structure...
Splitting into 16 chunks by voxels
time for choose_chunkdivision = 0.000536152 s
Working in 2D dimensions.
Computational cell is 50 x 49 x 0 with resolution 24
time for set_epsilon = 0.138233 s
-----------
field decay(t = 20.010416666666664): 3.791109530841496e-10 / 3.791109530841496e-10 = 1.0
on time step 3151 (time=32.8229), 0.00126963 s/step
field decay(t = 40.010416666666664): 1.8753277726993157e-11 / 3.791109530841496e-10 = 0.04946646245493881
field decay(t = 60.02083333333333): 4.408721395747741e-11 / 3.791109530841496e-10 = 0.11629105832690506
on time step 6432 (time=67), 0.00121952 s/step
field decay(t = 80.02083333333333): 1.0256571305328555e-10 / 3.791109530841496e-10 = 0.2705427321972401
field decay(t = 100.03125): 3.0832819178069596e-10 / 3.791109530841496e-10 = 0.8132927557813338
on time step 9718 (time=101.229), 0.00121752 s/step
field decay(t = 120.04166666666666): 6.910377133955291e-10 / 6.910377133955291e-10 = 1.0
on time step 13004 (time=135.458), 0.00121747 s/step
field decay(t = 140.04166666666666): 1.523889460126116e-09 / 1.523889460126116e-09 = 1.0
field decay(t = 160.05208333333331): 3.306420577501909e-09 / 3.306420577501909e-09 = 1.0
on time step 16280 (time=169.583), 0.00122102 s/step
field decay(t = 180.0625): 9.052350963847418e-09 / 9.052350963847418e-09 = 1.0
field decay(t = 200.07291666666666): 1.892178369764083e-08 / 1.892178369764083e-08 = 1.0
on time step 19567 (time=203.823), 0.00121694 s/step
field decay(t = 220.08333333333331): 3.889888016449758e-08 / 3.889888016449758e-08 = 1.0
on time step 22854 (time=238.062), 0.00121722 s/step
field decay(t = 240.09375): 7.868198564216415e-08 / 7.868198564216415e-08 = 1.0
field decay(t = 260.10416666666663): 1.936115469460919e-07 / 1.936115469460919e-07 = 1.0
on time step 26134 (time=272.229), 0.00121983 s/step
field decay(t = 280.1145833333333): 3.8227164698642284e-07 / 3.8227164698642284e-07 = 1.0
field decay(t = 300.125): 7.325980288940247e-07 / 7.325980288940247e-07 = 1.0
on time step 29411 (time=306.365), 0.00122094 s/step
field decay(t = 320.13541666666663): 1.381418934348397e-06 / 1.381418934348397e-06 = 1.0
field decay(t = 340.1458333333333): 3.0003143988629294e-06 / 3.0003143988629294e-06 = 1.0
on time step 32685 (time=340.469), 0.0012221 s/step
field decay(t = 360.15625): 5.6978790387567025e-06 / 5.6978790387567025e-06 = 1.0
on time step 35961 (time=374.594), 0.001221 s/step
field decay(t = 380.16666666666663): 1.0179541390732324e-05 / 1.0179541390732324e-05 = 1.0
field decay(t = 400.1770833333333): 1.789423917818548e-05 / 1.789423917818548e-05 = 1.0
on time step 39241 (time=408.76), 0.00121972 s/step
field decay(t = 420.1875): 3.3669798616893576e-05 / 3.3669798616893576e-05 = 1.0
field decay(t = 440.19791666666663): 6.265991019615381e-05 / 6.265991019615381e-05 = 1.0
on time step 42517 (time=442.885), 0.00122134 s/step
field decay(t = 460.2083333333333): 0.00010435828613854089 / 0.00010435828613854089 = 1.0
on time step 45797 (time=477.052), 0.00121963 s/step
field decay(t = 480.21875): 0.0001710157186688181 / 0.0001710157186688181 = 1.0
field decay(t = 500.22916666666663): 0.0002757462996346803 / 0.0002757462996346803 = 1.0
on time step 49067 (time=511.115), 0.00122356 s/step
field decay(t = 520.2291666666666): 0.0005083952853285207 / 0.0005083952853285207 = 1.0
field decay(t = 540.2395833333333): 0.0007893387227280258 / 0.0007893387227280258 = 1.0
on time step 52340 (time=545.208), 0.00122244 s/step
field decay(t = 560.25): 0.0012058524285758292 / 0.0012058524285758292 = 1.0
on time step 55615 (time=579.323), 0.00122142 s/step
field decay(t = 580.2604166666666): 0.0018125606770986826 / 0.0018125606770986826 = 1.0
field decay(t = 600.2708333333333): 0.0030433270237713713 / 0.0030433270237713713 = 1.0
on time step 58885 (time=613.385), 0.00122341 s/step
field decay(t = 620.28125): 0.004404891722051416 / 0.004404891722051416 = 1.0
field decay(t = 640.2916666666666): 0.006273178889059838 / 0.006273178889059838 = 1.0
on time step 62152 (time=647.417), 0.00122451 s/step
field decay(t = 660.3020833333333): 0.00879044336790208 / 0.00879044336790208 = 1.0
field decay(t = 680.3125): 0.013440985519123575 / 0.013440985519123575 = 1.0
on time step 65467 (time=681.948), 0.00120665 s/step
field decay(t = 700.3229166666666): 0.018136039261412534 / 0.018136039261412534 = 1.0
on time step 68799 (time=716.656), 0.0012008 s/step
field decay(t = 720.3333333333333): 0.024077848583538123 / 0.024077848583538123 = 1.0
field decay(t = 740.34375): 0.031453167885246894 / 0.031453167885246894 = 1.0
on time step 72131 (time=751.365), 0.0012006 s/step
field decay(t = 760.3541666666666): 0.04379746717390652 / 0.04379746717390652 = 1.0
field decay(t = 780.3645833333333): 0.055091557355708635 / 0.055091557355708635 = 1.0
on time step 75464 (time=786.083), 0.00120031 s/step
field decay(t = 800.375): 0.0681843966758733 / 0.0681843966758733 = 1.0
on time step 78694 (time=819.729), 0.00123869 s/step
field decay(t = 820.3854166666666): 0.08303351098782799 / 0.08303351098782799 = 1.0
field decay(t = 840.3958333333333): 0.10523465608059596 / 0.10523465608059596 = 1.0
on time step 81910 (time=853.229), 0.00124395 s/step
field decay(t = 860.40625): 0.12347045630637914 / 0.12347045630637914 = 1.0
field decay(t = 880.4166666666666): 0.14245829109940117 / 0.14245829109940117 = 1.0
on time step 85125 (time=886.719), 0.00124428 s/step
field decay(t = 900.4270833333333): 0.16172524481034053 / 0.16172524481034053 = 1.0
on time step 88336 (time=920.167), 0.00124598 s/step
field decay(t = 920.4375): 0.18415077789895443 / 0.18415077789895443 = 1.0
field decay(t = 940.4479166666666): 0.20416273092440468 / 0.20416273092440468 = 1.0
on time step 91555 (time=953.698), 0.00124265 s/step
field decay(t = 960.4583333333333): 0.21959672969237728 / 0.21959672969237728 = 1.0
field decay(t = 980.46875): 0.232401631043022 / 0.232401631043022 = 1.0
on time step 94793 (time=987.427), 0.00123559 s/step
field decay(t = 1000.4791666666666): 0.24200455386074327 / 0.24200455386074327 = 1.0
field decay(t = 1020.4895833333333): 0.2490722198833717 / 0.2490722198833717 = 1.0
on time step 98657 (time=1027.68), 0.0010354 s/step
field decay(t = 1040.4895833333333): 0.2499695796996593 / 0.2499695796996593 = 1.0
field decay(t = 1060.5): 0.2490721934929001 / 0.2499695796996593 = 0.9964100183396819
on time step 102265 (time=1065.26), 0.00110903 s/step
field decay(t = 1080.5104166666665): 0.24441141279602066 / 0.2499695796996593 = 0.9777646267585167
on time step 105288 (time=1096.75), 0.00132335 s/step
field decay(t = 1100.5208333333333): 0.23598469706965253 / 0.2499695796996593 = 0.9440536618623364
field decay(t = 1120.53125): 0.21959690284914954 / 0.2499695796996593 = 0.8784945076636813
on time step 108306 (time=1128.19), 0.00132539 s/step
field decay(t = 1140.5416666666665): 0.20416288818702075 / 0.2499695796996593 = 0.8167509359831876
on time step 111377 (time=1160.18), 0.00130265 s/step
field decay(t = 1160.5520833333333): 0.18676466893306704 / 0.2499695796996593 = 0.7471495897919518
field decay(t = 1180.5625): 0.16810545531047147 / 0.2499695796996593 = 0.6725036522942179
on time step 114458 (time=1192.27), 0.00129853 s/step
field decay(t = 1200.5729166666665): 0.14245852796696223 / 0.2499695796996593 = 0.5699034584053285
field decay(t = 1220.5833333333333): 0.12347065969282399 / 0.2499695796996593 = 0.4939427423175856
on time step 117554 (time=1224.52), 0.00129227 s/step
field decay(t = 1240.59375): 0.10529394006419329 / 0.2499695796996593 = 0.4212270156660859
on time step 120645 (time=1256.72), 0.00129432 s/step
field decay(t = 1260.6041666666665): 0.0883517560570981 / 0.2499695796996593 = 0.35345003245296297
field decay(t = 1280.6145833333333): 0.06818456983558054 / 0.2499695796996593 = 0.2727714705025504
on time step 123729 (time=1288.84), 0.0012973 s/step
field decay(t = 1300.625): 0.0550916963949188 / 0.2499695796996593 = 0.22039360333810207
field decay(t = 1320.6354166666665): 0.04379757693616284 / 0.2499695796996593 = 0.17521162770600335
on time step 126825 (time=1321.09), 0.00129235 s/step
field decay(t = 1340.6458333333333): 0.034259732737246106 / 0.2499695796996593 = 0.13705560804002423
on time step 129906 (time=1353.19), 0.00129857 s/step
field decay(t = 1360.65625): 0.025622399129982133 / 0.2499695796996593 = 0.10250206909483817
field decay(t = 1380.6666666666665): 0.01813610097220378 / 0.2499695796996593 = 0.07255323225327846
on time step 132997 (time=1385.39), 0.0012945 s/step
field decay(t = 1400.6770833333333): 0.01344103100504726 / 0.2499695796996593 = 0.053770666899535455
on time step 136082 (time=1417.52), 0.00129688 s/step
field decay(t = 1420.6875): 0.009801400925036275 / 0.2499695796996593 = 0.03921037486566464
field decay(t = 1440.6979166666665): 0.006993784002957787 / 0.2499695796996593 = 0.027978540474248432
on time step 139168 (time=1449.67), 0.00129633 s/step
field decay(t = 1460.7083333333333): 0.0044049106061599674 / 0.2499695796996593 = 0.017621786664811404
field decay(t = 1480.71875): 0.0030433399529382543 / 0.2499695796996593 = 0.012174841261064065
on time step 142256 (time=1481.83), 0.00129571 s/step
field decay(t = 1500.7291666666665): 0.0020688439547850096 / 0.2499695796996593 = 0.00827638289935417
on time step 145345 (time=1514.01), 0.00129516 s/step
field decay(t = 1520.7395833333333): 0.0013838136269989623 / 0.2499695796996593 = 0.0055359281263809255
field decay(t = 1540.75): 0.0007893427915141625 / 0.2499695796996593 = 0.0031577554055280048
on time step 148428 (time=1546.12), 0.00129768 s/step
field decay(t = 1560.7604166666665): 0.0005083978729675952 / 0.2499695796996593 = 0.0020338389718398526
on time step 151514 (time=1578.27), 0.00129651 s/step
field decay(t = 1580.7708333333333): 0.0003221853028837065 / 0.2499695796996593 = 0.0012888980461975216
field decay(t = 1600.78125): 0.00020089876596842234 / 0.2499695796996593 = 0.0008036928581862002
on time step 154598 (time=1610.4), 0.00129735 s/step
field decay(t = 1620.7916666666665): 0.00010435891506922794 / 0.2499695796996593 = 0.0004174864605309819
field decay(t = 1640.8020833333333): 6.266028776589928e-05 / 0.2499695796996593 = 0.0002506716530914929
on time step 157681 (time=1642.51), 0.00129755 s/step
field decay(t = 1660.8125): 3.701852218685921e-05 / 0.2499695796996593 = 0.00014809210877314468
on time step 160762 (time=1674.6), 0.00129853 s/step
field decay(t = 1680.8229166666665): 2.1518512528062152e-05 / 0.2499695796996593 = 8.608452498066701e-05
field decay(t = 1700.8333333333333): 1.0179604805233319e-05 / 0.2499695796996593 = 4.0723374490064775e-05
on time step 163840 (time=1706.67), 0.00129994 s/step
field decay(t = 1720.84375): 5.697919781563695e-06 / 0.2499695796996593 = 2.279445278265378e-05
on time step 166906 (time=1738.6), 0.00130472 s/step
field decay(t = 1740.8541666666665): 3.1381067105983852e-06 / 0.2499695796996593 = 1.2553954422649543e-05
field decay(t = 1760.8645833333333): 1.7005253110891361e-06 / 0.2499695796996593 = 6.802929032934058e-06
on time step 169989 (time=1770.72), 0.00129779 s/step
field decay(t = 1780.875): 7.326023649443768e-07 / 0.2499695796996593 = 2.930766078914903e-06
field decay(t = 1800.8854166666665): 3.8227496497199826e-07 / 0.2499695796996593 = 1.529285945239037e-06
on time step 173074 (time=1802.85), 0.00129706 s/step
field decay(t = 1820.8958333333333): 1.9626915582182252e-07 / 0.2499695796996593 = 7.851721639794797e-07
on time step 176166 (time=1835.06), 0.00129386 s/step
field decay(t = 1840.90625): 9.914958080989059e-08 / 0.2499695796996593 = 3.9664658767286683e-07
field decay(t = 1860.9166666666665): 4.314599239801727e-08 / 0.2499695796996593 = 1.7260497237246853e-07
on time step 179249 (time=1867.18), 0.00129745 s/step
field decay(t = 1880.9270833333333): 1.892212977273437e-08 / 0.2499695796996593 = 7.569773008167426e-08
on time step 182327 (time=1899.24), 0.00129974 s/step
field decay(t = 1900.9375): 9.056669964865128e-09 / 0.2499695796996593 = 3.62310885018361e-08
field decay(t = 1920.9479166666665): 4.265205008829742e-09 / 0.2499695796996593 = 1.7062896269035715e-08
on time step 185411 (time=1931.36), 0.00129726 s/step
field decay(t = 1940.9583333333333): 1.8392784560755428e-09 / 0.2499695796996593 = 7.358009155695875e-09
field decay(t = 1960.96875): 6.910393015743116e-10 / 0.2499695796996593 = 2.7644935931988264e-09
on time step 188501 (time=1963.55), 0.00129489 s/step
field decay(t = 1980.9791666666665): 3.083479004697297e-10 / 0.2499695796996593 = 1.2335417007149928e-09
on time step 191598 (time=1995.81), 0.00129183 s/step
field decay(t = 2000.9895833333333): 1.3535992436579692e-10 / 0.2499695796996593 = 5.415055885137427e-10
field decay(t = 2021.0): 5.6753841454492615e-11 / 0.2499695796996593 = 2.2704299268208103e-10
on time step 194686 (time=2027.98), 0.00129535 s/step
field decay(t = 2041.0104166666665): 1.8620884756824215e-11 / 0.2499695796996593 = 7.449260337676839e-11
on time step 197773 (time=2060.14), 0.00129602 s/step
field decay(t = 2061.0104166666665): 3.6124061069730645e-10 / 0.2499695796996593 = 1.445138288952361e-09
run 0 finished at t = 2061.0104166666665 (197857 timesteps)
-----------
Initializing structure...
Splitting into 16 chunks by voxels
time for choose_chunkdivision = 0.000821759 s
Working in 2D dimensions.
Computational cell is 50 x 49 x 0 with resolution 24
     block, center = (0,-4,0)
          size (50,25,1e+20)
          axes (1,0,0), (0,1,0), (0,0,1)
          dielectric constant epsilon diagonal = (1,1,1)
     prism, center = (2.72978,1,5e+19)
          height 1e+20, axis (0,0,1), sidewall angle: 0 radians, 4 vertices:
          (-10,8.5,0)
          (10,8.5,0)
          (15.4596,-6.5,0)
          (-4.54045,-6.5,0)
          dielectric constant epsilon diagonal = (2.07945,2.07945,2.07945)
     prism, center = (2.36581,2,5e+19)
          height 1e+20, axis (0,0,1), sidewall angle: 0 radians, 4 vertices:
          (-8,8.5,0)
          (8,8.5,0)
          (12.7316,-4.5,0)
          (-3.26839,-4.5,0)
          dielectric constant epsilon diagonal = (1,1,1)
time for set_epsilon = 2.22437 s
time for set_conductivity = 0.0528878 s
time for set_conductivity = 0.0519363 s
time for set_conductivity = 0.0522882 s
lorentzian susceptibility: frequency=15.6714, gamma=1.42115
lorentzian susceptibility: frequency=2.02365, gamma=1.3413
lorentzian susceptibility: frequency=1.24613, gamma=2.0309
lorentzian susceptibility: frequency=0.626693, gamma=1.83572
drude susceptibility: frequency=1e-10, gamma=0.0661375
-----------
2026-05-30 17:37:35 [INFO] D11_scaled_deep_groove: [single struct] 3 geometry objects
/home/gyh/miniforge3/envs/meep_mpi/lib/python3.11/site-packages/meep/simulation.py:1664: RuntimeWarning: Note: your sources include frequencies outside the range of validity of the material models. This is fine as long as you eventually only look at outputs (fluxes, resonant modes, etc.) at valid frequencies.
  warnings.warn(warn_src, RuntimeWarning)
/home/gyh/miniforge3/envs/meep_mpi/lib/python3.11/site-packages/meep/simulation.py:1664: RuntimeWarning: Note: your sources include frequencies outside the range of validity of the material models. This is fine as long as you eventually only look at outputs (fluxes, resonant modes, etc.) at valid frequencies.
  warnings.warn(warn_src, RuntimeWarning)
/home/gyh/miniforge3/envs/meep_mpi/lib/python3.11/site-packages/meep/simulation.py:1664: RuntimeWarning: Note: your sources include frequencies outside the range of validity of the material models. This is fine as long as you eventually only look at outputs (fluxes, resonant modes, etc.) at valid frequencies.
  warnings.warn(warn_src, RuntimeWarning)
/home/gyh/miniforge3/envs/meep_mpi/lib/python3.11/site-packages/meep/simulation.py:1664: RuntimeWarning: Note: your sources include frequencies outside the range of validity of the material models. This is fine as long as you eventually only look at outputs (fluxes, resonant modes, etc.) at valid frequencies.
  warnings.warn(warn_src, RuntimeWarning)
/home/gyh/miniforge3/envs/meep_mpi/lib/python3.11/site-packages/meep/simulation.py:1664: RuntimeWarning: Note: your sources include frequencies outside the range of validity of the material models. This is fine as long as you eventually only look at outputs (fluxes, resonant modes, etc.) at valid frequencies.
  warnings.warn(warn_src, RuntimeWarning)
/home/gyh/miniforge3/envs/meep_mpi/lib/python3.11/site-packages/meep/simulation.py:1664: RuntimeWarning: Note: your sources include frequencies outside the range of validity of the material models. This is fine as long as you eventually only look at outputs (fluxes, resonant modes, etc.) at valid frequencies.
  warnings.warn(warn_src, RuntimeWarning)
/home/gyh/miniforge3/envs/meep_mpi/lib/python3.11/site-packages/meep/simulation.py:1664: RuntimeWarning: Note: your sources include frequencies outside the range of validity of the material models. This is fine as long as you eventually only look at outputs (fluxes, resonant modes, etc.) at valid frequencies.
  warnings.warn(warn_src, RuntimeWarning)
/home/gyh/miniforge3/envs/meep_mpi/lib/python3.11/site-packages/meep/simulation.py:1664: RuntimeWarning: Note: your sources include frequencies outside the range of validity of the material models. This is fine as long as you eventually only look at outputs (fluxes, resonant modes, etc.) at valid frequencies.
  warnings.warn(warn_src, RuntimeWarning)
/home/gyh/miniforge3/envs/meep_mpi/lib/python3.11/site-packages/meep/simulation.py:1664: RuntimeWarning: Note: your sources include frequencies outside the range of validity of the material models. This is fine as long as you eventually only look at outputs (fluxes, resonant modes, etc.) at valid frequencies.
  warnings.warn(warn_src, RuntimeWarning)
/home/gyh/miniforge3/envs/meep_mpi/lib/python3.11/site-packages/meep/simulation.py:1664: RuntimeWarning: Note: your sources include frequencies outside the range of validity of the material models. This is fine as long as you eventually only look at outputs (fluxes, resonant modes, etc.) at valid frequencies.
  warnings.warn(warn_src, RuntimeWarning)
/home/gyh/miniforge3/envs/meep_mpi/lib/python3.11/site-packages/meep/simulation.py:1664: RuntimeWarning: Note: your sources include frequencies outside the range of validity of the material models. This is fine as long as you eventually only look at outputs (fluxes, resonant modes, etc.) at valid frequencies.
  warnings.warn(warn_src, RuntimeWarning)
/home/gyh/miniforge3/envs/meep_mpi/lib/python3.11/site-packages/meep/simulation.py:1664: RuntimeWarning: Note: your sources include frequencies outside the range of validity of the material models. This is fine as long as you eventually only look at outputs (fluxes, resonant modes, etc.) at valid frequencies.
  warnings.warn(warn_src, RuntimeWarning)
/home/gyh/miniforge3/envs/meep_mpi/lib/python3.11/site-packages/meep/simulation.py:1664: RuntimeWarning: Note: your sources include frequencies outside the range of validity of the material models. This is fine as long as you eventually only look at outputs (fluxes, resonant modes, etc.) at valid frequencies.
  warnings.warn(warn_src, RuntimeWarning)
/home/gyh/miniforge3/envs/meep_mpi/lib/python3.11/site-packages/meep/simulation.py:1664: RuntimeWarning: Note: your sources include frequencies outside the range of validity of the material models. This is fine as long as you eventually only look at outputs (fluxes, resonant modes, etc.) at valid frequencies.
  warnings.warn(warn_src, RuntimeWarning)
/home/gyh/miniforge3/envs/meep_mpi/lib/python3.11/site-packages/meep/simulation.py:1664: RuntimeWarning: Note: your sources include frequencies outside the range of validity of the material models. This is fine as long as you eventually only look at outputs (fluxes, resonant modes, etc.) at valid frequencies.
  warnings.warn(warn_src, RuntimeWarning)
/home/gyh/miniforge3/envs/meep_mpi/lib/python3.11/site-packages/meep/simulation.py:1664: RuntimeWarning: Note: your sources include frequencies outside the range of validity of the material models. This is fine as long as you eventually only look at outputs (fluxes, resonant modes, etc.) at valid frequencies.
  warnings.warn(warn_src, RuntimeWarning)
on time step 263 (time=2.73958), 0.015252 s/step
on time step 460 (time=4.79167), 0.0204073 s/step
on time step 642 (time=6.6875), 0.0219993 s/step
on time step 824 (time=8.58333), 0.0219868 s/step
on time step 1006 (time=10.4792), 0.0219991 s/step
on time step 1188 (time=12.375), 0.0220084 s/step
on time step 1370 (time=14.2708), 0.0220336 s/step
on time step 1552 (time=16.1667), 0.0219864 s/step
on time step 1734 (time=18.0625), 0.0220201 s/step
on time step 1916 (time=19.9583), 0.0220808 s/step
field decay(t = 20.010416666666664): 3.791109530841496e-10 / 3.791109530841496e-10 = 1.0
on time step 2100 (time=21.875), 0.0218408 s/step
on time step 2283 (time=23.7812), 0.0218797 s/step
on time step 2467 (time=25.6979), 0.0218152 s/step
on time step 2651 (time=27.6146), 0.0218361 s/step
on time step 2835 (time=29.5312), 0.0218496 s/step
on time step 3019 (time=31.4479), 0.0218219 s/step
on time step 3203 (time=33.3646), 0.0218556 s/step
on time step 3387 (time=35.2812), 0.0218042 s/step
on time step 3570 (time=37.1875), 0.0218714 s/step
on time step 3753 (time=39.0938), 0.021878 s/step
field decay(t = 40.010416666666664): 1.4066949418099128e-11 / 3.791109530841496e-10 = 0.0371050989259515
on time step 3937 (time=41.0104), 0.0218454 s/step
on time step 4120 (time=42.9167), 0.0218672 s/step
on time step 4304 (time=44.8333), 0.0218341 s/step
on time step 4488 (time=46.75), 0.0218356 s/step
on time step 4671 (time=48.6562), 0.0218911 s/step
on time step 4855 (time=50.5729), 0.0218317 s/step
on time step 5038 (time=52.4792), 0.0218605 s/step
on time step 5222 (time=54.3958), 0.0218402 s/step
on time step 5406 (time=56.3125), 0.021858 s/step
on time step 5590 (time=58.2292), 0.0218465 s/step
field decay(t = 60.02083333333333): 4.240666338847978e-11 / 3.791109530841496e-10 = 0.11185818569337658
on time step 5773 (time=60.1354), 0.0218667 s/step
on time step 5957 (time=62.0521), 0.0218448 s/step
on time step 6141 (time=63.9688), 0.0218315 s/step
on time step 6324 (time=65.875), 0.0218711 s/step
on time step 6508 (time=67.7917), 0.0218234 s/step
on time step 6691 (time=69.6979), 0.0218698 s/step
on time step 6875 (time=71.6146), 0.0218492 s/step
on time step 7059 (time=73.5312), 0.0217902 s/step
on time step 7243 (time=75.4479), 0.0217806 s/step
on time step 7427 (time=77.3646), 0.0217831 s/step
on time step 7611 (time=79.2812), 0.0217773 s/step
field decay(t = 80.02083333333333): 6.512350461200776e-11 / 3.791109530841496e-10 = 0.17177953863430734
on time step 7795 (time=81.1979), 0.0218108 s/step
on time step 7979 (time=83.1146), 0.0217608 s/step
on time step 8163 (time=85.0312), 0.0218034 s/step
on time step 8347 (time=86.9479), 0.0217657 s/step
on time step 8531 (time=88.8646), 0.0218184 s/step
on time step 8715 (time=90.7812), 0.0217482 s/step
on time step 8899 (time=92.6979), 0.0218126 s/step
on time step 9083 (time=94.6146), 0.0218333 s/step
on time step 9267 (time=96.5312), 0.0217806 s/step
on time step 9451 (time=98.4479), 0.0218012 s/step
field decay(t = 100.03125): 1.6998396790531758e-10 / 3.791109530841496e-10 = 0.448375248782609
on time step 9635 (time=100.365), 0.0217981 s/step
on time step 9819 (time=102.281), 0.0218118 s/step
on time step 10003 (time=104.198), 0.0218061 s/step
on time step 10187 (time=106.115), 0.0218117 s/step
on time step 10371 (time=108.031), 0.0218142 s/step
on time step 10555 (time=109.948), 0.021784 s/step
on time step 10740 (time=111.875), 0.0217218 s/step
on time step 10924 (time=113.792), 0.0217526 s/step
on time step 11108 (time=115.708), 0.0217772 s/step
on time step 11292 (time=117.625), 0.0217614 s/step
on time step 11476 (time=119.542), 0.0217725 s/step
field decay(t = 120.04166666666666): 3.750762491473289e-10 / 3.791109530841496e-10 = 0.9893574588019746
on time step 11660 (time=121.458), 0.0217468 s/step
on time step 11844 (time=123.375), 0.0217541 s/step
on time step 12029 (time=125.302), 0.0217177 s/step
on time step 12213 (time=127.219), 0.0217628 s/step
on time step 12397 (time=129.135), 0.0217649 s/step
on time step 12582 (time=131.062), 0.0217086 s/step
on time step 12766 (time=132.979), 0.0217573 s/step
on time step 12951 (time=134.906), 0.021669 s/step
on time step 13136 (time=136.833), 0.0217113 s/step
on time step 13321 (time=138.76), 0.0217001 s/step
field decay(t = 140.04166666666666): 8.024843650013139e-10 / 8.024843650013139e-10 = 1.0
on time step 13506 (time=140.688), 0.0217269 s/step
on time step 13691 (time=142.615), 0.0217061 s/step
on time step 13876 (time=144.542), 0.0217396 s/step
on time step 14061 (time=146.469), 0.0217317 s/step
on time step 14245 (time=148.385), 0.0217392 s/step
on time step 14430 (time=150.312), 0.0217186 s/step
on time step 14615 (time=152.24), 0.0216604 s/step
on time step 14801 (time=154.177), 0.0215822 s/step
on time step 14989 (time=156.135), 0.0213895 s/step
on time step 15173 (time=158.052), 0.0217577 s/step
on time step 15358 (time=159.979), 0.0217254 s/step
field decay(t = 160.05208333333331): 1.7081894136930646e-09 / 1.7081894136930646e-09 = 1.0
on time step 15543 (time=161.906), 0.021718 s/step
on time step 15727 (time=163.823), 0.0217575 s/step
on time step 15912 (time=165.75), 0.0217318 s/step
on time step 16097 (time=167.677), 0.021677 s/step
on time step 16282 (time=169.604), 0.0217149 s/step
on time step 16467 (time=171.531), 0.0217303 s/step
on time step 16651 (time=173.448), 0.0217534 s/step
on time step 16835 (time=175.365), 0.0217776 s/step
on time step 17019 (time=177.281), 0.0217788 s/step
on time step 17201 (time=179.177), 0.0219932 s/step
field decay(t = 180.0625): 4.530693453529425e-09 / 4.530693453529425e-09 = 1.0
on time step 17383 (time=181.073), 0.0219978 s/step
on time step 17565 (time=182.969), 0.0219928 s/step
on time step 17748 (time=184.875), 0.0219431 s/step
on time step 17931 (time=186.781), 0.0218798 s/step
on time step 18115 (time=188.698), 0.0218542 s/step
on time step 18299 (time=190.615), 0.0218194 s/step
on time step 18482 (time=192.521), 0.0218701 s/step
on time step 18665 (time=194.427), 0.021953 s/step
on time step 18849 (time=196.344), 0.0218564 s/step
on time step 19033 (time=198.26), 0.0218522 s/step
field decay(t = 200.07291666666666): 9.487865642116264e-09 / 9.487865642116264e-09 = 1.0
on time step 19216 (time=200.167), 0.0218747 s/step
on time step 19400 (time=202.083), 0.0217948 s/step
on time step 19583 (time=203.99), 0.0218612 s/step
on time step 19767 (time=205.906), 0.0218045 s/step
on time step 19951 (time=207.823), 0.0217499 s/step
on time step 20135 (time=209.74), 0.0218175 s/step
on time step 20319 (time=211.656), 0.0217646 s/step
on time step 20502 (time=213.562), 0.0218833 s/step
on time step 20686 (time=215.479), 0.0217699 s/step
on time step 20870 (time=217.396), 0.0218186 s/step
on time step 21054 (time=219.312), 0.0217868 s/step
field decay(t = 220.08333333333331): 1.924322719942217e-08 / 1.924322719942217e-08 = 1.0
on time step 21238 (time=221.229), 0.0218515 s/step
on time step 21421 (time=223.135), 0.0219254 s/step
on time step 21604 (time=225.042), 0.0219466 s/step
on time step 21787 (time=226.948), 0.0219467 s/step
on time step 21970 (time=228.854), 0.0219338 s/step
on time step 22153 (time=230.76), 0.0219429 s/step
on time step 22336 (time=232.667), 0.0219573 s/step
on time step 22519 (time=234.573), 0.0219524 s/step
on time step 22702 (time=236.479), 0.0219357 s/step
on time step 22885 (time=238.385), 0.0219474 s/step
field decay(t = 240.09375): 3.8412198925517025e-08 / 3.8412198925517025e-08 = 1.0
on time step 23067 (time=240.281), 0.0219836 s/step
on time step 23249 (time=242.177), 0.0219784 s/step
on time step 23431 (time=244.073), 0.0219801 s/step
on time step 23613 (time=245.969), 0.0219826 s/step
on time step 23795 (time=247.865), 0.0219872 s/step
on time step 23978 (time=249.771), 0.0219739 s/step
on time step 24162 (time=251.688), 0.0218391 s/step
on time step 24345 (time=253.594), 0.0218617 s/step
on time step 24529 (time=255.51), 0.0218604 s/step
on time step 24712 (time=257.417), 0.0218678 s/step
on time step 24895 (time=259.323), 0.0218788 s/step
field decay(t = 260.10416666666663): 9.02107357160377e-08 / 9.02107357160377e-08 = 1.0
on time step 25079 (time=261.24), 0.0218492 s/step
on time step 25262 (time=263.146), 0.0219338 s/step
on time step 25445 (time=265.052), 0.0218667 s/step
on time step 25628 (time=266.958), 0.0218633 s/step
on time step 25812 (time=268.875), 0.0218461 s/step
on time step 25995 (time=270.781), 0.0218715 s/step
on time step 26178 (time=272.688), 0.0218803 s/step
on time step 26362 (time=274.604), 0.0218491 s/step
on time step 26545 (time=276.51), 0.021885 s/step
on time step 26728 (time=278.417), 0.0218644 s/step
field decay(t = 280.1145833333333): 1.8087531297757537e-07 / 1.8087531297757537e-07 = 1.0
on time step 26911 (time=280.323), 0.0219382 s/step
on time step 27094 (time=282.229), 0.0218657 s/step
on time step 27278 (time=284.146), 0.021815 s/step
on time step 27462 (time=286.062), 0.0218527 s/step
on time step 27646 (time=287.979), 0.0218414 s/step
on time step 27830 (time=289.896), 0.0218158 s/step
on time step 28015 (time=291.823), 0.0216873 s/step
on time step 28200 (time=293.75), 0.0217294 s/step
on time step 28384 (time=295.667), 0.0218073 s/step
on time step 28568 (time=297.583), 0.0217958 s/step
on time step 28752 (time=299.5), 0.0218216 s/step
field decay(t = 300.125): 3.418587163933936e-07 / 3.418587163933936e-07 = 1.0
on time step 28936 (time=301.417), 0.0218427 s/step
on time step 29120 (time=303.333), 0.0218093 s/step
on time step 29304 (time=305.25), 0.0218287 s/step
on time step 29488 (time=307.167), 0.0218267 s/step
on time step 29672 (time=309.083), 0.0217751 s/step
on time step 29856 (time=311), 0.0218166 s/step
on time step 30040 (time=312.917), 0.0218275 s/step
on time step 30224 (time=314.833), 0.0218306 s/step
on time step 30408 (time=316.75), 0.0218044 s/step
on time step 30592 (time=318.667), 0.0218323 s/step
field decay(t = 320.13541666666663): 6.35439620444058e-07 / 6.35439620444058e-07 = 1.0
on time step 30776 (time=320.583), 0.0218053 s/step
on time step 30960 (time=322.5), 0.0218486 s/step
on time step 31144 (time=324.417), 0.0218122 s/step
on time step 31328 (time=326.333), 0.0218159 s/step
on time step 31514 (time=328.271), 0.0215973 s/step
on time step 31698 (time=330.188), 0.021816 s/step
on time step 31883 (time=332.115), 0.0216573 s/step
on time step 32067 (time=334.031), 0.0218081 s/step
on time step 32253 (time=335.969), 0.0216192 s/step
on time step 32439 (time=337.906), 0.0215545 s/step
on time step 32624 (time=339.833), 0.0217296 s/step
field decay(t = 340.1458333333333): 1.283637667232263e-06 / 1.283637667232263e-06 = 1.0
on time step 32808 (time=341.75), 0.0218083 s/step
on time step 32992 (time=343.667), 0.0218232 s/step
on time step 33175 (time=345.573), 0.0218828 s/step
on time step 33358 (time=347.479), 0.021966 s/step
on time step 33541 (time=349.385), 0.0219607 s/step
on time step 33724 (time=351.292), 0.0219019 s/step
on time step 33907 (time=353.198), 0.0219431 s/step
on time step 34090 (time=355.104), 0.0218817 s/step
on time step 34273 (time=357.01), 0.0219467 s/step
on time step 34457 (time=358.927), 0.0218385 s/step
field decay(t = 360.15625): 2.530648414936278e-06 / 2.530648414936278e-06 = 1.0
on time step 34640 (time=360.833), 0.0219418 s/step
on time step 34823 (time=362.74), 0.0218949 s/step
on time step 35006 (time=364.646), 0.0219269 s/step
on time step 35189 (time=366.552), 0.0219181 s/step
on time step 35372 (time=368.458), 0.0218909 s/step
on time step 35555 (time=370.365), 0.0219028 s/step
on time step 35738 (time=372.271), 0.0218927 s/step
on time step 35921 (time=374.177), 0.0219161 s/step
on time step 36104 (time=376.083), 0.0218896 s/step
on time step 36287 (time=377.99), 0.0219 s/step
on time step 36470 (time=379.896), 0.0219306 s/step
field decay(t = 380.16666666666663): 4.449964779894556e-06 / 4.449964779894556e-06 = 1.0
on time step 36653 (time=381.802), 0.0218905 s/step
on time step 36836 (time=383.708), 0.0219049 s/step
on time step 37019 (time=385.615), 0.0219043 s/step
on time step 37202 (time=387.521), 0.0219392 s/step
on time step 37385 (time=389.427), 0.0219093 s/step
on time step 37568 (time=391.333), 0.0218859 s/step
on time step 37751 (time=393.24), 0.0219176 s/step
on time step 37934 (time=395.146), 0.0219006 s/step
on time step 38117 (time=397.052), 0.0218959 s/step
on time step 38300 (time=398.958), 0.0219199 s/step
field decay(t = 400.1770833333333): 7.694731726330984e-06 / 7.694731726330984e-06 = 1.0
on time step 38483 (time=400.865), 0.0218762 s/step
on time step 38666 (time=402.771), 0.0219108 s/step
on time step 38849 (time=404.677), 0.0219135 s/step
on time step 39032 (time=406.583), 0.0218932 s/step
on time step 39215 (time=408.49), 0.0219157 s/step
on time step 39398 (time=410.396), 0.021932 s/step
on time step 39581 (time=412.302), 0.0218953 s/step
on time step 39764 (time=414.208), 0.0219087 s/step
on time step 39947 (time=416.115), 0.0218705 s/step
on time step 40130 (time=418.021), 0.0219137 s/step
on time step 40313 (time=419.927), 0.021895 s/step
field decay(t = 420.1875): 1.308423526918576e-05 / 1.308423526918576e-05 = 1.0
on time step 40496 (time=421.833), 0.0219335 s/step
on time step 40679 (time=423.74), 0.0218962 s/step
on time step 40862 (time=425.646), 0.0219234 s/step
on time step 41045 (time=427.552), 0.0219445 s/step
on time step 41228 (time=429.458), 0.0219221 s/step
on time step 41411 (time=431.365), 0.0219412 s/step
on time step 41594 (time=433.271), 0.0219478 s/step
on time step 41777 (time=435.177), 0.0219572 s/step
on time step 41960 (time=437.083), 0.0219301 s/step
on time step 42143 (time=438.99), 0.0219499 s/step
field decay(t = 440.19791666666663): 2.5870275214873983e-05 / 2.5870275214873983e-05 = 1.0
on time step 42326 (time=440.896), 0.0219434 s/step
on time step 42509 (time=442.802), 0.0219283 s/step
on time step 42692 (time=444.708), 0.0218953 s/step
on time step 42875 (time=446.615), 0.0219551 s/step
on time step 43058 (time=448.521), 0.0219276 s/step
on time step 43241 (time=450.427), 0.0219386 s/step
on time step 43424 (time=452.333), 0.021943 s/step
on time step 43607 (time=454.24), 0.0218936 s/step
on time step 43790 (time=456.146), 0.0219137 s/step
on time step 43973 (time=458.052), 0.0219238 s/step
on time step 44156 (time=459.958), 0.0219657 s/step
field decay(t = 460.2083333333333): 4.229583685264142e-05 / 4.229583685264142e-05 = 1.0
on time step 44338 (time=461.854), 0.022026 s/step
on time step 44520 (time=463.75), 0.0220362 s/step
on time step 44702 (time=465.646), 0.0220291 s/step
on time step 44884 (time=467.542), 0.0220333 s/step
on time step 45066 (time=469.438), 0.0220031 s/step
on time step 45248 (time=471.333), 0.0219835 s/step
on time step 45430 (time=473.229), 0.021991 s/step
on time step 45613 (time=475.135), 0.0219544 s/step
on time step 45795 (time=477.031), 0.0219877 s/step
on time step 45977 (time=478.927), 0.0220601 s/step
field decay(t = 480.21875): 6.799172467816339e-05 / 6.799172467816339e-05 = 1.0
on time step 46159 (time=480.823), 0.0219932 s/step
on time step 46342 (time=482.729), 0.0219707 s/step
on time step 46525 (time=484.635), 0.0219419 s/step
on time step 46707 (time=486.531), 0.0220017 s/step
on time step 46890 (time=488.438), 0.0219538 s/step
on time step 47073 (time=490.344), 0.021949 s/step
on time step 47256 (time=492.25), 0.0219538 s/step
on time step 47438 (time=494.146), 0.021991 s/step
on time step 47621 (time=496.052), 0.0219514 s/step
on time step 47804 (time=497.958), 0.0219684 s/step
on time step 47986 (time=499.854), 0.0219894 s/step
field decay(t = 500.22916666666663): 0.00010746222254980124 / 0.00010746222254980124 = 1.0
on time step 48169 (time=501.76), 0.0219566 s/step
on time step 48351 (time=503.656), 0.0219926 s/step
on time step 48533 (time=505.552), 0.0219792 s/step
on time step 48716 (time=507.458), 0.0219657 s/step
on time step 48899 (time=509.365), 0.0219349 s/step
on time step 49082 (time=511.271), 0.0219759 s/step
on time step 49265 (time=513.177), 0.0219322 s/step
on time step 49447 (time=515.073), 0.0219867 s/step
on time step 49630 (time=516.979), 0.0219732 s/step
on time step 49813 (time=518.885), 0.0219616 s/step
field decay(t = 520.2291666666666): 0.00019268339726095403 / 0.00019268339726095403 = 1.0
on time step 49995 (time=520.781), 0.022004 s/step
on time step 50178 (time=522.688), 0.0219726 s/step
on time step 50360 (time=524.583), 0.021979 s/step
on time step 50543 (time=526.49), 0.021956 s/step
on time step 50725 (time=528.385), 0.0219877 s/step
on time step 50908 (time=530.292), 0.0219473 s/step
on time step 51091 (time=532.198), 0.0219642 s/step
on time step 51274 (time=534.104), 0.0219557 s/step
on time step 51456 (time=536), 0.0219974 s/step
on time step 51638 (time=537.896), 0.02198 s/step
on time step 51820 (time=539.792), 0.0219896 s/step
field decay(t = 540.2395833333333): 0.0002926809749812507 / 0.0002926809749812507 = 1.0
on time step 52003 (time=541.698), 0.0219741 s/step
on time step 52186 (time=543.604), 0.0219257 s/step
on time step 52369 (time=545.51), 0.0219564 s/step
on time step 52551 (time=547.406), 0.0219819 s/step
on time step 52733 (time=549.302), 0.0219873 s/step
on time step 52916 (time=551.208), 0.0219673 s/step
on time step 53099 (time=553.115), 0.0219686 s/step
on time step 53282 (time=555.021), 0.0219564 s/step
on time step 53464 (time=556.917), 0.0219823 s/step
on time step 53646 (time=558.812), 0.0220254 s/step
field decay(t = 560.25): 0.00043703115599457706 / 0.00043703115599457706 = 1.0
on time step 53828 (time=560.708), 0.0220039 s/step
on time step 54010 (time=562.604), 0.0220364 s/step
on time step 54192 (time=564.5), 0.0220212 s/step
on time step 54374 (time=566.396), 0.0220118 s/step
on time step 54557 (time=568.302), 0.0219691 s/step
on time step 54739 (time=570.198), 0.0219933 s/step
on time step 54921 (time=572.094), 0.0220164 s/step
on time step 55103 (time=573.99), 0.0220168 s/step
on time step 55285 (time=575.885), 0.0220067 s/step
on time step 55468 (time=577.792), 0.0219699 s/step
on time step 55651 (time=579.698), 0.0219557 s/step
field decay(t = 580.2604166666666): 0.0006414617599845107 / 0.0006414617599845107 = 1.0
on time step 55833 (time=581.594), 0.0219812 s/step
on time step 56016 (time=583.5), 0.0219424 s/step
on time step 56199 (time=585.406), 0.0219703 s/step
on time step 56382 (time=587.312), 0.0219596 s/step
on time step 56565 (time=589.219), 0.021963 s/step
on time step 56748 (time=591.125), 0.0219568 s/step
on time step 56931 (time=593.031), 0.0219577 s/step
on time step 57114 (time=594.938), 0.0219592 s/step
on time step 57297 (time=596.844), 0.0219558 s/step
on time step 57480 (time=598.75), 0.0219637 s/step
field decay(t = 600.2708333333333): 0.0010416651494215238 / 0.0010416651494215238 = 1.0
on time step 57663 (time=600.656), 0.0219746 s/step
on time step 57846 (time=602.562), 0.0219506 s/step
on time step 58029 (time=604.469), 0.0219566 s/step
on time step 58212 (time=606.375), 0.0219308 s/step
on time step 58395 (time=608.281), 0.0219585 s/step
on time step 58578 (time=610.188), 0.0219597 s/step
on time step 58761 (time=612.094), 0.0219633 s/step
on time step 58944 (time=614), 0.021961 s/step
on time step 59127 (time=615.906), 0.0219515 s/step
on time step 59311 (time=617.823), 0.0217598 s/step
on time step 59495 (time=619.74), 0.021786 s/step
field decay(t = 620.28125): 0.0014684470394036358 / 0.0014684470394036358 = 1.0
on time step 59679 (time=621.656), 0.0218004 s/step
on time step 59863 (time=623.573), 0.0217684 s/step
on time step 60047 (time=625.49), 0.0217755 s/step
on time step 60231 (time=627.406), 0.0217748 s/step
on time step 60414 (time=629.312), 0.0219131 s/step
on time step 60597 (time=631.219), 0.0218975 s/step
on time step 60780 (time=633.125), 0.0218849 s/step
on time step 60963 (time=635.031), 0.0218766 s/step
on time step 61146 (time=636.938), 0.0219595 s/step
on time step 61329 (time=638.844), 0.021939 s/step
field decay(t = 640.2916666666666): 0.0020343228494918986 / 0.0020343228494918986 = 1.0
on time step 61512 (time=640.75), 0.021966 s/step
on time step 61695 (time=642.656), 0.021923 s/step
on time step 61878 (time=644.562), 0.0219288 s/step
on time step 62061 (time=646.469), 0.0218978 s/step
on time step 62244 (time=648.375), 0.0218912 s/step
on time step 62427 (time=650.281), 0.0219272 s/step
on time step 62610 (time=652.188), 0.0219198 s/step
on time step 62793 (time=654.094), 0.0219182 s/step
on time step 62976 (time=656), 0.0218828 s/step
on time step 63159 (time=657.906), 0.0219147 s/step
on time step 63343 (time=659.823), 0.0218304 s/step
field decay(t = 660.3020833333333): 0.0027692965544796116 / 0.0027692965544796116 = 1.0
on time step 63526 (time=661.729), 0.0219073 s/step
on time step 63709 (time=663.635), 0.0218884 s/step
on time step 63892 (time=665.542), 0.0219274 s/step
on time step 64075 (time=667.448), 0.0218939 s/step
on time step 64258 (time=669.354), 0.0218827 s/step
on time step 64441 (time=671.26), 0.0218678 s/step
on time step 64624 (time=673.167), 0.021906 s/step
on time step 64807 (time=675.073), 0.0219143 s/step
on time step 64990 (time=676.979), 0.0218995 s/step
on time step 65173 (time=678.885), 0.0219183 s/step
field decay(t = 680.3125): 0.004064861626256277 / 0.004064861626256277 = 1.0
on time step 65356 (time=680.792), 0.0219196 s/step
on time step 65539 (time=682.698), 0.0218821 s/step
on time step 65722 (time=684.604), 0.0219142 s/step
on time step 65906 (time=686.521), 0.0218543 s/step
on time step 66089 (time=688.427), 0.0219195 s/step
on time step 66272 (time=690.333), 0.0218875 s/step
on time step 66455 (time=692.24), 0.0219306 s/step
on time step 66638 (time=694.146), 0.0218818 s/step
on time step 66821 (time=696.052), 0.0219098 s/step
on time step 67004 (time=697.958), 0.0218903 s/step
on time step 67187 (time=699.865), 0.0218921 s/step
field decay(t = 700.3229166666666): 0.005309402178793697 / 0.005309402178793697 = 1.0
on time step 67370 (time=701.771), 0.0218785 s/step
on time step 67553 (time=703.677), 0.021923 s/step
on time step 67736 (time=705.583), 0.0218839 s/step
on time step 67919 (time=707.49), 0.0218977 s/step
on time step 68102 (time=709.396), 0.0218653 s/step
on time step 68285 (time=711.302), 0.0219242 s/step
on time step 68468 (time=713.208), 0.0219107 s/step
on time step 68651 (time=715.115), 0.021881 s/step
on time step 68834 (time=717.021), 0.021911 s/step
on time step 69018 (time=718.938), 0.0218401 s/step
field decay(t = 720.3333333333333): 0.006811740217112441 / 0.006811740217112441 = 1.0
on time step 69201 (time=720.844), 0.0219152 s/step
on time step 69384 (time=722.75), 0.0219118 s/step
on time step 69567 (time=724.656), 0.0218912 s/step
on time step 69750 (time=726.562), 0.0219067 s/step
on time step 69933 (time=728.469), 0.0218976 s/step
on time step 70116 (time=730.375), 0.0218729 s/step
on time step 70299 (time=732.281), 0.021934 s/step
on time step 70482 (time=734.188), 0.0219213 s/step
on time step 70665 (time=736.094), 0.0219109 s/step
on time step 70848 (time=738), 0.0218827 s/step
on time step 71031 (time=739.906), 0.0218626 s/step
field decay(t = 740.34375): 0.00858260669543698 / 0.00858260669543698 = 1.0
on time step 71214 (time=741.812), 0.0218933 s/step
on time step 71397 (time=743.719), 0.0218851 s/step
on time step 71580 (time=745.625), 0.0219164 s/step
on time step 71763 (time=747.531), 0.0219069 s/step
on time step 71946 (time=749.438), 0.0218597 s/step
on time step 72129 (time=751.344), 0.0218842 s/step
on time step 72312 (time=753.25), 0.0218986 s/step
on time step 72495 (time=755.156), 0.0218596 s/step
on time step 72678 (time=757.062), 0.0219114 s/step
on time step 72861 (time=758.969), 0.0218623 s/step
field decay(t = 760.3541666666666): 0.011202930974689553 / 0.011202930974689553 = 1.0
on time step 73044 (time=760.875), 0.0219065 s/step
on time step 73227 (time=762.781), 0.0219166 s/step
on time step 73410 (time=764.688), 0.0219088 s/step
on time step 73593 (time=766.594), 0.0219401 s/step
on time step 73776 (time=768.5), 0.021933 s/step
on time step 73959 (time=770.406), 0.0218972 s/step
on time step 74142 (time=772.312), 0.0219565 s/step
on time step 74325 (time=774.219), 0.0219184 s/step
on time step 74508 (time=776.125), 0.0218669 s/step
on time step 74692 (time=778.042), 0.0218546 s/step
on time step 74876 (time=779.958), 0.0218562 s/step
field decay(t = 780.3645833333333): 0.013703432027658424 / 0.013703432027658424 = 1.0
on time step 75060 (time=781.875), 0.0218332 s/step
on time step 75244 (time=783.792), 0.0218298 s/step
on time step 75428 (time=785.708), 0.0218363 s/step
on time step 75611 (time=787.615), 0.0218807 s/step
on time step 75794 (time=789.521), 0.0218623 s/step
on time step 75977 (time=791.427), 0.0218667 s/step
on time step 76160 (time=793.333), 0.0218725 s/step
on time step 76344 (time=795.25), 0.0218449 s/step
on time step 76527 (time=797.156), 0.0218702 s/step
on time step 76710 (time=799.062), 0.0218604 s/step
field decay(t = 800.375): 0.016233941379588147 / 0.016233941379588147 = 1.0
on time step 76893 (time=800.969), 0.0218683 s/step
on time step 77077 (time=802.885), 0.0218287 s/step
on time step 77260 (time=804.792), 0.0218687 s/step
on time step 77444 (time=806.708), 0.0218123 s/step
on time step 77628 (time=808.625), 0.021779 s/step
on time step 77812 (time=810.542), 0.0218423 s/step
on time step 77996 (time=812.458), 0.0217956 s/step
on time step 78180 (time=814.375), 0.0218417 s/step
on time step 78364 (time=816.292), 0.0218551 s/step
on time step 78548 (time=818.208), 0.0218227 s/step
on time step 78732 (time=820.125), 0.0218443 s/step
field decay(t = 820.3854166666666): 0.018869996482057946 / 0.018869996482057946 = 1.0
on time step 78916 (time=822.042), 0.0218458 s/step
on time step 79100 (time=823.958), 0.0218468 s/step
on time step 79284 (time=825.875), 0.0218437 s/step
on time step 79468 (time=827.792), 0.021815 s/step
on time step 79652 (time=829.708), 0.0218204 s/step
on time step 79836 (time=831.625), 0.0218212 s/step
on time step 80019 (time=833.531), 0.0218764 s/step
on time step 80203 (time=835.448), 0.0218345 s/step
on time step 80387 (time=837.365), 0.0218357 s/step
on time step 80571 (time=839.281), 0.0218267 s/step
field decay(t = 840.3958333333333): 0.021514711929706793 / 0.021514711929706793 = 1.0
on time step 80755 (time=841.198), 0.0218518 s/step
on time step 80938 (time=843.104), 0.0218651 s/step
on time step 81122 (time=845.021), 0.0218054 s/step
on time step 81306 (time=846.938), 0.0218234 s/step
on time step 81489 (time=848.844), 0.0218584 s/step
on time step 81673 (time=850.76), 0.0217855 s/step
on time step 81857 (time=852.677), 0.0218535 s/step
on time step 82041 (time=854.594), 0.02185 s/step
on time step 82225 (time=856.51), 0.0218 s/step
on time step 82409 (time=858.427), 0.0218525 s/step
on time step 82593 (time=860.344), 0.0218226 s/step
field decay(t = 860.40625): 0.02485355676638993 / 0.02485355676638993 = 1.0
on time step 82776 (time=862.25), 0.0218887 s/step
on time step 82959 (time=864.156), 0.0218978 s/step
on time step 83142 (time=866.062), 0.0218899 s/step
on time step 83324 (time=867.958), 0.0220081 s/step
on time step 83508 (time=869.875), 0.0218547 s/step
on time step 83691 (time=871.781), 0.0218586 s/step
on time step 83875 (time=873.698), 0.0218442 s/step
on time step 84059 (time=875.615), 0.0217949 s/step
on time step 84243 (time=877.531), 0.0218476 s/step
on time step 84427 (time=879.448), 0.0218515 s/step
field decay(t = 880.4166666666666): 0.02705075217111437 / 0.02705075217111437 = 1.0
on time step 84611 (time=881.365), 0.0218381 s/step
on time step 84795 (time=883.281), 0.0218249 s/step
on time step 84979 (time=885.198), 0.0218162 s/step
on time step 85162 (time=887.104), 0.0219075 s/step
on time step 85345 (time=889.01), 0.0218704 s/step
on time step 85529 (time=890.927), 0.0218486 s/step
on time step 85712 (time=892.833), 0.0218743 s/step
on time step 85896 (time=894.75), 0.0218365 s/step
on time step 86080 (time=896.667), 0.021827 s/step
on time step 86264 (time=898.583), 0.0218359 s/step
field decay(t = 900.4270833333333): 0.0288394943027356 / 0.0288394943027356 = 1.0
on time step 86448 (time=900.5), 0.0218291 s/step
on time step 86632 (time=902.417), 0.0218448 s/step
on time step 86815 (time=904.323), 0.021863 s/step
on time step 86999 (time=906.24), 0.021837 s/step
on time step 87183 (time=908.156), 0.0218044 s/step
on time step 87367 (time=910.073), 0.0218069 s/step
on time step 87550 (time=911.979), 0.0218652 s/step
on time step 87734 (time=913.896), 0.0218513 s/step
on time step 87917 (time=915.802), 0.0219218 s/step
on time step 88100 (time=917.708), 0.0219033 s/step
on time step 88283 (time=919.615), 0.0219253 s/step
field decay(t = 920.4375): 0.0301003991615127 / 0.0301003991615127 = 1.0
on time step 88466 (time=921.521), 0.0219053 s/step
on time step 88649 (time=923.427), 0.0219077 s/step
on time step 88832 (time=925.333), 0.0219052 s/step
on time step 89015 (time=927.24), 0.0219042 s/step
on time step 89198 (time=929.146), 0.0219213 s/step
on time step 89381 (time=931.052), 0.0218932 s/step
on time step 89564 (time=932.958), 0.0219174 s/step
on time step 89746 (time=934.854), 0.0220086 s/step
on time step 89929 (time=936.76), 0.0219219 s/step
on time step 90112 (time=938.667), 0.0218922 s/step
field decay(t = 940.4479166666666): 0.030794895881331014 / 0.030794895881331014 = 1.0
on time step 90295 (time=940.573), 0.0219107 s/step
on time step 90478 (time=942.479), 0.0218639 s/step
on time step 90662 (time=944.396), 0.0218217 s/step
on time step 90846 (time=946.312), 0.0218298 s/step
on time step 91030 (time=948.229), 0.0218245 s/step
on time step 91214 (time=950.146), 0.0218381 s/step
on time step 91398 (time=952.062), 0.021859 s/step
on time step 91581 (time=953.969), 0.0218688 s/step
on time step 91765 (time=955.885), 0.0218508 s/step
on time step 91948 (time=957.792), 0.0218984 s/step
on time step 92131 (time=959.698), 0.0218628 s/step
field decay(t = 960.4583333333333): 0.03077597661724097 / 0.030794895881331014 = 0.9993856363676971
on time step 92314 (time=961.604), 0.0218767 s/step
on time step 92497 (time=963.51), 0.021861 s/step
on time step 92680 (time=965.417), 0.0218677 s/step
on time step 92863 (time=967.323), 0.0218764 s/step
on time step 93047 (time=969.24), 0.0218552 s/step
on time step 93230 (time=971.146), 0.0219212 s/step
on time step 93414 (time=973.062), 0.0218191 s/step
on time step 93598 (time=974.979), 0.0217998 s/step
on time step 93782 (time=976.896), 0.0217991 s/step
on time step 93965 (time=978.802), 0.0218783 s/step
field decay(t = 980.46875): 0.030240187882199388 / 0.030794895881331014 = 0.9819870149498408
on time step 94148 (time=980.708), 0.0219656 s/step
on time step 94330 (time=982.604), 0.0219826 s/step
on time step 94513 (time=984.51), 0.0219745 s/step
on time step 94695 (time=986.406), 0.021979 s/step
on time step 94878 (time=988.312), 0.0219639 s/step
on time step 95060 (time=990.208), 0.0219915 s/step
on time step 95243 (time=992.115), 0.0219751 s/step
on time step 95426 (time=994.021), 0.0219736 s/step
on time step 95609 (time=995.927), 0.0219571 s/step
on time step 95792 (time=997.833), 0.0219099 s/step
on time step 95975 (time=999.74), 0.0219464 s/step
field decay(t = 1000.4791666666666): 0.028994989767825777 / 0.030794895881331014 = 0.9415518038949953
on time step 96158 (time=1001.65), 0.0219664 s/step
on time step 96341 (time=1003.55), 0.0219783 s/step
on time step 96523 (time=1005.45), 0.0219954 s/step
on time step 96705 (time=1007.34), 0.0219796 s/step
on time step 96888 (time=1009.25), 0.0219619 s/step
on time step 97070 (time=1011.15), 0.0219962 s/step
on time step 97252 (time=1013.04), 0.0220132 s/step
on time step 97434 (time=1014.94), 0.0219845 s/step
on time step 97616 (time=1016.83), 0.0220118 s/step
on time step 97799 (time=1018.74), 0.0219737 s/step
field decay(t = 1020.4895833333333): 0.02709163821373584 / 0.030794895881331014 = 0.8797444329129808
on time step 97982 (time=1020.65), 0.0218886 s/step
on time step 98166 (time=1022.56), 0.0217914 s/step
on time step 98350 (time=1024.48), 0.0218489 s/step
on time step 98534 (time=1026.4), 0.0217944 s/step
on time step 98717 (time=1028.3), 0.0218827 s/step
on time step 98901 (time=1030.22), 0.0217887 s/step
on time step 99085 (time=1032.14), 0.0217767 s/step
on time step 99269 (time=1034.05), 0.0218463 s/step
on time step 99451 (time=1035.95), 0.0220586 s/step
on time step 99634 (time=1037.85), 0.0218873 s/step
on time step 99818 (time=1039.77), 0.0217989 s/step
field decay(t = 1040.4895833333333): 0.023700364873412254 / 0.030794895881331014 = 0.7696199059981326
on time step 100002 (time=1041.69), 0.021793 s/step
on time step 100186 (time=1043.6), 0.0218196 s/step
on time step 100370 (time=1045.52), 0.0217936 s/step
on time step 100554 (time=1047.44), 0.021773 s/step
on time step 100738 (time=1049.35), 0.0217744 s/step
on time step 100922 (time=1051.27), 0.0218013 s/step
on time step 101106 (time=1053.19), 0.0218032 s/step
on time step 101288 (time=1055.08), 0.0219988 s/step
on time step 101471 (time=1056.99), 0.0219771 s/step
on time step 101652 (time=1058.88), 0.0221367 s/step
field decay(t = 1060.5): 0.020695447645290615 / 0.030794895881331014 = 0.6720414878180169
on time step 101834 (time=1060.77), 0.022054 s/step
on time step 102016 (time=1062.67), 0.0220839 s/step
on time step 102198 (time=1064.56), 0.0219906 s/step
on time step 102380 (time=1066.46), 0.0220581 s/step
on time step 102562 (time=1068.35), 0.0220494 s/step
on time step 102746 (time=1070.27), 0.0218351 s/step
on time step 102930 (time=1072.19), 0.0217491 s/step
on time step 103113 (time=1074.09), 0.021901 s/step
on time step 103294 (time=1075.98), 0.0221085 s/step
on time step 103476 (time=1077.88), 0.0220738 s/step
on time step 103657 (time=1079.76), 0.0221195 s/step
field decay(t = 1080.5104166666665): 0.017477075626115404 / 0.030794895881331014 = 0.5675315706039014
on time step 103839 (time=1081.66), 0.0220819 s/step
on time step 104021 (time=1083.55), 0.0220209 s/step
on time step 104203 (time=1085.45), 0.0220253 s/step
on time step 104385 (time=1087.34), 0.0220831 s/step
on time step 104567 (time=1089.24), 0.0220889 s/step
on time step 104749 (time=1091.14), 0.0220742 s/step
on time step 104931 (time=1093.03), 0.022055 s/step
on time step 105113 (time=1094.93), 0.0219848 s/step
on time step 105297 (time=1096.84), 0.0218056 s/step
on time step 105481 (time=1098.76), 0.0218533 s/step
field decay(t = 1100.5208333333333): 0.014219262251833512 / 0.030794895881331014 = 0.46174087766452704
on time step 105665 (time=1100.68), 0.0217508 s/step
on time step 105848 (time=1102.58), 0.0219555 s/step
on time step 106032 (time=1104.5), 0.0217921 s/step
on time step 106215 (time=1106.41), 0.0219492 s/step
on time step 106399 (time=1108.32), 0.0218209 s/step
on time step 106583 (time=1110.24), 0.0217768 s/step
on time step 106768 (time=1112.17), 0.0217269 s/step
on time step 106952 (time=1114.08), 0.021765 s/step
on time step 107136 (time=1116), 0.021828 s/step
on time step 107320 (time=1117.92), 0.0218155 s/step
on time step 107505 (time=1119.84), 0.0216386 s/step
field decay(t = 1120.53125): 0.010540833820702955 / 0.030794895881331014 = 0.34229158823339917
on time step 107687 (time=1121.74), 0.0220821 s/step
on time step 107869 (time=1123.64), 0.0220755 s/step
on time step 108050 (time=1125.52), 0.0221075 s/step
on time step 108232 (time=1127.42), 0.0220901 s/step
on time step 108414 (time=1129.31), 0.0220801 s/step
on time step 108596 (time=1131.21), 0.0220952 s/step
on time step 108777 (time=1133.09), 0.0221002 s/step
on time step 108959 (time=1134.99), 0.0220845 s/step
on time step 109141 (time=1136.89), 0.0220335 s/step
on time step 109323 (time=1138.78), 0.0220347 s/step
field decay(t = 1140.5416666666665): 0.0073680663934895295 / 0.030794895881331014 = 0.23926258500378042
on time step 109505 (time=1140.68), 0.0220701 s/step
on time step 109687 (time=1142.57), 0.0220443 s/step
on time step 109868 (time=1144.46), 0.0221113 s/step
on time step 110050 (time=1146.35), 0.0220911 s/step
on time step 110232 (time=1148.25), 0.0220845 s/step
on time step 110414 (time=1150.15), 0.0220829 s/step
on time step 110596 (time=1152.04), 0.0220728 s/step
on time step 110777 (time=1153.93), 0.0221062 s/step
on time step 110959 (time=1155.82), 0.0220874 s/step
on time step 111141 (time=1157.72), 0.0220179 s/step
on time step 111323 (time=1159.61), 0.0220225 s/step
field decay(t = 1160.5520833333333): 0.005057799897452718 / 0.030794895881331014 = 0.16424150018051986
on time step 111505 (time=1161.51), 0.0220346 s/step
on time step 111687 (time=1163.41), 0.0220013 s/step
on time step 111869 (time=1165.3), 0.0220203 s/step
on time step 112051 (time=1167.2), 0.0219928 s/step
on time step 112233 (time=1169.09), 0.0220026 s/step
on time step 112416 (time=1171), 0.0219563 s/step
on time step 112599 (time=1172.91), 0.0219543 s/step
on time step 112781 (time=1174.8), 0.0220099 s/step
on time step 112963 (time=1176.7), 0.0219892 s/step
on time step 113145 (time=1178.59), 0.0219941 s/step
on time step 113327 (time=1180.49), 0.0220059 s/step
field decay(t = 1180.5625): 0.003234375017344868 / 0.030794895881331014 = 0.10502958119451425
on time step 113510 (time=1182.4), 0.0219587 s/step
on time step 113692 (time=1184.29), 0.0220042 s/step
on time step 113874 (time=1186.19), 0.0220048 s/step
on time step 114056 (time=1188.08), 0.0220489 s/step
on time step 114238 (time=1189.98), 0.0220159 s/step
on time step 114420 (time=1191.88), 0.022015 s/step
on time step 114602 (time=1193.77), 0.0219925 s/step
on time step 114784 (time=1195.67), 0.0220119 s/step
on time step 114967 (time=1197.57), 0.0219438 s/step
on time step 115149 (time=1199.47), 0.0220376 s/step
field decay(t = 1200.5729166666665): 0.0015906693331925357 / 0.030794895881331014 = 0.05165366817027809
on time step 115332 (time=1201.38), 0.0219023 s/step
on time step 115514 (time=1203.27), 0.02206 s/step
on time step 115696 (time=1205.17), 0.0219824 s/step
on time step 115875 (time=1207.03), 0.02238 s/step
on time step 116053 (time=1208.89), 0.0225468 s/step
on time step 116230 (time=1210.73), 0.022642 s/step
on time step 116407 (time=1212.57), 0.0226927 s/step
on time step 116584 (time=1214.42), 0.0226643 s/step
on time step 116761 (time=1216.26), 0.0226692 s/step
on time step 116938 (time=1218.1), 0.0226741 s/step
on time step 117115 (time=1219.95), 0.0227011 s/step
field decay(t = 1220.5833333333333): 0.0009135000650252646 / 0.030794895881331014 = 0.029664008884636675
on time step 117292 (time=1221.79), 0.0227234 s/step
on time step 117468 (time=1223.62), 0.0227669 s/step
on time step 117645 (time=1225.47), 0.0227001 s/step
on time step 117822 (time=1227.31), 0.0226876 s/step
on time step 117999 (time=1229.16), 0.0226997 s/step
on time step 118176 (time=1231), 0.0226863 s/step
on time step 118353 (time=1232.84), 0.0226861 s/step
on time step 118530 (time=1234.69), 0.0227136 s/step
on time step 118706 (time=1236.52), 0.0227746 s/step
on time step 118882 (time=1238.35), 0.0227428 s/step
on time step 119058 (time=1240.19), 0.0227432 s/step
field decay(t = 1240.59375): 0.0006877157019229539 / 0.030794895881331014 = 0.0223321327200808
on time step 119234 (time=1242.02), 0.0227453 s/step
on time step 119410 (time=1243.85), 0.0227738 s/step
on time step 119586 (time=1245.69), 0.0227509 s/step
on time step 119763 (time=1247.53), 0.0226441 s/step
on time step 119941 (time=1249.39), 0.022564 s/step
on time step 120118 (time=1251.23), 0.0226255 s/step
on time step 120296 (time=1253.08), 0.0225925 s/step
on time step 120474 (time=1254.94), 0.0225965 s/step
on time step 120652 (time=1256.79), 0.0225925 s/step
on time step 120829 (time=1258.64), 0.0226116 s/step
on time step 121006 (time=1260.48), 0.0226109 s/step
field decay(t = 1260.6041666666665): 0.0009813930293244909 / 0.030794895881331014 = 0.031868691263198815
on time step 121183 (time=1262.32), 0.0226005 s/step
on time step 121360 (time=1264.17), 0.0226089 s/step
on time step 121537 (time=1266.01), 0.0226351 s/step
on time step 121714 (time=1267.85), 0.0226201 s/step
on time step 121891 (time=1269.7), 0.0226113 s/step
on time step 122069 (time=1271.55), 0.0225831 s/step
on time step 122247 (time=1273.41), 0.0225692 s/step
on time step 122424 (time=1275.25), 0.0226304 s/step
on time step 122601 (time=1277.09), 0.022672 s/step
on time step 122778 (time=1278.94), 0.0226753 s/step
field decay(t = 1280.6145833333333): 0.0014448729993733643 / 0.030794895881331014 = 0.046919236387134494
on time step 122955 (time=1280.78), 0.0226629 s/step
on time step 123132 (time=1282.62), 0.0226436 s/step
on time step 123309 (time=1284.47), 0.0226741 s/step
on time step 123486 (time=1286.31), 0.0226553 s/step
on time step 123663 (time=1288.16), 0.0226629 s/step
on time step 123840 (time=1290), 0.0226676 s/step
on time step 124017 (time=1291.84), 0.0226316 s/step
on time step 124194 (time=1293.69), 0.0226286 s/step
on time step 124371 (time=1295.53), 0.0226393 s/step
on time step 124547 (time=1297.36), 0.0227692 s/step
on time step 124723 (time=1299.2), 0.0227951 s/step
field decay(t = 1300.625): 0.0021870352199293845 / 0.030794895881331014 = 0.07101940621449689
on time step 124899 (time=1301.03), 0.0227921 s/step
on time step 125075 (time=1302.86), 0.0227883 s/step
on time step 125251 (time=1304.7), 0.0227482 s/step
on time step 125427 (time=1306.53), 0.0227635 s/step
on time step 125603 (time=1308.36), 0.0227889 s/step
on time step 125779 (time=1310.2), 0.0227566 s/step
on time step 125955 (time=1312.03), 0.0227966 s/step
on time step 126131 (time=1313.86), 0.0227633 s/step
on time step 126307 (time=1315.7), 0.0227974 s/step
on time step 126483 (time=1317.53), 0.0228051 s/step
on time step 126659 (time=1319.36), 0.0227862 s/step
field decay(t = 1320.6354166666665): 0.002741773423761364 / 0.030794895881331014 = 0.08903337209928762
on time step 126835 (time=1321.2), 0.0227425 s/step
on time step 127011 (time=1323.03), 0.0227538 s/step
on time step 127187 (time=1324.86), 0.0227877 s/step
on time step 127363 (time=1326.7), 0.0227792 s/step
on time step 127539 (time=1328.53), 0.0227476 s/step
on time step 127715 (time=1330.36), 0.0227807 s/step
on time step 127891 (time=1332.2), 0.0227479 s/step
on time step 128068 (time=1334.04), 0.0226731 s/step
on time step 128244 (time=1335.88), 0.0227465 s/step
on time step 128419 (time=1337.7), 0.0229201 s/step
on time step 128594 (time=1339.52), 0.0228981 s/step
field decay(t = 1340.6458333333333): 0.0032315115810216347 / 0.030794895881331014 = 0.10493659707356551
on time step 128771 (time=1341.36), 0.0227111 s/step
on time step 128948 (time=1343.21), 0.0226823 s/step
on time step 129128 (time=1345.08), 0.0223202 s/step
on time step 129307 (time=1346.95), 0.0224088 s/step
on time step 129489 (time=1348.84), 0.0220205 s/step
on time step 129672 (time=1350.75), 0.021961 s/step
on time step 129855 (time=1352.66), 0.0218779 s/step
on time step 130039 (time=1354.57), 0.0218535 s/step
on time step 130224 (time=1356.5), 0.0217377 s/step
on time step 130407 (time=1358.41), 0.0218607 s/step
on time step 130590 (time=1360.31), 0.0218847 s/step
field decay(t = 1360.65625): 0.0036186181612780427 / 0.030794895881331014 = 0.11750707569275402
on time step 130773 (time=1362.22), 0.021893 s/step
on time step 130957 (time=1364.14), 0.0218481 s/step
on time step 131141 (time=1366.05), 0.0218491 s/step
on time step 131324 (time=1367.96), 0.0218712 s/step
on time step 131508 (time=1369.88), 0.0218387 s/step
on time step 131692 (time=1371.79), 0.0218021 s/step
on time step 131877 (time=1373.72), 0.0216433 s/step
on time step 132061 (time=1375.64), 0.0217424 s/step
on time step 132245 (time=1377.55), 0.021749 s/step
on time step 132429 (time=1379.47), 0.0217497 s/step
field decay(t = 1380.6666666666665): 0.003942998980811621 / 0.030794895881331014 = 0.12804066608979867
on time step 132614 (time=1381.4), 0.0217093 s/step
on time step 132798 (time=1383.31), 0.0217519 s/step
on time step 132982 (time=1385.23), 0.0218309 s/step
on time step 133167 (time=1387.16), 0.0217206 s/step
on time step 133354 (time=1389.1), 0.021403 s/step
on time step 133543 (time=1391.07), 0.0212674 s/step
on time step 133732 (time=1393.04), 0.0212652 s/step
on time step 133921 (time=1395.01), 0.0212747 s/step
on time step 134109 (time=1396.97), 0.021313 s/step
on time step 134297 (time=1398.93), 0.0213219 s/step
field decay(t = 1400.6770833333333): 0.004039761703298682 / 0.030794895881331014 = 0.1311828336379514
on time step 134485 (time=1400.89), 0.02129 s/step
on time step 134673 (time=1402.84), 0.0213007 s/step
on time step 134861 (time=1404.8), 0.0212776 s/step
on time step 135046 (time=1406.73), 0.021727 s/step
on time step 135230 (time=1408.65), 0.0218241 s/step
on time step 135414 (time=1410.56), 0.0217593 s/step
on time step 135598 (time=1412.48), 0.0218141 s/step
on time step 135785 (time=1414.43), 0.0214217 s/step
on time step 135970 (time=1416.35), 0.0217059 s/step
on time step 136155 (time=1418.28), 0.0217239 s/step
on time step 136341 (time=1420.22), 0.0216031 s/step
field decay(t = 1420.6875): 0.00404588601574519 / 0.030794895881331014 = 0.13138170790822362
on time step 136526 (time=1422.15), 0.0217151 s/step
on time step 136710 (time=1424.06), 0.0218025 s/step
on time step 136894 (time=1425.98), 0.0217863 s/step
on time step 137078 (time=1427.9), 0.0218143 s/step
on time step 137262 (time=1429.81), 0.0218007 s/step
on time step 137451 (time=1431.78), 0.0212744 s/step
on time step 137640 (time=1433.75), 0.0212361 s/step
on time step 137829 (time=1435.72), 0.0212454 s/step
on time step 138018 (time=1437.69), 0.0212408 s/step
on time step 138207 (time=1439.66), 0.0212346 s/step
field decay(t = 1440.6979166666665): 0.003994536781090873 / 0.030794895881331014 = 0.12971424863665498
on time step 138396 (time=1441.62), 0.0212427 s/step
on time step 138585 (time=1443.59), 0.0212484 s/step
on time step 138774 (time=1445.56), 0.0212408 s/step
on time step 138963 (time=1447.53), 0.0212341 s/step
on time step 139152 (time=1449.5), 0.021234 s/step
on time step 139341 (time=1451.47), 0.0212597 s/step
on time step 139530 (time=1453.44), 0.0212315 s/step
on time step 139719 (time=1455.41), 0.0212368 s/step
on time step 139908 (time=1457.38), 0.0212516 s/step
on time step 140097 (time=1459.34), 0.0212536 s/step
field decay(t = 1460.7083333333333): 0.0038552649072218378 / 0.030794895881331014 = 0.12519168507918352
on time step 140286 (time=1461.31), 0.0212653 s/step
on time step 140475 (time=1463.28), 0.0212448 s/step
on time step 140664 (time=1465.25), 0.0212338 s/step
on time step 140850 (time=1467.19), 0.0215729 s/step
on time step 141035 (time=1469.11), 0.0217135 s/step
on time step 141220 (time=1471.04), 0.0217227 s/step
on time step 141405 (time=1472.97), 0.0216944 s/step
on time step 141590 (time=1474.9), 0.0217193 s/step
on time step 141775 (time=1476.82), 0.0216442 s/step
on time step 141960 (time=1478.75), 0.0216818 s/step
on time step 142145 (time=1480.68), 0.0217188 s/step
field decay(t = 1480.71875): 0.0036511700756795985 / 0.030794895881331014 = 0.11856413120373856
on time step 142331 (time=1482.61), 0.021594 s/step
on time step 142516 (time=1484.54), 0.0217105 s/step
on time step 142701 (time=1486.47), 0.0217206 s/step
on time step 142886 (time=1488.4), 0.0217259 s/step
on time step 143070 (time=1490.31), 0.0217555 s/step
on time step 143254 (time=1492.23), 0.0217543 s/step
on time step 143438 (time=1494.15), 0.021789 s/step
on time step 143623 (time=1496.07), 0.021659 s/step
on time step 143808 (time=1498), 0.0216924 s/step
on time step 143993 (time=1499.93), 0.0216549 s/step
field decay(t = 1500.7291666666665): 0.0033178736560116984 / 0.030794895881331014 = 0.10774102529189307
on time step 144178 (time=1501.85), 0.0217175 s/step
on time step 144363 (time=1503.78), 0.0216358 s/step
on time step 144547 (time=1505.7), 0.0218444 s/step
on time step 144730 (time=1507.6), 0.0219101 s/step
on time step 144913 (time=1509.51), 0.0219313 s/step
on time step 145096 (time=1511.42), 0.021864 s/step
on time step 145279 (time=1513.32), 0.0218961 s/step
on time step 145463 (time=1515.24), 0.0217943 s/step
on time step 145647 (time=1517.16), 0.021773 s/step
on time step 145831 (time=1519.07), 0.0217753 s/step
field decay(t = 1520.7395833333333): 0.0030484754304411243 / 0.030794895881331014 = 0.09899287993011922
on time step 146015 (time=1520.99), 0.0218384 s/step
on time step 146198 (time=1522.9), 0.0219174 s/step
on time step 146383 (time=1524.82), 0.021695 s/step
on time step 146566 (time=1526.73), 0.0218611 s/step
on time step 146750 (time=1528.65), 0.0217621 s/step
on time step 146935 (time=1530.57), 0.0217114 s/step
on time step 147118 (time=1532.48), 0.0218981 s/step
on time step 147302 (time=1534.4), 0.0217719 s/step
on time step 147485 (time=1536.3), 0.0219025 s/step
on time step 147668 (time=1538.21), 0.0219021 s/step
on time step 147852 (time=1540.12), 0.0218581 s/step
field decay(t = 1540.75): 0.002780757569564426 / 0.030794895881331014 = 0.09029930090623305
on time step 148035 (time=1542.03), 0.0219112 s/step
on time step 148218 (time=1543.94), 0.0218892 s/step
on time step 148401 (time=1545.84), 0.0219446 s/step
on time step 148584 (time=1547.75), 0.0219556 s/step
on time step 148767 (time=1549.66), 0.0219292 s/step
on time step 148950 (time=1551.56), 0.0218876 s/step
on time step 149133 (time=1553.47), 0.0219183 s/step
on time step 149316 (time=1555.38), 0.0219328 s/step
on time step 149499 (time=1557.28), 0.0219362 s/step
on time step 149682 (time=1559.19), 0.0219321 s/step
field decay(t = 1560.7604166666665): 0.00252677624490011 / 0.030794895881331014 = 0.0820517872389344
on time step 149866 (time=1561.1), 0.0218481 s/step
on time step 150049 (time=1563.01), 0.0219514 s/step
on time step 150232 (time=1564.92), 0.0219165 s/step
on time step 150415 (time=1566.82), 0.0219379 s/step
on time step 150598 (time=1568.73), 0.0219457 s/step
on time step 150781 (time=1570.64), 0.0219029 s/step
on time step 150964 (time=1572.54), 0.021924 s/step
on time step 151147 (time=1574.45), 0.0218624 s/step
on time step 151331 (time=1576.36), 0.0218355 s/step
on time step 151515 (time=1578.28), 0.0218173 s/step
on time step 151699 (time=1580.2), 0.0218235 s/step
field decay(t = 1580.7708333333333): 0.0022813781059329253 / 0.030794895881331014 = 0.07408299462106575
on time step 151882 (time=1582.1), 0.0219437 s/step
on time step 152065 (time=1584.01), 0.0219401 s/step
on time step 152248 (time=1585.92), 0.0218765 s/step
on time step 152431 (time=1587.82), 0.0218768 s/step
on time step 152619 (time=1589.78), 0.0213615 s/step
on time step 152802 (time=1591.69), 0.0219209 s/step
on time step 152985 (time=1593.59), 0.0218965 s/step
on time step 153168 (time=1595.5), 0.0219207 s/step
on time step 153351 (time=1597.41), 0.0219217 s/step
on time step 153535 (time=1599.32), 0.0217482 s/step
field decay(t = 1600.78125): 0.002025851147371849 / 0.030794895881331014 = 0.06578528971744288
on time step 153718 (time=1601.23), 0.0219639 s/step
on time step 153901 (time=1603.14), 0.0218976 s/step
on time step 154084 (time=1605.04), 0.0219479 s/step
on time step 154267 (time=1606.95), 0.0218634 s/step
on time step 154450 (time=1608.85), 0.0218984 s/step
on time step 154633 (time=1610.76), 0.0219529 s/step
on time step 154816 (time=1612.67), 0.0219303 s/step
on time step 154999 (time=1614.57), 0.021925 s/step
on time step 155182 (time=1616.48), 0.0219495 s/step
on time step 155365 (time=1618.39), 0.0219282 s/step
on time step 155548 (time=1620.29), 0.021944 s/step
field decay(t = 1620.7916666666665): 0.0018565366351842474 / 0.030794895881331014 = 0.06028715415497629
on time step 155732 (time=1622.21), 0.0218305 s/step
on time step 155915 (time=1624.11), 0.0219123 s/step
on time step 156098 (time=1626.02), 0.021938 s/step
on time step 156281 (time=1627.93), 0.0219126 s/step
on time step 156464 (time=1629.83), 0.0218889 s/step
on time step 156648 (time=1631.75), 0.021855 s/step
on time step 156832 (time=1633.67), 0.0218357 s/step
on time step 157015 (time=1635.57), 0.0219554 s/step
on time step 157199 (time=1637.49), 0.0218296 s/step
on time step 157382 (time=1639.4), 0.0219288 s/step
field decay(t = 1640.8020833333333): 0.001713587712238284 / 0.030794895881331014 = 0.05564518609972385
on time step 157565 (time=1641.3), 0.0219356 s/step
on time step 157748 (time=1643.21), 0.0218663 s/step
on time step 157931 (time=1645.11), 0.0219529 s/step
on time step 158114 (time=1647.02), 0.0219538 s/step
on time step 158297 (time=1648.93), 0.0219084 s/step
on time step 158480 (time=1650.83), 0.0219572 s/step
on time step 158664 (time=1652.75), 0.0218104 s/step
on time step 158849 (time=1654.68), 0.0217171 s/step
on time step 159034 (time=1656.6), 0.0216694 s/step
on time step 159220 (time=1658.54), 0.0215668 s/step
on time step 159405 (time=1660.47), 0.0216293 s/step
field decay(t = 1660.8125): 0.0015944768908785413 / 0.030794895881331014 = 0.05177731066287421
on time step 159590 (time=1662.4), 0.0216705 s/step
on time step 159775 (time=1664.32), 0.0216287 s/step
on time step 159960 (time=1666.25), 0.021632 s/step
on time step 160146 (time=1668.19), 0.0215799 s/step
on time step 160332 (time=1670.12), 0.0216178 s/step
on time step 160518 (time=1672.06), 0.0215796 s/step
on time step 160703 (time=1673.99), 0.0216552 s/step
on time step 160888 (time=1675.92), 0.021718 s/step
on time step 161074 (time=1677.85), 0.021608 s/step
on time step 161259 (time=1679.78), 0.0216573 s/step
field decay(t = 1680.8229166666665): 0.0014960159759908676 / 0.030794895881331014 = 0.04857999785924936
on time step 161444 (time=1681.71), 0.0216728 s/step
on time step 161629 (time=1683.64), 0.0216519 s/step
on time step 161815 (time=1685.57), 0.0216121 s/step
on time step 162000 (time=1687.5), 0.0216294 s/step
on time step 162185 (time=1689.43), 0.0216382 s/step
on time step 162370 (time=1691.35), 0.0216555 s/step
on time step 162554 (time=1693.27), 0.0217644 s/step
on time step 162739 (time=1695.2), 0.0216564 s/step
on time step 162924 (time=1697.12), 0.0216606 s/step
on time step 163109 (time=1699.05), 0.0216885 s/step
field decay(t = 1700.8333333333333): 0.0013910257125261563 / 0.030794895881331014 = 0.045170658081992304
on time step 163293 (time=1700.97), 0.0218327 s/step
on time step 163477 (time=1702.89), 0.0218501 s/step
on time step 163660 (time=1704.79), 0.0218609 s/step
on time step 163843 (time=1706.7), 0.0219096 s/step
on time step 164026 (time=1708.6), 0.0218695 s/step
on time step 164210 (time=1710.52), 0.0217699 s/step
on time step 164393 (time=1712.43), 0.0219213 s/step
on time step 164576 (time=1714.33), 0.0219519 s/step
on time step 164759 (time=1716.24), 0.0219247 s/step
on time step 164942 (time=1718.15), 0.0218778 s/step
on time step 165125 (time=1720.05), 0.0219438 s/step
field decay(t = 1720.84375): 0.0013277992304220043 / 0.030794895881331014 = 0.043117509977585754
on time step 165308 (time=1721.96), 0.0219552 s/step
on time step 165491 (time=1723.86), 0.0219304 s/step
on time step 165674 (time=1725.77), 0.0218893 s/step
on time step 165857 (time=1727.68), 0.0219337 s/step
on time step 166040 (time=1729.58), 0.0219264 s/step
on time step 166223 (time=1731.49), 0.0219608 s/step
on time step 166406 (time=1733.4), 0.0219037 s/step
on time step 166590 (time=1735.31), 0.0217602 s/step
on time step 166772 (time=1737.21), 0.0219886 s/step
on time step 166960 (time=1739.17), 0.0213335 s/step
field decay(t = 1740.8541666666665): 0.001274713736445874 / 0.030794895881331014 = 0.041393669306693505
on time step 167148 (time=1741.12), 0.0212819 s/step
on time step 167336 (time=1743.08), 0.0212991 s/step
on time step 167524 (time=1745.04), 0.0212947 s/step
on time step 167712 (time=1747), 0.0212986 s/step
on time step 167900 (time=1748.96), 0.0212853 s/step
on time step 168088 (time=1750.92), 0.021298 s/step
on time step 168276 (time=1752.88), 0.0212922 s/step
on time step 168464 (time=1754.83), 0.021282 s/step
on time step 168652 (time=1756.79), 0.0212922 s/step
on time step 168840 (time=1758.75), 0.0212972 s/step
on time step 169028 (time=1760.71), 0.0212887 s/step
field decay(t = 1760.8645833333333): 0.0012293947805096742 / 0.030794895881331014 = 0.03992203075623899
on time step 169216 (time=1762.67), 0.0212836 s/step
on time step 169404 (time=1764.62), 0.0212804 s/step
on time step 169592 (time=1766.58), 0.0212922 s/step
on time step 169780 (time=1768.54), 0.0212927 s/step
on time step 169968 (time=1770.5), 0.0212873 s/step
on time step 170156 (time=1772.46), 0.021286 s/step
on time step 170344 (time=1774.42), 0.0213023 s/step
on time step 170532 (time=1776.38), 0.0212805 s/step
on time step 170720 (time=1778.33), 0.0212895 s/step
on time step 170908 (time=1780.29), 0.0212849 s/step
field decay(t = 1780.875): 0.001189922202824275 / 0.030794895881331014 = 0.03864024114287228
on time step 171096 (time=1782.25), 0.0213149 s/step
on time step 171284 (time=1784.21), 0.0212865 s/step
on time step 171472 (time=1786.17), 0.0212791 s/step
on time step 171661 (time=1788.14), 0.0212766 s/step
on time step 171849 (time=1790.09), 0.0212886 s/step
on time step 172037 (time=1792.05), 0.0212827 s/step
on time step 172225 (time=1794.01), 0.0212863 s/step
on time step 172413 (time=1795.97), 0.021278 s/step
on time step 172601 (time=1797.93), 0.0212772 s/step
on time step 172789 (time=1799.89), 0.0212839 s/step
field decay(t = 1800.8854166666665): 0.0011438821737873035 / 0.030794895881331014 = 0.03714518724775967
on time step 172977 (time=1801.84), 0.0212795 s/step
on time step 173165 (time=1803.8), 0.0212802 s/step
on time step 173353 (time=1805.76), 0.0213085 s/step
on time step 173541 (time=1807.72), 0.0213211 s/step
on time step 173729 (time=1809.68), 0.0213218 s/step
on time step 173911 (time=1811.57), 0.0220443 s/step
on time step 174091 (time=1813.45), 0.0223282 s/step
on time step 174270 (time=1815.31), 0.0223625 s/step
on time step 174450 (time=1817.19), 0.0223225 s/step
on time step 174630 (time=1819.06), 0.0223382 s/step
field decay(t = 1820.8958333333333): 0.0011129124816720087 / 0.030794895881331014 = 0.036139511104718386
on time step 174809 (time=1820.93), 0.0223579 s/step
on time step 174989 (time=1822.8), 0.022343 s/step
on time step 175169 (time=1824.68), 0.0223274 s/step
on time step 175348 (time=1826.54), 0.022347 s/step
on time step 175527 (time=1828.41), 0.0223582 s/step
on time step 175707 (time=1830.28), 0.0223395 s/step
on time step 175887 (time=1832.16), 0.0223379 s/step
on time step 176066 (time=1834.02), 0.0223486 s/step
on time step 176246 (time=1835.9), 0.0223213 s/step
on time step 176426 (time=1837.77), 0.0223421 s/step
on time step 176606 (time=1839.65), 0.022334 s/step
field decay(t = 1840.90625): 0.0010841578348161297 / 0.030794895881331014 = 0.035205763935489895
on time step 176786 (time=1841.52), 0.0223293 s/step
on time step 176966 (time=1843.4), 0.0223381 s/step
on time step 177145 (time=1845.26), 0.0224326 s/step
on time step 177324 (time=1847.12), 0.0223473 s/step
on time step 177504 (time=1849), 0.0223293 s/step
on time step 177684 (time=1850.88), 0.0223254 s/step
on time step 177863 (time=1852.74), 0.0223598 s/step
on time step 178043 (time=1854.61), 0.0223382 s/step
on time step 178223 (time=1856.49), 0.0223302 s/step
on time step 178402 (time=1858.35), 0.0223543 s/step
on time step 178582 (time=1860.23), 0.0223338 s/step
field decay(t = 1860.9166666666665): 0.0010571125898591039 / 0.030794895881331014 = 0.03432752602680381
on time step 178761 (time=1862.09), 0.0223467 s/step
on time step 178941 (time=1863.97), 0.0223245 s/step
on time step 179121 (time=1865.84), 0.0223237 s/step
on time step 179300 (time=1867.71), 0.0223494 s/step
on time step 179480 (time=1869.58), 0.022329 s/step
on time step 179659 (time=1871.45), 0.0223532 s/step
on time step 179839 (time=1873.32), 0.022335 s/step
on time step 180019 (time=1875.2), 0.0223455 s/step
on time step 180199 (time=1877.07), 0.0223422 s/step
on time step 180379 (time=1878.95), 0.0223444 s/step
on time step 180559 (time=1880.82), 0.0222409 s/step
field decay(t = 1880.9270833333333): 0.0010314279072777557 / 0.030794895881331014 = 0.033493469542887615
on time step 180740 (time=1882.71), 0.022188 s/step
on time step 180921 (time=1884.59), 0.0222027 s/step
on time step 181101 (time=1886.47), 0.0222563 s/step
on time step 181281 (time=1888.34), 0.0222794 s/step
on time step 181461 (time=1890.22), 0.0222923 s/step
on time step 181641 (time=1892.09), 0.0222441 s/step
on time step 181821 (time=1893.97), 0.0222637 s/step
on time step 182001 (time=1895.84), 0.0222751 s/step
on time step 182181 (time=1897.72), 0.0222704 s/step
on time step 182361 (time=1899.59), 0.0222519 s/step
field decay(t = 1900.9375): 0.0009989078123600029 / 0.030794895881331014 = 0.032437447303258364
on time step 182541 (time=1901.47), 0.0222555 s/step
on time step 182721 (time=1903.34), 0.0222312 s/step
on time step 182902 (time=1905.23), 0.0222015 s/step
on time step 183083 (time=1907.11), 0.0222017 s/step
on time step 183263 (time=1908.99), 0.0222225 s/step
on time step 183444 (time=1910.88), 0.0222092 s/step
on time step 183625 (time=1912.76), 0.0221809 s/step
on time step 183806 (time=1914.65), 0.0221795 s/step
on time step 183986 (time=1916.52), 0.0222288 s/step
on time step 184167 (time=1918.41), 0.0221871 s/step
on time step 184348 (time=1920.29), 0.022175 s/step
field decay(t = 1920.9479166666665): 0.0009756269840677069 / 0.030794895881331014 = 0.031681450972502474
on time step 184529 (time=1922.18), 0.0221743 s/step
on time step 184710 (time=1924.06), 0.0221132 s/step
on time step 184892 (time=1925.96), 0.0220497 s/step
on time step 185074 (time=1927.85), 0.0220708 s/step
on time step 185256 (time=1929.75), 0.0220894 s/step
on time step 185438 (time=1931.65), 0.0220761 s/step
on time step 185620 (time=1933.54), 0.0220543 s/step
on time step 185802 (time=1935.44), 0.0220967 s/step
on time step 185984 (time=1937.33), 0.0220877 s/step
on time step 186166 (time=1939.23), 0.0220766 s/step
field decay(t = 1940.9583333333333): 0.0009531879112273786 / 0.030794895881331014 = 0.030952788893994467
on time step 186348 (time=1941.12), 0.0220811 s/step
on time step 186530 (time=1943.02), 0.0220633 s/step
on time step 186711 (time=1944.91), 0.0221076 s/step
on time step 186893 (time=1946.8), 0.0220942 s/step
on time step 187074 (time=1948.69), 0.0221727 s/step
on time step 187255 (time=1950.57), 0.0221565 s/step
on time step 187436 (time=1952.46), 0.0221892 s/step
on time step 187617 (time=1954.34), 0.0222001 s/step
on time step 187798 (time=1956.23), 0.0222109 s/step
on time step 187979 (time=1958.11), 0.0222137 s/step
on time step 188160 (time=1960), 0.0222156 s/step
field decay(t = 1960.96875): 0.0009315295174733532 / 0.030794895881331014 = 0.030249477740175775
on time step 188340 (time=1961.88), 0.0222327 s/step
on time step 188520 (time=1963.75), 0.0222368 s/step
on time step 188701 (time=1965.64), 0.0222032 s/step
on time step 188882 (time=1967.52), 0.0222031 s/step
on time step 189063 (time=1969.41), 0.0222098 s/step
on time step 189243 (time=1971.28), 0.0222451 s/step
on time step 189423 (time=1973.16), 0.0222337 s/step
on time step 189604 (time=1975.04), 0.0221733 s/step
on time step 189788 (time=1976.96), 0.0218518 s/step
on time step 189976 (time=1978.92), 0.0213702 s/step
on time step 190164 (time=1980.88), 0.0213642 s/step
field decay(t = 1980.9791666666665): 0.0009105962080688932 / 0.030794895881331014 = 0.02956971218795157
on time step 190352 (time=1982.83), 0.0213223 s/step
on time step 190540 (time=1984.79), 0.0213736 s/step
on time step 190727 (time=1986.74), 0.0214661 s/step
on time step 190914 (time=1988.69), 0.0214829 s/step
on time step 191097 (time=1990.59), 0.0219431 s/step
on time step 191281 (time=1992.51), 0.0218599 s/step
on time step 191464 (time=1994.42), 0.0219032 s/step
on time step 191647 (time=1996.32), 0.0218827 s/step
on time step 191830 (time=1998.23), 0.0218837 s/step
on time step 192013 (time=2000.14), 0.0219115 s/step
field decay(t = 2000.9895833333333): 0.0008837620274642712 / 0.030794895881331014 = 0.02869832815379122
on time step 192196 (time=2002.04), 0.0219053 s/step
on time step 192380 (time=2003.96), 0.0217958 s/step
on time step 192568 (time=2005.92), 0.0212886 s/step
on time step 192756 (time=2007.88), 0.0212908 s/step
on time step 192944 (time=2009.83), 0.021297 s/step
on time step 193132 (time=2011.79), 0.021288 s/step
on time step 193321 (time=2013.76), 0.0212743 s/step
on time step 193509 (time=2015.72), 0.0213021 s/step
on time step 193697 (time=2017.68), 0.0212954 s/step
on time step 193885 (time=2019.64), 0.0212784 s/step
field decay(t = 2021.0): 0.0008643844161034664 / 0.030794895881331014 = 0.02806908065006603
on time step 194073 (time=2021.59), 0.0213043 s/step
on time step 194260 (time=2023.54), 0.0214169 s/step
on time step 194448 (time=2025.5), 0.0213609 s/step
on time step 194636 (time=2027.46), 0.0213867 s/step
on time step 194825 (time=2029.43), 0.0212721 s/step
on time step 195013 (time=2031.39), 0.0213569 s/step
on time step 195201 (time=2033.34), 0.0213347 s/step
on time step 195390 (time=2035.31), 0.0212634 s/step
on time step 195578 (time=2037.27), 0.0213243 s/step
on time step 195766 (time=2039.23), 0.0213278 s/step
field decay(t = 2041.0104166666665): 0.0008456208677921923 / 0.030794895881331014 = 0.027459773562827288
on time step 195954 (time=2041.19), 0.021344 s/step
on time step 196140 (time=2043.12), 0.0215164 s/step
on time step 196327 (time=2045.07), 0.0214011 s/step
on time step 196515 (time=2047.03), 0.0213163 s/step
on time step 196703 (time=2048.99), 0.0213575 s/step
on time step 196891 (time=2050.95), 0.0213658 s/step
on time step 197079 (time=2052.91), 0.0213178 s/step
on time step 197265 (time=2054.84), 0.0215156 s/step
on time step 197452 (time=2056.79), 0.0215031 s/step
on time step 197641 (time=2058.76), 0.0212632 s/step
on time step 197830 (time=2060.73), 0.0212059 s/step
field decay(t = 2061.0104166666665): 0.0008274367967354888 / 0.030794895881331014 = 0.02686928379053592
on time step 198018 (time=2062.69), 0.0213335 s/step
on time step 198206 (time=2064.65), 0.0213151 s/step
on time step 198393 (time=2066.59), 0.0214928 s/step
on time step 198581 (time=2068.55), 0.0213416 s/step
on time step 198769 (time=2070.51), 0.0213157 s/step
on time step 198956 (time=2072.46), 0.0214359 s/step
on time step 199145 (time=2074.43), 0.0212652 s/step
on time step 199334 (time=2076.4), 0.0212698 s/step
on time step 199521 (time=2078.34), 0.0214262 s/step
on time step 199709 (time=2080.3), 0.0213879 s/step
field decay(t = 2081.020833333333): 0.0008096668333619143 / 0.030794895881331014 = 0.026292241301350324
on time step 199896 (time=2082.25), 0.0214426 s/step
on time step 200083 (time=2084.2), 0.021468 s/step
on time step 200272 (time=2086.17), 0.0212452 s/step
on time step 200460 (time=2088.12), 0.0213007 s/step
on time step 200648 (time=2090.08), 0.021327 s/step
on time step 200836 (time=2092.04), 0.0213666 s/step
on time step 201024 (time=2094), 0.0213182 s/step
on time step 201212 (time=2095.96), 0.0213426 s/step
on time step 201395 (time=2097.86), 0.02187 s/step
on time step 201580 (time=2099.79), 0.0217324 s/step
field decay(t = 2101.03125): 0.0007871124723364712 / 0.030794895881331014 = 0.02555983547954281
on time step 201764 (time=2101.71), 0.0217659 s/step
on time step 201953 (time=2103.68), 0.0212377 s/step
on time step 202141 (time=2105.64), 0.0213103 s/step
on time step 202326 (time=2107.56), 0.0217128 s/step
on time step 202512 (time=2109.5), 0.021583 s/step
on time step 202697 (time=2111.43), 0.0217082 s/step
on time step 202882 (time=2113.35), 0.0216722 s/step
on time step 203066 (time=2115.27), 0.0217469 s/step
on time step 203252 (time=2117.21), 0.0215899 s/step
on time step 203436 (time=2119.12), 0.0217416 s/step
field decay(t = 2121.0416666666665): 0.0007706484713687763 / 0.030794895881331014 = 0.02502520139501337
on time step 203620 (time=2121.04), 0.0218149 s/step
on time step 203805 (time=2122.97), 0.0216563 s/step
on time step 203990 (time=2124.9), 0.0216719 s/step
on time step 204174 (time=2126.81), 0.0217438 s/step
on time step 204359 (time=2128.74), 0.0217142 s/step
on time step 204543 (time=2130.66), 0.0218265 s/step
on time step 204730 (time=2132.6), 0.0214804 s/step
on time step 204915 (time=2134.53), 0.0216781 s/step
on time step 205101 (time=2136.47), 0.0215496 s/step
on time step 205286 (time=2138.4), 0.0216336 s/step
on time step 205470 (time=2140.31), 0.0217467 s/step
field decay(t = 2141.052083333333): 0.0007545457983676378 / 0.030794895881331014 = 0.024502300682402074
on time step 205654 (time=2142.23), 0.0217857 s/step
on time step 205838 (time=2144.15), 0.0217574 s/step
on time step 206023 (time=2146.07), 0.0216547 s/step
on time step 206207 (time=2147.99), 0.0217894 s/step
on time step 206391 (time=2149.91), 0.0218267 s/step
on time step 206575 (time=2151.82), 0.0218297 s/step
on time step 206759 (time=2153.74), 0.0218378 s/step
on time step 206946 (time=2155.69), 0.0215002 s/step
on time step 207134 (time=2157.65), 0.0212784 s/step
on time step 207322 (time=2159.6), 0.021278 s/step
field decay(t = 2161.0625): 0.0007389745410773836 / 0.030794895881331014 = 0.023996656586372057
on time step 207511 (time=2161.57), 0.0212617 s/step
on time step 207700 (time=2163.54), 0.0212716 s/step
on time step 207889 (time=2165.51), 0.0212682 s/step
on time step 208078 (time=2167.48), 0.021274 s/step
on time step 208267 (time=2169.45), 0.02127 s/step
on time step 208455 (time=2171.41), 0.0213445 s/step
on time step 208644 (time=2173.38), 0.021273 s/step
on time step 208832 (time=2175.33), 0.02128 s/step
on time step 209018 (time=2177.27), 0.0216171 s/step
on time step 209204 (time=2179.21), 0.021605 s/step
field decay(t = 2181.0729166666665): 0.0007238156060716657 / 0.030794895881331014 = 0.023504401796353176
on time step 209390 (time=2181.15), 0.021561 s/step
on time step 209575 (time=2183.07), 0.0217084 s/step
on time step 209759 (time=2184.99), 0.0218536 s/step
on time step 209943 (time=2186.91), 0.0218552 s/step
on time step 210127 (time=2188.82), 0.0218511 s/step
on time step 210311 (time=2190.74), 0.0218329 s/step
on time step 210495 (time=2192.66), 0.021855 s/step
on time step 210679 (time=2194.57), 0.0218298 s/step
on time step 210863 (time=2196.49), 0.0218379 s/step
on time step 211051 (time=2198.45), 0.0213782 s/step
on time step 211235 (time=2200.36), 0.021783 s/step
field decay(t = 2201.083333333333): 0.0007041679436231589 / 0.030794895881331014 = 0.02286638494693048
on time step 211419 (time=2202.28), 0.021823 s/step
on time step 211603 (time=2204.2), 0.0217971 s/step
on time step 211787 (time=2206.11), 0.0218326 s/step
on time step 211972 (time=2208.04), 0.0216522 s/step
on time step 212156 (time=2209.96), 0.0217499 s/step
on time step 212341 (time=2211.89), 0.0216844 s/step
on time step 212527 (time=2213.82), 0.0215867 s/step
on time step 212713 (time=2215.76), 0.0216177 s/step
on time step 212897 (time=2217.68), 0.0218295 s/step
on time step 213080 (time=2219.58), 0.0218595 s/step
field decay(t = 2221.09375): 0.000689875131653612 / 0.030794895881331014 = 0.02240225569562128
on time step 213265 (time=2221.51), 0.021636 s/step
on time step 213450 (time=2223.44), 0.0216571 s/step
on time step 213635 (time=2225.36), 0.0216374 s/step
on time step 213819 (time=2227.28), 0.0217514 s/step
on time step 214004 (time=2229.21), 0.0216743 s/step
on time step 214188 (time=2231.12), 0.0218545 s/step
on time step 214372 (time=2233.04), 0.0218275 s/step
on time step 214556 (time=2234.96), 0.0218236 s/step
on time step 214740 (time=2236.88), 0.0218552 s/step
on time step 214925 (time=2238.8), 0.021663 s/step
on time step 215108 (time=2240.71), 0.0218632 s/step
field decay(t = 2241.1041666666665): 0.0006759060940021384 / 0.030794895881331014 = 0.021948640339839474
on time step 215293 (time=2242.64), 0.0216854 s/step
on time step 215477 (time=2244.55), 0.0217819 s/step
on time step 215663 (time=2246.49), 0.0215921 s/step
on time step 215850 (time=2248.44), 0.0214124 s/step
on time step 216036 (time=2250.38), 0.0215117 s/step
on time step 216222 (time=2252.31), 0.0215354 s/step
on time step 216409 (time=2254.26), 0.0215012 s/step
on time step 216596 (time=2256.21), 0.0215036 s/step
on time step 216783 (time=2258.16), 0.0214313 s/step
on time step 216970 (time=2260.1), 0.0214993 s/step
field decay(t = 2261.114583333333): 0.0006622785781694945 / 0.030794895881331014 = 0.021506115192647616
on time step 217158 (time=2262.06), 0.0213847 s/step
on time step 217347 (time=2264.03), 0.021237 s/step
on time step 217534 (time=2265.98), 0.0214012 s/step
on time step 217722 (time=2267.94), 0.0213512 s/step
on time step 217910 (time=2269.9), 0.0213066 s/step
on time step 218096 (time=2271.83), 0.0215062 s/step
on time step 218282 (time=2273.77), 0.0215268 s/step
on time step 218470 (time=2275.73), 0.0213682 s/step
on time step 218656 (time=2277.67), 0.0216098 s/step
on time step 218844 (time=2279.62), 0.0213 s/step
field decay(t = 2281.125): 0.0006489687469384979 / 0.030794895881331014 = 0.02107390619014648
on time step 219031 (time=2281.57), 0.0214564 s/step
on time step 219219 (time=2283.53), 0.0213769 s/step
on time step 219408 (time=2285.5), 0.0212668 s/step
on time step 219595 (time=2287.45), 0.0214718 s/step
on time step 219782 (time=2289.4), 0.0214641 s/step
on time step 219968 (time=2291.33), 0.0215295 s/step
on time step 220156 (time=2293.29), 0.0213317 s/step
on time step 220343 (time=2295.24), 0.021463 s/step
on time step 220531 (time=2297.2), 0.0212934 s/step
on time step 220718 (time=2299.15), 0.0214086 s/step
on time step 220907 (time=2301.11), 0.021262 s/step
field decay(t = 2301.1354166666665): 0.0006316831691459119 / 0.030794895881331014 = 0.02051259311218718
on time step 221095 (time=2303.07), 0.0213351 s/step
on time step 221283 (time=2305.03), 0.0212887 s/step
on time step 221471 (time=2306.99), 0.02135 s/step
on time step 221659 (time=2308.95), 0.0213549 s/step
on time step 221847 (time=2310.91), 0.0213189 s/step
on time step 222036 (time=2312.88), 0.0212396 s/step
on time step 222223 (time=2314.82), 0.0214219 s/step
on time step 222411 (time=2316.78), 0.0213226 s/step
on time step 222600 (time=2318.75), 0.0212648 s/step
on time step 222788 (time=2320.71), 0.0212825 s/step
field decay(t = 2321.145833333333): 0.0006190571184751863 / 0.030794895881331014 = 0.02010258845689039
on time step 222975 (time=2322.66), 0.0214378 s/step
on time step 223163 (time=2324.61), 0.0212849 s/step
on time step 223352 (time=2326.58), 0.0212474 s/step
on time step 223540 (time=2328.54), 0.021375 s/step
on time step 223729 (time=2330.51), 0.0212098 s/step
on time step 223916 (time=2332.46), 0.0214043 s/step
on time step 224104 (time=2334.42), 0.0213725 s/step
on time step 224292 (time=2336.38), 0.0213042 s/step
on time step 224479 (time=2338.32), 0.0214001 s/step
on time step 224668 (time=2340.29), 0.0212186 s/step
field decay(t = 2341.15625): 0.0006067121807590388 / 0.030794895881331014 = 0.019701712358340846
on time step 224858 (time=2342.27), 0.0211183 s/step
on time step 225047 (time=2344.24), 0.0212621 s/step
on time step 225236 (time=2346.21), 0.0212686 s/step
on time step 225425 (time=2348.18), 0.0212022 s/step
on time step 225615 (time=2350.16), 0.021095 s/step
on time step 225803 (time=2352.11), 0.0213077 s/step
on time step 225991 (time=2354.07), 0.0213463 s/step
on time step 226179 (time=2356.03), 0.0213757 s/step
on time step 226367 (time=2357.99), 0.02131 s/step
on time step 226555 (time=2359.95), 0.0213161 s/step
field decay(t = 2361.1666666666665): 0.0005946293600994691 / 0.030794895881331014 = 0.01930934796437987
on time step 226743 (time=2361.91), 0.0213849 s/step
on time step 226927 (time=2363.82), 0.0218004 s/step
on time step 227110 (time=2365.73), 0.0218793 s/step
on time step 227294 (time=2367.65), 0.0217859 s/step
on time step 227478 (time=2369.56), 0.021842 s/step
on time step 227662 (time=2371.48), 0.0217705 s/step
on time step 227846 (time=2373.4), 0.021826 s/step
on time step 228030 (time=2375.31), 0.0217968 s/step
on time step 228214 (time=2377.23), 0.021766 s/step
on time step 228397 (time=2379.14), 0.0219102 s/step
on time step 228582 (time=2381.06), 0.0217307 s/step
field decay(t = 2381.177083333333): 0.0005828016095604524 / 0.030794895881331014 = 0.018925266440461257
on time step 228765 (time=2382.97), 0.0218603 s/step
on time step 228948 (time=2384.88), 0.0218595 s/step
on time step 229131 (time=2386.78), 0.0219176 s/step
on time step 229315 (time=2388.7), 0.0217943 s/step
on time step 229499 (time=2390.61), 0.0217667 s/step
on time step 229683 (time=2392.53), 0.0217866 s/step
on time step 229867 (time=2394.45), 0.0217597 s/step
on time step 230051 (time=2396.36), 0.02178 s/step
on time step 230235 (time=2398.28), 0.021757 s/step
on time step 230419 (time=2400.2), 0.0217672 s/step
field decay(t = 2401.1875): 0.0005695638370844292 / 0.030794895881331014 = 0.018495397395700223
on time step 230603 (time=2402.11), 0.021768 s/step
on time step 230788 (time=2404.04), 0.0217148 s/step
on time step 230972 (time=2405.96), 0.0217846 s/step
on time step 231157 (time=2407.89), 0.0216368 s/step
on time step 231342 (time=2409.81), 0.0216532 s/step
on time step 231526 (time=2411.73), 0.0217855 s/step
on time step 231710 (time=2413.65), 0.0217654 s/step
on time step 231897 (time=2415.59), 0.0214702 s/step
on time step 232081 (time=2417.51), 0.0218047 s/step
on time step 232266 (time=2419.44), 0.0217216 s/step
field decay(t = 2421.1979166666665): 0.0005561729230588246 / 0.030794895881331014 = 0.018060555398597626
on time step 232450 (time=2421.35), 0.0217723 s/step
on time step 232634 (time=2423.27), 0.0217516 s/step
on time step 232819 (time=2425.2), 0.0217138 s/step
on time step 233003 (time=2427.11), 0.021771 s/step
on time step 233188 (time=2429.04), 0.0217312 s/step
on time step 233372 (time=2430.96), 0.0217838 s/step
on time step 233560 (time=2432.92), 0.0213845 s/step
on time step 233744 (time=2434.83), 0.0217631 s/step
on time step 233928 (time=2436.75), 0.021811 s/step
on time step 234116 (time=2438.71), 0.021292 s/step
on time step 234301 (time=2440.64), 0.0216793 s/step
field decay(t = 2441.208333333333): 0.0005451518789168697 / 0.030794895881331014 = 0.017702669981987523
on time step 234486 (time=2442.56), 0.0217172 s/step
on time step 234670 (time=2444.48), 0.0217448 s/step
on time step 234855 (time=2446.41), 0.0217327 s/step
on time step 235039 (time=2448.32), 0.0217686 s/step
on time step 235226 (time=2450.27), 0.021489 s/step
on time step 235412 (time=2452.21), 0.0215602 s/step
on time step 235599 (time=2454.16), 0.0214529 s/step
on time step 235784 (time=2456.08), 0.0217384 s/step
on time step 235968 (time=2458), 0.0217684 s/step
on time step 236152 (time=2459.92), 0.0217885 s/step
field decay(t = 2461.21875): 0.0005343559172413968 / 0.030794895881331014 = 0.017352093648913512
on time step 236336 (time=2461.83), 0.0217652 s/step
on time step 236522 (time=2463.77), 0.0216079 s/step
on time step 236709 (time=2465.72), 0.0214939 s/step
on time step 236895 (time=2467.66), 0.0215366 s/step
on time step 237082 (time=2469.6), 0.0214939 s/step
on time step 237267 (time=2471.53), 0.0216393 s/step
on time step 237452 (time=2473.46), 0.0216628 s/step
on time step 237639 (time=2475.41), 0.0214059 s/step
on time step 237827 (time=2477.36), 0.0213883 s/step
on time step 238012 (time=2479.29), 0.0216865 s/step
field decay(t = 2481.2291666666665): 0.000523783969580215 / 0.030794895881331014 = 0.01700879170361969
on time step 238198 (time=2481.23), 0.0215765 s/step
on time step 238384 (time=2483.17), 0.0215481 s/step
on time step 238569 (time=2485.09), 0.0216725 s/step
on time step 238754 (time=2487.02), 0.0216812 s/step
on time step 238953 (time=2489.09), 0.0201292 s/step
on time step 239243 (time=2492.11), 0.013794 s/step
on time step 239526 (time=2495.06), 0.0141425 s/step
on time step 239805 (time=2497.97), 0.014386 s/step
on time step 240085 (time=2500.89), 0.0143288 s/step
field decay(t = 2501.239583333333): 0.0005134243125559776 / 0.030794895881331014 = 0.0166723834538838
on time step 240365 (time=2503.8), 0.0143071 s/step
on time step 240645 (time=2506.72), 0.0143157 s/step
on time step 240925 (time=2509.64), 0.0142988 s/step
on time step 241205 (time=2512.55), 0.0142909 s/step
on time step 241485 (time=2515.47), 0.0143037 s/step
on time step 241765 (time=2518.39), 0.0143037 s/step
field decay(t = 2521.25): 0.0004999349504973976 / 0.030794895881331014 = 0.016234344562290805
on time step 242045 (time=2521.3), 0.0143171 s/step
on time step 242325 (time=2524.22), 0.0142955 s/step
on time step 242605 (time=2527.14), 0.01429 s/step
on time step 242885 (time=2530.05), 0.0143027 s/step
on time step 243165 (time=2532.97), 0.0142964 s/step
on time step 243445 (time=2535.89), 0.0142916 s/step
on time step 243725 (time=2538.8), 0.0142987 s/step
field decay(t = 2541.2604166666665): 0.0004900564940940188 / 0.030794895881331014 = 0.015913562298845402
on time step 244005 (time=2541.72), 0.0143049 s/step
on time step 244285 (time=2544.64), 0.0142959 s/step
on time step 244565 (time=2547.55), 0.0142921 s/step
on time step 244845 (time=2550.47), 0.0142913 s/step
on time step 245125 (time=2553.39), 0.0143044 s/step
on time step 245405 (time=2556.3), 0.0142974 s/step
on time step 245685 (time=2559.22), 0.0143073 s/step
field decay(t = 2561.270833333333): 0.00048037561711291915 / 0.030794895881331014 = 0.015599196014951956
on time step 245965 (time=2562.14), 0.014291 s/step
on time step 246245 (time=2565.05), 0.014294 s/step
on time step 246525 (time=2567.97), 0.0142919 s/step
on time step 246805 (time=2570.89), 0.0142951 s/step
on time step 247085 (time=2573.8), 0.0143044 s/step
on time step 247368 (time=2576.75), 0.0141773 s/step
on time step 247667 (time=2579.86), 0.0133838 s/step
field decay(t = 2581.28125): 0.0004708860786684875 / 0.030794895881331014 = 0.015291043050869861
on time step 247969 (time=2583.01), 0.0132794 s/step
on time step 248269 (time=2586.14), 0.0133352 s/step
on time step 248569 (time=2589.26), 0.0133533 s/step
on time step 248869 (time=2592.39), 0.0133648 s/step
on time step 249170 (time=2595.52), 0.0133123 s/step
on time step 249472 (time=2598.67), 0.0132464 s/step
field decay(t = 2601.2916666666665): 0.0004615834820290233 / 0.030794895881331014 = 0.014988960631909524
on time step 249772 (time=2601.79), 0.0133616 s/step
on time step 250072 (time=2604.92), 0.0133681 s/step
on time step 250371 (time=2608.03), 0.0133807 s/step
on time step 250671 (time=2611.16), 0.0133377 s/step
on time step 250972 (time=2614.29), 0.0133326 s/step
on time step 251272 (time=2617.42), 0.0133605 s/step
on time step 251573 (time=2620.55), 0.0133109 s/step
field decay(t = 2621.302083333333): 0.000449472940616122 / 0.030794895881331014 = 0.014595696064314633
on time step 251872 (time=2623.67), 0.0133871 s/step
on time step 252174 (time=2626.81), 0.0132514 s/step
on time step 252483 (time=2630.03), 0.0129697 s/step
on time step 252775 (time=2633.07), 0.0137199 s/step
on time step 253064 (time=2636.08), 0.0138683 s/step
on time step 253353 (time=2639.09), 0.0138528 s/step
field decay(t = 2641.3125): 0.0004405974184304185 / 0.030794895881331014 = 0.014307481997285293
on time step 253642 (time=2642.1), 0.0138497 s/step
on time step 253931 (time=2645.11), 0.0138566 s/step
on time step 254220 (time=2648.12), 0.0138576 s/step
on time step 254509 (time=2651.14), 0.0138417 s/step
on time step 254798 (time=2654.15), 0.0138535 s/step
on time step 255087 (time=2657.16), 0.0138535 s/step
on time step 255376 (time=2660.17), 0.0138605 s/step
field decay(t = 2661.3229166666665): 0.00043189538207835936 / 0.030794895881331014 = 0.014024901520780593
on time step 255665 (time=2663.18), 0.0138478 s/step
on time step 255954 (time=2666.19), 0.0138421 s/step
on time step 256243 (time=2669.2), 0.0138427 s/step
on time step 256533 (time=2672.22), 0.0138403 s/step
on time step 256822 (time=2675.23), 0.013842 s/step
on time step 257111 (time=2678.24), 0.0138476 s/step
on time step 257400 (time=2681.25), 0.0138614 s/step
field decay(t = 2681.333333333333): 0.00042336743958431303 / 0.030794895881331014 = 0.01374797437912345
on time step 257689 (time=2684.26), 0.0138577 s/step
on time step 257978 (time=2687.27), 0.013843 s/step
on time step 258267 (time=2690.28), 0.0138475 s/step
on time step 258556 (time=2693.29), 0.0138564 s/step
on time step 258846 (time=2696.31), 0.0138373 s/step
on time step 259135 (time=2699.32), 0.0138567 s/step
field decay(t = 2701.34375): 0.00041500905148218384 / 0.030794895881331014 = 0.013476553162622557
on time step 259424 (time=2702.33), 0.0138471 s/step
on time step 259713 (time=2705.34), 0.0138481 s/step
on time step 260003 (time=2708.36), 0.013833 s/step
on time step 260292 (time=2711.38), 0.0138482 s/step
on time step 260581 (time=2714.39), 0.0138415 s/step
on time step 260870 (time=2717.4), 0.0138466 s/step
on time step 261160 (time=2720.42), 0.0138388 s/step
field decay(t = 2721.3541666666665): 0.00040411731114676044 / 0.030794895881331014 = 0.013122866617378338
on time step 261449 (time=2723.43), 0.0138571 s/step
on time step 261738 (time=2726.44), 0.0138494 s/step
on time step 262027 (time=2729.45), 0.0138581 s/step
on time step 262316 (time=2732.46), 0.0138455 s/step
on time step 262605 (time=2735.47), 0.0138562 s/step
on time step 262894 (time=2738.48), 0.0138514 s/step
field decay(t = 2741.364583333333): 0.00039613523575332093 / 0.030794895881331014 = 0.012863665371035482
on time step 263183 (time=2741.49), 0.0138454 s/step
on time step 263472 (time=2744.5), 0.013849 s/step
on time step 263761 (time=2747.51), 0.0138487 s/step
on time step 264050 (time=2750.52), 0.0138487 s/step
on time step 264340 (time=2753.54), 0.013835 s/step
on time step 264629 (time=2756.55), 0.0138439 s/step
on time step 264918 (time=2759.56), 0.0138419 s/step
field decay(t = 2761.375): 0.00038831323875113236 / 0.030794895881331014 = 0.012609662336495898
on time step 265207 (time=2762.57), 0.013841 s/step
on time step 265497 (time=2765.59), 0.0138394 s/step
on time step 265786 (time=2768.6), 0.0138409 s/step
on time step 266075 (time=2771.61), 0.0138471 s/step
on time step 266364 (time=2774.62), 0.013856 s/step
on time step 266653 (time=2777.64), 0.0138493 s/step
on time step 266942 (time=2780.65), 0.0138447 s/step
field decay(t = 2781.3854166666665): 0.00038064374100503257 / 0.030794895881331014 = 0.012360611397156652
on time step 267231 (time=2783.66), 0.0138432 s/step
on time step 267521 (time=2786.68), 0.0138413 s/step
on time step 267811 (time=2789.7), 0.0138369 s/step
on time step 268100 (time=2792.71), 0.0138537 s/step
on time step 268389 (time=2795.72), 0.0138459 s/step
on time step 268678 (time=2798.73), 0.0138476 s/step
field decay(t = 2801.395833333333): 0.0003731235749148128 / 0.030794895881331014 = 0.012116409691809151
on time step 268967 (time=2801.74), 0.0138531 s/step
on time step 269256 (time=2804.75), 0.0138476 s/step
on time step 269545 (time=2807.76), 0.0138478 s/step
on time step 269834 (time=2810.77), 0.0138429 s/step
on time step 270123 (time=2813.78), 0.0138605 s/step
on time step 270412 (time=2816.79), 0.0138498 s/step
on time step 270701 (time=2819.8), 0.0138583 s/step
field decay(t = 2821.40625): 0.0003633288675201616 / 0.030794895881331014 = 0.011798347002706535
on time step 270990 (time=2822.81), 0.0138419 s/step
on time step 271279 (time=2825.82), 0.0138423 s/step
on time step 271568 (time=2828.83), 0.0138555 s/step
on time step 271857 (time=2831.84), 0.0138569 s/step
on time step 272146 (time=2834.85), 0.0138467 s/step
on time step 272435 (time=2837.86), 0.0138468 s/step
on time step 272724 (time=2840.88), 0.0138535 s/step
field decay(t = 2841.4166666666665): 0.0003561513016187534 / 0.030794895881331014 = 0.011565270523764468
on time step 273013 (time=2843.89), 0.0138532 s/step
on time step 273302 (time=2846.9), 0.0138498 s/step
on time step 273591 (time=2849.91), 0.0138577 s/step
on time step 273880 (time=2852.92), 0.0138441 s/step
on time step 274169 (time=2855.93), 0.0138518 s/step
on time step 274458 (time=2858.94), 0.0138477 s/step
field decay(t = 2861.427083333333): 0.000349113475285222 / 0.030794895881331014 = 0.01133673179576708
on time step 274747 (time=2861.95), 0.0138453 s/step
on time step 275036 (time=2864.96), 0.0138462 s/step
on time step 275325 (time=2867.97), 0.0138439 s/step
on time step 275614 (time=2870.98), 0.0138573 s/step
on time step 275903 (time=2873.99), 0.0138475 s/step
on time step 276193 (time=2877.01), 0.0138385 s/step
on time step 276481 (time=2880.01), 0.0139153 s/step
field decay(t = 2881.4375): 0.00034221350272673444 / 0.030794895881331014 = 0.011112669581526227
on time step 276770 (time=2883.02), 0.0138546 s/step
on time step 277059 (time=2886.03), 0.0138506 s/step
on time step 277348 (time=2889.04), 0.0138693 s/step
on time step 277638 (time=2892.06), 0.0138389 s/step
on time step 277927 (time=2895.07), 0.013849 s/step
on time step 278216 (time=2898.08), 0.0138545 s/step
on time step 278505 (time=2901.09), 0.0138437 s/step
field decay(t = 2901.4479166666665): 0.0003354518274144823 / 0.030794895881331014 = 0.010893098281843695
on time step 278794 (time=2904.1), 0.0138542 s/step
on time step 279083 (time=2907.11), 0.0138438 s/step
on time step 279372 (time=2910.12), 0.013844 s/step
on time step 279661 (time=2913.14), 0.0138422 s/step
on time step 279950 (time=2916.15), 0.0138552 s/step
on time step 280239 (time=2919.16), 0.0138483 s/step
field decay(t = 2921.458333333333): 0.00032664094771668936 / 0.030794895881331014 = 0.010606983344753277
on time step 280528 (time=2922.17), 0.0138479 s/step
on time step 280817 (time=2925.18), 0.0138491 s/step
on time step 281106 (time=2928.19), 0.0138434 s/step
on time step 281395 (time=2931.2), 0.0138535 s/step
on time step 281685 (time=2934.22), 0.0138202 s/step
on time step 281975 (time=2937.24), 0.0138259 s/step
on time step 282265 (time=2940.26), 0.0138357 s/step
field decay(t = 2941.46875): 0.0003201826138650023 / 0.030794895881331014 = 0.01039726242617721
on time step 282554 (time=2943.27), 0.0138416 s/step
on time step 282843 (time=2946.28), 0.0138509 s/step
on time step 283132 (time=2949.29), 0.013849 s/step
on time step 283421 (time=2952.3), 0.0138432 s/step
on time step 283710 (time=2955.31), 0.0138526 s/step
on time step 283999 (time=2958.32), 0.0138514 s/step
on time step 284288 (time=2961.33), 0.0138498 s/step
field decay(t = 2961.4791666666665): 0.00031385397673200144 / 0.030794895881331014 = 0.010191753137969566
on time step 284577 (time=2964.34), 0.0138476 s/step
on time step 284866 (time=2967.35), 0.0138432 s/step
on time step 285155 (time=2970.36), 0.0138477 s/step
on time step 285444 (time=2973.38), 0.0138545 s/step
on time step 285733 (time=2976.39), 0.0138451 s/step
on time step 286022 (time=2979.4), 0.0138543 s/step
2026-05-30 19:15:29 [INFO] D11_scaled_deep_groove: Checkpointed 10 completed spectra row(s) to /mnt/c/Users/admin/Meep_Simulation/meep_sim/results/diagnostics_v2/tables/D11_thickness_2um_quick_spectra_checkpoint.csv
2026-05-30 19:15:30 [INFO] D11_scaled_deep_groove: Wrote /mnt/c/Users/admin/Meep_Simulation/meep_sim/results/diagnostics_v2/tables/D11_thickness_2um_quick_spectra.csv
2026-05-30 19:15:30 [INFO] D11_scaled_deep_groove: Wrote /mnt/c/Users/admin/Meep_Simulation/meep_sim/results/diagnostics_v2/tables/D11_thickness_2um_quick_metrics.csv
2026-05-30 19:15:30 [INFO] D11_scaled_deep_groove: Wrote /mnt/c/Users/admin/Meep_Simulation/meep_sim/results/diagnostics_v2/reports/D11_thickness_2um_quick_report.md
field decay(t = 2981.489583333333): 0.0003076493331597117 / 0.030794895881331014 = 0.009990270281972927
run 0 finished at t = 2981.489583333333 (286223 timesteps)

Elapsed run time = 28673.9689 s
