2026-06-03 10:41:05 [INFO] D13_tilt20_wrapped: Starting D13 wrapped tilt20 diagnostics with args={'nk_csv': PosixPath('/mnt/c/Users/admin/Meep_Simulation/meep_sim/data/processed/measured_lossy_wall_film_nk_sheet2.csv'), 'period_um': 50.0, 'top_width_um': 40.0, 'bottom_width_um': 40.0, 'depth_um': 30.0, 'tilt_angle_deg': 20.0, 'film_thickness_um': 2.0, 'substrate_thickness_um': 45.0, 'air_buffer_um': 15.0, 'pml_thickness_um': 4.0, 'resolution': 12, 'courant': 0.05, 'retry_courant': 0.025, 'decay_db': 20.0, 'fwidth_fraction': 0.08, 'wavelengths_um': [8.1014, 9.0016, 10.009, 10.985, 12.345], 'polarizations': ['Ez'], 'angle_min_deg': -70.0, 'angle_max_deg': 70.0, 'angle_step_deg': 10.0, 'angles_deg': [-70.0, -60.0, -50.0, -40.0, -30.0, -20.0, -10.0, 0.0, 10.0, 20.0, 30.0, 40.0, 50.0, 60.0, 70.0], 'theta0_deg': 30.0, 'workers': '24', 'output_tag': 'D13_tilt20_wrapped_gap10_w40_h30_film2um', 'geometry_only': False, 'skip_normal': True, 'skip_angle': False, 'resume': True}
2026-06-03 10:41:06 [INFO] D13_tilt20_wrapped: Loaded 43 valid angle checkpoint row(s) from /mnt/c/Users/admin/Meep_Simulation/meep_sim/results/diagnostics_v2/tables/D13_tilt20_wrapped_gap10_w40_h30_film2um_angle_spectra_checkpoint.csv
2026-06-03 10:41:06 [INFO] D13_tilt20_wrapped: Resume filtered angle tasks: 43 completed, 32 remaining
2026-06-03 10:41:06 [INFO] D13_tilt20_wrapped: Prepared 32 D13 angle tasks; workers=24
2026-06-03 10:41:07 [INFO] D13_tilt20_wrapped.worker.1636: >>> D13 task 2 kind=angle pol=Ez wl=10.985 theta=-70.0
2026-06-03 10:41:07 [INFO] D13_tilt20_wrapped.worker.1629: >>> D13 task 1 kind=angle pol=Ez wl=10.009 theta=70.0
2026-06-03 10:41:07 [INFO] D13_tilt20_wrapped.worker.1645: >>> D13 task 4 kind=angle pol=Ez wl=10.985 theta=-50.0
2026-06-03 10:41:07 [INFO] D13_tilt20_wrapped.worker.1644: >>> D13 task 3 kind=angle pol=Ez wl=10.985 theta=-60.0
2026-06-03 10:41:07 [INFO] D13_tilt20_wrapped.worker.1628: >>> D13 task 5 kind=angle pol=Ez wl=10.985 theta=-40.0
2026-06-03 10:41:07 [INFO] D13_tilt20_wrapped.worker.1630: >>> D13 task 0 kind=angle pol=Ez wl=10.009 theta=60.0
2026-06-03 10:41:07 [INFO] D13_tilt20_wrapped.worker.1631: >>> D13 task 7 kind=angle pol=Ez wl=10.985 theta=-20.0
2026-06-03 10:41:07 [INFO] D13_tilt20_wrapped.worker.1625: >>> D13 task 6 kind=angle pol=Ez wl=10.985 theta=-30.0
2026-06-03 10:41:07 [INFO] D13_tilt20_wrapped.worker.1632: >>> D13 task 15 kind=angle pol=Ez wl=10.985 theta=60.0
2026-06-03 10:41:07 [INFO] D13_tilt20_wrapped.worker.1627: >>> D13 task 19 kind=angle pol=Ez wl=12.345 theta=-50.0
2026-06-03 10:41:07 [INFO] D13_tilt20_wrapped.worker.1623: >>> D13 task 9 kind=angle pol=Ez wl=10.985 theta=0.0
2026-06-03 10:41:07 [INFO] D13_tilt20_wrapped.worker.1635: >>> D13 task 17 kind=angle pol=Ez wl=12.345 theta=-70.0
2026-06-03 10:41:07 [INFO] D13_tilt20_wrapped.worker.1634: >>> D13 task 8 kind=angle pol=Ez wl=10.985 theta=-10.0
2026-06-03 10:41:07 [INFO] D13_tilt20_wrapped.worker.1624: >>> D13 task 10 kind=angle pol=Ez wl=10.985 theta=10.0
2026-06-03 10:41:07 [INFO] D13_tilt20_wrapped.worker.1620: >>> D13 task 14 kind=angle pol=Ez wl=10.985 theta=50.0
2026-06-03 10:41:07 [INFO] D13_tilt20_wrapped.worker.1633: >>> D13 task 11 kind=angle pol=Ez wl=10.985 theta=20.0
2026-06-03 10:41:07 [INFO] D13_tilt20_wrapped.worker.1639: >>> D13 task 18 kind=angle pol=Ez wl=12.345 theta=-60.0
2026-06-03 10:41:07 [INFO] D13_tilt20_wrapped.worker.1637: >>> D13 task 12 kind=angle pol=Ez wl=10.985 theta=30.0
2026-06-03 10:41:07 [INFO] D13_tilt20_wrapped.worker.1641: >>> D13 task 16 kind=angle pol=Ez wl=10.985 theta=70.0
2026-06-03 10:41:07 [INFO] D13_tilt20_wrapped.worker.1638: >>> D13 task 13 kind=angle pol=Ez wl=10.985 theta=40.0
2026-06-03 10:41:07 [INFO] D13_tilt20_wrapped.worker.1626: >>> D13 task 21 kind=angle pol=Ez wl=12.345 theta=-30.0
2026-06-03 10:41:07 [INFO] D13_tilt20_wrapped.worker.1643: >>> D13 task 20 kind=angle pol=Ez wl=12.345 theta=-40.0
2026-06-03 10:41:07 [INFO] D13_tilt20_wrapped.worker.1642: >>> D13 task 22 kind=angle pol=Ez wl=12.345 theta=-20.0
2026-06-03 10:41:07 [INFO] D13_tilt20_wrapped.worker.1640: >>> D13 task 23 kind=angle pol=Ez wl=12.345 theta=-10.0
-----------
Initializing structure...
time for choose_chunkdivision = 7.20024e-05 s
Working in 2D dimensions.
Computational cell is 50 x 72 x 0 with resolution 12
-----------
Initializing structure...
time for choose_chunkdivision = 7.79629e-05 s
Working in 2D dimensions.
Computational cell is 50 x 72 x 0 with resolution 12
-----------
Initializing structure...
time for choose_chunkdivision = 8.10623e-05 s
Working in 2D dimensions.
Computational cell is 50 x 72 x 0 with resolution 12
-----------
Initializing structure...
time for choose_chunkdivision = 7.20024e-05 s
Working in 2D dimensions.
Computational cell is 50 x 72 x 0 with resolution 12
-----------
Initializing structure...
time for choose_chunkdivision = 8.29697e-05 s
Working in 2D dimensions.
Computational cell is 50 x 72 x 0 with resolution 12
-----------
Initializing structure...
time for choose_chunkdivision = 6.98566e-05 s
Working in 2D dimensions.
Computational cell is 50 x 72 x 0 with resolution 12
-----------
Initializing structure...
time for choose_chunkdivision = 0.000188828 s
Working in 2D dimensions.
Computational cell is 50 x 72 x 0 with resolution 12
-----------
Initializing structure...
time for choose_chunkdivision = 6.98566e-05 s
Working in 2D dimensions.
Computational cell is 50 x 72 x 0 with resolution 12
-----------
Initializing structure...
time for choose_chunkdivision = 7.29561e-05 s
Working in 2D dimensions.
-----------
Initializing structure...
time for choose_chunkdivision = 7.08103e-05 s
Working in 2D dimensions.
-----------
Initializing structure...
time for choose_chunkdivision = 6.8903e-05 s
Computational cell is 50 x 72 x 0 with resolution 12
Computational cell is 50 x 72 x 0 with resolution 12
Working in 2D dimensions.
Computational cell is 50 x 72 x 0 with resolution 12
-----------
Initializing structure...
time for choose_chunkdivision = 7.20024e-05 s
Working in 2D dimensions.
Computational cell is 50 x 72 x 0 with resolution 12
-----------
Initializing structure...
time for choose_chunkdivision = 6.69956e-05 s
Working in 2D dimensions.
Computational cell is 50 x 72 x 0 with resolution 12
-----------
Initializing structure...
time for choose_chunkdivision = 6.60419e-05 s
-----------
Initializing structure...
time for choose_chunkdivision = 6.69956e-05 s
Working in 2D dimensions.
Computational cell is 50 x 72 x 0 with resolution 12
Working in 2D dimensions.
Computational cell is 50 x 72 x 0 with resolution 12
-----------
Initializing structure...
time for choose_chunkdivision = 7.00951e-05 s
Working in 2D dimensions.
-----------
Initializing structure...
time for choose_chunkdivision = 6.69956e-05 s
-----------
Initializing structure...
time for choose_chunkdivision = 7.98702e-05 s
Working in 2D dimensions.
Computational cell is 50 x 72 x 0 with resolution 12
Working in 2D dimensions.
Computational cell is 50 x 72 x 0 with resolution 12
Computational cell is 50 x 72 x 0 with resolution 12
-----------
Initializing structure...
time for choose_chunkdivision = 6.60419e-05 s
-----------
Initializing structure...
time for choose_chunkdivision = 7.20024e-05 s
Working in 2D dimensions.
Computational cell is 50 x 72 x 0 with resolution 12
Working in 2D dimensions.
Computational cell is 50 x 72 x 0 with resolution 12
-----------
Initializing structure...
time for choose_chunkdivision = 7.51019e-05 s
-----------
Initializing structure...
time for choose_chunkdivision = 6.79493e-05 s
Working in 2D dimensions.
Working in 2D dimensions.
Computational cell is 50 x 72 x 0 with resolution 12
-----------
Initializing structure...
time for choose_chunkdivision = 6.50883e-05 s
Computational cell is 50 x 72 x 0 with resolution 12
Working in 2D dimensions.
Computational cell is 50 x 72 x 0 with resolution 12
-----------
Initializing structure...
time for choose_chunkdivision = 6.79493e-05 s
Working in 2D dimensions.
Computational cell is 50 x 72 x 0 with resolution 12
time for set_epsilon = 0.344713 s
-----------
time for set_epsilon = 0.354641 s
-----------
time for set_epsilon = 0.357823 s
-----------
time for set_epsilon = 0.352546 s
-----------
time for set_epsilon = 0.350505 s
-----------
time for set_epsilon = 0.3471 s
-----------
time for set_epsilon = 0.345168 s
-----------
time for set_epsilon = 0.352148 s
-----------
time for set_epsilon = 0.350418 s
time for set_epsilon = 0.342805 s
-----------
-----------
time for set_epsilon = 0.345348 s
-----------
time for set_epsilon = 0.351674 s
-----------
time for set_epsilon = 0.345481 s
-----------
time for set_epsilon = 0.344538 s
-----------
time for set_epsilon = 0.349925 s
-----------
time for set_epsilon = 0.351321 s
-----------
time for set_epsilon = 0.351577 s
-----------
time for set_epsilon = 0.353414 s
-----------
time for set_epsilon = 0.350976 s
-----------
time for set_epsilon = 0.347056 s
-----------
time for set_epsilon = 0.352266 s
-----------
time for set_epsilon = 0.372963 s
-----------
time for set_epsilon = 0.486964 s
-----------
time for set_epsilon = 0.490388 s
-----------
Meep: using complex fields.
on time step 150 (time=0.625), 0.0267586 s/step
Meep: using complex fields.
on time step 142 (time=0.591667), 0.0282805 s/step
Meep: using complex fields.
on time step 144 (time=0.6), 0.0279569 s/step
Meep: using complex fields.
on time step 138 (time=0.575), 0.0290053 s/step
on time step 1869 (time=7.7875), 0.00214065 s/step
Meep: using complex fields.
on time step 137 (time=0.570833), 0.0292039 s/step
Meep: using complex fields.
on time step 140 (time=0.583333), 0.0286821 s/step
Meep: using complex fields.
on time step 137 (time=0.570833), 0.0292407 s/step
Meep: using complex fields.
on time step 139 (time=0.579167), 0.0288713 s/step
Meep: using complex fields.
on time step 139 (time=0.579167), 0.0288921 s/step
Meep: using complex fields.
on time step 139 (time=0.579167), 0.0288751 s/step
Meep: using complex fields.
on time step 139 (time=0.579167), 0.0289309 s/step
Meep: using complex fields.
on time step 139 (time=0.579167), 0.0288731 s/step
Meep: using complex fields.
on time step 138 (time=0.575), 0.0291834 s/step
Meep: using complex fields.
on time step 137 (time=0.570833), 0.0292932 s/step
Meep: using complex fields.
on time step 138 (time=0.575), 0.0290064 s/step
Meep: using complex fields.
on time step 138 (time=0.575), 0.0291009 s/step
Meep: using complex fields.
on time step 138 (time=0.575), 0.0291678 s/step
Meep: using complex fields.
on time step 141 (time=0.5875), 0.0284904 s/step
Meep: using complex fields.
on time step 141 (time=0.5875), 0.0285251 s/step
Meep: using complex fields.
on time step 138 (time=0.575), 0.0291904 s/step
Meep: using complex fields.
on time step 139 (time=0.579167), 0.0289768 s/step
Meep: using complex fields.
on time step 140 (time=0.583333), 0.0286704 s/step
Meep: using complex fields.
on time step 140 (time=0.583333), 0.0287093 s/step
on time step 288 (time=1.2), 0.0290245 s/step
on time step 3795 (time=15.8125), 0.00207741 s/step
on time step 283 (time=1.17917), 0.0284078 s/step
on time step 277 (time=1.15417), 0.0288651 s/step
on time step 275 (time=1.14583), 0.0290859 s/step
on time step 284 (time=1.18333), 0.0287407 s/step
on time step 278 (time=1.15833), 0.0284074 s/step
on time step 280 (time=1.16667), 0.0284108 s/step
on time step 280 (time=1.16667), 0.0287436 s/step
on time step 280 (time=1.16667), 0.0284119 s/step
on time step 280 (time=1.16667), 0.0284109 s/step
on time step 280 (time=1.16667), 0.0284093 s/step
on time step 278 (time=1.15833), 0.0283894 s/step
on time step 280 (time=1.16667), 0.0284185 s/step
on time step 277 (time=1.15417), 0.0288139 s/step
on time step 280 (time=1.16667), 0.028254 s/step
on time step 280 (time=1.16667), 0.0283164 s/step
on time step 279 (time=1.1625), 0.0283937 s/step
on time step 279 (time=1.1625), 0.028375 s/step
on time step 286 (time=1.19167), 0.0277735 s/step
on time step 285 (time=1.1875), 0.027971 s/step
on time step 281 (time=1.17083), 0.0283354 s/step
on time step 285 (time=1.1875), 0.0277587 s/step
on time step 284 (time=1.18333), 0.027969 s/step
on time step 428 (time=1.78333), 0.0286376 s/step
field decay(t = 20.004166666666666): 1.0934486727330383e-11 / 1.0934486727330383e-11 = 1.0
on time step 5754 (time=23.975), 0.00204192 s/step
on time step 425 (time=1.77083), 0.0282077 s/step
on time step 417 (time=1.7375), 0.0285905 s/step
on time step 420 (time=1.75), 0.028205 s/step
on time step 422 (time=1.75833), 0.0282083 s/step
on time step 422 (time=1.75833), 0.0282048 s/step
on time step 420 (time=1.75), 0.0281986 s/step
on time step 422 (time=1.75833), 0.0282091 s/step
on time step 421 (time=1.75417), 0.0284038 s/step
on time step 425 (time=1.77083), 0.0284861 s/step
on time step 421 (time=1.75417), 0.0284203 s/step
on time step 417 (time=1.7375), 0.0286019 s/step
on time step 415 (time=1.72917), 0.028734 s/step
on time step 422 (time=1.75833), 0.028225 s/step
on time step 423 (time=1.7625), 0.0279934 s/step
on time step 423 (time=1.7625), 0.0280043 s/step
on time step 422 (time=1.75833), 0.0279974 s/step
on time step 422 (time=1.75833), 0.0279954 s/step
on time step 431 (time=1.79583), 0.0276002 s/step
on time step 430 (time=1.79167), 0.0276083 s/step
on time step 424 (time=1.76667), 0.0279989 s/step
on time step 430 (time=1.79167), 0.0277072 s/step
on time step 429 (time=1.7875), 0.0277062 s/step
on time step 567 (time=2.3625), 0.0288488 s/step
on time step 7702 (time=32.0917), 0.00205386 s/step
on time step 566 (time=2.35833), 0.0284389 s/step
on time step 557 (time=2.32083), 0.0286197 s/step
on time step 561 (time=2.3375), 0.0284434 s/step
on time step 563 (time=2.34583), 0.0284383 s/step
on time step 560 (time=2.33333), 0.028614 s/step
on time step 563 (time=2.34583), 0.0284077 s/step
on time step 563 (time=2.34583), 0.028416 s/step
on time step 562 (time=2.34167), 0.0284083 s/step
on time step 563 (time=2.34583), 0.0283965 s/step
on time step 561 (time=2.3375), 0.0286117 s/step
on time step 565 (time=2.35417), 0.0286141 s/step
on time step 557 (time=2.32083), 0.0286175 s/step
on time step 554 (time=2.30833), 0.0288671 s/step
on time step 566 (time=2.35833), 0.0280562 s/step
on time step 563 (time=2.34583), 0.0284511 s/step
on time step 565 (time=2.35417), 0.0282571 s/step
on time step 563 (time=2.34583), 0.0284574 s/step
on time step 574 (time=2.39167), 0.0277824 s/step
on time step 576 (time=2.4), 0.0276865 s/step
on time step 567 (time=2.3625), 0.028058 s/step
on time step 574 (time=2.39167), 0.0276446 s/step
on time step 576 (time=2.4), 0.0275774 s/step
on time step 707 (time=2.94583), 0.0286059 s/step
field decay(t = 40.00833333333333): 3.7291179166304976e-11 / 3.7291179166304976e-11 = 1.0
on time step 9671 (time=40.2958), 0.00203231 s/step
on time step 708 (time=2.95), 0.0282112 s/step
on time step 698 (time=2.90833), 0.0284211 s/step
on time step 703 (time=2.92917), 0.0282004 s/step
on time step 705 (time=2.9375), 0.0282006 s/step
on time step 705 (time=2.9375), 0.0282098 s/step
on time step 702 (time=2.925), 0.0282141 s/step
on time step 704 (time=2.93333), 0.0282067 s/step
on time step 705 (time=2.9375), 0.0282098 s/step
on time step 702 (time=2.925), 0.0284025 s/step
on time step 705 (time=2.9375), 0.0282047 s/step
on time step 706 (time=2.94167), 0.0284047 s/step
on time step 698 (time=2.90833), 0.0284047 s/step
on time step 705 (time=2.9375), 0.0282067 s/step
on time step 709 (time=2.95417), 0.0280468 s/step
on time step 708 (time=2.95), 0.0280595 s/step
on time step 694 (time=2.89167), 0.0287694 s/step
on time step 706 (time=2.94167), 0.028131 s/step
on time step 719 (time=2.99583), 0.02771 s/step
on time step 710 (time=2.95833), 0.0280426 s/step
on time step 721 (time=3.00417), 0.0276863 s/step
on time step 719 (time=2.99583), 0.0277466 s/step
on time step 722 (time=3.00833), 0.0274723 s/step
on time step 11632 (time=48.4667), 0.00204064 s/step
on time step 847 (time=3.52917), 0.0286264 s/step
on time step 838 (time=3.49167), 0.0285772 s/step
on time step 851 (time=3.54583), 0.0281637 s/step
on time step 847 (time=3.52917), 0.0281719 s/step
on time step 844 (time=3.51667), 0.0281767 s/step
on time step 838 (time=3.49167), 0.0285754 s/step
on time step 846 (time=3.525), 0.0282214 s/step
on time step 847 (time=3.52917), 0.0284521 s/step
on time step 848 (time=3.53333), 0.0281604 s/step
on time step 846 (time=3.525), 0.0281657 s/step
on time step 844 (time=3.51667), 0.0283631 s/step
on time step 848 (time=3.53333), 0.0281708 s/step
on time step 848 (time=3.53333), 0.0281694 s/step
on time step 852 (time=3.55), 0.0280986 s/step
on time step 851 (time=3.54583), 0.028084 s/step
on time step 848 (time=3.53333), 0.0282231 s/step
on time step 848 (time=3.53333), 0.0281386 s/step
on time step 834 (time=3.475), 0.0287082 s/step
on time step 866 (time=3.60833), 0.0276018 s/step
on time step 864 (time=3.6), 0.0276976 s/step
on time step 853 (time=3.55417), 0.0281013 s/step
on time step 867 (time=3.6125), 0.0276216 s/step
on time step 864 (time=3.6), 0.0276858 s/step
on time step 13772 (time=57.3833), 0.00186959 s/step
on time step 986 (time=4.10833), 0.0288087 s/step
on time step 978 (time=4.075), 0.0287076 s/step
on time step 978 (time=4.075), 0.0286738 s/step
on time step 988 (time=4.11667), 0.0282428 s/step
on time step 993 (time=4.1375), 0.0283128 s/step
on time step 988 (time=4.11667), 0.0284021 s/step
on time step 989 (time=4.12083), 0.0283044 s/step
on time step 986 (time=4.10833), 0.0282994 s/step
on time step 988 (time=4.11667), 0.0282996 s/step
on time step 990 (time=4.125), 0.0283078 s/step
on time step 990 (time=4.125), 0.0282851 s/step
on time step 990 (time=4.125), 0.0282962 s/step
on time step 985 (time=4.10417), 0.0285083 s/step
on time step 973 (time=4.05417), 0.028824 s/step
on time step 1011 (time=4.2125), 0.0276217 s/step
on time step 1009 (time=4.20417), 0.0276003 s/step
on time step 996 (time=4.15), 0.0279429 s/step
on time step 995 (time=4.14583), 0.0279469 s/step
on time step 992 (time=4.13333), 0.0279349 s/step
on time step 992 (time=4.13333), 0.0279401 s/step
on time step 997 (time=4.15417), 0.0279525 s/step
on time step 1012 (time=4.21667), 0.0276411 s/step
on time step 1009 (time=4.20417), 0.0276133 s/step
field decay(t = 60.012499999999996): 1.6431269229779332e-10 / 1.6431269229779332e-10 = 1.0
on time step 15920 (time=66.3333), 0.00186231 s/step
on time step 1126 (time=4.69167), 0.0285991 s/step
on time step 1118 (time=4.65833), 0.0286957 s/step
on time step 1131 (time=4.7125), 0.0282299 s/step
on time step 1135 (time=4.72917), 0.0282369 s/step
on time step 1130 (time=4.70833), 0.0282411 s/step
on time step 1130 (time=4.70833), 0.0282376 s/step
on time step 1128 (time=4.7), 0.0282418 s/step
on time step 1119 (time=4.6625), 0.0285262 s/step
on time step 1130 (time=4.70833), 0.0282489 s/step
on time step 1132 (time=4.71667), 0.0282481 s/step
on time step 1132 (time=4.71667), 0.0282449 s/step
on time step 1126 (time=4.69167), 0.0284416 s/step
on time step 1132 (time=4.71667), 0.0282472 s/step
on time step 1112 (time=4.63333), 0.0288372 s/step
on time step 1156 (time=4.81667), 0.0276312 s/step
on time step 1154 (time=4.80833), 0.027628 s/step
on time step 1134 (time=4.725), 0.028192 s/step
on time step 1139 (time=4.74583), 0.0280595 s/step
on time step 1138 (time=4.74167), 0.0281276 s/step
on time step 1135 (time=4.72917), 0.0281454 s/step
on time step 1140 (time=4.75), 0.0280602 s/step
on time step 1157 (time=4.82083), 0.0275959 s/step
on time step 1154 (time=4.80833), 0.0275989 s/step
on time step 18046 (time=75.1917), 0.00188205 s/step
on time step 1266 (time=5.275), 0.0286664 s/step
on time step 1258 (time=5.24167), 0.0287003 s/step
on time step 1272 (time=5.3), 0.0282523 s/step
on time step 1277 (time=5.32083), 0.028265 s/step
on time step 1273 (time=5.30417), 0.0282719 s/step
on time step 1271 (time=5.29583), 0.0284619 s/step
on time step 1270 (time=5.29167), 0.028267 s/step
on time step 1259 (time=5.24583), 0.0286991 s/step
on time step 1272 (time=5.3), 0.0282462 s/step
on time step 1274 (time=5.30833), 0.0282471 s/step
on time step 1274 (time=5.30833), 0.0282599 s/step
on time step 1251 (time=5.2125), 0.0288335 s/step
on time step 1274 (time=5.30833), 0.0282716 s/step
on time step 1267 (time=5.27917), 0.0284848 s/step
on time step 1276 (time=5.31667), 0.0282361 s/step
on time step 1302 (time=5.425), 0.0275726 s/step
on time step 1300 (time=5.41667), 0.0275801 s/step
on time step 1283 (time=5.34583), 0.0279457 s/step
on time step 1279 (time=5.32917), 0.0278941 s/step
on time step 1282 (time=5.34167), 0.0279255 s/step
on time step 1284 (time=5.35), 0.0279427 s/step
on time step 1302 (time=5.425), 0.0276009 s/step
on time step 1299 (time=5.4125), 0.0275901 s/step
field decay(t = 80.01666666666667): 5.53467609682187e-10 / 5.53467609682187e-10 = 1.0
on time step 20178 (time=84.075), 0.00187638 s/step
on time step 1405 (time=5.85417), 0.0289485 s/step
on time step 1414 (time=5.89167), 0.0283808 s/step
on time step 1412 (time=5.88333), 0.0281821 s/step
on time step 1399 (time=5.82917), 0.0285098 s/step
on time step 1414 (time=5.89167), 0.0282222 s/step
on time step 1411 (time=5.87917), 0.0286292 s/step
on time step 1418 (time=5.90833), 0.0284772 s/step
on time step 1413 (time=5.8875), 0.0284402 s/step
on time step 1416 (time=5.9), 0.028222 s/step
on time step 1414 (time=5.89167), 0.0286119 s/step
on time step 1416 (time=5.9), 0.0282487 s/step
on time step 1407 (time=5.8625), 0.0286106 s/step
on time step 1400 (time=5.83333), 0.0285308 s/step
on time step 1391 (time=5.79583), 0.0287208 s/step
on time step 1419 (time=5.9125), 0.0280991 s/step
on time step 1448 (time=6.03333), 0.0275792 s/step
on time step 1446 (time=6.025), 0.0275857 s/step
on time step 1428 (time=5.95), 0.0277418 s/step
on time step 1423 (time=5.92917), 0.0278893 s/step
on time step 1426 (time=5.94167), 0.0278909 s/step
on time step 1427 (time=5.94583), 0.028122 s/step
on time step 1444 (time=6.01667), 0.0275928 s/step
on time step 1448 (time=6.03333), 0.0275722 s/step
on time step 22284 (time=92.85), 0.00189994 s/step
on time step 1541 (time=6.42083), 0.0294637 s/step
on time step 1556 (time=6.48333), 0.0283118 s/step
on time step 1555 (time=6.47917), 0.0281627 s/step
on time step 1542 (time=6.425), 0.0281577 s/step
on time step 1560 (time=6.5), 0.0282902 s/step
on time step 1557 (time=6.4875), 0.0281534 s/step
on time step 1551 (time=6.4625), 0.0287448 s/step
on time step 1559 (time=6.49583), 0.028146 s/step
on time step 1556 (time=6.48333), 0.0281544 s/step
on time step 1559 (time=6.49583), 0.0281442 s/step
on time step 1555 (time=6.47917), 0.0285657 s/step
on time step 1541 (time=6.42083), 0.0285565 s/step
on time step 1548 (time=6.45), 0.0285623 s/step
on time step 1529 (time=6.37083), 0.0291495 s/step
on time step 1564 (time=6.51667), 0.0277734 s/step
on time step 1594 (time=6.64167), 0.0275831 s/step
on time step 1591 (time=6.62917), 0.0277731 s/step
on time step 1569 (time=6.5375), 0.0281391 s/step
on time step 1573 (time=6.55417), 0.0277712 s/step
on time step 1568 (time=6.53333), 0.0277723 s/step
on time step 1572 (time=6.55), 0.0277629 s/step
on time step 1593 (time=6.6375), 0.0275946 s/step
on time step 1589 (time=6.62083), 0.0277573 s/step
field decay(t = 100.02083333333333): 1.9896538611414483e-09 / 1.9896538611414483e-09 = 1.0
on time step 24428 (time=101.783), 0.00186571 s/step
on time step 1678 (time=6.99167), 0.0293802 s/step
on time step 1684 (time=7.01667), 0.0281775 s/step
on time step 1698 (time=7.075), 0.0283265 s/step
on time step 1698 (time=7.075), 0.0281492 s/step
on time step 1703 (time=7.09583), 0.0281546 s/step
on time step 1700 (time=7.08333), 0.0281548 s/step
on time step 1692 (time=7.05), 0.0285608 s/step
on time step 1701 (time=7.0875), 0.028216 s/step
on time step 1699 (time=7.07917), 0.0281428 s/step
on time step 1702 (time=7.09167), 0.0281517 s/step
on time step 1696 (time=7.06667), 0.0285293 s/step
on time step 1682 (time=7.00833), 0.0285359 s/step
on time step 1668 (time=6.95), 0.0288968 s/step
on time step 1689 (time=7.0375), 0.0285484 s/step
on time step 1708 (time=7.11667), 0.0278183 s/step
on time step 1739 (time=7.24583), 0.0276043 s/step
on time step 1736 (time=7.23333), 0.0275986 s/step
on time step 1717 (time=7.15417), 0.0278121 s/step
on time step 1712 (time=7.13333), 0.0278128 s/step
on time step 1713 (time=7.1375), 0.0278601 s/step
on time step 1715 (time=7.14583), 0.0280013 s/step
on time step 1738 (time=7.24167), 0.0276018 s/step
on time step 1734 (time=7.225), 0.0275983 s/step
on time step 26568 (time=110.7), 0.00186925 s/step
on time step 1814 (time=7.55833), 0.0294804 s/step
on time step 1838 (time=7.65833), 0.0286202 s/step
on time step 1842 (time=7.675), 0.0281715 s/step
on time step 1840 (time=7.66667), 0.0281961 s/step
on time step 1827 (time=7.6125), 0.0281662 s/step
on time step 1844 (time=7.68333), 0.0284279 s/step
on time step 1833 (time=7.6375), 0.0285206 s/step
on time step 1841 (time=7.67083), 0.0281919 s/step
on time step 1844 (time=7.68333), 0.0281902 s/step
on time step 1843 (time=7.67917), 0.028318 s/step
on time step 1822 (time=7.59167), 0.0285882 s/step
on time step 1829 (time=7.62083), 0.0286424 s/step
on time step 1851 (time=7.7125), 0.0280592 s/step
on time step 1837 (time=7.65417), 0.0285458 s/step
on time step 1807 (time=7.52917), 0.0289429 s/step
on time step 1855 (time=7.72917), 0.0279791 s/step
on time step 1884 (time=7.85), 0.0276453 s/step
on time step 1881 (time=7.8375), 0.0276498 s/step
on time step 1861 (time=7.75417), 0.0278622 s/step
on time step 1856 (time=7.73333), 0.0280446 s/step
on time step 1859 (time=7.74583), 0.0278518 s/step
on time step 1883 (time=7.84583), 0.0276274 s/step
on time step 1879 (time=7.82917), 0.0276333 s/step
on time step 28716 (time=119.65), 0.00186225 s/step
on time step 1951 (time=8.12917), 0.0294083 s/step
on time step 1983 (time=8.2625), 0.0280903 s/step
on time step 1986 (time=8.275), 0.0282544 s/step
on time step 1970 (time=8.20833), 0.0280958 s/step
on time step 1984 (time=8.26667), 0.0283058 s/step
on time step 1980 (time=8.25), 0.0283663 s/step
on time step 1984 (time=8.26667), 0.0280998 s/step
on time step 1987 (time=8.27917), 0.0281018 s/step
on time step 1969 (time=8.20417), 0.0286321 s/step
on time step 1986 (time=8.275), 0.0281036 s/step
on time step 1975 (time=8.22917), 0.02836 s/step
on time step 1964 (time=8.18333), 0.028346 s/step
on time step 2005 (time=8.35417), 0.0277811 s/step
on time step 1999 (time=8.32917), 0.0278618 s/step
on time step 1995 (time=8.3125), 0.0279617 s/step
on time step 1946 (time=8.10833), 0.0289272 s/step
on time step 2029 (time=8.45417), 0.0277251 s/step
on time step 1979 (time=8.24583), 0.0283617 s/step
on time step 2026 (time=8.44167), 0.0277549 s/step
on time step 2003 (time=8.34583), 0.027796 s/step
on time step 2000 (time=8.33333), 0.0279502 s/step
on time step 2023 (time=8.42917), 0.0277956 s/step
on time step 2028 (time=8.45), 0.0276964 s/step
field decay(t = 120.02499999999999): 7.71182199609382e-09 / 7.71182199609382e-09 = 1.0
on time step 30856 (time=128.567), 0.00186992 s/step
on time step 2087 (time=8.69583), 0.0294677 s/step
on time step 2125 (time=8.85417), 0.0282221 s/step
on time step 2112 (time=8.8), 0.0282239 s/step
on time step 2126 (time=8.85833), 0.0282368 s/step
on time step 2128 (time=8.86667), 0.0282517 s/step
on time step 2121 (time=8.8375), 0.028439 s/step
on time step 2126 (time=8.85833), 0.0282271 s/step
on time step 2129 (time=8.87083), 0.0282282 s/step
on time step 2128 (time=8.86667), 0.0282271 s/step
on time step 2104 (time=8.76667), 0.0286218 s/step
on time step 2109 (time=8.7875), 0.0286745 s/step
on time step 2116 (time=8.81667), 0.0284666 s/step
on time step 2137 (time=8.90417), 0.0281993 s/step
on time step 2174 (time=9.05833), 0.0276231 s/step
on time step 2171 (time=9.04583), 0.0275886 s/step
on time step 2119 (time=8.82917), 0.0286194 s/step
on time step 2149 (time=8.95417), 0.0279418 s/step
on time step 2085 (time=8.6875), 0.0289213 s/step
on time step 2143 (time=8.92917), 0.0279644 s/step
on time step 2142 (time=8.925), 0.0281859 s/step
on time step 2147 (time=8.94583), 0.0279508 s/step
on time step 2173 (time=9.05417), 0.027664 s/step
on time step 2169 (time=9.0375), 0.0275672 s/step
on time step 32994 (time=137.475), 0.00187105 s/step
on time step 2223 (time=9.2625), 0.0294245 s/step
on time step 2267 (time=9.44583), 0.0282455 s/step
on time step 2254 (time=9.39167), 0.0282435 s/step
on time step 2268 (time=9.45), 0.0282306 s/step
on time step 2270 (time=9.45833), 0.0282265 s/step
on time step 2263 (time=9.42917), 0.0282285 s/step
on time step 2249 (time=9.37083), 0.02858 s/step
on time step 2257 (time=9.40417), 0.0283737 s/step
on time step 2268 (time=9.45), 0.0282471 s/step
on time step 2271 (time=9.4625), 0.028248 s/step
on time step 2270 (time=9.45833), 0.0282443 s/step
on time step 2245 (time=9.35417), 0.0284179 s/step
on time step 2319 (time=9.6625), 0.0276136 s/step
on time step 2316 (time=9.65), 0.0276232 s/step
on time step 2292 (time=9.55), 0.0279833 s/step
on time step 2260 (time=9.41667), 0.0284305 s/step
on time step 2280 (time=9.5), 0.0281504 s/step
on time step 2224 (time=9.26667), 0.0289501 s/step
on time step 2287 (time=9.52917), 0.0279543 s/step
on time step 2285 (time=9.52083), 0.028138 s/step
on time step 2291 (time=9.54583), 0.0279635 s/step
on time step 2318 (time=9.65833), 0.0276096 s/step
on time step 2314 (time=9.64167), 0.0277635 s/step
field decay(t = 140.02916666666667): 2.0629622628737315e-08 / 2.0629622628737315e-08 = 1.0
on time step 35142 (time=146.425), 0.00186293 s/step
on time step 2360 (time=9.83333), 0.0293812 s/step
on time step 2410 (time=10.0417), 0.0281105 s/step
on time step 2397 (time=9.9875), 0.0280992 s/step
on time step 2411 (time=10.0458), 0.0280994 s/step
on time step 2413 (time=10.0542), 0.0280983 s/step
on time step 2405 (time=10.0208), 0.0282937 s/step
on time step 2411 (time=10.0458), 0.028103 s/step
on time step 2386 (time=9.94167), 0.0284928 s/step
on time step 2414 (time=10.0583), 0.0281057 s/step
on time step 2413 (time=10.0542), 0.0281041 s/step
on time step 2399 (time=9.99583), 0.0283352 s/step
on time step 2390 (time=9.95833), 0.0285422 s/step
on time step 2423 (time=10.0958), 0.0280065 s/step
on time step 2464 (time=10.2667), 0.0277061 s/step
on time step 2461 (time=10.2542), 0.0276994 s/step
on time step 2436 (time=10.15), 0.027906 s/step
on time step 2401 (time=10.0042), 0.028499 s/step
on time step 2363 (time=9.84583), 0.0288709 s/step
on time step 2431 (time=10.1292), 0.0279057 s/step
on time step 2429 (time=10.1208), 0.0279518 s/step
on time step 2435 (time=10.1458), 0.0279033 s/step
on time step 2463 (time=10.2625), 0.0277115 s/step
on time step 2459 (time=10.2458), 0.0277469 s/step
on time step 37289 (time=155.371), 0.00186344 s/step
on time step 2497 (time=10.4042), 0.029401 s/step
on time step 2552 (time=10.6333), 0.0281972 s/step
on time step 2555 (time=10.6458), 0.028192 s/step
on time step 2539 (time=10.5792), 0.0281959 s/step
on time step 2553 (time=10.6375), 0.0281945 s/step
on time step 2547 (time=10.6125), 0.0281917 s/step
on time step 2553 (time=10.6375), 0.0281955 s/step
on time step 2555 (time=10.6458), 0.0281813 s/step
on time step 2556 (time=10.65), 0.0281878 s/step
on time step 2541 (time=10.5875), 0.0281955 s/step
on time step 2526 (time=10.525), 0.0286381 s/step
on time step 2609 (time=10.8708), 0.0276123 s/step
on time step 2606 (time=10.8583), 0.0276145 s/step
on time step 2531 (time=10.5458), 0.0285148 s/step
on time step 2579 (time=10.7458), 0.027976 s/step
on time step 2565 (time=10.6875), 0.0282316 s/step
on time step 2542 (time=10.5917), 0.028433 s/step
on time step 2502 (time=10.425), 0.0288354 s/step
on time step 2574 (time=10.725), 0.027978 s/step
on time step 2578 (time=10.7417), 0.0279768 s/step
on time step 2572 (time=10.7167), 0.0281123 s/step
on time step 2608 (time=10.8667), 0.0276047 s/step
on time step 2603 (time=10.8458), 0.0278076 s/step
field decay(t = 160.03333333333333): 7.318865619096181e-08 / 7.318865619096181e-08 = 1.0
on time step 39440 (time=164.333), 0.00186042 s/step
on time step 2634 (time=10.975), 0.0294023 s/step
on time step 2694 (time=11.225), 0.028227 s/step
on time step 2681 (time=11.1708), 0.028225 s/step
on time step 2695 (time=11.2292), 0.0282244 s/step
on time step 2697 (time=11.2375), 0.0282331 s/step
on time step 2689 (time=11.2042), 0.0282331 s/step
on time step 2698 (time=11.2417), 0.0282163 s/step
on time step 2697 (time=11.2375), 0.0282206 s/step
on time step 2695 (time=11.2292), 0.0282256 s/step
on time step 2683 (time=11.1792), 0.0282579 s/step
on time step 2754 (time=11.475), 0.0276297 s/step
on time step 2751 (time=11.4625), 0.0276369 s/step
on time step 2666 (time=11.1083), 0.0287383 s/step
on time step 2723 (time=11.3458), 0.0278452 s/step
on time step 2707 (time=11.2792), 0.0282407 s/step
on time step 2683 (time=11.1792), 0.0284668 s/step
on time step 2672 (time=11.1333), 0.0285643 s/step
on time step 2717 (time=11.3208), 0.0280248 s/step
on time step 2641 (time=11.0042), 0.0288895 s/step
on time step 2722 (time=11.3417), 0.0278429 s/step
on time step 2715 (time=11.3125), 0.0280434 s/step
on time step 2753 (time=11.4708), 0.0276305 s/step
on time step 2748 (time=11.45), 0.0276326 s/step
on time step 41586 (time=173.275), 0.00186412 s/step
on time step 2770 (time=11.5417), 0.029451 s/step
on time step 2836 (time=11.8167), 0.0282746 s/step
on time step 2823 (time=11.7625), 0.0282947 s/step
on time step 2837 (time=11.8208), 0.0283087 s/step
on time step 2839 (time=11.8292), 0.028304 s/step
on time step 2831 (time=11.7958), 0.0283066 s/step
on time step 2823 (time=11.7625), 0.0285971 s/step
on time step 2839 (time=11.8292), 0.0282845 s/step
on time step 2837 (time=11.8208), 0.0282815 s/step
on time step 2840 (time=11.8333), 0.0283036 s/step
on time step 2899 (time=12.0792), 0.0276033 s/step
on time step 2896 (time=12.0667), 0.0276187 s/step
on time step 2805 (time=11.6875), 0.0287943 s/step
on time step 2850 (time=11.875), 0.0279765 s/step
on time step 2823 (time=11.7625), 0.0286125 s/step
on time step 2867 (time=11.9458), 0.0279519 s/step
on time step 2812 (time=11.7167), 0.0286573 s/step
on time step 2861 (time=11.9208), 0.0279629 s/step
on time step 2780 (time=11.5833), 0.0289486 s/step
on time step 2866 (time=11.9417), 0.0279458 s/step
on time step 2859 (time=11.9125), 0.0279552 s/step
on time step 2899 (time=12.0792), 0.0275806 s/step
on time step 2893 (time=12.0542), 0.0276692 s/step
field decay(t = 180.0375): 2.4669621602920934e-07 / 2.4669621602920934e-07 = 1.0
on time step 43730 (time=182.208), 0.00186622 s/step
on time step 2906 (time=12.1083), 0.0294832 s/step
on time step 2981 (time=12.4208), 0.028221 s/step
on time step 2979 (time=12.4125), 0.0281385 s/step
on time step 2966 (time=12.3583), 0.0281326 s/step
on time step 2979 (time=12.4125), 0.0283151 s/step
on time step 2973 (time=12.3875), 0.0283569 s/step
on time step 2964 (time=12.35), 0.028487 s/step
on time step 3044 (time=12.6833), 0.0276529 s/step
on time step 3040 (time=12.6667), 0.0278262 s/step
on time step 2994 (time=12.475), 0.0278546 s/step
on time step 2980 (time=12.4167), 0.0281279 s/step
on time step 2983 (time=12.4292), 0.028123 s/step
on time step 2982 (time=12.425), 0.0281407 s/step
on time step 2945 (time=12.2708), 0.0287425 s/step
on time step 3011 (time=12.5458), 0.0278691 s/step
on time step 2952 (time=12.3), 0.028654 s/step
on time step 2964 (time=12.35), 0.028538 s/step
on time step 3005 (time=12.5208), 0.0278759 s/step
on time step 2919 (time=12.1625), 0.0288918 s/step
on time step 3010 (time=12.5417), 0.0278779 s/step
on time step 3003 (time=12.5125), 0.027869 s/step
on time step 3044 (time=12.6833), 0.0276685 s/step
on time step 3038 (time=12.6583), 0.0277582 s/step
on time step 45868 (time=191.117), 0.00187152 s/step
on time step 3042 (time=12.675), 0.0294942 s/step
on time step 3122 (time=13.0083), 0.0284046 s/step
on time step 3121 (time=13.0042), 0.0282755 s/step
on time step 3108 (time=12.95), 0.0282791 s/step
on time step 3104 (time=12.9333), 0.0286097 s/step
on time step 3120 (time=13), 0.0284976 s/step
on time step 3189 (time=13.2875), 0.0276702 s/step
on time step 3185 (time=13.2708), 0.0276837 s/step
on time step 3114 (time=12.975), 0.028532 s/step
on time step 3136 (time=13.0667), 0.0282566 s/step
on time step 3084 (time=12.85), 0.028827 s/step
on time step 3122 (time=13.0083), 0.0282773 s/step
on time step 3124 (time=13.0167), 0.0282732 s/step
on time step 3125 (time=13.0208), 0.0282815 s/step
on time step 3104 (time=12.9333), 0.0285948 s/step
on time step 3092 (time=12.8833), 0.0286534 s/step
on time step 3155 (time=13.1458), 0.0278817 s/step
on time step 3149 (time=13.1208), 0.027874 s/step
on time step 3058 (time=12.7417), 0.0289532 s/step
on time step 3154 (time=13.1417), 0.0278704 s/step
on time step 3146 (time=13.1083), 0.0280681 s/step
on time step 3189 (time=13.2875), 0.027665 s/step
on time step 3183 (time=13.2625), 0.0276669 s/step
on time step 48008 (time=200.033), 0.0018697 s/step
on time step 3178 (time=13.2417), 0.0294841 s/step
on time step 3263 (time=13.5958), 0.0285112 s/step
on time step 3263 (time=13.5958), 0.0282213 s/step
on time step 3250 (time=13.5417), 0.0282202 s/step
on time step 3334 (time=13.8917), 0.0276208 s/step
on time step 3261 (time=13.5875), 0.0284568 s/step
on time step 3254 (time=13.5583), 0.028584 s/step
on time step 3330 (time=13.875), 0.0276173 s/step
on time step 3244 (time=13.5167), 0.0287013 s/step
on time step 3279 (time=13.6625), 0.0280069 s/step
on time step 3264 (time=13.6), 0.0281925 s/step
on time step 3223 (time=13.4292), 0.0288317 s/step
on time step 3266 (time=13.6083), 0.0282185 s/step
on time step 3267 (time=13.6125), 0.0282239 s/step
on time step 3299 (time=13.7458), 0.0278024 s/step
on time step 3244 (time=13.5167), 0.0286983 s/step
on time step 3232 (time=13.4667), 0.0286975 s/step
on time step 3292 (time=13.7167), 0.0279928 s/step
on time step 3298 (time=13.7417), 0.0278064 s/step
on time step 3289 (time=13.7042), 0.0279932 s/step
on time step 3197 (time=13.3208), 0.0289638 s/step
on time step 3334 (time=13.8917), 0.0276152 s/step
on time step 3328 (time=13.8667), 0.027622 s/step
field decay(t = 200.04166666666666): 5.93411349733687e-07 / 5.93411349733687e-07 = 1.0
on time step 50147 (time=208.946), 0.00187066 s/step
on time step 3314 (time=13.8083), 0.0295018 s/step
on time step 3405 (time=14.1875), 0.0282299 s/step
on time step 3404 (time=14.1833), 0.0284983 s/step
on time step 3392 (time=14.1333), 0.02824 s/step
on time step 3394 (time=14.1417), 0.028584 s/step
on time step 3479 (time=14.4958), 0.0276485 s/step
on time step 3475 (time=14.4792), 0.0276481 s/step
on time step 3402 (time=14.175), 0.0284737 s/step
on time step 3421 (time=14.2542), 0.0282391 s/step
on time step 3384 (time=14.1), 0.0287057 s/step
on time step 3362 (time=14.0083), 0.0288373 s/step
on time step 3406 (time=14.1917), 0.0282718 s/step
on time step 3408 (time=14.2), 0.0282423 s/step
on time step 3409 (time=14.2042), 0.028251 s/step
on time step 3443 (time=14.3458), 0.0278528 s/step
on time step 3384 (time=14.1), 0.0286362 s/step
on time step 3372 (time=14.05), 0.0287087 s/step
on time step 3436 (time=14.3167), 0.0278498 s/step
on time step 3442 (time=14.3417), 0.0278453 s/step
on time step 3432 (time=14.3), 0.0280484 s/step
on time step 3336 (time=13.9), 0.0289506 s/step
on time step 3479 (time=14.4958), 0.0276378 s/step
on time step 3473 (time=14.4708), 0.0276819 s/step
on time step 52281 (time=217.838), 0.00187486 s/step
on time step 3450 (time=14.375), 0.0294574 s/step
on time step 3547 (time=14.7792), 0.0282071 s/step
on time step 3546 (time=14.775), 0.0282175 s/step
on time step 3534 (time=14.725), 0.0282068 s/step
on time step 3536 (time=14.7333), 0.02821 s/step
on time step 3619 (time=15.0792), 0.0278406 s/step
on time step 3624 (time=15.1), 0.0276732 s/step
on time step 3563 (time=14.8458), 0.0282465 s/step
on time step 3548 (time=14.7833), 0.0282134 s/step
on time step 3551 (time=14.7958), 0.0281954 s/step
on time step 3550 (time=14.7917), 0.0282173 s/step
on time step 3544 (time=14.7667), 0.0283208 s/step
on time step 3525 (time=14.6875), 0.028479 s/step
on time step 3502 (time=14.5917), 0.0287711 s/step
on time step 3587 (time=14.9458), 0.0278447 s/step
on time step 3512 (time=14.6333), 0.0286001 s/step
on time step 3525 (time=14.6875), 0.0285083 s/step
on time step 3580 (time=14.9167), 0.0278532 s/step
on time step 3586 (time=14.9417), 0.0278501 s/step
on time step 3575 (time=14.8958), 0.0280493 s/step
on time step 3475 (time=14.4792), 0.0289284 s/step
on time step 3624 (time=15.1), 0.0276635 s/step
on time step 3617 (time=15.0708), 0.0278271 s/step
field decay(t = 220.04583333333332): 1.8291177623647305e-06 / 1.8291177623647305e-06 = 1.0
on time step 54421 (time=226.754), 0.00186976 s/step
on time step 3586 (time=14.9417), 0.0294438 s/step
on time step 3689 (time=15.3708), 0.0281795 s/step
on time step 3676 (time=15.3167), 0.02817 s/step
on time step 3688 (time=15.3667), 0.02818 s/step
on time step 3677 (time=15.3208), 0.0283725 s/step
on time step 3763 (time=15.6792), 0.027808 s/step
on time step 3769 (time=15.7042), 0.0276041 s/step
on time step 3705 (time=15.4375), 0.0281819 s/step
on time step 3690 (time=15.375), 0.02819 s/step
on time step 3692 (time=15.3833), 0.0281831 s/step
on time step 3693 (time=15.3875), 0.0281881 s/step
on time step 3686 (time=15.3583), 0.0281751 s/step
on time step 3666 (time=15.275), 0.0283958 s/step
on time step 3730 (time=15.5417), 0.0279873 s/step
on time step 3642 (time=15.175), 0.0287376 s/step
on time step 3723 (time=15.5125), 0.027983 s/step
on time step 3666 (time=15.275), 0.0285461 s/step
on time step 3653 (time=15.2208), 0.0285639 s/step
on time step 3729 (time=15.5375), 0.0279844 s/step
on time step 3717 (time=15.4875), 0.0281791 s/step
on time step 3614 (time=15.0583), 0.0289146 s/step
on time step 3770 (time=15.7083), 0.0275353 s/step
on time step 3761 (time=15.6708), 0.0277864 s/step
on time step 56565 (time=235.688), 0.00186598 s/step
on time step 3722 (time=15.5083), 0.0294374 s/step
on time step 3831 (time=15.9625), 0.0281962 s/step
on time step 3818 (time=15.9083), 0.0283857 s/step
on time step 3818 (time=15.9083), 0.0282153 s/step
on time step 3830 (time=15.9583), 0.02829 s/step
on time step 3914 (time=16.3083), 0.0276385 s/step
on time step 3908 (time=16.2833), 0.0276473 s/step
on time step 3834 (time=15.975), 0.028182 s/step
on time step 3832 (time=15.9667), 0.0281873 s/step
on time step 3835 (time=15.9792), 0.0281855 s/step
on time step 3828 (time=15.95), 0.0282049 s/step
on time step 3849 (time=16.0375), 0.027942 s/step
on time step 3874 (time=16.1417), 0.0278551 s/step
on time step 3807 (time=15.8625), 0.0285564 s/step
on time step 3867 (time=16.1125), 0.0278558 s/step
on time step 3806 (time=15.8583), 0.0285903 s/step
on time step 3793 (time=15.8042), 0.0286029 s/step
on time step 3782 (time=15.7583), 0.0287518 s/step
on time step 3873 (time=16.1375), 0.0278538 s/step
on time step 3861 (time=16.0875), 0.0279123 s/step
on time step 3753 (time=15.6375), 0.0289492 s/step
on time step 3915 (time=16.3125), 0.0277418 s/step
on time step 3906 (time=16.275), 0.0276504 s/step
field decay(t = 240.04999999999998): 5.355626518679961e-06 / 5.355626518679961e-06 = 1.0
on time step 58700 (time=244.583), 0.00187423 s/step
on time step 3858 (time=16.075), 0.0294608 s/step
on time step 3959 (time=16.4958), 0.0284242 s/step
on time step 3976 (time=16.5667), 0.0281727 s/step
on time step 3974 (time=16.5583), 0.0281702 s/step
on time step 3961 (time=16.5042), 0.028164 s/step
on time step 4059 (time=16.9125), 0.0276792 s/step
on time step 3970 (time=16.5417), 0.0281905 s/step
on time step 4053 (time=16.8875), 0.027698 s/step
on time step 3972 (time=16.55), 0.0283274 s/step
on time step 3991 (time=16.6292), 0.0281993 s/step
on time step 3975 (time=16.5625), 0.0281657 s/step
on time step 3978 (time=16.575), 0.028171 s/step
on time step 3947 (time=16.4458), 0.0285855 s/step
on time step 4018 (time=16.7417), 0.0278762 s/step
on time step 4011 (time=16.7125), 0.0278832 s/step
on time step 3946 (time=16.4417), 0.0286669 s/step
on time step 3921 (time=16.3375), 0.0288801 s/step
on time step 3933 (time=16.3875), 0.0287527 s/step
on time step 4017 (time=16.7375), 0.0278663 s/step
on time step 4004 (time=16.6833), 0.0280177 s/step
on time step 4060 (time=16.9167), 0.0276574 s/step
on time step 4051 (time=16.8792), 0.0276644 s/step
on time step 3892 (time=16.2167), 0.0289642 s/step
on time step 60840 (time=253.5), 0.00186931 s/step
on time step 3994 (time=16.6417), 0.0295008 s/step
on time step 4099 (time=17.0792), 0.0285978 s/step
on time step 4116 (time=17.15), 0.0282834 s/step
on time step 4118 (time=17.1583), 0.0283002 s/step
on time step 4103 (time=17.0958), 0.0283067 s/step
on time step 4112 (time=17.1333), 0.0282953 s/step
on time step 4113 (time=17.1375), 0.0284696 s/step
on time step 4205 (time=17.5208), 0.0275791 s/step
on time step 4199 (time=17.4958), 0.0275658 s/step
on time step 4133 (time=17.2208), 0.0282796 s/step
on time step 4117 (time=17.1542), 0.0282999 s/step
on time step 4162 (time=17.3417), 0.0278201 s/step
on time step 4120 (time=17.1667), 0.0283149 s/step
on time step 4088 (time=17.0333), 0.0285287 s/step
on time step 4154 (time=17.3083), 0.0280508 s/step
on time step 4086 (time=17.025), 0.0286477 s/step
on time step 4060 (time=16.9167), 0.0288266 s/step
on time step 4073 (time=16.9708), 0.0286952 s/step
on time step 4161 (time=17.3375), 0.0278347 s/step
on time step 4147 (time=17.2792), 0.0280944 s/step
on time step 4196 (time=17.4833), 0.0276035 s/step
on time step 4206 (time=17.525), 0.027553 s/step
on time step 4031 (time=16.7958), 0.0289476 s/step
field decay(t = 260.0541666666667): 1.1595468908074976e-05 / 1.1595468908074976e-05 = 1.0
on time step 62982 (time=262.425), 0.00186757 s/step
on time step 4130 (time=17.2083), 0.0294219 s/step
on time step 4241 (time=17.6708), 0.0282594 s/step
on time step 4258 (time=17.7417), 0.0281696 s/step
on time step 4350 (time=18.125), 0.0276079 s/step
on time step 4344 (time=18.1), 0.0276103 s/step
on time step 4276 (time=17.8167), 0.0280296 s/step
on time step 4261 (time=17.7542), 0.028161 s/step
on time step 4246 (time=17.6917), 0.0281401 s/step
on time step 4255 (time=17.7292), 0.0281442 s/step
on time step 4256 (time=17.7333), 0.0281501 s/step
on time step 4229 (time=17.6208), 0.0283703 s/step
on time step 4306 (time=17.9417), 0.0279225 s/step
on time step 4260 (time=17.75), 0.0281586 s/step
on time step 4263 (time=17.7625), 0.0281436 s/step
on time step 4227 (time=17.6125), 0.0283824 s/step
on time step 4298 (time=17.9083), 0.0278762 s/step
on time step 4200 (time=17.5), 0.0286908 s/step
on time step 4305 (time=17.9375), 0.027911 s/step
on time step 4214 (time=17.5583), 0.0285133 s/step
on time step 4291 (time=17.8792), 0.0278343 s/step
on time step 4341 (time=18.0875), 0.0275912 s/step
on time step 4351 (time=18.1292), 0.0276398 s/step
on time step 4170 (time=17.375), 0.0289183 s/step
on time step 65048 (time=271.033), 0.00193629 s/step
on time step 4266 (time=17.775), 0.0294886 s/step
on time step 4381 (time=18.2542), 0.0285819 s/step
on time step 4400 (time=18.3333), 0.028227 s/step
on time step 4495 (time=18.7292), 0.0276503 s/step
on time step 4489 (time=18.7042), 0.0276523 s/step
on time step 4419 (time=18.4125), 0.028017 s/step
on time step 4403 (time=18.3458), 0.0282289 s/step
on time step 4388 (time=18.2833), 0.0282268 s/step
on time step 4396 (time=18.3167), 0.0284181 s/step
on time step 4397 (time=18.3208), 0.0284089 s/step
on time step 4369 (time=18.2042), 0.0285886 s/step
on time step 4450 (time=18.5417), 0.0278367 s/step
on time step 4402 (time=18.3417), 0.0282327 s/step
on time step 4405 (time=18.3542), 0.0282305 s/step
on time step 4442 (time=18.5083), 0.0278418 s/step
on time step 4368 (time=18.2), 0.0285548 s/step
on time step 4339 (time=18.0792), 0.0288604 s/step
on time step 4449 (time=18.5375), 0.0278343 s/step
on time step 4435 (time=18.4792), 0.0278476 s/step
on time step 4354 (time=18.1417), 0.0286796 s/step
on time step 4486 (time=18.6917), 0.0276861 s/step
on time step 4496 (time=18.7333), 0.0276502 s/step
on time step 4309 (time=17.9542), 0.0289514 s/step
on time step 67117 (time=279.654), 0.00193381 s/step
on time step 4402 (time=18.3417), 0.0294988 s/step
on time step 4522 (time=18.8417), 0.0284546 s/step
on time step 4542 (time=18.925), 0.0282029 s/step
on time step 4545 (time=18.9375), 0.0282263 s/step
on time step 4640 (time=19.3333), 0.0277021 s/step
on time step 4634 (time=19.3083), 0.0277154 s/step
on time step 4530 (time=18.875), 0.0282506 s/step
on time step 4538 (time=18.9083), 0.0282523 s/step
on time step 4510 (time=18.7917), 0.0284499 s/step
on time step 4539 (time=18.9125), 0.0282589 s/step
on time step 4562 (time=19.0083), 0.0281583 s/step
on time step 4544 (time=18.9333), 0.028213 s/step
on time step 4547 (time=18.9458), 0.0282278 s/step
on time step 4594 (time=19.1417), 0.027915 s/step
on time step 4478 (time=18.6583), 0.0288106 s/step
on time step 4586 (time=19.1083), 0.0279311 s/step
on time step 4509 (time=18.7875), 0.0285516 s/step
on time step 4494 (time=18.725), 0.0286132 s/step
on time step 4593 (time=19.1375), 0.0279286 s/step
on time step 4578 (time=19.075), 0.0281153 s/step
on time step 4630 (time=19.2917), 0.0278537 s/step
on time step 4642 (time=19.3417), 0.0275124 s/step
on time step 4448 (time=18.5333), 0.0289161 s/step
field decay(t = 280.05833333333334): 3.104944926901014e-05 / 3.104944926901014e-05 = 1.0
on time step 69186 (time=288.275), 0.00193363 s/step
on time step 4538 (time=18.9083), 0.0294732 s/step
on time step 4663 (time=19.4292), 0.028434 s/step
on time step 4684 (time=19.5167), 0.0282773 s/step
on time step 4785 (time=19.9375), 0.0276127 s/step
on time step 4779 (time=19.9125), 0.0276038 s/step
on time step 4687 (time=19.5292), 0.0282582 s/step
on time step 4672 (time=19.4667), 0.0282368 s/step
on time step 4680 (time=19.5), 0.0282316 s/step
on time step 4681 (time=19.5042), 0.0282243 s/step
on time step 4651 (time=19.3792), 0.028431 s/step
on time step 4704 (time=19.6), 0.0282278 s/step
on time step 4738 (time=19.7417), 0.0277938 s/step
on time step 4689 (time=19.5375), 0.0282564 s/step
on time step 4686 (time=19.525), 0.0282768 s/step
on time step 4730 (time=19.7083), 0.0277896 s/step
on time step 4618 (time=19.2417), 0.0286969 s/step
on time step 4737 (time=19.7375), 0.0277859 s/step
on time step 4721 (time=19.6708), 0.0279788 s/step
on time step 4649 (time=19.3708), 0.0287211 s/step
on time step 4634 (time=19.3083), 0.0286776 s/step
on time step 4775 (time=19.8958), 0.0276228 s/step
on time step 4787 (time=19.9458), 0.0276277 s/step
on time step 4587 (time=19.1125), 0.0289005 s/step
on time step 71260 (time=296.917), 0.00192918 s/step
on time step 4674 (time=19.475), 0.0294921 s/step
field decay(t = 20.004166666666666): 1.0795305587843307e-10 / 1.0795305587843307e-10 = 1.0
on time step 4804 (time=20.0167), 0.0284472 s/step
field decay(t = 20.004166666666666): 1.1692077248012515e-10 / 1.1692077248012515e-10 = 1.0
on time step 4827 (time=20.1125), 0.0281481 s/step
field decay(t = 20.004166666666666): 1.2195861908016577e-10 / 1.2195861908016577e-10 = 1.0
on time step 4814 (time=20.0583), 0.0281811 s/step
field decay(t = 20.004166666666666): 1.4727028620352303e-10 / 1.4727028620352303e-10 = 1.0
on time step 4822 (time=20.0917), 0.0281898 s/step
field decay(t = 20.004166666666666): 1.2689399706433086e-10 / 1.2689399706433086e-10 = 1.0
on time step 4823 (time=20.0958), 0.0281903 s/step
field decay(t = 20.004166666666666): 1.369844633710102e-10 / 1.369844633710102e-10 = 1.0
on time step 4930 (time=20.5417), 0.0276759 s/step
field decay(t = 20.004166666666666): 1.4848115246118706e-10 / 1.4848115246118706e-10 = 1.0
on time step 4924 (time=20.5167), 0.0276935 s/step
on time step 4792 (time=19.9667), 0.0284717 s/step
field decay(t = 20.004166666666666): 1.588380836731145e-10 / 1.588380836731145e-10 = 1.0
on time step 4847 (time=20.1958), 0.0280265 s/step
field decay(t = 20.004166666666666): 1.2279863133758078e-10 / 1.2279863133758078e-10 = 1.0
on time step 4830 (time=20.125), 0.0281568 s/step
field decay(t = 20.004166666666666): 1.6981303124794266e-10 / 1.6981303124794266e-10 = 1.0
on time step 4882 (time=20.3417), 0.0278975 s/step
field decay(t = 20.004166666666666): 1.2864795264107704e-10 / 1.2864795264107704e-10 = 1.0
on time step 4829 (time=20.1208), 0.0281483 s/step
field decay(t = 20.004166666666666): 1.369844633710102e-10 / 1.369844633710102e-10 = 1.0
on time step 4832 (time=20.1333), 0.0281577 s/step
on time step 4757 (time=19.8208), 0.028812 s/step
field decay(t = 20.004166666666666): 1.2864795264107704e-10 / 1.2864795264107704e-10 = 1.0
on time step 4874 (time=20.3083), 0.0278804 s/step
on time step 4774 (time=19.8917), 0.0286359 s/step
field decay(t = 20.004166666666666): 1.6478145124380693e-10 / 1.6478145124380693e-10 = 1.0
on time step 4881 (time=20.3375), 0.0278962 s/step
field decay(t = 20.004166666666666): 1.2195861908016577e-10 / 1.2195861908016577e-10 = 1.0
on time step 4865 (time=20.2708), 0.0279023 s/step
on time step 4790 (time=19.9583), 0.0285039 s/step
field decay(t = 20.004166666666666): 1.7319691343899794e-10 / 1.7319691343899794e-10 = 1.0
on time step 4920 (time=20.5), 0.0276732 s/step
field decay(t = 20.004166666666666): 1.336119495604323e-10 / 1.336119495604323e-10 = 1.0
on time step 4932 (time=20.55), 0.027657 s/step
on time step 4726 (time=19.6917), 0.028949 s/step
field decay(t = 300.0625): 7.476174431379807e-05 / 7.476174431379807e-05 = 1.0
on time step 73307 (time=305.446), 0.00195474 s/step
field decay(t = 20.004166666666666): 1.1267121090801889e-10 / 1.1267121090801889e-10 = 1.0
on time step 4810 (time=20.0417), 0.0295514 s/step
on time step 4945 (time=20.6042), 0.0284674 s/step
on time step 5068 (time=21.1167), 0.0277869 s/step
on time step 5075 (time=21.1458), 0.0276317 s/step
on time step 4989 (time=20.7875), 0.0281702 s/step
on time step 4969 (time=20.7042), 0.0283357 s/step
on time step 4963 (time=20.6792), 0.0285107 s/step
on time step 4955 (time=20.6458), 0.0285261 s/step
on time step 4964 (time=20.6833), 0.0285177 s/step
field decay(t = 20.004166666666666): 1.1692077248012515e-10 / 1.1692077248012515e-10 = 1.0
on time step 4933 (time=20.5542), 0.0284866 s/step
on time step 5025 (time=20.9375), 0.0279803 s/step
on time step 4972 (time=20.7167), 0.0283383 s/step
on time step 5017 (time=20.9042), 0.0279824 s/step
on time step 4971 (time=20.7125), 0.0283373 s/step
field decay(t = 20.004166666666666): 1.336119495604323e-10 / 1.336119495604323e-10 = 1.0
on time step 4896 (time=20.4), 0.0288742 s/step
on time step 4974 (time=20.725), 0.0283551 s/step
on time step 5024 (time=20.9333), 0.0279822 s/step
field decay(t = 20.004166666666666): 1.2279863133758078e-10 / 1.2279863133758078e-10 = 1.0
on time step 4913 (time=20.4708), 0.0288164 s/step
on time step 5007 (time=20.8625), 0.0281768 s/step
field decay(t = 20.004166666666666): 1.2689399706433086e-10 / 1.2689399706433086e-10 = 1.0
on time step 4930 (time=20.5417), 0.0286483 s/step
on time step 5064 (time=21.1), 0.027823 s/step
on time step 5077 (time=21.1542), 0.0276217 s/step
field decay(t = 20.004166666666666): 1.5274454313092772e-10 / 1.5274454313092772e-10 = 1.0
on time step 4864 (time=20.2667), 0.0290042 s/step
on time step 75437 (time=314.321), 0.0018781 s/step
on time step 4946 (time=20.6083), 0.0294245 s/step
on time step 5086 (time=21.1917), 0.0283999 s/step
on time step 5220 (time=21.75), 0.0276298 s/step
on time step 5213 (time=21.7208), 0.027651 s/step
on time step 5133 (time=21.3875), 0.0278331 s/step
on time step 5111 (time=21.2958), 0.0282124 s/step
on time step 5097 (time=21.2375), 0.0281955 s/step
on time step 5105 (time=21.2708), 0.0282038 s/step
on time step 5105 (time=21.2708), 0.0284057 s/step
on time step 5169 (time=21.5375), 0.0278332 s/step
on time step 5114 (time=21.3083), 0.028205 s/step
on time step 5074 (time=21.1417), 0.0285361 s/step
on time step 5161 (time=21.5042), 0.0278356 s/step
on time step 5035 (time=20.9792), 0.0288025 s/step
on time step 5116 (time=21.3167), 0.0281877 s/step
on time step 5113 (time=21.3042), 0.0282077 s/step
on time step 5168 (time=21.5333), 0.0278306 s/step
on time step 5151 (time=21.4625), 0.0278278 s/step
on time step 5070 (time=21.125), 0.0285848 s/step
on time step 5053 (time=21.0542), 0.0286897 s/step
on time step 5209 (time=21.7042), 0.0276267 s/step
on time step 5222 (time=21.7583), 0.0276596 s/step
on time step 5003 (time=20.8458), 0.0289566 s/step
field decay(t = 320.06666666666666): 0.00015387652996555994 / 0.00015387652996555994 = 1.0
on time step 77577 (time=323.238), 0.00186942 s/step
on time step 5082 (time=21.175), 0.0295007 s/step
on time step 5227 (time=21.7792), 0.0283874 s/step
on time step 5253 (time=21.8875), 0.0281808 s/step
on time step 5238 (time=21.825), 0.0283996 s/step
on time step 5246 (time=21.8583), 0.0283875 s/step
on time step 5246 (time=21.8583), 0.0284003 s/step
on time step 5365 (time=22.3542), 0.0276973 s/step
on time step 5358 (time=22.325), 0.0277212 s/step
on time step 5276 (time=21.9833), 0.0281328 s/step
on time step 5256 (time=21.9), 0.0281797 s/step
on time step 5215 (time=21.7292), 0.0284654 s/step
on time step 5313 (time=22.1375), 0.0279303 s/step
on time step 5255 (time=21.8958), 0.0281701 s/step
on time step 5174 (time=21.5583), 0.0288034 s/step
on time step 5258 (time=21.9083), 0.0281985 s/step
on time step 5305 (time=22.1042), 0.0279316 s/step
on time step 5210 (time=21.7083), 0.0286049 s/step
on time step 5312 (time=22.1333), 0.027937 s/step
on time step 5295 (time=22.0625), 0.0279452 s/step
on time step 5193 (time=21.6375), 0.0287214 s/step
on time step 5354 (time=22.3083), 0.0277288 s/step
on time step 5367 (time=22.3625), 0.0276528 s/step
on time step 5141 (time=21.4208), 0.028987 s/step
on time step 79720 (time=332.167), 0.00186734 s/step
on time step 5218 (time=21.7417), 0.0294783 s/step
on time step 5369 (time=22.3708), 0.0282968 s/step
on time step 5510 (time=22.9583), 0.0276284 s/step
on time step 5503 (time=22.9292), 0.0276085 s/step
on time step 5395 (time=22.4792), 0.0283119 s/step
on time step 5380 (time=22.4167), 0.0282951 s/step
on time step 5388 (time=22.45), 0.0283002 s/step
on time step 5388 (time=22.45), 0.0282998 s/step
on time step 5418 (time=22.575), 0.0283098 s/step
on time step 5457 (time=22.7375), 0.0277933 s/step
on time step 5398 (time=22.4917), 0.0283137 s/step
on time step 5355 (time=22.3125), 0.0286342 s/step
on time step 5449 (time=22.7042), 0.0277814 s/step
on time step 5397 (time=22.4875), 0.0283209 s/step
on time step 5400 (time=22.5), 0.028305 s/step
on time step 5314 (time=22.1417), 0.0287502 s/step
on time step 5350 (time=22.2917), 0.0285796 s/step
on time step 5456 (time=22.7333), 0.0277812 s/step
on time step 5438 (time=22.6583), 0.0280095 s/step
on time step 5333 (time=22.2208), 0.0287404 s/step
on time step 5499 (time=22.9125), 0.0275995 s/step
on time step 5512 (time=22.9667), 0.0276712 s/step
on time step 5280 (time=22), 0.0289487 s/step
field decay(t = 340.0708333333333): 0.0003579540482866448 / 0.0003579540482866448 = 1.0
on time step 81868 (time=341.117), 0.00186281 s/step
on time step 5354 (time=22.3083), 0.0294884 s/step
on time step 5510 (time=22.9583), 0.0285034 s/step
on time step 5655 (time=23.5625), 0.0276428 s/step
on time step 5648 (time=23.5333), 0.0276515 s/step
on time step 5537 (time=23.0708), 0.028276 s/step
on time step 5522 (time=23.0083), 0.028282 s/step
on time step 5530 (time=23.0417), 0.0283244 s/step
on time step 5530 (time=23.0417), 0.0283333 s/step
on time step 5601 (time=23.3375), 0.0278299 s/step
on time step 5561 (time=23.1708), 0.0280986 s/step
on time step 5540 (time=23.0833), 0.0282682 s/step
on time step 5496 (time=22.9), 0.0285389 s/step
on time step 5593 (time=23.3042), 0.0278328 s/step
on time step 5539 (time=23.0792), 0.0282696 s/step
on time step 5542 (time=23.0917), 0.0282662 s/step
on time step 5453 (time=22.7208), 0.028861 s/step
on time step 5490 (time=22.875), 0.0286494 s/step
on time step 5600 (time=23.3333), 0.0278332 s/step
on time step 5581 (time=23.2542), 0.0279974 s/step
on time step 5473 (time=22.8042), 0.0287181 s/step
on time step 5644 (time=23.5167), 0.0276465 s/step
on time step 5657 (time=23.5708), 0.0276213 s/step
on time step 5418 (time=22.575), 0.0290276 s/step
on time step 84012 (time=350.05), 0.00186606 s/step
on time step 5490 (time=22.875), 0.0295001 s/step
on time step 5651 (time=23.5458), 0.0284361 s/step
on time step 5800 (time=24.1667), 0.0276795 s/step
on time step 5793 (time=24.1375), 0.0277235 s/step
on time step 5679 (time=23.6625), 0.0282796 s/step
on time step 5671 (time=23.6292), 0.0284141 s/step
on time step 5664 (time=23.6), 0.0282781 s/step
on time step 5672 (time=23.6333), 0.0282135 s/step
on time step 5745 (time=23.9375), 0.0278978 s/step
on time step 5704 (time=23.7667), 0.0280838 s/step
on time step 5682 (time=23.675), 0.0282843 s/step
on time step 5637 (time=23.4875), 0.0284272 s/step
on time step 5592 (time=23.3), 0.0287846 s/step
on time step 5737 (time=23.9042), 0.0278994 s/step
on time step 5681 (time=23.6708), 0.0282796 s/step
on time step 5684 (time=23.6833), 0.0282832 s/step
on time step 5744 (time=23.9333), 0.0278995 s/step
on time step 5631 (time=23.4625), 0.0285413 s/step
on time step 5724 (time=23.85), 0.0280866 s/step
on time step 5613 (time=23.3875), 0.0286248 s/step
on time step 5789 (time=24.1208), 0.0277363 s/step
on time step 5803 (time=24.1792), 0.0275751 s/step
on time step 5557 (time=23.1542), 0.0289222 s/step
on time step 86148 (time=358.95), 0.00187316 s/step
on time step 5626 (time=23.4417), 0.0295066 s/step
on time step 5792 (time=24.1333), 0.0284758 s/step
on time step 5946 (time=24.775), 0.0275533 s/step
on time step 5938 (time=24.7417), 0.0276933 s/step
on time step 5821 (time=24.2542), 0.0282736 s/step
on time step 5806 (time=24.1917), 0.0282705 s/step
on time step 5814 (time=24.225), 0.0282678 s/step
on time step 5813 (time=24.2208), 0.0282853 s/step
on time step 5846 (time=24.3583), 0.0282726 s/step
on time step 5889 (time=24.5375), 0.0279033 s/step
on time step 5824 (time=24.2667), 0.028276 s/step
on time step 5731 (time=23.8792), 0.0287894 s/step
on time step 5777 (time=24.0708), 0.028666 s/step
on time step 5880 (time=24.5), 0.0280389 s/step
on time step 5823 (time=24.2625), 0.0282794 s/step
on time step 5826 (time=24.275), 0.0282763 s/step
on time step 5888 (time=24.5333), 0.027901 s/step
on time step 5867 (time=24.4458), 0.028097 s/step
on time step 5772 (time=24.05), 0.0285511 s/step
on time step 5753 (time=23.9708), 0.0285983 s/step
on time step 5934 (time=24.725), 0.02769 s/step
on time step 5949 (time=24.7875), 0.0274847 s/step
on time step 5696 (time=23.7333), 0.0289783 s/step
field decay(t = 360.075): 0.0006519815348819498 / 0.0006519815348819498 = 1.0
on time step 88287 (time=367.863), 0.00187017 s/step
on time step 5762 (time=24.0083), 0.0294416 s/step
on time step 5934 (time=24.725), 0.0282396 s/step
on time step 6091 (time=25.3792), 0.027636 s/step
on time step 6083 (time=25.3458), 0.0276403 s/step
on time step 5963 (time=24.8458), 0.0282332 s/step
on time step 5956 (time=24.8167), 0.0282296 s/step
on time step 5948 (time=24.7833), 0.0282375 s/step
on time step 5955 (time=24.8125), 0.0282282 s/step
on time step 6033 (time=25.1375), 0.0278431 s/step
on time step 5989 (time=24.9542), 0.0280647 s/step
on time step 5966 (time=24.8583), 0.0282372 s/step
on time step 5918 (time=24.6583), 0.0284434 s/step
on time step 5871 (time=24.4625), 0.0286732 s/step
on time step 6024 (time=25.1), 0.0279012 s/step
on time step 5965 (time=24.8542), 0.0282274 s/step
on time step 5968 (time=24.8667), 0.0282247 s/step
on time step 6032 (time=25.1333), 0.0278455 s/step
on time step 6010 (time=25.0417), 0.0280406 s/step
on time step 5913 (time=24.6375), 0.0284422 s/step
on time step 5893 (time=24.5542), 0.028574 s/step
on time step 6079 (time=25.3292), 0.02766 s/step
on time step 6094 (time=25.3917), 0.0276391 s/step
on time step 5835 (time=24.3125), 0.0288829 s/step
on time step 90436 (time=376.817), 0.0018615 s/step
on time step 5898 (time=24.575), 0.0294181 s/step
on time step 6075 (time=25.3125), 0.0285322 s/step
on time step 6236 (time=25.9833), 0.027724 s/step
on time step 6228 (time=25.95), 0.0277382 s/step
on time step 6096 (time=25.4), 0.0285054 s/step
on time step 6106 (time=25.4417), 0.0281294 s/step
on time step 6098 (time=25.4083), 0.0283327 s/step
on time step 6090 (time=25.375), 0.0283373 s/step
on time step 6010 (time=25.0417), 0.028819 s/step
on time step 6178 (time=25.7417), 0.0277248 s/step
on time step 6134 (time=25.5583), 0.0277292 s/step
on time step 6109 (time=25.4542), 0.0281229 s/step
on time step 6059 (time=25.2458), 0.0285623 s/step
on time step 6169 (time=25.7042), 0.0277269 s/step
on time step 6108 (time=25.45), 0.0281305 s/step
on time step 6111 (time=25.4625), 0.0281378 s/step
on time step 6053 (time=25.2208), 0.0285856 s/step
on time step 6033 (time=25.1375), 0.0286127 s/step
on time step 6177 (time=25.7375), 0.0277204 s/step
on time step 6155 (time=25.6458), 0.0277298 s/step
on time step 6224 (time=25.9333), 0.0277104 s/step
on time step 6239 (time=25.9958), 0.0277174 s/step
on time step 5974 (time=24.8917), 0.0289614 s/step
field decay(t = 380.07916666666665): 0.0013867655539619638 / 0.0013867655539619638 = 1.0
on time step 92579 (time=385.746), 0.00186682 s/step
on time step 6035 (time=25.1458), 0.0293968 s/step
on time step 6216 (time=25.9), 0.0285066 s/step
on time step 6381 (time=26.5875), 0.0277447 s/step
on time step 6373 (time=26.5542), 0.0277357 s/step
on time step 6239 (time=25.9958), 0.0281307 s/step
on time step 6233 (time=25.9708), 0.0281057 s/step
on time step 6249 (time=26.0375), 0.0281243 s/step
on time step 6240 (time=26), 0.0283288 s/step
on time step 6150 (time=25.625), 0.0287489 s/step
on time step 6323 (time=26.3458), 0.0277351 s/step
on time step 6279 (time=26.1625), 0.0277349 s/step
on time step 6252 (time=26.05), 0.0281232 s/step
on time step 6200 (time=25.8333), 0.0285398 s/step
on time step 6314 (time=26.3083), 0.0277469 s/step
on time step 6251 (time=26.0458), 0.0281136 s/step
on time step 6254 (time=26.0583), 0.0281191 s/step
on time step 6173 (time=25.7208), 0.0286177 s/step
on time step 6194 (time=25.8083), 0.0285389 s/step
on time step 6322 (time=26.3417), 0.0277369 s/step
on time step 6300 (time=26.25), 0.0277325 s/step
on time step 6369 (time=26.5375), 0.027728 s/step
on time step 6384 (time=26.6), 0.0277402 s/step
on time step 6113 (time=25.4708), 0.02891 s/step
on time step 94540 (time=393.917), 0.00203994 s/step
on time step 6171 (time=25.7125), 0.0294162 s/step
on time step 6357 (time=26.4875), 0.0285408 s/step
on time step 6526 (time=27.1917), 0.0276389 s/step
on time step 6518 (time=27.1583), 0.0276419 s/step
on time step 6380 (time=26.5833), 0.0286077 s/step
on time step 6390 (time=26.625), 0.0285135 s/step
on time step 6381 (time=26.5875), 0.0283244 s/step
on time step 6375 (time=26.5625), 0.028335 s/step
on time step 6467 (time=26.9458), 0.0278467 s/step
on time step 6423 (time=26.7625), 0.0278613 s/step
on time step 6290 (time=26.2083), 0.0287036 s/step
on time step 6394 (time=26.6417), 0.0283109 s/step
on time step 6458 (time=26.9083), 0.027844 s/step
on time step 6313 (time=26.3042), 0.0286258 s/step
on time step 6340 (time=26.4167), 0.0287654 s/step
on time step 6393 (time=26.6375), 0.0283195 s/step
on time step 6395 (time=26.6458), 0.0285303 s/step
on time step 6466 (time=26.9417), 0.0278543 s/step
on time step 6444 (time=26.85), 0.0278541 s/step
on time step 6334 (time=26.3917), 0.028764 s/step
on time step 6514 (time=27.1417), 0.0276456 s/step
on time step 6529 (time=27.2042), 0.0276433 s/step
on time step 6252 (time=26.05), 0.0289165 s/step
field decay(t = 400.0833333333333): 0.002802522494726545 / 0.002802522494726545 = 1.0
on time step 96679 (time=402.829), 0.00187076 s/step
on time step 6307 (time=26.2792), 0.0294911 s/step
on time step 6498 (time=27.075), 0.0284231 s/step
on time step 6671 (time=27.7958), 0.0277194 s/step
on time step 6663 (time=27.7625), 0.0277289 s/step
on time step 6533 (time=27.2208), 0.0280364 s/step
on time step 6517 (time=27.1542), 0.0282299 s/step
on time step 6522 (time=27.175), 0.0284421 s/step
on time step 6522 (time=27.175), 0.0283549 s/step
on time step 6429 (time=26.7875), 0.0288014 s/step
on time step 6612 (time=27.55), 0.0277351 s/step
on time step 6567 (time=27.3625), 0.0279058 s/step
on time step 6537 (time=27.2375), 0.0280448 s/step
on time step 6453 (time=26.8875), 0.0286567 s/step
on time step 6603 (time=27.5125), 0.0277213 s/step
on time step 6536 (time=27.2333), 0.0280392 s/step
on time step 6538 (time=27.2417), 0.0280167 s/step
on time step 6481 (time=27.0042), 0.0285643 s/step
on time step 6611 (time=27.5458), 0.0277291 s/step
on time step 6589 (time=27.4542), 0.0277277 s/step
on time step 6475 (time=26.9792), 0.0285535 s/step
on time step 6659 (time=27.7458), 0.0277331 s/step
on time step 6674 (time=27.8083), 0.0277198 s/step
on time step 6391 (time=26.6292), 0.0289535 s/step
on time step 98823 (time=411.762), 0.00186659 s/step
on time step 6443 (time=26.8458), 0.0294689 s/step
on time step 6640 (time=27.6667), 0.0281755 s/step
on time step 6816 (time=28.4), 0.0276142 s/step
on time step 6807 (time=28.3625), 0.0277993 s/step
on time step 6675 (time=27.8125), 0.0281777 s/step
on time step 6659 (time=27.7458), 0.0281821 s/step
on time step 6664 (time=27.7667), 0.0281763 s/step
on time step 6664 (time=27.7667), 0.0281831 s/step
on time step 6755 (time=28.1458), 0.0279849 s/step
on time step 6710 (time=27.9583), 0.0279836 s/step
on time step 6679 (time=27.8292), 0.028195 s/step
on time step 6569 (time=27.3708), 0.0287217 s/step
on time step 6593 (time=27.4708), 0.0285731 s/step
on time step 6746 (time=28.1083), 0.0279934 s/step
on time step 6678 (time=27.825), 0.0281857 s/step
on time step 6680 (time=27.8333), 0.0281887 s/step
on time step 6754 (time=28.1417), 0.0279828 s/step
on time step 6732 (time=28.05), 0.0279849 s/step
on time step 6623 (time=27.5958), 0.0283625 s/step
on time step 6616 (time=27.5667), 0.0284126 s/step
on time step 6803 (time=28.3458), 0.0277966 s/step
on time step 6819 (time=28.4125), 0.0276075 s/step
on time step 6530 (time=27.2083), 0.0288639 s/step
field decay(t = 420.0875): 0.004593299457378422 / 0.004593299457378422 = 1.0
on time step 100965 (time=420.688), 0.00186828 s/step
on time step 6579 (time=27.4125), 0.0294519 s/step
on time step 6781 (time=28.2542), 0.0285211 s/step
on time step 6962 (time=29.0083), 0.0275763 s/step
on time step 6953 (time=28.9708), 0.0275797 s/step
on time step 6805 (time=28.3542), 0.0284904 s/step
on time step 6817 (time=28.4042), 0.0283267 s/step
on time step 6805 (time=28.3542), 0.0285159 s/step
on time step 6853 (time=28.5542), 0.0279813 s/step
on time step 6801 (time=28.3375), 0.0283376 s/step
on time step 6708 (time=27.95), 0.0287869 s/step
on time step 6900 (time=28.75), 0.0277713 s/step
on time step 6821 (time=28.4208), 0.0283306 s/step
on time step 6890 (time=28.7083), 0.0277805 s/step
on time step 6733 (time=28.0542), 0.0287446 s/step
on time step 6820 (time=28.4167), 0.0283364 s/step
on time step 6875 (time=28.6458), 0.0279727 s/step
on time step 6822 (time=28.425), 0.0283361 s/step
on time step 6899 (time=28.7458), 0.0277733 s/step
on time step 6763 (time=28.1792), 0.0287127 s/step
on time step 6756 (time=28.15), 0.0286665 s/step
on time step 6964 (time=29.0167), 0.0275868 s/step
on time step 6949 (time=28.9542), 0.0275692 s/step
on time step 6669 (time=27.7875), 0.0289789 s/step
on time step 103106 (time=429.608), 0.00186863 s/step
on time step 6715 (time=27.9792), 0.0294803 s/step
on time step 6922 (time=28.8417), 0.0283916 s/step
on time step 6959 (time=28.9958), 0.028184 s/step
on time step 6943 (time=28.9292), 0.0281806 s/step
on time step 6947 (time=28.9458), 0.0282792 s/step
on time step 6947 (time=28.9458), 0.0282634 s/step
on time step 7107 (time=29.6125), 0.0277264 s/step
on time step 6847 (time=28.5292), 0.0288246 s/step
on time step 7098 (time=29.575), 0.0277301 s/step
on time step 6996 (time=29.15), 0.0281015 s/step
on time step 6963 (time=29.0125), 0.0281824 s/step
on time step 7044 (time=29.35), 0.0279152 s/step
on time step 7034 (time=29.3083), 0.0278983 s/step
on time step 6962 (time=29.0083), 0.0281847 s/step
on time step 6964 (time=29.0167), 0.0281807 s/step
on time step 6873 (time=28.6375), 0.0286797 s/step
on time step 7019 (time=29.2458), 0.0279115 s/step
on time step 7043 (time=29.3458), 0.0279127 s/step
on time step 6904 (time=28.7667), 0.0285416 s/step
on time step 6897 (time=28.7375), 0.0285416 s/step
on time step 7109 (time=29.6208), 0.0277199 s/step
on time step 7094 (time=29.5583), 0.0277308 s/step
on time step 6808 (time=28.3667), 0.0289725 s/step
on time step 105257 (time=438.571), 0.00186026 s/step
on time step 6851 (time=28.5458), 0.0294516 s/step
on time step 7064 (time=29.4333), 0.0281952 s/step
on time step 7101 (time=29.5875), 0.0282094 s/step
on time step 7085 (time=29.5208), 0.0282048 s/step
on time step 7252 (time=30.2167), 0.0276407 s/step
on time step 7243 (time=30.1792), 0.0276383 s/step
on time step 7139 (time=29.7458), 0.0280289 s/step
on time step 7105 (time=29.6042), 0.0281999 s/step
on time step 7090 (time=29.5417), 0.0281443 s/step
on time step 7089 (time=29.5375), 0.0283403 s/step
on time step 6987 (time=29.1125), 0.0287567 s/step
on time step 7188 (time=29.95), 0.0278404 s/step
on time step 7178 (time=29.9083), 0.0278423 s/step
on time step 7104 (time=29.6), 0.0281997 s/step
on time step 7106 (time=29.6083), 0.0281977 s/step
on time step 7162 (time=29.8417), 0.0280298 s/step
on time step 7014 (time=29.225), 0.0285331 s/step
on time step 7187 (time=29.9458), 0.0278407 s/step
on time step 7046 (time=29.3583), 0.0282799 s/step
on time step 7038 (time=29.325), 0.0284849 s/step
on time step 7254 (time=30.225), 0.0276481 s/step
on time step 7239 (time=30.1625), 0.0276507 s/step
on time step 6947 (time=28.9458), 0.0289127 s/step
field decay(t = 440.09166666666664): 0.008487565231563177 / 0.008487565231563177 = 1.0
on time step 107398 (time=447.492), 0.00186891 s/step
on time step 6987 (time=29.1125), 0.0294382 s/step
on time step 7205 (time=30.0208), 0.0285245 s/step
on time step 7397 (time=30.8208), 0.0275979 s/step
on time step 7388 (time=30.7833), 0.0275926 s/step
on time step 7243 (time=30.1792), 0.0283179 s/step
on time step 7227 (time=30.1125), 0.0283217 s/step
on time step 7282 (time=30.3417), 0.0280208 s/step
on time step 7126 (time=29.6917), 0.0288169 s/step
on time step 7247 (time=30.1958), 0.0283335 s/step
on time step 7332 (time=30.55), 0.0278119 s/step
on time step 7232 (time=30.1333), 0.028336 s/step
on time step 7231 (time=30.1292), 0.0283271 s/step
on time step 7322 (time=30.5083), 0.0278386 s/step
on time step 7246 (time=30.1917), 0.0283332 s/step
on time step 7248 (time=30.2), 0.0283351 s/step
on time step 7305 (time=30.4375), 0.0279966 s/step
on time step 7154 (time=29.8083), 0.0286744 s/step
on time step 7331 (time=30.5458), 0.0278087 s/step
on time step 7178 (time=29.9083), 0.0286295 s/step
on time step 7187 (time=29.9458), 0.0285122 s/step
on time step 7399 (time=30.8292), 0.0275981 s/step
on time step 7384 (time=30.7667), 0.0275874 s/step
on time step 7086 (time=29.525), 0.028911 s/step
on time step 109539 (time=456.412), 0.00186855 s/step
on time step 7123 (time=29.6792), 0.0294824 s/step
on time step 7346 (time=30.6083), 0.028416 s/step
on time step 7385 (time=30.7708), 0.0281816 s/step
on time step 7542 (time=31.425), 0.0276592 s/step
on time step 7369 (time=30.7042), 0.0282109 s/step
on time step 7533 (time=31.3875), 0.0276704 s/step
on time step 7425 (time=30.9375), 0.028047 s/step
on time step 7389 (time=30.7875), 0.0281731 s/step
on time step 7372 (time=30.7167), 0.0284146 s/step
on time step 7476 (time=31.15), 0.0278511 s/step
on time step 7466 (time=31.1083), 0.0278241 s/step
on time step 7266 (time=30.275), 0.0287509 s/step
on time step 7374 (time=30.725), 0.028293 s/step
on time step 7388 (time=30.7833), 0.0281759 s/step
on time step 7390 (time=30.7917), 0.0281873 s/step
on time step 7449 (time=31.0375), 0.0278648 s/step
on time step 7294 (time=30.3917), 0.0287231 s/step
on time step 7475 (time=31.1458), 0.0278434 s/step
on time step 7318 (time=30.4917), 0.0285762 s/step
on time step 7327 (time=30.5292), 0.0285954 s/step
on time step 7544 (time=31.4333), 0.0276544 s/step
on time step 7529 (time=31.3708), 0.0276569 s/step
on time step 7224 (time=30.1), 0.0290167 s/step
field decay(t = 460.0958333333333): 0.01490116653246996 / 0.01490116653246996 = 1.0
on time step 111677 (time=465.321), 0.00187128 s/step
on time step 7259 (time=30.2458), 0.0294957 s/step
on time step 7487 (time=31.1958), 0.0284227 s/step
on time step 7527 (time=31.3625), 0.0282271 s/step
on time step 7511 (time=31.2958), 0.0282177 s/step
on time step 7687 (time=32.0292), 0.0276545 s/step
on time step 7678 (time=31.9917), 0.0276586 s/step
on time step 7568 (time=31.5333), 0.028071 s/step
on time step 7531 (time=31.3792), 0.0282337 s/step
on time step 7513 (time=31.3042), 0.0283941 s/step
on time step 7405 (time=30.8542), 0.0288089 s/step
on time step 7620 (time=31.75), 0.0278682 s/step
on time step 7610 (time=31.7083), 0.0278688 s/step
on time step 7530 (time=31.375), 0.0282338 s/step
on time step 7532 (time=31.3833), 0.028228 s/step
on time step 7516 (time=31.3167), 0.0283445 s/step
on time step 7592 (time=31.6333), 0.028068 s/step
on time step 7619 (time=31.7458), 0.0278678 s/step
on time step 7434 (time=30.975), 0.0286996 s/step
on time step 7458 (time=31.075), 0.0286302 s/step
on time step 7468 (time=31.1167), 0.0284471 s/step
on time step 7689 (time=32.0375), 0.0276511 s/step
on time step 7674 (time=31.975), 0.0276621 s/step
on time step 7362 (time=30.675), 0.0290144 s/step
on time step 113819 (time=474.246), 0.00186742 s/step
on time step 7395 (time=30.8125), 0.0294139 s/step
on time step 7628 (time=31.7833), 0.0284216 s/step
on time step 7669 (time=31.9542), 0.0282277 s/step
on time step 7832 (time=32.6333), 0.0276144 s/step
on time step 7653 (time=31.8875), 0.0282196 s/step
on time step 7823 (time=32.5958), 0.0276236 s/step
on time step 7710 (time=32.125), 0.0282117 s/step
on time step 7673 (time=31.9708), 0.0282221 s/step
on time step 7544 (time=31.4333), 0.0287937 s/step
on time step 7655 (time=31.8958), 0.0282319 s/step
on time step 7764 (time=32.35), 0.0278329 s/step
on time step 7754 (time=32.3083), 0.0278434 s/step
on time step 7672 (time=31.9667), 0.0282176 s/step
on time step 7674 (time=31.975), 0.0282236 s/step
on time step 7658 (time=31.9083), 0.0282057 s/step
on time step 7735 (time=32.2292), 0.0280306 s/step
on time step 7763 (time=32.3458), 0.0278478 s/step
on time step 7574 (time=31.5583), 0.0287251 s/step
on time step 7609 (time=31.7042), 0.0284353 s/step
on time step 7599 (time=31.6625), 0.0285667 s/step
on time step 7834 (time=32.6417), 0.0276009 s/step
on time step 7819 (time=32.5792), 0.0276206 s/step
on time step 7501 (time=31.2542), 0.0288945 s/step
field decay(t = 480.09999999999997): 0.021976857968438013 / 0.021976857968438013 = 1.0
on time step 115964 (time=483.183), 0.00186496 s/step
on time step 7532 (time=31.3833), 0.0292986 s/step
on time step 7769 (time=32.3708), 0.0284788 s/step
on time step 7811 (time=32.5458), 0.0281935 s/step
on time step 7794 (time=32.475), 0.0283713 s/step
on time step 7977 (time=33.2375), 0.0275985 s/step
on time step 7969 (time=33.2042), 0.027581 s/step
on time step 7683 (time=32.0125), 0.0287967 s/step
on time step 7854 (time=32.725), 0.0279074 s/step
on time step 7815 (time=32.5625), 0.0282707 s/step
on time step 7796 (time=32.4833), 0.0284545 s/step
on time step 7906 (time=32.9417), 0.0282699 s/step
on time step 7814 (time=32.5583), 0.0281958 s/step
on time step 7898 (time=32.9083), 0.0278998 s/step
on time step 7799 (time=32.4958), 0.0284296 s/step
on time step 7816 (time=32.5667), 0.0283169 s/step
on time step 7879 (time=32.8292), 0.0278997 s/step
on time step 7907 (time=32.9458), 0.0278925 s/step
on time step 7749 (time=32.2875), 0.0286114 s/step
on time step 7714 (time=32.1417), 0.0287447 s/step
on time step 7979 (time=33.2458), 0.0276055 s/step
on time step 7739 (time=32.2458), 0.0287131 s/step
on time step 7965 (time=33.1875), 0.0275823 s/step
on time step 7640 (time=31.8333), 0.0289213 s/step
on time step 118112 (time=492.133), 0.00186263 s/step
on time step 7669 (time=31.9542), 0.0292618 s/step
on time step 7911 (time=32.9625), 0.0282148 s/step
on time step 8122 (time=33.8417), 0.0276626 s/step
on time step 7955 (time=33.1458), 0.027929 s/step
on time step 7937 (time=33.0708), 0.0281326 s/step
on time step 8114 (time=33.8083), 0.0276781 s/step
on time step 7998 (time=33.325), 0.0278821 s/step
on time step 7958 (time=33.1583), 0.0280539 s/step
on time step 7823 (time=32.5958), 0.0287156 s/step
on time step 7938 (time=33.075), 0.0282525 s/step
on time step 8042 (time=33.5083), 0.0278897 s/step
on time step 8050 (time=33.5417), 0.0279333 s/step
on time step 7958 (time=33.1583), 0.0279344 s/step
on time step 7959 (time=33.1625), 0.027997 s/step
on time step 7941 (time=33.0875), 0.0282799 s/step
on time step 8023 (time=33.4292), 0.0278759 s/step
on time step 8051 (time=33.5458), 0.0278905 s/step
on time step 7891 (time=32.8792), 0.0282727 s/step
on time step 7854 (time=32.725), 0.0286259 s/step
on time step 8124 (time=33.85), 0.0276888 s/step
on time step 7880 (time=32.8333), 0.028523 s/step
on time step 8109 (time=33.7875), 0.0278596 s/step
on time step 7780 (time=32.4167), 0.0287701 s/step
field decay(t = 500.1041666666667): 0.035278882788663105 / 0.035278882788663105 = 1.0
on time step 120266 (time=501.108), 0.00185708 s/step
on time step 7806 (time=32.525), 0.0292349 s/step
on time step 8053 (time=33.5542), 0.028182 s/step
on time step 8266 (time=34.4417), 0.0277997 s/step
on time step 8098 (time=33.7417), 0.0279916 s/step
on time step 8080 (time=33.6667), 0.0279888 s/step
on time step 8258 (time=34.4083), 0.0278018 s/step
on time step 8141 (time=33.9208), 0.0279983 s/step
on time step 8101 (time=33.7542), 0.027998 s/step
on time step 8081 (time=33.6708), 0.0279916 s/step
on time step 7963 (time=33.1792), 0.0286042 s/step
on time step 8185 (time=34.1042), 0.0279943 s/step
on time step 8193 (time=34.1375), 0.0279955 s/step
on time step 8101 (time=33.7542), 0.027995 s/step
on time step 8102 (time=33.7583), 0.0279906 s/step
on time step 8084 (time=33.6833), 0.0279816 s/step
on time step 8166 (time=34.025), 0.0279971 s/step
on time step 8194 (time=34.1417), 0.0279841 s/step
on time step 8269 (time=34.4542), 0.0276121 s/step
on time step 7995 (time=33.3125), 0.0285103 s/step
on time step 8034 (time=33.475), 0.0281511 s/step
on time step 8021 (time=33.4208), 0.0283833 s/step
on time step 8253 (time=34.3875), 0.0278205 s/step
on time step 7919 (time=32.9958), 0.0287847 s/step
on time step 122414 (time=510.058), 0.00186255 s/step
on time step 7943 (time=33.0958), 0.0292599 s/step
on time step 8195 (time=34.1458), 0.0282307 s/step
on time step 8411 (time=35.0458), 0.0276161 s/step
on time step 8240 (time=34.3333), 0.0282224 s/step
on time step 8222 (time=34.2583), 0.0282358 s/step
on time step 8403 (time=35.0125), 0.0276146 s/step
on time step 8243 (time=34.3458), 0.0282387 s/step
on time step 8103 (time=33.7625), 0.0286311 s/step
on time step 8223 (time=34.2625), 0.0282481 s/step
on time step 8285 (time=34.5208), 0.0279485 s/step
on time step 8243 (time=34.3458), 0.0282405 s/step
on time step 8226 (time=34.275), 0.0282472 s/step
on time step 8337 (time=34.7375), 0.0279046 s/step
on time step 8329 (time=34.7042), 0.0279323 s/step
on time step 8242 (time=34.3417), 0.0287497 s/step
on time step 8310 (time=34.625), 0.0279429 s/step
on time step 8338 (time=34.7417), 0.0279332 s/step
on time step 8135 (time=33.8958), 0.0285796 s/step
on time step 8415 (time=35.0625), 0.0275812 s/step
on time step 8175 (time=34.0625), 0.0284846 s/step
on time step 8162 (time=34.0083), 0.0285184 s/step
on time step 8398 (time=34.9917), 0.0276215 s/step
on time step 8058 (time=33.575), 0.028891 s/step
on time step 124566 (time=519.025), 0.00185917 s/step
on time step 8081 (time=33.6708), 0.0291935 s/step
on time step 8337 (time=34.7375), 0.0281724 s/step
on time step 8556 (time=35.65), 0.0276014 s/step
on time step 8382 (time=34.925), 0.0281836 s/step
on time step 8364 (time=34.85), 0.0281759 s/step
on time step 8548 (time=35.6167), 0.0276128 s/step
on time step 8385 (time=34.9375), 0.0281717 s/step
on time step 8365 (time=34.8542), 0.0281745 s/step
on time step 8429 (time=35.1208), 0.0278368 s/step
on time step 8244 (time=34.35), 0.0285699 s/step
on time step 8481 (time=35.3375), 0.0278643 s/step
on time step 8473 (time=35.3042), 0.0278491 s/step
on time step 8386 (time=34.9417), 0.0281693 s/step
on time step 8369 (time=34.8708), 0.0281689 s/step
on time step 8382 (time=34.925), 0.0287245 s/step
on time step 8454 (time=35.225), 0.0278415 s/step
on time step 8482 (time=35.3417), 0.0278607 s/step
on time step 8276 (time=34.4833), 0.0284232 s/step
on time step 8303 (time=34.5958), 0.028371 s/step
on time step 8560 (time=35.6667), 0.0276335 s/step
on time step 8543 (time=35.5958), 0.0276118 s/step
on time step 8317 (time=34.6542), 0.0283554 s/step
on time step 8197 (time=34.1542), 0.028823 s/step
field decay(t = 520.1041666666666): 0.05380746855958591 / 0.05380746855958591 = 1.0
on time step 126717 (time=527.987), 0.00185966 s/step
on time step 8218 (time=34.2417), 0.0292862 s/step
on time step 8479 (time=35.3292), 0.0282228 s/step
on time step 8701 (time=36.2542), 0.0276227 s/step
on time step 8524 (time=35.5167), 0.0282032 s/step
on time step 8506 (time=35.4417), 0.0282074 s/step
on time step 8693 (time=36.2208), 0.027621 s/step
on time step 8527 (time=35.5292), 0.0282074 s/step
on time step 8507 (time=35.4458), 0.0281979 s/step
on time step 8571 (time=35.7125), 0.0282112 s/step
on time step 8384 (time=34.9333), 0.0286705 s/step
on time step 8625 (time=35.9375), 0.027813 s/step
on time step 8616 (time=35.9), 0.0280102 s/step
on time step 8528 (time=35.5333), 0.0282047 s/step
on time step 8511 (time=35.4625), 0.0282185 s/step
on time step 8521 (time=35.5042), 0.0288014 s/step
on time step 8596 (time=35.8167), 0.0282124 s/step
on time step 8626 (time=35.9417), 0.0278172 s/step
on time step 8416 (time=35.0667), 0.028679 s/step
on time step 8443 (time=35.1792), 0.0285832 s/step
on time step 8705 (time=36.2708), 0.0276229 s/step
on time step 8688 (time=36.2), 0.0276228 s/step
on time step 8458 (time=35.2417), 0.028428 s/step
on time step 8336 (time=34.7333), 0.0289323 s/step
on time step 128867 (time=536.946), 0.00186047 s/step
on time step 8355 (time=34.8125), 0.0292356 s/step
on time step 8621 (time=35.9208), 0.0282356 s/step
on time step 8846 (time=36.8583), 0.0275997 s/step
on time step 8666 (time=36.1083), 0.0282455 s/step
on time step 8648 (time=36.0333), 0.0282527 s/step
on time step 8838 (time=36.825), 0.0277211 s/step
on time step 8669 (time=36.1208), 0.0282497 s/step
on time step 8649 (time=36.0375), 0.0282538 s/step
on time step 8713 (time=36.3042), 0.0282196 s/step
on time step 8524 (time=35.5167), 0.0285975 s/step
on time step 8768 (time=36.5333), 0.0280254 s/step
on time step 8759 (time=36.4958), 0.0280304 s/step
on time step 8670 (time=36.125), 0.0282531 s/step
on time step 8653 (time=36.0542), 0.0282468 s/step
on time step 8661 (time=36.0875), 0.0286383 s/step
on time step 8738 (time=36.4083), 0.0282277 s/step
on time step 8769 (time=36.5375), 0.028024 s/step
on time step 8832 (time=36.8), 0.0278368 s/step
on time step 8585 (time=35.7708), 0.0283015 s/step
on time step 8558 (time=35.6583), 0.0283582 s/step
on time step 8851 (time=36.8792), 0.0275404 s/step
on time step 8600 (time=35.8333), 0.0282476 s/step
on time step 8475 (time=35.3125), 0.0288297 s/step
field decay(t = 540.1083333333333): 0.07140937665423103 / 0.07140937665423103 = 1.0
on time step 131013 (time=545.888), 0.00186419 s/step
on time step 8492 (time=35.3833), 0.0292707 s/step
on time step 8763 (time=36.5125), 0.0282976 s/step
on time step 8991 (time=37.4625), 0.0276484 s/step
on time step 8808 (time=36.7), 0.0282982 s/step
on time step 8790 (time=36.625), 0.0282989 s/step
on time step 8811 (time=36.7125), 0.0282961 s/step
on time step 8791 (time=36.6292), 0.0283023 s/step
on time step 8984 (time=37.4333), 0.0275838 s/step
on time step 8856 (time=36.9), 0.0281155 s/step
on time step 8664 (time=36.1), 0.0286558 s/step
on time step 8912 (time=37.1333), 0.027914 s/step
on time step 8903 (time=37.0958), 0.0279138 s/step
on time step 8812 (time=36.7167), 0.0282954 s/step
on time step 8795 (time=36.6458), 0.0283006 s/step
on time step 8801 (time=36.6708), 0.0287237 s/step
on time step 8881 (time=37.0042), 0.0281035 s/step
on time step 8913 (time=37.1375), 0.0279158 s/step
on time step 8725 (time=36.3542), 0.028585 s/step
on time step 8977 (time=37.4042), 0.0277308 s/step
on time step 8997 (time=37.4875), 0.0274976 s/step
on time step 8741 (time=36.4208), 0.0283791 s/step
on time step 8698 (time=36.2417), 0.0287114 s/step
on time step 8614 (time=35.8917), 0.02882 s/step
on time step 133161 (time=554.837), 0.00186227 s/step
on time step 8630 (time=35.9583), 0.0291479 s/step
on time step 8905 (time=37.1042), 0.0282154 s/step
on time step 9137 (time=38.0708), 0.027576 s/step
on time step 8950 (time=37.2917), 0.0282282 s/step
on time step 8932 (time=37.2167), 0.0282223 s/step
on time step 8953 (time=37.3042), 0.0282265 s/step
on time step 8933 (time=37.2208), 0.0282167 s/step
on time step 9129 (time=38.0375), 0.0277183 s/step
on time step 8999 (time=37.4958), 0.0280548 s/step
on time step 8805 (time=36.6875), 0.0285043 s/step
on time step 9056 (time=37.7333), 0.0278529 s/step
on time step 9047 (time=37.6958), 0.0278562 s/step
on time step 8954 (time=37.3083), 0.0282273 s/step
on time step 8937 (time=37.2375), 0.0282199 s/step
on time step 8941 (time=37.2542), 0.028677 s/step
on time step 9024 (time=37.6), 0.0280251 s/step
on time step 9057 (time=37.7375), 0.0278531 s/step
on time step 8867 (time=36.9458), 0.0282566 s/step
on time step 9142 (time=38.0917), 0.0276137 s/step
on time step 9122 (time=38.0083), 0.0276439 s/step
on time step 8883 (time=37.0125), 0.0283133 s/step
on time step 8839 (time=36.8292), 0.0285133 s/step
on time step 8753 (time=36.4708), 0.0288619 s/step
field decay(t = 560.1125): 0.09958535135944756 / 0.09958535135944756 = 1.0
on time step 135306 (time=563.775), 0.00186486 s/step
on time step 8767 (time=36.5292), 0.0292565 s/step
on time step 9047 (time=37.6958), 0.0282829 s/step
on time step 9283 (time=38.6792), 0.0275149 s/step
on time step 9092 (time=37.8833), 0.0282752 s/step
on time step 9074 (time=37.8083), 0.0282794 s/step
on time step 9095 (time=37.8958), 0.0282777 s/step
on time step 9075 (time=37.8125), 0.0282752 s/step
on time step 9275 (time=38.6458), 0.0275214 s/step
on time step 9142 (time=38.0917), 0.0280867 s/step
on time step 8945 (time=37.2708), 0.028664 s/step
on time step 9200 (time=38.3333), 0.0278993 s/step
on time step 9190 (time=38.2917), 0.0280958 s/step
on time step 9096 (time=37.9), 0.0282763 s/step
on time step 9079 (time=37.8292), 0.0282729 s/step
on time step 9081 (time=37.8375), 0.0286793 s/step
on time step 9167 (time=38.1958), 0.0281193 s/step
on time step 9201 (time=38.3375), 0.0278909 s/step
on time step 9008 (time=37.5333), 0.0284523 s/step
on time step 9288 (time=38.7), 0.0275195 s/step
on time step 9268 (time=38.6167), 0.0275205 s/step
on time step 8980 (time=37.4167), 0.0284543 s/step
on time step 9025 (time=37.6042), 0.02827 s/step
on time step 8892 (time=37.05), 0.0287903 s/step
on time step 137442 (time=572.675), 0.0018728 s/step
on time step 8904 (time=37.1), 0.0292346 s/step
on time step 9189 (time=38.2875), 0.0282068 s/step
on time step 9428 (time=39.2833), 0.0276102 s/step
on time step 9234 (time=38.475), 0.0282082 s/step
on time step 9216 (time=38.4), 0.0282071 s/step
on time step 9217 (time=38.4042), 0.0282069 s/step
on time step 9237 (time=38.4875), 0.0282163 s/step
on time step 9420 (time=39.25), 0.0276154 s/step
on time step 9284 (time=38.6833), 0.0282079 s/step
on time step 9085 (time=37.8542), 0.0286181 s/step
on time step 9344 (time=38.9333), 0.0278159 s/step
on time step 9333 (time=38.8875), 0.0280066 s/step
on time step 9238 (time=38.4917), 0.0282142 s/step
on time step 9221 (time=38.4208), 0.028215 s/step
on time step 9310 (time=38.7917), 0.0280109 s/step
on time step 9222 (time=38.425), 0.028545 s/step
on time step 9345 (time=38.9375), 0.0278172 s/step
on time step 9150 (time=38.125), 0.0282246 s/step
on time step 9433 (time=39.3042), 0.0276089 s/step
on time step 9413 (time=39.2208), 0.0276203 s/step
on time step 9167 (time=38.1958), 0.0282123 s/step
on time step 9121 (time=38.0042), 0.0284287 s/step
on time step 9031 (time=37.6292), 0.0288087 s/step
field decay(t = 580.1166666666667): 0.12576377169149547 / 0.12576377169149547 = 1.0
on time step 139583 (time=581.596), 0.00186878 s/step
on time step 9041 (time=37.6708), 0.0292696 s/step
on time step 9331 (time=38.8792), 0.0282678 s/step
on time step 9573 (time=39.8875), 0.0276693 s/step
on time step 9376 (time=39.0667), 0.0282565 s/step
on time step 9358 (time=38.9917), 0.0282703 s/step
on time step 9379 (time=39.0792), 0.0282622 s/step
on time step 9359 (time=38.9958), 0.0282734 s/step
on time step 9565 (time=39.8542), 0.027662 s/step
on time step 9426 (time=39.275), 0.0282486 s/step
on time step 9225 (time=38.4375), 0.028606 s/step
on time step 9488 (time=39.5333), 0.0278656 s/step
on time step 9477 (time=39.4875), 0.0278737 s/step
on time step 9380 (time=39.0833), 0.0282599 s/step
on time step 9363 (time=39.0125), 0.0282717 s/step
on time step 9361 (time=39.0042), 0.028784 s/step
on time step 9453 (time=39.3875), 0.0280664 s/step
on time step 9489 (time=39.5375), 0.0278683 s/step
on time step 9291 (time=38.7125), 0.0285156 s/step
on time step 9578 (time=39.9083), 0.0276647 s/step
on time step 9558 (time=39.825), 0.0276665 s/step
on time step 9261 (time=38.5875), 0.0286062 s/step
on time step 9309 (time=38.7875), 0.028305 s/step
on time step 9170 (time=38.2083), 0.0289203 s/step
on time step 141731 (time=590.546), 0.00186284 s/step
on time step 9178 (time=38.2417), 0.0292174 s/step
on time step 9473 (time=39.4708), 0.0282996 s/step
field decay(t = 40.00833333333333): 7.73432671085952e-11 / 1.369844633710102e-10 = 0.5646134255321923
on time step 9719 (time=40.4958), 0.0275728 s/step
on time step 9518 (time=39.6583), 0.0283079 s/step
on time step 9500 (time=39.5833), 0.0283 s/step
on time step 9521 (time=39.6708), 0.0283021 s/step
on time step 9501 (time=39.5875), 0.0282993 s/step
on time step 9365 (time=39.0208), 0.0286434 s/step
on time step 9569 (time=39.8708), 0.0281094 s/step
field decay(t = 40.00833333333333): 1.6179023188613654e-10 / 1.6179023188613654e-10 = 1.0
on time step 9711 (time=40.4625), 0.0275726 s/step
field decay(t = 40.00833333333333): 6.590220876819088e-11 / 1.6981303124794266e-10 = 0.3880868758061776
on time step 9632 (time=40.1333), 0.0279011 s/step
field decay(t = 40.00833333333333): 9.074873861426618e-11 / 1.2864795264107704e-10 = 0.7054036753111163
on time step 9621 (time=40.0875), 0.0278974 s/step
on time step 9522 (time=39.675), 0.028305 s/step
on time step 9505 (time=39.6042), 0.0283015 s/step
on time step 9500 (time=39.5833), 0.0287966 s/step
on time step 9596 (time=39.9833), 0.0280836 s/step
field decay(t = 40.00833333333333): 7.293945974764872e-11 / 1.6478145124380693e-10 = 0.44264363007538476
on time step 9633 (time=40.1375), 0.027901 s/step
on time step 9401 (time=39.1708), 0.0285975 s/step
on time step 9432 (time=39.3), 0.0284873 s/step
field decay(t = 40.00833333333333): 8.13561832913639e-11 / 1.336119495604323e-10 = 0.6088990061069854
on time step 9724 (time=40.5167), 0.0275692 s/step
field decay(t = 40.00833333333333): 6.276303556340289e-11 / 1.7319691343899794e-10 = 0.3623796424380784
on time step 9704 (time=40.4333), 0.0275644 s/step
on time step 9451 (time=39.3792), 0.0282719 s/step
on time step 9309 (time=38.7875), 0.0288786 s/step
on time step 143871 (time=599.462), 0.00186954 s/step
on time step 9315 (time=38.8125), 0.0292735 s/step
field decay(t = 40.00833333333333): 2.2361352995200377e-10 / 2.2361352995200377e-10 = 1.0
on time step 9615 (time=40.0625), 0.028181 s/step
field decay(t = 40.00833333333333): 1.288575616064542e-10 / 1.288575616064542e-10 = 1.0
on time step 9660 (time=40.25), 0.0281833 s/step
field decay(t = 40.00833333333333): 1.6999171727659894e-10 / 1.6999171727659894e-10 = 1.0
on time step 9642 (time=40.175), 0.0281899 s/step
on time step 9864 (time=41.1), 0.0277117 s/step
field decay(t = 40.00833333333333): 1.0012015676579779e-10 / 1.2279863133758078e-10 = 0.8153198099623886
on time step 9663 (time=40.2625), 0.0281936 s/step
field decay(t = 40.00833333333333): 1.7640955758227602e-10 / 1.7640955758227602e-10 = 1.0
on time step 9643 (time=40.1792), 0.0281917 s/step
on time step 9505 (time=39.6042), 0.0285774 s/step
field decay(t = 40.00833333333333): 7.969621515893974e-11 / 1.588380836731145e-10 = 0.5017450054544407
on time step 9713 (time=40.4708), 0.0278115 s/step
on time step 9856 (time=41.0667), 0.0277512 s/step
on time step 9776 (time=40.7333), 0.0278067 s/step
on time step 9765 (time=40.6875), 0.0278047 s/step
field decay(t = 40.00833333333333): 9.074873861426609e-11 / 1.2864795264107704e-10 = 0.7054036753111156
on time step 9664 (time=40.2667), 0.0281925 s/step
field decay(t = 40.00833333333333): 1.4346499725144822e-10 / 1.4727028620352303e-10 = 0.974161189944209
on time step 9647 (time=40.1958), 0.0281981 s/step
field decay(t = 40.00833333333333): 7.734326710859516e-11 / 1.369844633710102e-10 = 0.5646134255321921
on time step 9641 (time=40.1708), 0.0284367 s/step
field decay(t = 40.00833333333333): 1.699917172765985e-10 / 1.699917172765985e-10 = 1.0
on time step 9740 (time=40.5833), 0.0278162 s/step
on time step 9777 (time=40.7375), 0.0278041 s/step
on time step 9573 (time=39.8875), 0.0283791 s/step
on time step 9542 (time=39.7583), 0.0283996 s/step
on time step 9869 (time=41.1208), 0.0276671 s/step
on time step 9592 (time=39.9667), 0.0283992 s/step
on time step 9849 (time=41.0375), 0.0277603 s/step
on time step 9448 (time=39.3667), 0.0288046 s/step
field decay(t = 600.1208333333333): 0.1575781175565075 / 0.1575781175565075 = 1.0
on time step 146013 (time=608.388), 0.00186761 s/step
on time step 9452 (time=39.3833), 0.0292487 s/step
on time step 9757 (time=40.6542), 0.0283344 s/step
on time step 10009 (time=41.7042), 0.0276407 s/step
on time step 9802 (time=40.8417), 0.0283274 s/step
on time step 9784 (time=40.7667), 0.0283319 s/step
on time step 9805 (time=40.8542), 0.0283244 s/step
on time step 9785 (time=40.7708), 0.0283254 s/step
field decay(t = 40.00833333333333): 8.135618329136352e-11 / 1.336119495604323e-10 = 0.6088990061069826
on time step 9645 (time=40.1875), 0.0286685 s/step
on time step 10001 (time=41.6708), 0.0276017 s/step
on time step 9857 (time=41.0708), 0.0279623 s/step
on time step 9780 (time=40.75), 0.0288034 s/step
on time step 9920 (time=41.3333), 0.0279605 s/step
on time step 9909 (time=41.2875), 0.0279652 s/step
on time step 9806 (time=40.8583), 0.0283274 s/step
on time step 9789 (time=40.7875), 0.028328 s/step
on time step 9884 (time=41.1833), 0.0279616 s/step
field decay(t = 40.00833333333333): 1.764095575822745e-10 / 1.764095575822745e-10 = 1.0
on time step 9713 (time=40.4708), 0.0286567 s/step
on time step 9921 (time=41.3375), 0.0279528 s/step
field decay(t = 40.00833333333333): 1.0012015676579764e-10 / 1.2279863133758078e-10 = 0.8153198099623875
on time step 9682 (time=40.3417), 0.0286931 s/step
on time step 10015 (time=41.7292), 0.0275008 s/step
on time step 9994 (time=41.6417), 0.0276284 s/step
field decay(t = 40.00833333333333): 1.2885756160645418e-10 / 1.2885756160645418e-10 = 1.0
on time step 9733 (time=40.5542), 0.0285393 s/step
on time step 9587 (time=39.9458), 0.0288821 s/step
on time step 148156 (time=617.317), 0.00186701 s/step
on time step 9589 (time=39.9542), 0.0292472 s/step
on time step 9899 (time=41.2458), 0.0282388 s/step
on time step 10154 (time=42.3083), 0.0276193 s/step
on time step 9944 (time=41.4333), 0.0282499 s/step
on time step 9926 (time=41.3583), 0.0282443 s/step
on time step 9947 (time=41.4458), 0.0282445 s/step
on time step 9927 (time=41.3625), 0.0282434 s/step
on time step 10146 (time=42.275), 0.0276265 s/step
on time step 9786 (time=40.775), 0.0285616 s/step
on time step 10000 (time=41.6667), 0.0280179 s/step
on time step 10064 (time=41.9333), 0.0278286 s/step
on time step 10053 (time=41.8875), 0.0278283 s/step
on time step 9948 (time=41.45), 0.0282476 s/step
on time step 9931 (time=41.3792), 0.0282426 s/step
on time step 9920 (time=41.3333), 0.0287721 s/step
on time step 10027 (time=41.7792), 0.0280152 s/step
on time step 10065 (time=41.9375), 0.0278292 s/step
on time step 9854 (time=41.0583), 0.0285096 s/step
on time step 9823 (time=40.9292), 0.0285183 s/step
on time step 10160 (time=42.3333), 0.0276258 s/step
on time step 10139 (time=42.2458), 0.0276001 s/step
on time step 9873 (time=41.1375), 0.0286267 s/step
field decay(t = 40.00833333333333): 1.0693455484657573e-10 / 1.5274454313092772e-10 = 0.7000875622438103
on time step 9726 (time=40.525), 0.0288971 s/step
field decay(t = 620.125): 0.19090932746461342 / 0.19090932746461342 = 1.0
on time step 150303 (time=626.263), 0.00186323 s/step
field decay(t = 40.00833333333333): 2.2684478729858989e-10 / 2.2684478729858989e-10 = 1.0
on time step 9726 (time=40.525), 0.0292328 s/step
on time step 10041 (time=41.8375), 0.0282192 s/step
on time step 10299 (time=42.9125), 0.0276309 s/step
on time step 10086 (time=42.025), 0.0282165 s/step
on time step 10068 (time=41.95), 0.028225 s/step
on time step 10089 (time=42.0375), 0.0282293 s/step
on time step 10069 (time=41.9542), 0.028229 s/step
on time step 10291 (time=42.8792), 0.0276411 s/step
on time step 10142 (time=42.2583), 0.0282239 s/step
on time step 9927 (time=41.3625), 0.0285644 s/step
on time step 10208 (time=42.5333), 0.0278442 s/step
on time step 10197 (time=42.4875), 0.0278477 s/step
on time step 10090 (time=42.0417), 0.0282308 s/step
on time step 10073 (time=41.9708), 0.0282347 s/step
on time step 10059 (time=41.9125), 0.0288297 s/step
on time step 10170 (time=42.375), 0.028161 s/step
on time step 10209 (time=42.5375), 0.0278427 s/step
on time step 9995 (time=41.6458), 0.0284239 s/step
on time step 9963 (time=41.5125), 0.0286029 s/step
on time step 10305 (time=42.9375), 0.0276333 s/step
on time step 10284 (time=42.85), 0.0276361 s/step
on time step 10014 (time=41.725), 0.0284352 s/step
on time step 9865 (time=41.1042), 0.0288259 s/step
on time step 152445 (time=635.188), 0.00186798 s/step
on time step 9863 (time=41.0958), 0.0292704 s/step
on time step 10183 (time=42.4292), 0.0282768 s/step
on time step 10444 (time=43.5167), 0.0276494 s/step
on time step 10228 (time=42.6167), 0.0282681 s/step
on time step 10210 (time=42.5417), 0.0282778 s/step
on time step 10231 (time=42.6292), 0.0282697 s/step
on time step 10211 (time=42.5458), 0.0282786 s/step
on time step 10285 (time=42.8542), 0.0280022 s/step
on time step 10436 (time=43.4833), 0.0276485 s/step
on time step 10067 (time=41.9458), 0.0286459 s/step
on time step 10352 (time=43.1333), 0.0279058 s/step
on time step 10232 (time=42.6333), 0.0282711 s/step
on time step 10341 (time=43.0875), 0.0279313 s/step
on time step 10215 (time=42.5625), 0.0282805 s/step
on time step 10199 (time=42.4958), 0.0286739 s/step
on time step 10314 (time=42.975), 0.0278275 s/step
on time step 10353 (time=43.1375), 0.0279224 s/step
on time step 10450 (time=43.5417), 0.0276088 s/step
on time step 10103 (time=42.0958), 0.0286428 s/step
on time step 10136 (time=42.2333), 0.0285042 s/step
on time step 10429 (time=43.4542), 0.0276869 s/step
on time step 10155 (time=42.3125), 0.0284885 s/step
on time step 10004 (time=41.6833), 0.0288475 s/step
field decay(t = 640.1291666666666): 0.21317801261572686 / 0.21317801261572686 = 1.0
on time step 154592 (time=644.133), 0.00186341 s/step
on time step 10000 (time=41.6667), 0.0292023 s/step
on time step 10325 (time=43.0208), 0.0282385 s/step
on time step 10589 (time=44.1208), 0.0276009 s/step
on time step 10370 (time=43.2083), 0.0282056 s/step
on time step 10352 (time=43.1333), 0.0282261 s/step
on time step 10373 (time=43.2208), 0.0282144 s/step
on time step 10353 (time=43.1375), 0.0282374 s/step
on time step 10581 (time=44.0875), 0.0276039 s/step
on time step 10429 (time=43.4542), 0.0278562 s/step
on time step 10208 (time=42.5333), 0.0285258 s/step
on time step 10374 (time=43.225), 0.0282042 s/step
on time step 10339 (time=43.0792), 0.0286098 s/step
on time step 10357 (time=43.1542), 0.0282343 s/step
on time step 10496 (time=43.7333), 0.0279314 s/step
on time step 10485 (time=43.6875), 0.0279194 s/step
on time step 10458 (time=43.575), 0.0279047 s/step
on time step 10595 (time=44.1458), 0.0276383 s/step
on time step 10277 (time=42.8208), 0.0284347 s/step
on time step 10244 (time=42.6833), 0.028482 s/step
on time step 10497 (time=43.7375), 0.0279217 s/step
on time step 10574 (time=44.0583), 0.0277433 s/step
on time step 10297 (time=42.9042), 0.0282514 s/step
on time step 10143 (time=42.2625), 0.0288566 s/step
on time step 156731 (time=653.046), 0.00187078 s/step
on time step 10137 (time=42.2375), 0.0292119 s/step
on time step 10467 (time=43.6125), 0.0282572 s/step
on time step 10734 (time=44.725), 0.0276091 s/step
on time step 10512 (time=43.8), 0.0282996 s/step
on time step 10494 (time=43.725), 0.0282677 s/step
on time step 10515 (time=43.8125), 0.0282752 s/step
on time step 10495 (time=43.7292), 0.028246 s/step
on time step 10726 (time=44.6917), 0.0277492 s/step
on time step 10572 (time=44.05), 0.0280847 s/step
on time step 10516 (time=43.8167), 0.0282935 s/step
on time step 10499 (time=43.7458), 0.0282553 s/step
on time step 10348 (time=43.1167), 0.0287403 s/step
on time step 10479 (time=43.6625), 0.0286701 s/step
on time step 10640 (time=44.3333), 0.0279492 s/step
on time step 10629 (time=44.2875), 0.0279397 s/step
on time step 10740 (time=44.75), 0.0276044 s/step
on time step 10602 (time=44.175), 0.0279522 s/step
on time step 10418 (time=43.4083), 0.028416 s/step
on time step 10384 (time=43.2667), 0.0286038 s/step
on time step 10718 (time=44.6583), 0.0277797 s/step
on time step 10641 (time=44.3375), 0.027937 s/step
on time step 10439 (time=43.4958), 0.0282132 s/step
on time step 10282 (time=42.8417), 0.0288351 s/step
field decay(t = 660.1333333333333): 0.23614886652123757 / 0.23614886652123757 = 1.0
on time step 158873 (time=661.971), 0.00186755 s/step
on time step 10274 (time=42.8083), 0.0292425 s/step
on time step 10609 (time=44.2042), 0.0282454 s/step
on time step 10879 (time=45.3292), 0.0276117 s/step
on time step 10654 (time=44.3917), 0.0282393 s/step
on time step 10636 (time=44.3167), 0.0282458 s/step
on time step 10657 (time=44.4042), 0.0282477 s/step
on time step 10637 (time=44.3208), 0.0282538 s/step
on time step 10871 (time=45.2958), 0.0276635 s/step
on time step 10715 (time=44.6458), 0.0280628 s/step
on time step 10488 (time=43.7), 0.0286113 s/step
on time step 10658 (time=44.4083), 0.0282492 s/step
on time step 10641 (time=44.3375), 0.0282571 s/step
on time step 10619 (time=44.2458), 0.0287018 s/step
on time step 10784 (time=44.9333), 0.0278656 s/step
on time step 10773 (time=44.8875), 0.0278688 s/step
on time step 10885 (time=45.3542), 0.0276161 s/step
on time step 10524 (time=43.85), 0.0286352 s/step
on time step 10746 (time=44.775), 0.0279218 s/step
on time step 10559 (time=43.9958), 0.0284961 s/step
on time step 10863 (time=45.2625), 0.0276539 s/step
on time step 10785 (time=44.9375), 0.0278758 s/step
on time step 10580 (time=44.0833), 0.0284897 s/step
on time step 10421 (time=43.4208), 0.0288676 s/step
on time step 161014 (time=670.892), 0.00186864 s/step
on time step 10411 (time=43.3792), 0.0292359 s/step
on time step 10751 (time=44.7958), 0.0282767 s/step
on time step 11025 (time=45.9375), 0.0275764 s/step
on time step 10796 (time=44.9833), 0.0282195 s/step
on time step 10778 (time=44.9083), 0.0282348 s/step
on time step 10799 (time=44.9958), 0.0282355 s/step
on time step 10779 (time=44.9125), 0.0282666 s/step
on time step 10857 (time=45.2375), 0.0282127 s/step
on time step 11017 (time=45.9042), 0.0275793 s/step
on time step 10800 (time=45), 0.0282289 s/step
on time step 10628 (time=44.2833), 0.0286896 s/step
on time step 10758 (time=44.825), 0.0288124 s/step
on time step 10783 (time=44.9292), 0.0282593 s/step
on time step 10928 (time=45.5333), 0.0279433 s/step
on time step 10917 (time=45.4875), 0.027947 s/step
on time step 11031 (time=45.9625), 0.0275809 s/step
on time step 10699 (time=44.5792), 0.0285963 s/step
on time step 10665 (time=44.4375), 0.0284975 s/step
on time step 10889 (time=45.3708), 0.0280672 s/step
on time step 11009 (time=45.8708), 0.0275669 s/step
on time step 10929 (time=45.5375), 0.0279282 s/step
on time step 10722 (time=44.675), 0.0282625 s/step
on time step 10560 (time=44), 0.0288798 s/step
on time step 163165 (time=679.854), 0.00185998 s/step
on time step 10548 (time=43.95), 0.0291997 s/step
on time step 10893 (time=45.3875), 0.0282609 s/step
on time step 11170 (time=46.5417), 0.0276186 s/step
on time step 10938 (time=45.575), 0.0283163 s/step
on time step 10920 (time=45.5), 0.028301 s/step
on time step 10941 (time=45.5875), 0.0282999 s/step
on time step 10921 (time=45.5042), 0.028263 s/step
on time step 11000 (time=45.8333), 0.0281176 s/step
on time step 11162 (time=46.5083), 0.0276136 s/step
on time step 10768 (time=44.8667), 0.0286166 s/step
on time step 10942 (time=45.5917), 0.0283094 s/step
on time step 10925 (time=45.5208), 0.0282815 s/step
on time step 10898 (time=45.4083), 0.0286929 s/step
on time step 11072 (time=46.1333), 0.0278518 s/step
on time step 11061 (time=46.0875), 0.0278929 s/step
on time step 11176 (time=46.5667), 0.0276149 s/step
on time step 10840 (time=45.1667), 0.0285113 s/step
on time step 10806 (time=45.025), 0.0285348 s/step
on time step 11033 (time=45.9708), 0.0279419 s/step
on time step 11154 (time=46.475), 0.0276243 s/step
on time step 11073 (time=46.1375), 0.0278888 s/step
on time step 10864 (time=45.2667), 0.0282804 s/step
on time step 10699 (time=44.5792), 0.0288696 s/step
field decay(t = 680.1375): 0.2485467129180794 / 0.2485467129180794 = 1.0
on time step 165300 (time=688.75), 0.00187366 s/step
on time step 10686 (time=44.525), 0.0291688 s/step
on time step 11036 (time=45.9833), 0.0281614 s/step
on time step 11316 (time=47.15), 0.0275745 s/step
on time step 11081 (time=46.1708), 0.0281649 s/step
on time step 11063 (time=46.0958), 0.0281681 s/step
on time step 11307 (time=47.1125), 0.0275916 s/step
on time step 11143 (time=46.4292), 0.0280235 s/step
on time step 11084 (time=46.1833), 0.0281626 s/step
on time step 11064 (time=46.1), 0.0281624 s/step
on time step 10909 (time=45.4542), 0.0284803 s/step
on time step 11038 (time=45.9917), 0.0285989 s/step
on time step 11085 (time=46.1875), 0.0281565 s/step
on time step 11068 (time=46.1167), 0.0281581 s/step
on time step 11321 (time=47.1708), 0.0275911 s/step
on time step 11216 (time=46.7333), 0.027913 s/step
on time step 11205 (time=46.6875), 0.0278781 s/step
on time step 11299 (time=47.0792), 0.027588 s/step
on time step 11176 (time=46.5667), 0.0280281 s/step
on time step 10982 (time=45.7583), 0.028357 s/step
on time step 10947 (time=45.6125), 0.0285104 s/step
on time step 11217 (time=46.7375), 0.0278909 s/step
on time step 11007 (time=45.8625), 0.0281349 s/step
on time step 10838 (time=45.1583), 0.028811 s/step
on time step 167445 (time=697.688), 0.00186499 s/step
on time step 10823 (time=45.0958), 0.0292564 s/step
on time step 11178 (time=46.575), 0.0283216 s/step
on time step 11462 (time=47.7583), 0.0275728 s/step
on time step 11223 (time=46.7625), 0.0283194 s/step
on time step 11205 (time=46.6875), 0.0283163 s/step
on time step 11453 (time=47.7208), 0.027557 s/step
on time step 11287 (time=47.0292), 0.0279308 s/step
on time step 11226 (time=46.775), 0.028319 s/step
on time step 11206 (time=46.6917), 0.0283149 s/step
on time step 11049 (time=46.0375), 0.0286796 s/step
on time step 11178 (time=46.575), 0.0286832 s/step
on time step 11227 (time=46.7792), 0.02832 s/step
on time step 11210 (time=46.7083), 0.0283152 s/step
on time step 11467 (time=47.7792), 0.0275749 s/step
on time step 11360 (time=47.3333), 0.0279345 s/step
on time step 11349 (time=47.2875), 0.0279265 s/step
on time step 11445 (time=47.6875), 0.027561 s/step
on time step 11320 (time=47.1667), 0.0279313 s/step
on time step 11087 (time=46.1958), 0.0286712 s/step
on time step 11124 (time=46.35), 0.0283102 s/step
on time step 11361 (time=47.3375), 0.0279316 s/step
on time step 11149 (time=46.4542), 0.0283031 s/step
on time step 10977 (time=45.7375), 0.0288346 s/step
field decay(t = 700.1416666666667): 0.2501419745072895 / 0.2501419745072895 = 1.0
on time step 169594 (time=706.642), 0.00186188 s/step
on time step 10960 (time=45.6667), 0.029277 s/step
on time step 11320 (time=47.1667), 0.0282172 s/step
on time step 11607 (time=48.3625), 0.0276582 s/step
on time step 11365 (time=47.3542), 0.0281891 s/step
on time step 11347 (time=47.2792), 0.028222 s/step
on time step 11598 (time=48.325), 0.02767 s/step
on time step 11368 (time=47.3667), 0.0282203 s/step
on time step 11348 (time=47.2833), 0.0282322 s/step
on time step 11431 (time=47.6292), 0.0279489 s/step
on time step 11190 (time=46.625), 0.0285719 s/step
on time step 11319 (time=47.1625), 0.0285749 s/step
on time step 11369 (time=47.3708), 0.0281992 s/step
on time step 11352 (time=47.3), 0.0282292 s/step
on time step 11612 (time=48.3833), 0.0276416 s/step
on time step 11504 (time=47.9333), 0.0279161 s/step
on time step 11493 (time=47.8875), 0.0279438 s/step
on time step 11227 (time=46.7792), 0.0285882 s/step
on time step 11590 (time=48.2917), 0.0276653 s/step
on time step 11265 (time=46.9375), 0.0284418 s/step
on time step 11464 (time=47.7667), 0.0279456 s/step
on time step 11291 (time=47.0458), 0.0282528 s/step
on time step 11505 (time=47.9375), 0.0279383 s/step
on time step 11116 (time=46.3167), 0.028782 s/step
on time step 171734 (time=715.558), 0.00186979 s/step
on time step 11097 (time=46.2375), 0.0292293 s/step
on time step 11462 (time=47.7583), 0.0282458 s/step
on time step 11753 (time=48.9708), 0.02758 s/step
on time step 11507 (time=47.9458), 0.0282616 s/step
on time step 11489 (time=47.8708), 0.0282484 s/step
on time step 11510 (time=47.9583), 0.0282491 s/step
on time step 11490 (time=47.875), 0.0282379 s/step
on time step 11744 (time=48.9333), 0.0275815 s/step
on time step 11573 (time=48.2208), 0.0282801 s/step
on time step 11330 (time=47.2083), 0.0285931 s/step
on time step 11511 (time=47.9625), 0.028267 s/step
on time step 11459 (time=47.7458), 0.0286881 s/step
on time step 11494 (time=47.8917), 0.0282477 s/step
on time step 11757 (time=48.9875), 0.0275944 s/step
on time step 11367 (time=47.3625), 0.0285796 s/step
on time step 11734 (time=48.8917), 0.0277793 s/step
on time step 11648 (time=48.5333), 0.0279361 s/step
on time step 11637 (time=48.4875), 0.0279081 s/step
on time step 11407 (time=47.5292), 0.0282714 s/step
on time step 11608 (time=48.3667), 0.027906 s/step
on time step 11433 (time=47.6375), 0.0282571 s/step
on time step 11649 (time=48.5375), 0.0279162 s/step
on time step 11255 (time=46.8958), 0.028815 s/step
field decay(t = 720.1458333333334): 0.248547235711487 / 0.2501419745072895 = 0.9936246653567693
on time step 173847 (time=724.362), 0.00189307 s/step
on time step 11235 (time=46.8125), 0.0291322 s/step
on time step 11604 (time=48.35), 0.0283318 s/step
on time step 11898 (time=49.575), 0.0276461 s/step
on time step 11649 (time=48.5375), 0.0282559 s/step
on time step 11631 (time=48.4625), 0.0282793 s/step
on time step 11632 (time=48.4667), 0.0282626 s/step
on time step 11652 (time=48.55), 0.0282719 s/step
on time step 11889 (time=49.5375), 0.0276342 s/step
on time step 11716 (time=48.8167), 0.028062 s/step
on time step 11469 (time=47.7875), 0.0287791 s/step
on time step 11653 (time=48.5542), 0.0282481 s/step
on time step 11636 (time=48.4833), 0.0282647 s/step
on time step 11600 (time=48.3333), 0.0284759 s/step
on time step 11902 (time=49.5917), 0.0276477 s/step
on time step 11879 (time=49.4958), 0.0276542 s/step
on time step 11781 (time=49.0875), 0.0278595 s/step
on time step 11507 (time=47.9458), 0.0287111 s/step
on time step 11792 (time=49.1333), 0.0278685 s/step
on time step 11547 (time=48.1125), 0.0285852 s/step
on time step 11751 (time=48.9625), 0.0280558 s/step
on time step 11572 (time=48.2167), 0.0287778 s/step
on time step 11793 (time=49.1375), 0.0278882 s/step
on time step 11394 (time=47.475), 0.0288461 s/step
on time step 175916 (time=732.983), 0.00193361 s/step
on time step 11375 (time=47.3958), 0.028646 s/step
on time step 11746 (time=48.9417), 0.0283225 s/step
on time step 12043 (time=50.1792), 0.0276739 s/step
on time step 11793 (time=49.1375), 0.0278077 s/step
on time step 11775 (time=49.0625), 0.0279785 s/step
on time step 11775 (time=49.0625), 0.0279716 s/step
on time step 11795 (time=49.1458), 0.0279756 s/step
on time step 12034 (time=50.1417), 0.0276791 s/step
on time step 11860 (time=49.4167), 0.0278369 s/step
on time step 11609 (time=48.3708), 0.0286198 s/step
on time step 11797 (time=49.1542), 0.0278037 s/step
on time step 11779 (time=49.0792), 0.027974 s/step
on time step 12047 (time=50.1958), 0.0276837 s/step
on time step 11744 (time=48.9333), 0.027964 s/step
on time step 12024 (time=50.1), 0.0276633 s/step
on time step 11925 (time=49.6875), 0.0278355 s/step
on time step 11936 (time=49.7333), 0.0278292 s/step
on time step 11648 (time=48.5333), 0.0284343 s/step
on time step 11687 (time=48.6958), 0.028627 s/step
on time step 11895 (time=49.5625), 0.0278284 s/step
on time step 11711 (time=48.7958), 0.0288762 s/step
on time step 11937 (time=49.7375), 0.0278194 s/step
on time step 11534 (time=48.0583), 0.0286695 s/step
field decay(t = 740.15): 0.23615022047596074 / 0.2501419745072895 = 0.944064749393265
on time step 177985 (time=741.604), 0.00193342 s/step
on time step 11514 (time=47.975), 0.0287872 s/step
on time step 12188 (time=50.7833), 0.0276661 s/step
on time step 11887 (time=49.5292), 0.0285669 s/step
on time step 11936 (time=49.7333), 0.0281601 s/step
on time step 11917 (time=49.6542), 0.028212 s/step
on time step 11937 (time=49.7375), 0.0282352 s/step
on time step 11917 (time=49.6542), 0.0282553 s/step
on time step 12179 (time=50.7458), 0.0276666 s/step
on time step 11748 (time=48.95), 0.0288545 s/step
on time step 12004 (time=50.0167), 0.0279254 s/step
on time step 11939 (time=49.7458), 0.028184 s/step
on time step 11919 (time=49.6625), 0.0285963 s/step
on time step 12192 (time=50.8), 0.0276588 s/step
on time step 11886 (time=49.525), 0.0282149 s/step
on time step 12169 (time=50.7042), 0.0276841 s/step
on time step 11788 (time=49.1167), 0.0286579 s/step
on time step 12069 (time=50.2875), 0.0279084 s/step
on time step 12080 (time=50.3333), 0.0279076 s/step
on time step 11827 (time=49.2792), 0.028688 s/step
on time step 11849 (time=49.3708), 0.0290677 s/step
on time step 12039 (time=50.1625), 0.0279171 s/step
on time step 12081 (time=50.3375), 0.027932 s/step
on time step 11672 (time=48.6333), 0.0290412 s/step
on time step 180049 (time=750.204), 0.00193827 s/step
on time step 11653 (time=48.5542), 0.0288611 s/step
on time step 12333 (time=51.3875), 0.0276804 s/step
on time step 12028 (time=50.1167), 0.0284653 s/step
on time step 12078 (time=50.325), 0.0281863 s/step
on time step 12059 (time=50.2458), 0.0282101 s/step
on time step 12079 (time=50.3292), 0.0281807 s/step
on time step 12059 (time=50.2458), 0.0282792 s/step
on time step 12323 (time=51.3458), 0.0278937 s/step
on time step 12148 (time=50.6167), 0.0278225 s/step
on time step 11887 (time=49.5292), 0.0288518 s/step
on time step 12081 (time=50.3375), 0.0282032 s/step
on time step 12061 (time=50.2542), 0.0283512 s/step
on time step 12028 (time=50.1167), 0.0281931 s/step
on time step 12337 (time=51.4042), 0.0276862 s/step
on time step 12313 (time=51.3042), 0.0278645 s/step
on time step 12213 (time=50.8875), 0.0278349 s/step
on time step 12224 (time=50.9333), 0.0278311 s/step
on time step 11967 (time=49.8625), 0.0286327 s/step
on time step 11928 (time=49.7), 0.0287454 s/step
on time step 11987 (time=49.9458), 0.0290238 s/step
on time step 12183 (time=50.7625), 0.0278292 s/step
on time step 12224 (time=50.9333), 0.0280746 s/step
on time step 11811 (time=49.2125), 0.0288839 s/step
on time step 182112 (time=758.8), 0.00193936 s/step
on time step 11792 (time=49.1333), 0.0288286 s/step
on time step 12478 (time=51.9917), 0.0276648 s/step
on time step 12168 (time=50.7), 0.028658 s/step
on time step 12220 (time=50.9167), 0.028255 s/step
on time step 12200 (time=50.8333), 0.0284604 s/step
on time step 12200 (time=50.8333), 0.0283756 s/step
on time step 12220 (time=50.9167), 0.0284901 s/step
on time step 12468 (time=51.95), 0.027655 s/step
on time step 12026 (time=50.1083), 0.0288269 s/step
on time step 12292 (time=51.2167), 0.027868 s/step
on time step 12223 (time=50.9292), 0.0282717 s/step
on time step 12202 (time=50.8417), 0.0284673 s/step
on time step 12170 (time=50.7083), 0.0282781 s/step
on time step 12482 (time=52.0083), 0.0276606 s/step
on time step 12458 (time=51.9083), 0.0276573 s/step
on time step 12357 (time=51.4875), 0.0278548 s/step
on time step 12368 (time=51.5333), 0.0278612 s/step
on time step 12107 (time=50.4458), 0.0287285 s/step
on time step 12068 (time=50.2833), 0.028723 s/step
on time step 12327 (time=51.3625), 0.0278609 s/step
on time step 12125 (time=50.5208), 0.0290944 s/step
on time step 12367 (time=51.5292), 0.0280146 s/step
on time step 11950 (time=49.7917), 0.0289557 s/step
field decay(t = 760.1541666666667): 0.2131799113939783 / 0.2501419745072895 = 0.8522356626227316
on time step 184172 (time=767.383), 0.00194239 s/step
on time step 11932 (time=49.7167), 0.0287545 s/step
on time step 12623 (time=52.5958), 0.0276439 s/step
on time step 12362 (time=51.5083), 0.0281982 s/step
on time step 12310 (time=51.2917), 0.0282959 s/step
on time step 12363 (time=51.5125), 0.0280824 s/step
on time step 12343 (time=51.4292), 0.0281164 s/step
on time step 12343 (time=51.4292), 0.0280892 s/step
on time step 12612 (time=52.55), 0.0278411 s/step
on time step 12436 (time=51.8167), 0.0278166 s/step
on time step 12166 (time=50.6917), 0.0287289 s/step
on time step 12366 (time=51.525), 0.0281421 s/step
on time step 12344 (time=51.4333), 0.0281885 s/step
on time step 12627 (time=52.6125), 0.0276497 s/step
on time step 12313 (time=51.3042), 0.02811 s/step
on time step 12602 (time=52.5083), 0.0278287 s/step
on time step 12501 (time=52.0875), 0.0278268 s/step
on time step 12512 (time=52.1333), 0.0278221 s/step
on time step 12248 (time=51.0333), 0.0284176 s/step
on time step 12263 (time=51.0958), 0.0290114 s/step
on time step 12471 (time=51.9625), 0.0278221 s/step
on time step 12208 (time=50.8667), 0.0286945 s/step
on time step 12510 (time=52.125), 0.0279769 s/step
on time step 12089 (time=50.3708), 0.0288336 s/step
on time step 186248 (time=776.033), 0.00192711 s/step
on time step 12072 (time=50.3), 0.0285886 s/step
on time step 12767 (time=53.1958), 0.0277923 s/step
on time step 12506 (time=52.1083), 0.027797 s/step
on time step 12453 (time=51.8875), 0.02798 s/step
on time step 12487 (time=52.0292), 0.0277967 s/step
on time step 12487 (time=52.0292), 0.0277933 s/step
on time step 12507 (time=52.1125), 0.0278008 s/step
on time step 12756 (time=53.15), 0.0277894 s/step
on time step 12580 (time=52.4167), 0.0277977 s/step
on time step 12306 (time=51.275), 0.0286093 s/step
on time step 12510 (time=52.125), 0.0277966 s/step
on time step 12488 (time=52.0333), 0.0277955 s/step
on time step 12771 (time=53.2125), 0.0277892 s/step
on time step 12457 (time=51.9042), 0.0278006 s/step
on time step 12746 (time=53.1083), 0.0277896 s/step
on time step 12645 (time=52.6875), 0.0277893 s/step
on time step 12656 (time=52.7333), 0.0277951 s/step
on time step 12402 (time=51.675), 0.0287994 s/step
on time step 12615 (time=52.5625), 0.0277941 s/step
on time step 12391 (time=51.6292), 0.0281244 s/step
on time step 12350 (time=51.4583), 0.0282316 s/step
on time step 12654 (time=52.725), 0.0277911 s/step
on time step 12228 (time=50.95), 0.0287821 s/step
field decay(t = 780.1583333333333): 0.19091139909063307 / 0.2501419745072895 = 0.7632121696755442
on time step 188398 (time=784.992), 0.0018611 s/step
on time step 12211 (time=50.8792), 0.0288833 s/step
on time step 12648 (time=52.7), 0.0281801 s/step
on time step 12912 (time=53.8), 0.0276563 s/step
on time step 12594 (time=52.475), 0.0285112 s/step
on time step 12629 (time=52.6208), 0.0282434 s/step
on time step 12649 (time=52.7042), 0.0282365 s/step
on time step 12629 (time=52.6208), 0.0282457 s/step
on time step 12901 (time=53.7542), 0.0276642 s/step
on time step 12723 (time=53.0125), 0.0281335 s/step
on time step 12445 (time=51.8542), 0.0289005 s/step
on time step 12652 (time=52.7167), 0.0282158 s/step
on time step 12629 (time=52.6208), 0.028448 s/step
on time step 12916 (time=53.8167), 0.0276545 s/step
on time step 12599 (time=52.4958), 0.0282462 s/step
on time step 12891 (time=53.7125), 0.0276796 s/step
on time step 12789 (time=53.2875), 0.0279377 s/step
on time step 12800 (time=53.3333), 0.0279347 s/step
on time step 12540 (time=52.25), 0.0290626 s/step
on time step 12489 (time=52.0375), 0.0288321 s/step
on time step 12531 (time=52.2125), 0.0286689 s/step
on time step 12759 (time=53.1625), 0.0279444 s/step
on time step 12796 (time=53.3167), 0.0282038 s/step
on time step 12366 (time=51.525), 0.0289978 s/step
on time step 190549 (time=793.954), 0.00186012 s/step
on time step 12351 (time=51.4625), 0.0286614 s/step
on time step 12791 (time=53.2958), 0.0279816 s/step
on time step 13057 (time=54.4042), 0.0277277 s/step
on time step 12736 (time=53.0667), 0.0282511 s/step
on time step 12773 (time=53.2208), 0.0279179 s/step
on time step 12773 (time=53.2208), 0.0279085 s/step
on time step 12793 (time=53.3042), 0.0279167 s/step
on time step 13046 (time=54.3583), 0.0277231 s/step
on time step 12867 (time=53.6125), 0.0278268 s/step
on time step 12585 (time=52.4375), 0.0286103 s/step
on time step 12796 (time=53.3167), 0.0279454 s/step
on time step 12773 (time=53.2208), 0.0279175 s/step
on time step 13061 (time=54.4208), 0.0277414 s/step
on time step 12743 (time=53.0958), 0.027912 s/step
on time step 13036 (time=54.3167), 0.0277126 s/step
on time step 12933 (time=53.8875), 0.0278375 s/step
on time step 12944 (time=53.9333), 0.0278363 s/step
on time step 12679 (time=52.8292), 0.0288143 s/step
on time step 12903 (time=53.7625), 0.0278311 s/step
on time step 12631 (time=52.6292), 0.0283171 s/step
on time step 12674 (time=52.8083), 0.0281275 s/step
on time step 12940 (time=53.9167), 0.0279619 s/step
on time step 12505 (time=52.1042), 0.0287909 s/step
field decay(t = 800.1625): 0.15758033189526902 / 0.2501419745072895 = 0.6299635725098065
on time step 192694 (time=802.892), 0.00186568 s/step
on time step 12491 (time=52.0458), 0.0287652 s/step
on time step 12934 (time=53.8917), 0.028104 s/step
on time step 13202 (time=55.0083), 0.0277273 s/step
on time step 12877 (time=53.6542), 0.0285215 s/step
on time step 12935 (time=53.8958), 0.0283031 s/step
on time step 12915 (time=53.8125), 0.0283108 s/step
on time step 12914 (time=53.8083), 0.0285321 s/step
on time step 12724 (time=53.0167), 0.0288443 s/step
on time step 13011 (time=54.2125), 0.0279094 s/step
on time step 13191 (time=54.9625), 0.0277457 s/step
on time step 12939 (time=53.9125), 0.0281162 s/step
on time step 12915 (time=53.8125), 0.0283402 s/step
on time step 13206 (time=55.025), 0.0277245 s/step
on time step 12886 (time=53.6917), 0.0281286 s/step
on time step 13181 (time=54.9208), 0.0277388 s/step
on time step 13077 (time=54.4875), 0.0279035 s/step
on time step 13088 (time=54.5333), 0.0279026 s/step
on time step 12817 (time=53.4042), 0.0290868 s/step
on time step 13047 (time=54.3625), 0.0279061 s/step
on time step 12814 (time=53.3917), 0.0286796 s/step
on time step 12771 (time=53.2125), 0.0287158 s/step
on time step 13084 (time=54.5167), 0.0279276 s/step
on time step 12644 (time=52.6833), 0.028923 s/step
on time step 194835 (time=811.812), 0.00186869 s/step
on time step 12630 (time=52.625), 0.0288713 s/step
on time step 13076 (time=54.4833), 0.028171 s/step
on time step 13347 (time=55.6125), 0.0277182 s/step
on time step 13018 (time=54.2417), 0.0284587 s/step
on time step 13076 (time=54.4833), 0.028442 s/step
on time step 13056 (time=54.4), 0.02845 s/step
on time step 13055 (time=54.3958), 0.0284508 s/step
on time step 12863 (time=53.5958), 0.0288437 s/step
on time step 13336 (time=55.5667), 0.0277238 s/step
on time step 13155 (time=54.8125), 0.0279478 s/step
on time step 13081 (time=54.5042), 0.0281969 s/step
on time step 13056 (time=54.4), 0.028447 s/step
on time step 13027 (time=54.2792), 0.0283723 s/step
on time step 13351 (time=55.6292), 0.0277151 s/step
on time step 12955 (time=53.9792), 0.0290529 s/step
on time step 13326 (time=55.525), 0.0277298 s/step
on time step 13221 (time=55.0875), 0.0279471 s/step
on time step 13232 (time=55.1333), 0.0279489 s/step
on time step 12954 (time=53.975), 0.0286241 s/step
on time step 13191 (time=54.9625), 0.0279508 s/step
on time step 12911 (time=53.7958), 0.028709 s/step
on time step 13227 (time=55.1125), 0.0281364 s/step
on time step 12783 (time=53.2625), 0.0288777 s/step
field decay(t = 820.1666666666666): 0.1318867266107805 / 0.2501419745072895 = 0.5272474836362865
on time step 196983 (time=820.762), 0.00186243 s/step
on time step 12769 (time=53.2042), 0.0287787 s/step
on time step 13219 (time=55.0792), 0.0280174 s/step
on time step 13491 (time=56.2125), 0.0278402 s/step
on time step 13160 (time=54.8333), 0.0283066 s/step
on time step 13199 (time=54.9958), 0.0280913 s/step
on time step 13219 (time=55.0792), 0.0281043 s/step
on time step 13197 (time=54.9875), 0.0282896 s/step
on time step 13002 (time=54.175), 0.0288933 s/step
on time step 13480 (time=56.1667), 0.0278185 s/step
on time step 13299 (time=55.4125), 0.0278396 s/step
on time step 13224 (time=55.1), 0.0280085 s/step
on time step 13198 (time=54.9917), 0.0282697 s/step
on time step 13170 (time=54.875), 0.0280763 s/step
on time step 13495 (time=56.2292), 0.0278428 s/step
on time step 13470 (time=56.125), 0.0278279 s/step
on time step 13096 (time=54.5667), 0.0284374 s/step
on time step 13365 (time=55.6875), 0.0278357 s/step
on time step 13376 (time=55.7333), 0.0278398 s/step
on time step 13095 (time=54.5625), 0.0284834 s/step
on time step 13335 (time=55.5625), 0.0278369 s/step
on time step 13051 (time=54.3792), 0.0286267 s/step
on time step 13371 (time=55.7125), 0.0278392 s/step
on time step 12921 (time=53.8375), 0.0290119 s/step
on time step 199122 (time=829.675), 0.00187052 s/step
on time step 12906 (time=53.775), 0.0293165 s/step
on time step 13362 (time=55.675), 0.0279959 s/step
on time step 13636 (time=56.8167), 0.0276393 s/step
on time step 13301 (time=55.4208), 0.0283969 s/step
on time step 13361 (time=55.6708), 0.0282178 s/step
on time step 13341 (time=55.5875), 0.0282222 s/step
on time step 13338 (time=55.575), 0.0284164 s/step
on time step 13625 (time=56.7708), 0.0276476 s/step
on time step 13443 (time=56.0125), 0.027815 s/step
on time step 13366 (time=55.6917), 0.0281733 s/step
on time step 13142 (time=54.7583), 0.0287336 s/step
on time step 13340 (time=55.5833), 0.0282267 s/step
on time step 13640 (time=56.8333), 0.0276464 s/step
on time step 13313 (time=55.4708), 0.0281153 s/step
on time step 13615 (time=56.7292), 0.0276393 s/step
on time step 13509 (time=56.2875), 0.027831 s/step
on time step 13520 (time=56.3333), 0.0278274 s/step
on time step 13237 (time=55.1542), 0.0284886 s/step
on time step 13479 (time=56.1625), 0.0278242 s/step
on time step 13236 (time=55.15), 0.0284779 s/step
on time step 13191 (time=54.9625), 0.0286439 s/step
on time step 13515 (time=56.3125), 0.027802 s/step
on time step 13060 (time=54.4167), 0.0288612 s/step
on time step 201276 (time=838.65), 0.00185771 s/step
on time step 13043 (time=54.3458), 0.0292676 s/step
on time step 13505 (time=56.2708), 0.0279992 s/step
on time step 13780 (time=57.4167), 0.0278118 s/step
on time step 13442 (time=56.0083), 0.0284002 s/step
on time step 13504 (time=56.2667), 0.0280195 s/step
on time step 13480 (time=56.1667), 0.0282133 s/step
on time step 13484 (time=56.1833), 0.0280144 s/step
on time step 13769 (time=57.3708), 0.0278127 s/step
on time step 13587 (time=56.6125), 0.02782 s/step
on time step 13509 (time=56.2875), 0.0280122 s/step
on time step 13281 (time=55.3375), 0.0288238 s/step
on time step 13482 (time=56.175), 0.0282124 s/step
on time step 13784 (time=57.4333), 0.027821 s/step
on time step 13456 (time=56.0667), 0.0280071 s/step
on time step 13759 (time=57.3292), 0.027816 s/step
on time step 13653 (time=56.8875), 0.0278139 s/step
on time step 13664 (time=56.9333), 0.0278137 s/step
on time step 13378 (time=55.7417), 0.0284306 s/step
on time step 13623 (time=56.7625), 0.0278122 s/step
on time step 13331 (time=55.5458), 0.0286174 s/step
on time step 13377 (time=55.7375), 0.028451 s/step
on time step 13659 (time=56.9125), 0.0278184 s/step
on time step 13199 (time=54.9958), 0.0288859 s/step
field decay(t = 840.1708333333333): 0.09958740000495707 / 0.2501419745072895 = 0.39812350646514527
on time step 203425 (time=847.604), 0.00186213 s/step
on time step 13180 (time=54.9167), 0.02928 s/step
on time step 13648 (time=56.8667), 0.0281159 s/step
on time step 13925 (time=58.0208), 0.0277182 s/step
on time step 13583 (time=56.5958), 0.0285422 s/step
on time step 13621 (time=56.7542), 0.0284718 s/step
on time step 13646 (time=56.8583), 0.0283154 s/step
on time step 13625 (time=56.7708), 0.0285205 s/step
on time step 13914 (time=57.975), 0.0277139 s/step
on time step 13731 (time=57.2125), 0.0279003 s/step
on time step 13420 (time=55.9167), 0.0288625 s/step
on time step 13651 (time=56.8792), 0.028307 s/step
on time step 13624 (time=56.7667), 0.0283296 s/step
on time step 13929 (time=58.0375), 0.0277139 s/step
on time step 13598 (time=56.6583), 0.028324 s/step
on time step 13518 (time=56.325), 0.0286029 s/step
on time step 13904 (time=57.9333), 0.0277177 s/step
on time step 13797 (time=57.4875), 0.0278994 s/step
on time step 13808 (time=57.5333), 0.0279018 s/step
on time step 13517 (time=56.3208), 0.0286152 s/step
on time step 13767 (time=57.3625), 0.027901 s/step
on time step 13471 (time=56.1292), 0.0286804 s/step
on time step 13803 (time=57.5125), 0.0278955 s/step
on time step 13338 (time=55.575), 0.0289378 s/step
on time step 205573 (time=856.554), 0.00186261 s/step
on time step 13317 (time=55.4875), 0.0293408 s/step
on time step 13791 (time=57.4625), 0.0280591 s/step
on time step 14070 (time=58.625), 0.0276716 s/step
on time step 13723 (time=57.1792), 0.0286183 s/step
on time step 13787 (time=57.4458), 0.0284382 s/step
on time step 13762 (time=57.3417), 0.0284993 s/step
on time step 13766 (time=57.3583), 0.0285493 s/step
on time step 14059 (time=58.5792), 0.0276791 s/step
on time step 13876 (time=57.8167), 0.0276764 s/step
on time step 13793 (time=57.4708), 0.028253 s/step
on time step 13559 (time=56.4958), 0.0288924 s/step
on time step 13765 (time=57.3542), 0.0284648 s/step
on time step 14074 (time=58.6417), 0.0276732 s/step
on time step 13740 (time=57.25), 0.0282341 s/step
on time step 14049 (time=58.5375), 0.0276722 s/step
on time step 13658 (time=56.9083), 0.028687 s/step
on time step 13942 (time=58.0917), 0.0276771 s/step
on time step 13953 (time=58.1375), 0.0276773 s/step
on time step 13657 (time=56.9042), 0.0286356 s/step
on time step 13912 (time=57.9667), 0.027671 s/step
on time step 13611 (time=56.7125), 0.0287063 s/step
on time step 13948 (time=58.1167), 0.0276795 s/step
on time step 13477 (time=56.1542), 0.0289179 s/step
field decay(t = 860.175): 0.07141110812273684 / 0.2501419745072895 = 0.28548230765107285
on time step 207721 (time=865.504), 0.00186284 s/step
on time step 13454 (time=56.0583), 0.0293005 s/step
on time step 13934 (time=58.0583), 0.0280116 s/step
on time step 14215 (time=59.2292), 0.027687 s/step
on time step 13864 (time=57.7667), 0.0284766 s/step
on time step 13928 (time=58.0333), 0.0284522 s/step
on time step 13903 (time=57.9292), 0.028454 s/step
on time step 13907 (time=57.9458), 0.0284133 s/step
on time step 14204 (time=59.1833), 0.0276877 s/step
on time step 13935 (time=58.0625), 0.0282567 s/step
on time step 14021 (time=58.4208), 0.0276962 s/step
on time step 13698 (time=57.075), 0.0288845 s/step
on time step 13906 (time=57.9417), 0.0284363 s/step
on time step 14219 (time=59.2458), 0.0276876 s/step
on time step 13882 (time=57.8417), 0.0282679 s/step
on time step 14194 (time=59.1417), 0.0276859 s/step
on time step 14087 (time=58.6958), 0.0276883 s/step
on time step 14098 (time=58.7417), 0.0276884 s/step
on time step 13799 (time=57.4958), 0.0285369 s/step
on time step 14057 (time=58.5708), 0.0276928 s/step
on time step 13751 (time=57.2958), 0.0286426 s/step
on time step 13798 (time=57.4917), 0.0285493 s/step
on time step 14093 (time=58.7208), 0.0276914 s/step
on time step 13616 (time=56.7333), 0.0289375 s/step
on time step 209871 (time=874.462), 0.00186108 s/step
on time step 13591 (time=56.6292), 0.029346 s/step
on time step 14076 (time=58.65), 0.028198 s/step
on time step 14360 (time=59.8333), 0.0277585 s/step
on time step 14005 (time=58.3542), 0.0285336 s/step
on time step 14069 (time=58.6208), 0.0283956 s/step
on time step 14044 (time=58.5167), 0.0284261 s/step
on time step 14077 (time=58.6542), 0.0281836 s/step
on time step 14048 (time=58.5333), 0.0285171 s/step
on time step 13837 (time=57.6542), 0.0288711 s/step
on time step 14349 (time=59.7875), 0.0277672 s/step
on time step 14166 (time=59.025), 0.0277639 s/step
on time step 14047 (time=58.5292), 0.0284453 s/step
on time step 14364 (time=59.85), 0.0277558 s/step
on time step 14024 (time=58.4333), 0.0283665 s/step
on time step 13939 (time=58.0792), 0.02861 s/step
on time step 14339 (time=59.7458), 0.027762 s/step
on time step 14232 (time=59.3), 0.0277694 s/step
on time step 14243 (time=59.3458), 0.0277765 s/step
on time step 13938 (time=58.075), 0.0286329 s/step
on time step 13891 (time=57.8792), 0.0286514 s/step
on time step 14202 (time=59.175), 0.0277719 s/step
on time step 14238 (time=59.325), 0.0277687 s/step
on time step 13755 (time=57.3125), 0.0289751 s/step
field decay(t = 880.1791666666667): 0.053808878498126385 / 0.2501419745072895 = 0.2151133515441181
on time step 212014 (time=883.392), 0.00186724 s/step
on time step 13728 (time=57.2), 0.029329 s/step
on time step 14218 (time=59.2417), 0.0282633 s/step
field decay(t = 60.012499999999996): 2.0925735967213997e-10 / 2.0925735967213997e-10 = 1.0
on time step 14506 (time=60.4417), 0.0275616 s/step
on time step 14210 (time=59.2083), 0.0284748 s/step
on time step 14185 (time=59.1042), 0.0284401 s/step
on time step 14146 (time=58.9417), 0.0285423 s/step
on time step 14189 (time=59.1208), 0.0284924 s/step
on time step 14219 (time=59.2458), 0.028317 s/step
on time step 13976 (time=58.2333), 0.0288433 s/step
field decay(t = 60.012499999999996): 5.505256681672207e-10 / 5.505256681672207e-10 = 1.0
on time step 14494 (time=60.3917), 0.0277416 s/step
on time step 14310 (time=59.625), 0.0279318 s/step
on time step 14188 (time=59.1167), 0.0284181 s/step
field decay(t = 60.012499999999996): 2.2957624597834078e-10 / 2.2957624597834078e-10 = 1.0
on time step 14510 (time=60.4583), 0.0275616 s/step
on time step 14165 (time=59.0208), 0.0284791 s/step
on time step 14079 (time=58.6625), 0.0286536 s/step
field decay(t = 60.012499999999996): 1.3949543920364992e-10 / 1.7319691343899794e-10 = 0.805415272326905
on time step 14484 (time=60.35), 0.0277471 s/step
on time step 14376 (time=59.9), 0.0279257 s/step
on time step 14387 (time=59.9458), 0.0279243 s/step
on time step 14078 (time=58.6583), 0.0286353 s/step
on time step 14031 (time=58.4625), 0.0286376 s/step
on time step 14346 (time=59.775), 0.0279231 s/step
on time step 14382 (time=59.925), 0.0279257 s/step
on time step 13894 (time=57.8917), 0.0288682 s/step
on time step 214159 (time=892.329), 0.00186488 s/step
on time step 13866 (time=57.775), 0.0291843 s/step
on time step 14361 (time=59.8375), 0.0281443 s/step
on time step 14651 (time=61.0458), 0.0276596 s/step
on time step 14353 (time=59.8042), 0.0280931 s/step
on time step 14328 (time=59.7), 0.0280746 s/step
on time step 14289 (time=59.5375), 0.028069 s/step
on time step 14362 (time=59.8417), 0.0280584 s/step
on time step 14332 (time=59.7167), 0.0280716 s/step
on time step 14116 (time=58.8167), 0.028712 s/step
on time step 14638 (time=60.9917), 0.0278589 s/step
field decay(t = 60.012499999999996): 2.2746161737101788e-10 / 2.2746161737101788e-10 = 1.0
on time step 14454 (time=60.225), 0.0278785 s/step
on time step 14331 (time=59.7125), 0.0280749 s/step
on time step 14655 (time=61.0625), 0.0276669 s/step
on time step 14308 (time=59.6167), 0.0281006 s/step
on time step 14221 (time=59.2542), 0.028271 s/step
on time step 14628 (time=60.95), 0.0278559 s/step
field decay(t = 60.012499999999996): 2.6878212323136163e-10 / 2.6878212323136163e-10 = 1.0
on time step 14520 (time=60.5), 0.0278783 s/step
field decay(t = 60.012499999999996): 1.4882588645201808e-10 / 1.6981303124794266e-10 = 0.8764102811092194
on time step 14531 (time=60.5458), 0.027881 s/step
on time step 14172 (time=59.05), 0.0284583 s/step
on time step 14220 (time=59.25), 0.028272 s/step
field decay(t = 60.012499999999996): 6.029967429035085e-10 / 6.029967429035085e-10 = 1.0
on time step 14490 (time=60.375), 0.027874 s/step
field decay(t = 60.012499999999996): 1.766452124688462e-10 / 1.766452124688462e-10 = 1.0
on time step 14526 (time=60.525), 0.0278688 s/step
on time step 14034 (time=58.475), 0.0287708 s/step
field decay(t = 900.1833333333333): 0.035279918919475683 / 0.2501419745072895 = 0.14103957957862678
on time step 216325 (time=901.354), 0.00184704 s/step
on time step 14003 (time=58.3458), 0.0292002 s/step
field decay(t = 60.012499999999996): 4.157083661234747e-10 / 4.157083661234747e-10 = 1.0
on time step 14505 (time=60.4375), 0.0278566 s/step
on time step 14795 (time=61.6458), 0.0278497 s/step
field decay(t = 60.012499999999996): 8.110079785317814e-10 / 8.110079785317814e-10 = 1.0
on time step 14432 (time=60.1333), 0.0279846 s/step
field decay(t = 60.012499999999996): 3.2685272452329887e-10 / 3.2685272452329887e-10 = 1.0
on time step 14497 (time=60.4042), 0.0278705 s/step
field decay(t = 60.012499999999996): 7.58917075799717e-10 / 7.58917075799717e-10 = 1.0
on time step 14472 (time=60.3), 0.027887 s/step
field decay(t = 60.012499999999996): 2.6878212323135786e-10 / 2.6878212323135786e-10 = 1.0
on time step 14506 (time=60.4417), 0.0278635 s/step
on time step 14256 (time=59.4), 0.0286464 s/step
field decay(t = 60.012499999999996): 6.029967429035134e-10 / 6.029967429035134e-10 = 1.0
on time step 14476 (time=60.3167), 0.0279389 s/step
on time step 14782 (time=61.5917), 0.0278583 s/step
on time step 14598 (time=60.825), 0.0278567 s/step
field decay(t = 60.012499999999996): 4.420379708862187e-10 / 4.420379708862187e-10 = 1.0
on time step 14475 (time=60.3125), 0.0278872 s/step
on time step 14799 (time=61.6625), 0.027848 s/step
on time step 14364 (time=59.85), 0.0280244 s/step
field decay(t = 60.012499999999996): 2.0925735967214012e-10 / 2.0925735967214012e-10 = 1.0
on time step 14452 (time=60.2167), 0.0278654 s/step
on time step 14772 (time=61.55), 0.0278686 s/step
on time step 14664 (time=61.1), 0.0278588 s/step
on time step 14675 (time=61.1458), 0.0278548 s/step
on time step 14314 (time=59.6417), 0.0282757 s/step
on time step 14363 (time=59.8458), 0.0280955 s/step
on time step 14634 (time=60.975), 0.0278574 s/step
on time step 14670 (time=61.125), 0.0278606 s/step
on time step 14173 (time=59.0542), 0.0287979 s/step
on time step 218474 (time=910.308), 0.00186136 s/step
on time step 14140 (time=58.9167), 0.0293392 s/step
on time step 14648 (time=61.0333), 0.0280587 s/step
on time step 14572 (time=60.7167), 0.0285735 s/step
on time step 14940 (time=62.25), 0.0276525 s/step
on time step 14638 (time=60.9917), 0.0284811 s/step
on time step 14613 (time=60.8875), 0.028467 s/step
on time step 14616 (time=60.9), 0.0285741 s/step
on time step 14648 (time=61.0333), 0.0282675 s/step
on time step 14395 (time=59.9792), 0.0289153 s/step
on time step 14927 (time=62.1958), 0.0276672 s/step
on time step 14742 (time=61.425), 0.0278538 s/step
on time step 14616 (time=60.9), 0.0284806 s/step
on time step 14944 (time=62.2667), 0.0276517 s/step
field decay(t = 60.012499999999996): 4.15708366123475e-10 / 4.15708366123475e-10 = 1.0
on time step 14504 (time=60.4333), 0.0286045 s/step
on time step 14593 (time=60.8042), 0.0284272 s/step
on time step 14917 (time=62.1542), 0.0276493 s/step
on time step 14808 (time=61.7), 0.0278566 s/step
on time step 14819 (time=61.7458), 0.0278548 s/step
field decay(t = 60.012499999999996): 7.58917075799713e-10 / 7.58917075799713e-10 = 1.0
on time step 14503 (time=60.4292), 0.0287097 s/step
field decay(t = 60.012499999999996): 3.2685272452329737e-10 / 3.2685272452329737e-10 = 1.0
on time step 14454 (time=60.225), 0.0287381 s/step
on time step 14778 (time=61.575), 0.0278565 s/step
on time step 14813 (time=61.7208), 0.0280577 s/step
on time step 14312 (time=59.6333), 0.0289171 s/step
on time step 220622 (time=919.258), 0.00186293 s/step
on time step 14277 (time=59.4875), 0.0293269 s/step
on time step 14790 (time=61.625), 0.028363 s/step
on time step 14713 (time=61.3042), 0.0283822 s/step
on time step 15085 (time=62.8542), 0.027635 s/step
on time step 14789 (time=61.6208), 0.0283844 s/step
on time step 14780 (time=61.5833), 0.028359 s/step
on time step 14755 (time=61.4792), 0.028358 s/step
on time step 14757 (time=61.4875), 0.028407 s/step
field decay(t = 60.012499999999996): 2.2957624597834037e-10 / 2.2957624597834037e-10 = 1.0
on time step 14534 (time=60.5583), 0.0288225 s/step
on time step 15072 (time=62.8), 0.0276266 s/step
on time step 14886 (time=62.025), 0.0278165 s/step
on time step 14758 (time=61.4917), 0.0283501 s/step
on time step 15089 (time=62.8708), 0.0276435 s/step
on time step 14734 (time=61.3917), 0.028429 s/step
on time step 14645 (time=61.0208), 0.0284976 s/step
on time step 15062 (time=62.7583), 0.0276339 s/step
on time step 14952 (time=62.3), 0.0278139 s/step
on time step 14963 (time=62.3458), 0.0278202 s/step
on time step 14922 (time=62.175), 0.0278162 s/step
on time step 14594 (time=60.8083), 0.0287034 s/step
on time step 14644 (time=61.0167), 0.0285155 s/step
on time step 14956 (time=62.3167), 0.0280032 s/step
field decay(t = 60.012499999999996): 2.8373967391370423e-10 / 2.8373967391370423e-10 = 1.0
on time step 14451 (time=60.2125), 0.0289848 s/step
field decay(t = 920.1875): 0.02197757247633627 / 0.2501419745072895 = 0.0878603941606602
on time step 222773 (time=928.221), 0.00186027 s/step
field decay(t = 60.012499999999996): 1.0409182082806479e-09 / 1.0409182082806479e-09 = 1.0
on time step 14415 (time=60.0625), 0.0291784 s/step
on time step 14933 (time=62.2208), 0.0280636 s/step
on time step 14855 (time=61.8958), 0.0281947 s/step
on time step 15230 (time=63.4583), 0.0276448 s/step
on time step 14932 (time=62.2167), 0.028025 s/step
on time step 14923 (time=62.1792), 0.0280206 s/step
on time step 14898 (time=62.075), 0.0280176 s/step
on time step 14900 (time=62.0833), 0.0280177 s/step
on time step 15216 (time=63.4), 0.0278326 s/step
on time step 15030 (time=62.625), 0.0278362 s/step
on time step 14674 (time=61.1417), 0.0286945 s/step
on time step 14901 (time=62.0875), 0.0280184 s/step
on time step 15234 (time=63.475), 0.0276375 s/step
on time step 14877 (time=61.9875), 0.0280198 s/step
on time step 14787 (time=61.6125), 0.0282129 s/step
on time step 15206 (time=63.3583), 0.0278222 s/step
on time step 15096 (time=62.9), 0.0278397 s/step
on time step 15107 (time=62.9458), 0.0278375 s/step
on time step 15066 (time=62.775), 0.0278343 s/step
on time step 14786 (time=61.6083), 0.0282063 s/step
on time step 14735 (time=61.3958), 0.0284218 s/step
on time step 15100 (time=62.9167), 0.0278316 s/step
on time step 14591 (time=60.7958), 0.0286657 s/step
on time step 224933 (time=937.221), 0.00185187 s/step
on time step 14553 (time=60.6375), 0.0290817 s/step
on time step 15078 (time=62.825), 0.0277324 s/step
on time step 15000 (time=62.5), 0.0277345 s/step
on time step 15375 (time=64.0625), 0.0277328 s/step
on time step 15077 (time=62.8208), 0.0277365 s/step
on time step 15068 (time=62.7833), 0.027734 s/step
on time step 15043 (time=62.6792), 0.0277283 s/step
on time step 15045 (time=62.6875), 0.0277296 s/step
on time step 15361 (time=64.0042), 0.0277388 s/step
on time step 15175 (time=63.2292), 0.0277396 s/step
on time step 14815 (time=61.7292), 0.0285343 s/step
on time step 15046 (time=62.6917), 0.0277381 s/step
on time step 15379 (time=64.0792), 0.0277386 s/step
on time step 15022 (time=62.5917), 0.0277392 s/step
on time step 14932 (time=62.2167), 0.0277395 s/step
on time step 15351 (time=63.9625), 0.027741 s/step
on time step 15241 (time=63.5042), 0.02774 s/step
on time step 15252 (time=63.55), 0.0277394 s/step
on time step 15211 (time=63.3792), 0.027738 s/step
on time step 14931 (time=62.2125), 0.0277421 s/step
on time step 14879 (time=61.9958), 0.0279335 s/step
on time step 15245 (time=63.5208), 0.0277351 s/step
on time step 14732 (time=61.3833), 0.0285432 s/step
field decay(t = 940.1916666666666): 0.014901692673598756 / 0.2501419745072895 = 0.05957293933955295
on time step 227099 (time=946.246), 0.00184758 s/step
on time step 14691 (time=61.2125), 0.0291292 s/step
on time step 15223 (time=63.4292), 0.0277643 s/step
on time step 15145 (time=63.1042), 0.0277696 s/step
on time step 15520 (time=64.6667), 0.027764 s/step
on time step 15222 (time=63.425), 0.0277673 s/step
on time step 15213 (time=63.3875), 0.0277662 s/step
on time step 15188 (time=63.2833), 0.0277627 s/step
on time step 15190 (time=63.2917), 0.0277621 s/step
on time step 15506 (time=64.6083), 0.0277693 s/step
on time step 14956 (time=62.3167), 0.028525 s/step
on time step 15320 (time=63.8333), 0.027769 s/step
on time step 15191 (time=63.2958), 0.0277728 s/step
on time step 15524 (time=64.6833), 0.0277774 s/step
on time step 15167 (time=63.1958), 0.0277785 s/step
on time step 15077 (time=62.8208), 0.0277783 s/step
on time step 15496 (time=64.5667), 0.0277769 s/step
on time step 15386 (time=64.1083), 0.0277761 s/step
on time step 15397 (time=64.1542), 0.0277736 s/step
on time step 15075 (time=62.8125), 0.0277789 s/step
on time step 15022 (time=62.5917), 0.028092 s/step
on time step 15356 (time=63.9833), 0.0277721 s/step
on time step 15390 (time=64.125), 0.0277675 s/step
on time step 14872 (time=61.9667), 0.0286015 s/step
on time step 229191 (time=954.962), 0.00191224 s/step
on time step 14830 (time=61.7917), 0.0289443 s/step
on time step 15366 (time=64.025), 0.0281058 s/step
on time step 15287 (time=63.6958), 0.0282395 s/step
on time step 15664 (time=65.2667), 0.0278998 s/step
on time step 15356 (time=63.9833), 0.0281098 s/step
on time step 15333 (time=63.8875), 0.0281086 s/step
on time step 15331 (time=63.8792), 0.0281062 s/step
on time step 15365 (time=64.0208), 0.0281357 s/step
on time step 15650 (time=65.2083), 0.0278964 s/step
on time step 15464 (time=64.4333), 0.0278788 s/step
on time step 15096 (time=62.9), 0.0287101 s/step
on time step 15333 (time=63.8875), 0.0282017 s/step
on time step 15668 (time=65.2833), 0.0278813 s/step
on time step 15310 (time=63.7917), 0.0281096 s/step
on time step 15220 (time=63.4167), 0.0281387 s/step
on time step 15640 (time=65.1667), 0.0278973 s/step
on time step 15530 (time=64.7083), 0.0278815 s/step
on time step 15541 (time=64.7542), 0.0278793 s/step
on time step 15217 (time=63.4042), 0.0283484 s/step
on time step 15499 (time=64.5792), 0.0280616 s/step
on time step 15162 (time=63.175), 0.0287581 s/step
on time step 15534 (time=64.725), 0.0278768 s/step
on time step 15011 (time=62.5458), 0.028888 s/step
field decay(t = 960.1958333333333): 0.008487901531836043 / 0.2501419745072895 = 0.033932336020593354
on time step 231143 (time=963.096), 0.00204937 s/step
on time step 14970 (time=62.375), 0.0287288 s/step
on time step 15427 (time=64.2792), 0.0285901 s/step
on time step 15508 (time=64.6167), 0.0283406 s/step
on time step 15809 (time=65.8708), 0.0277477 s/step
on time step 15506 (time=64.6083), 0.0283729 s/step
on time step 15498 (time=64.575), 0.0283285 s/step
on time step 15473 (time=64.4708), 0.0283245 s/step
on time step 15475 (time=64.4792), 0.0283344 s/step
on time step 15236 (time=63.4833), 0.0286964 s/step
on time step 15795 (time=65.8125), 0.0277547 s/step
on time step 15606 (time=65.025), 0.0283519 s/step
on time step 15473 (time=64.4708), 0.0286575 s/step
on time step 15813 (time=65.8875), 0.027594 s/step
on time step 15452 (time=64.3833), 0.028329 s/step
on time step 15361 (time=64.0042), 0.0285631 s/step
on time step 15785 (time=65.7708), 0.027757 s/step
on time step 15674 (time=65.3083), 0.0279508 s/step
on time step 15684 (time=65.35), 0.0281456 s/step
on time step 15358 (time=63.9917), 0.0285173 s/step
on time step 15302 (time=63.7583), 0.0285904 s/step
on time step 15642 (time=65.175), 0.028161 s/step
on time step 15678 (time=65.325), 0.0279493 s/step
on time step 15150 (time=63.125), 0.028959 s/step
on time step 233109 (time=971.288), 0.00203564 s/step
on time step 15110 (time=62.9583), 0.0286217 s/step
on time step 15648 (time=65.2), 0.0285983 s/step
on time step 15567 (time=64.8625), 0.0286334 s/step
on time step 15954 (time=66.475), 0.0276222 s/step
on time step 15647 (time=65.1958), 0.0285224 s/step
on time step 15614 (time=65.0583), 0.0283838 s/step
on time step 15639 (time=65.1625), 0.0283995 s/step
on time step 15939 (time=66.4125), 0.0277965 s/step
on time step 15616 (time=65.0667), 0.0285291 s/step
on time step 15613 (time=65.0542), 0.0286498 s/step
on time step 15376 (time=64.0667), 0.0287691 s/step
on time step 15749 (time=65.6208), 0.0281386 s/step
on time step 15959 (time=66.4958), 0.0275846 s/step
on time step 15593 (time=64.9708), 0.0284022 s/step
on time step 15818 (time=65.9083), 0.0278006 s/step
on time step 15828 (time=65.95), 0.0278062 s/step
on time step 15501 (time=64.5875), 0.0287471 s/step
on time step 15498 (time=64.575), 0.0285933 s/step
on time step 15442 (time=64.3417), 0.0286642 s/step
on time step 15930 (time=66.375), 0.0277731 s/step
on time step 15785 (time=65.7708), 0.027992 s/step
on time step 15822 (time=65.925), 0.0277924 s/step
on time step 15289 (time=63.7042), 0.0288814 s/step
on time step 235068 (time=979.45), 0.0020423 s/step
on time step 15250 (time=63.5417), 0.0286413 s/step
on time step 15788 (time=65.7833), 0.028661 s/step
on time step 15707 (time=65.4458), 0.0286389 s/step
on time step 16099 (time=67.0792), 0.0276638 s/step
on time step 15789 (time=65.7875), 0.0282526 s/step
on time step 15756 (time=65.65), 0.0282531 s/step
on time step 15781 (time=65.7542), 0.028251 s/step
on time step 16084 (time=67.0167), 0.0276856 s/step
on time step 15757 (time=65.6542), 0.0285101 s/step
on time step 15516 (time=64.65), 0.028599 s/step
on time step 15753 (time=65.6375), 0.0286265 s/step
on time step 15893 (time=66.2208), 0.0279069 s/step
on time step 16104 (time=67.1), 0.0276752 s/step
on time step 15735 (time=65.5625), 0.0282489 s/step
on time step 15963 (time=66.5125), 0.0276824 s/step
on time step 15973 (time=66.5542), 0.02768 s/step
on time step 15642 (time=65.175), 0.0284538 s/step
on time step 15639 (time=65.1625), 0.028457 s/step
on time step 15582 (time=64.925), 0.0285999 s/step
on time step 16075 (time=66.9792), 0.0276937 s/step
on time step 15930 (time=66.375), 0.0276904 s/step
on time step 15967 (time=66.5292), 0.0276861 s/step
on time step 15428 (time=64.2833), 0.0288424 s/step
field decay(t = 980.1999999999999): 0.004593498295418431 / 0.2501419745072895 = 0.018363564549557714
on time step 237030 (time=987.625), 0.00203947 s/step
on time step 15389 (time=64.1208), 0.0288825 s/step
on time step 15928 (time=66.3667), 0.0286211 s/step
on time step 15847 (time=66.0292), 0.028685 s/step
on time step 16245 (time=67.6875), 0.0275133 s/step
on time step 15931 (time=66.3792), 0.0282932 s/step
on time step 15898 (time=66.2417), 0.0282945 s/step
on time step 15923 (time=66.3458), 0.0283623 s/step
on time step 16229 (time=67.6208), 0.0276965 s/step
on time step 15898 (time=66.2417), 0.0284522 s/step
on time step 15656 (time=65.2333), 0.028695 s/step
on time step 15893 (time=66.2208), 0.0286914 s/step
on time step 16036 (time=66.8167), 0.0280966 s/step
on time step 16250 (time=67.7083), 0.027516 s/step
on time step 15877 (time=66.1542), 0.0283042 s/step
on time step 16107 (time=67.1125), 0.0278807 s/step
on time step 16117 (time=67.1542), 0.0278784 s/step
on time step 15783 (time=65.7625), 0.0285056 s/step
on time step 15722 (time=65.5083), 0.0287043 s/step
on time step 15780 (time=65.75), 0.0285243 s/step
on time step 16220 (time=67.5833), 0.0277058 s/step
on time step 16074 (time=66.975), 0.0278809 s/step
on time step 16111 (time=67.1292), 0.0278858 s/step
on time step 15567 (time=64.8625), 0.028936 s/step
on time step 238992 (time=995.8), 0.00203906 s/step
on time step 15530 (time=64.7083), 0.0284972 s/step
on time step 16069 (time=66.9542), 0.0284474 s/step
on time step 15988 (time=66.6167), 0.0284969 s/step
on time step 16390 (time=68.2917), 0.0276776 s/step
on time step 16073 (time=66.9708), 0.0282859 s/step
on time step 16040 (time=66.8333), 0.0282879 s/step
on time step 16065 (time=66.9375), 0.0282202 s/step
on time step 16373 (time=68.2208), 0.0278987 s/step
on time step 16040 (time=66.8333), 0.0283402 s/step
on time step 16034 (time=66.8083), 0.028495 s/step
on time step 15797 (time=65.8208), 0.0285515 s/step
on time step 16180 (time=67.4167), 0.0279196 s/step
on time step 16395 (time=68.3125), 0.0276572 s/step
on time step 16019 (time=66.7458), 0.0282791 s/step
on time step 16251 (time=67.7125), 0.0279094 s/step
on time step 16261 (time=67.7542), 0.0279063 s/step
on time step 15925 (time=66.3542), 0.0283021 s/step
on time step 15863 (time=66.0958), 0.0284994 s/step
on time step 15922 (time=66.3417), 0.028318 s/step
on time step 16365 (time=68.1875), 0.0277412 s/step
on time step 16218 (time=67.575), 0.0279164 s/step
on time step 16255 (time=67.7292), 0.0279125 s/step
on time step 15706 (time=65.4417), 0.0288332 s/step
field decay(t = 1000.2041666666667): 0.0028026486642302216 / 0.2501419745072895 = 0.011204231795765842
on time step 240962 (time=1004.01), 0.00203092 s/step
on time step 15670 (time=65.2917), 0.0286949 s/step
on time step 16210 (time=67.5417), 0.028431 s/step
on time step 16129 (time=67.2042), 0.0285088 s/step
on time step 16535 (time=68.8958), 0.0276888 s/step
on time step 16215 (time=67.5625), 0.0283047 s/step
on time step 16182 (time=67.425), 0.0283132 s/step
on time step 16207 (time=67.5292), 0.0283139 s/step
on time step 16517 (time=68.8208), 0.0278691 s/step
on time step 15937 (time=66.4042), 0.0286014 s/step
on time step 16182 (time=67.425), 0.0283191 s/step
on time step 16175 (time=67.3958), 0.0285202 s/step
on time step 16323 (time=68.0125), 0.0280125 s/step
on time step 16541 (time=68.9208), 0.0275085 s/step
on time step 16161 (time=67.3375), 0.0283226 s/step
on time step 16405 (time=68.3542), 0.0278591 s/step
on time step 16395 (time=68.3125), 0.0278751 s/step
on time step 16003 (time=66.6792), 0.0286232 s/step
on time step 16509 (time=68.7875), 0.0278023 s/step
on time step 16066 (time=66.9417), 0.0285162 s/step
on time step 16063 (time=66.9292), 0.0285319 s/step
on time step 16362 (time=68.175), 0.0278959 s/step
on time step 16399 (time=68.3292), 0.027847 s/step
on time step 15845 (time=66.0208), 0.0288966 s/step
on time step 243106 (time=1012.94), 0.00186641 s/step
on time step 15811 (time=65.8792), 0.0285084 s/step
on time step 16351 (time=68.1292), 0.0284886 s/step
on time step 16271 (time=67.7958), 0.0282097 s/step
on time step 16680 (time=69.5), 0.0276151 s/step
on time step 16357 (time=68.1542), 0.0282175 s/step
on time step 16349 (time=68.1208), 0.0282112 s/step
on time step 16324 (time=68.0167), 0.028222 s/step
on time step 16661 (time=69.4208), 0.027821 s/step
on time step 16324 (time=68.0167), 0.0282108 s/step
on time step 16317 (time=67.9875), 0.0282057 s/step
on time step 16079 (time=66.9958), 0.0282897 s/step
on time step 16466 (time=68.6083), 0.028079 s/step
on time step 16687 (time=69.5292), 0.0275719 s/step
on time step 16303 (time=67.9292), 0.0282163 s/step
on time step 16549 (time=68.9542), 0.0278332 s/step
on time step 16538 (time=68.9083), 0.0280247 s/step
on time step 16653 (time=69.3875), 0.0278211 s/step
on time step 16145 (time=67.2708), 0.0283038 s/step
on time step 16207 (time=67.5292), 0.0284109 s/step
on time step 16504 (time=68.7667), 0.0282163 s/step
on time step 16205 (time=67.5208), 0.0283534 s/step
on time step 16543 (time=68.9292), 0.0278571 s/step
on time step 15984 (time=66.6), 0.0288286 s/step
field decay(t = 1020.2083333333334): 0.0013868333082141951 / 0.2501419745072895 = 0.0055441847012916295
on time step 245256 (time=1021.9), 0.0018606 s/step
on time step 15951 (time=66.4625), 0.0286685 s/step
on time step 16413 (time=68.3875), 0.028198 s/step
on time step 16492 (time=68.7167), 0.0285732 s/step
on time step 16825 (time=70.1042), 0.0276616 s/step
on time step 16499 (time=68.7458), 0.028196 s/step
on time step 16491 (time=68.7125), 0.0281949 s/step
on time step 16466 (time=68.6083), 0.0281901 s/step
on time step 16805 (time=70.0208), 0.0278424 s/step
on time step 16466 (time=68.6083), 0.0281925 s/step
on time step 16220 (time=67.5833), 0.0283769 s/step
on time step 16459 (time=68.5792), 0.0281955 s/step
on time step 16608 (time=69.2), 0.0282063 s/step
on time step 16445 (time=68.5208), 0.0281842 s/step
on time step 16833 (time=70.1375), 0.02755 s/step
on time step 16693 (time=69.5542), 0.0278169 s/step
on time step 16681 (time=69.5042), 0.0280081 s/step
on time step 16348 (time=68.1167), 0.0283789 s/step
on time step 16797 (time=69.9875), 0.0278742 s/step
on time step 16287 (time=67.8625), 0.0282629 s/step
on time step 16646 (time=69.3583), 0.0282013 s/step
on time step 16347 (time=68.1125), 0.0281964 s/step
on time step 16687 (time=69.5292), 0.0278154 s/step
on time step 16123 (time=67.1792), 0.0288338 s/step
on time step 247402 (time=1030.84), 0.00186419 s/step
on time step 16091 (time=67.0458), 0.0286434 s/step
on time step 16555 (time=68.9792), 0.0282118 s/step
on time step 16632 (time=69.3), 0.0286366 s/step
on time step 16970 (time=70.7083), 0.0277254 s/step
on time step 16641 (time=69.3375), 0.0282103 s/step
on time step 16633 (time=69.3042), 0.0282213 s/step
on time step 16608 (time=69.2), 0.028222 s/step
on time step 16949 (time=70.6208), 0.027788 s/step
on time step 16608 (time=69.2), 0.0282207 s/step
on time step 16601 (time=69.1708), 0.0282195 s/step
on time step 16362 (time=68.175), 0.0282451 s/step
on time step 16750 (time=69.7917), 0.0282275 s/step
on time step 16587 (time=69.1125), 0.0282258 s/step
on time step 16837 (time=70.1542), 0.0278175 s/step
on time step 16825 (time=70.1042), 0.0278236 s/step
on time step 16979 (time=70.7458), 0.0274935 s/step
on time step 16489 (time=68.7042), 0.0284463 s/step
on time step 16788 (time=69.95), 0.0282197 s/step
on time step 16942 (time=70.5917), 0.0277465 s/step
on time step 16489 (time=68.7042), 0.0282199 s/step
on time step 16429 (time=68.4542), 0.0283652 s/step
on time step 16831 (time=70.1292), 0.0278124 s/step
on time step 16262 (time=67.7583), 0.0288087 s/step
on time step 249554 (time=1039.81), 0.00185916 s/step
on time step 16232 (time=67.6333), 0.028371 s/step
on time step 16698 (time=69.575), 0.0280663 s/step
on time step 16774 (time=69.8917), 0.0281908 s/step
on time step 17115 (time=71.3125), 0.0276043 s/step
on time step 16776 (time=69.9), 0.0280615 s/step
on time step 16784 (time=69.9333), 0.0280766 s/step
on time step 16751 (time=69.7958), 0.028062 s/step
on time step 17093 (time=71.2208), 0.0279201 s/step
on time step 16751 (time=69.7958), 0.0280566 s/step
on time step 16744 (time=69.7667), 0.0280559 s/step
on time step 16505 (time=68.7708), 0.0280397 s/step
on time step 16893 (time=70.3875), 0.0280735 s/step
on time step 16730 (time=69.7083), 0.0280513 s/step
on time step 17124 (time=71.35), 0.0276175 s/step
on time step 16981 (time=70.7542), 0.0278918 s/step
on time step 16968 (time=70.7), 0.028085 s/step
on time step 16632 (time=69.3), 0.0280996 s/step
on time step 16931 (time=70.5458), 0.0280693 s/step
on time step 16572 (time=69.05), 0.02803 s/step
on time step 16632 (time=69.3), 0.0280554 s/step
on time step 17086 (time=71.1917), 0.0279652 s/step
on time step 16975 (time=70.7292), 0.0279017 s/step
on time step 16402 (time=68.3417), 0.0287707 s/step
field decay(t = 1040.2083333333333): 0.0007386823759371759 / 0.2501419745072895 = 0.0029530524710703826
on time step 251707 (time=1048.78), 0.00185855 s/step
on time step 16372 (time=68.2167), 0.0287401 s/step
on time step 16840 (time=70.1667), 0.0282289 s/step
on time step 16915 (time=70.4792), 0.0284275 s/step
on time step 17260 (time=71.9167), 0.0276401 s/step
on time step 16926 (time=70.525), 0.0282321 s/step
on time step 16918 (time=70.4917), 0.0282425 s/step
on time step 16893 (time=70.3875), 0.0282366 s/step
on time step 17237 (time=71.8208), 0.0278722 s/step
on time step 16893 (time=70.3875), 0.0282459 s/step
on time step 16886 (time=70.3583), 0.0282401 s/step
on time step 17035 (time=70.9792), 0.028217 s/step
on time step 16647 (time=69.3625), 0.0283702 s/step
on time step 16872 (time=70.3), 0.0282449 s/step
on time step 17110 (time=71.2917), 0.0281739 s/step
on time step 17270 (time=71.9583), 0.0275275 s/step
on time step 17125 (time=71.3542), 0.0279342 s/step
on time step 17073 (time=71.1375), 0.0282274 s/step
on time step 16773 (time=69.8875), 0.028546 s/step
on time step 16713 (time=69.6375), 0.0284364 s/step
on time step 16774 (time=69.8917), 0.0282342 s/step
on time step 17230 (time=71.7917), 0.0278592 s/step
on time step 17119 (time=71.3292), 0.0279155 s/step
on time step 16541 (time=68.9208), 0.0288917 s/step
on time step 253836 (time=1057.65), 0.00187896 s/step
on time step 16513 (time=68.8042), 0.0285 s/step
on time step 16983 (time=70.7625), 0.0280716 s/step
on time step 17058 (time=71.075), 0.0280706 s/step
on time step 17405 (time=72.5208), 0.0277093 s/step
on time step 17069 (time=71.1208), 0.0280657 s/step
on time step 17061 (time=71.0875), 0.0280654 s/step
on time step 17036 (time=70.9833), 0.028062 s/step
on time step 17380 (time=72.4167), 0.0280453 s/step
on time step 17036 (time=70.9833), 0.0280587 s/step
on time step 17029 (time=70.9542), 0.028058 s/step
on time step 17178 (time=71.575), 0.0281136 s/step
on time step 16790 (time=69.9583), 0.0281221 s/step
on time step 17015 (time=70.8958), 0.0280589 s/step
on time step 17415 (time=72.5625), 0.0276342 s/step
on time step 17268 (time=71.95), 0.027985 s/step
on time step 17253 (time=71.8875), 0.02814 s/step
on time step 17216 (time=71.7333), 0.0281056 s/step
on time step 16917 (time=70.4875), 0.0280468 s/step
on time step 16856 (time=70.2333), 0.0280529 s/step
on time step 16916 (time=70.4833), 0.0280743 s/step
on time step 17373 (time=72.3875), 0.0280692 s/step
on time step 17262 (time=71.925), 0.0280038 s/step
on time step 16681 (time=69.5042), 0.0286851 s/step
field decay(t = 1060.2125): 0.00035797290389207053 / 0.2501419745072895 = 0.0014310789086764753
on time step 255982 (time=1066.59), 0.00186478 s/step
on time step 16653 (time=69.3875), 0.0286881 s/step
on time step 17125 (time=71.3542), 0.028191 s/step
on time step 17199 (time=71.6625), 0.0283965 s/step
on time step 17550 (time=73.125), 0.0277111 s/step
on time step 17211 (time=71.7125), 0.0281938 s/step
on time step 17203 (time=71.6792), 0.0281927 s/step
on time step 17178 (time=71.575), 0.0281915 s/step
on time step 17523 (time=73.0125), 0.0279774 s/step
on time step 17178 (time=71.575), 0.0281984 s/step
on time step 17171 (time=71.5458), 0.0281977 s/step
on time step 16932 (time=70.55), 0.0282052 s/step
on time step 17321 (time=72.1708), 0.0281627 s/step
on time step 17157 (time=71.4875), 0.0281947 s/step
on time step 17411 (time=72.5458), 0.0279901 s/step
on time step 17395 (time=72.4792), 0.0281838 s/step
on time step 17560 (time=73.1667), 0.0276378 s/step
on time step 17358 (time=72.325), 0.0281703 s/step
on time step 17059 (time=71.0792), 0.0282006 s/step
on time step 17057 (time=71.0708), 0.0283927 s/step
on time step 16998 (time=70.825), 0.0282063 s/step
on time step 17405 (time=72.5208), 0.0279915 s/step
on time step 17518 (time=72.9917), 0.0277723 s/step
on time step 16820 (time=70.0833), 0.0287942 s/step
on time step 258132 (time=1075.55), 0.00186101 s/step
on time step 16794 (time=69.975), 0.0285636 s/step
on time step 17342 (time=72.2583), 0.0280224 s/step
on time step 17268 (time=71.95), 0.0280569 s/step
on time step 17695 (time=73.7292), 0.0277197 s/step
on time step 17354 (time=72.3083), 0.02804 s/step
on time step 17346 (time=72.275), 0.0280387 s/step
on time step 17321 (time=72.1708), 0.0280507 s/step
on time step 17667 (time=73.6125), 0.027846 s/step
on time step 17321 (time=72.1708), 0.0280498 s/step
on time step 17314 (time=72.1417), 0.0280497 s/step
on time step 17074 (time=71.1417), 0.0283394 s/step
on time step 17465 (time=72.7708), 0.0278467 s/step
on time step 17300 (time=72.0833), 0.0280491 s/step
on time step 17704 (time=73.7667), 0.0278176 s/step
on time step 17555 (time=73.1458), 0.0278358 s/step
on time step 17539 (time=73.0792), 0.0278394 s/step
on time step 17502 (time=72.925), 0.0278404 s/step
on time step 17140 (time=71.4167), 0.0281896 s/step
on time step 17202 (time=71.675), 0.0280906 s/step
on time step 17549 (time=73.1208), 0.0278296 s/step
on time step 17199 (time=71.6625), 0.0283597 s/step
on time step 17662 (time=73.5917), 0.0278454 s/step
on time step 16960 (time=70.6667), 0.028766 s/step
field decay(t = 1080.2166666666667): 0.00015388536698791188 / 0.2501419745072895 = 0.0006151921015696126
on time step 260280 (time=1084.5), 0.00186239 s/step
on time step 16933 (time=70.5542), 0.0287792 s/step
on time step 17484 (time=72.85), 0.0282447 s/step
on time step 17409 (time=72.5375), 0.0284312 s/step
on time step 17840 (time=74.3333), 0.0276861 s/step
on time step 17496 (time=72.9), 0.0282426 s/step
on time step 17488 (time=72.8667), 0.0282381 s/step
on time step 17463 (time=72.7625), 0.0282314 s/step
on time step 17812 (time=74.2167), 0.0276767 s/step
on time step 17456 (time=72.7333), 0.0282268 s/step
on time step 17463 (time=72.7625), 0.0282331 s/step
on time step 17609 (time=73.3708), 0.0278706 s/step
on time step 17442 (time=72.675), 0.0282295 s/step
on time step 17216 (time=71.7333), 0.0283242 s/step
on time step 17849 (time=74.3708), 0.0276903 s/step
on time step 17700 (time=73.75), 0.0276879 s/step
on time step 17684 (time=73.6833), 0.0276811 s/step
on time step 17647 (time=73.5292), 0.0276757 s/step
on time step 17343 (time=72.2625), 0.0283834 s/step
on time step 17281 (time=72.0042), 0.028477 s/step
on time step 17693 (time=73.7208), 0.0278778 s/step
on time step 17340 (time=72.25), 0.0285063 s/step
on time step 17807 (time=74.1958), 0.0276901 s/step
on time step 17100 (time=71.25), 0.0286969 s/step
on time step 262435 (time=1093.48), 0.00185644 s/step
on time step 17075 (time=71.1458), 0.028345 s/step
on time step 17628 (time=73.45), 0.0279211 s/step
on time step 17553 (time=73.1375), 0.027924 s/step
on time step 17984 (time=74.9333), 0.027903 s/step
on time step 17640 (time=73.5), 0.0279211 s/step
on time step 17632 (time=73.4667), 0.0279203 s/step
on time step 17607 (time=73.3625), 0.0279236 s/step
on time step 17956 (time=74.8167), 0.0279078 s/step
on time step 17607 (time=73.3625), 0.0279224 s/step
on time step 17600 (time=73.3333), 0.0279286 s/step
on time step 17753 (time=73.9708), 0.0279258 s/step
on time step 17586 (time=73.275), 0.0279259 s/step
on time step 17359 (time=72.3292), 0.0281314 s/step
on time step 17994 (time=74.975), 0.0276788 s/step
on time step 17844 (time=74.35), 0.0279119 s/step
on time step 17828 (time=74.2833), 0.0279431 s/step
on time step 17791 (time=74.1292), 0.0279174 s/step
on time step 17424 (time=72.6), 0.0280968 s/step
on time step 17487 (time=72.8625), 0.0279334 s/step
on time step 17837 (time=74.3208), 0.0279228 s/step
on time step 17484 (time=72.85), 0.0279395 s/step
on time step 17951 (time=74.7958), 0.0279127 s/step
on time step 17240 (time=71.8333), 0.0286262 s/step
field decay(t = 1100.2208333333333): 7.888419997241128e-05 / 0.2501419745072895 = 0.00031535770886829907
on time step 264568 (time=1102.37), 0.00187565 s/step
on time step 17215 (time=71.7292), 0.0286726 s/step
on time step 17771 (time=74.0458), 0.0280659 s/step
on time step 17695 (time=73.7292), 0.0282578 s/step
on time step 18129 (time=75.5375), 0.0277116 s/step
on time step 17783 (time=74.0958), 0.028064 s/step
on time step 17775 (time=74.0625), 0.0280639 s/step
on time step 17750 (time=73.9583), 0.0280628 s/step
on time step 18100 (time=75.4167), 0.0278795 s/step
on time step 17750 (time=73.9583), 0.0280619 s/step
on time step 17743 (time=73.9292), 0.0280627 s/step
on time step 17896 (time=74.5667), 0.028065 s/step
on time step 17729 (time=73.8708), 0.0280651 s/step
on time step 17501 (time=72.9208), 0.0282569 s/step
on time step 18140 (time=75.5833), 0.0275032 s/step
on time step 17987 (time=74.9458), 0.0280651 s/step
on time step 17971 (time=74.8792), 0.0280608 s/step
on time step 17934 (time=74.725), 0.0280713 s/step
on time step 17630 (time=73.4583), 0.0280626 s/step
on time step 17566 (time=73.1917), 0.0282906 s/step
on time step 17980 (time=74.9167), 0.0280612 s/step
on time step 17626 (time=73.4417), 0.0282521 s/step
on time step 18095 (time=75.3958), 0.0278765 s/step
on time step 17380 (time=72.4167), 0.0287266 s/step
on time step 266722 (time=1111.34), 0.00185743 s/step
on time step 17356 (time=72.3167), 0.0283754 s/step
on time step 17915 (time=74.6458), 0.0278965 s/step
on time step 17839 (time=74.3292), 0.0278965 s/step
on time step 18273 (time=76.1375), 0.0278545 s/step
on time step 17927 (time=74.6958), 0.0278955 s/step
on time step 17919 (time=74.6625), 0.0278938 s/step
on time step 17894 (time=74.5583), 0.0278935 s/step
on time step 18244 (time=76.0167), 0.027885 s/step
on time step 17894 (time=74.5583), 0.027895 s/step
on time step 17887 (time=74.5292), 0.0278922 s/step
on time step 18040 (time=75.1667), 0.0278896 s/step
on time step 17873 (time=74.4708), 0.0278912 s/step
on time step 17645 (time=73.5208), 0.0278956 s/step
on time step 18285 (time=76.1875), 0.0277092 s/step
on time step 18131 (time=75.5458), 0.0278967 s/step
on time step 18115 (time=75.4792), 0.027896 s/step
on time step 18078 (time=75.325), 0.0278909 s/step
on time step 17709 (time=73.7875), 0.0280611 s/step
on time step 17774 (time=74.0583), 0.0278941 s/step
on time step 18124 (time=75.5167), 0.027894 s/step
on time step 17770 (time=74.0417), 0.0278969 s/step
on time step 18239 (time=75.9958), 0.0278831 s/step
on time step 17521 (time=73.0042), 0.0285479 s/step
field decay(t = 1120.225): 3.105142106304539e-05 / 0.2501419745072895 = 0.00012413518812349708
on time step 268868 (time=1120.28), 0.00186477 s/step
on time step 17497 (time=72.9042), 0.0284004 s/step
on time step 18059 (time=75.2458), 0.0278653 s/step
on time step 17983 (time=74.9292), 0.0278642 s/step
on time step 18417 (time=76.7375), 0.0278802 s/step
on time step 18071 (time=75.2958), 0.0278714 s/step
on time step 18063 (time=75.2625), 0.0278706 s/step
on time step 18038 (time=75.1583), 0.0278689 s/step
on time step 18388 (time=76.6167), 0.0278761 s/step
on time step 18038 (time=75.1583), 0.0278711 s/step
on time step 18031 (time=75.1292), 0.0278678 s/step
on time step 18184 (time=75.7667), 0.0278715 s/step
on time step 18017 (time=75.0708), 0.0278735 s/step
on time step 17789 (time=74.1208), 0.0278685 s/step
on time step 18429 (time=76.7875), 0.0278353 s/step
on time step 18275 (time=76.1458), 0.0278857 s/step
on time step 18259 (time=76.0792), 0.027874 s/step
on time step 18222 (time=75.925), 0.0278758 s/step
on time step 17918 (time=74.6583), 0.027868 s/step
on time step 17853 (time=74.3875), 0.0278986 s/step
on time step 18268 (time=76.1167), 0.0278781 s/step
on time step 17914 (time=74.6417), 0.0278627 s/step
on time step 18383 (time=76.5958), 0.027871 s/step
on time step 17661 (time=73.5875), 0.0286347 s/step
on time step 271020 (time=1129.25), 0.00185925 s/step
on time step 17639 (time=73.4958), 0.0282087 s/step
on time step 18203 (time=75.8458), 0.0278738 s/step
on time step 18127 (time=75.5292), 0.0278811 s/step
on time step 18561 (time=77.3375), 0.0278724 s/step
on time step 18215 (time=75.8958), 0.0278743 s/step
on time step 18207 (time=75.8625), 0.0278733 s/step
on time step 18182 (time=75.7583), 0.0278763 s/step
on time step 18532 (time=77.2167), 0.0278781 s/step
on time step 18182 (time=75.7583), 0.0278769 s/step
on time step 18175 (time=75.7292), 0.0278744 s/step
on time step 18328 (time=76.3667), 0.0278762 s/step
on time step 18161 (time=75.6708), 0.0278789 s/step
on time step 17933 (time=74.7208), 0.0278803 s/step
on time step 18574 (time=77.3917), 0.0277067 s/step
on time step 18419 (time=76.7458), 0.0278787 s/step
on time step 18403 (time=76.6792), 0.0278769 s/step
on time step 18366 (time=76.525), 0.0278767 s/step
on time step 18062 (time=75.2583), 0.0278784 s/step
on time step 17997 (time=74.9875), 0.027878 s/step
on time step 18412 (time=76.7167), 0.0278723 s/step
on time step 18058 (time=75.2417), 0.0278787 s/step
on time step 18527 (time=77.1958), 0.0278778 s/step
on time step 17801 (time=74.1708), 0.0285929 s/step
on time step 273174 (time=1138.22), 0.0018574 s/step
on time step 17781 (time=74.0875), 0.0283082 s/step
on time step 18347 (time=76.4458), 0.0278957 s/step
on time step 18271 (time=76.1292), 0.0278917 s/step
on time step 18705 (time=77.9375), 0.0278908 s/step
on time step 18359 (time=76.4958), 0.0278952 s/step
on time step 18351 (time=76.4625), 0.0278932 s/step
on time step 18326 (time=76.3583), 0.0278978 s/step
on time step 18676 (time=77.8167), 0.0278863 s/step
on time step 18326 (time=76.3583), 0.0279007 s/step
on time step 18319 (time=76.3292), 0.0279015 s/step
on time step 18472 (time=76.9667), 0.0278959 s/step
on time step 18305 (time=76.2708), 0.0278998 s/step
on time step 18077 (time=75.3208), 0.0279036 s/step
on time step 18719 (time=77.9958), 0.0276847 s/step
on time step 18563 (time=77.3458), 0.0278848 s/step
on time step 18547 (time=77.2792), 0.0278906 s/step
on time step 18510 (time=77.125), 0.0278843 s/step
on time step 18206 (time=75.8583), 0.0279067 s/step
on time step 18141 (time=75.5875), 0.0279037 s/step
on time step 18556 (time=77.3167), 0.0278899 s/step
on time step 18202 (time=75.8417), 0.0279116 s/step
on time step 18671 (time=77.7958), 0.0278905 s/step
on time step 17941 (time=74.7542), 0.0286103 s/step
field decay(t = 1140.2291666666667): 1.1596256087902473e-05 / 0.2501419745072895 = 4.635869733875688e-05
on time step 275319 (time=1147.16), 0.001865 s/step
on time step 17922 (time=74.675), 0.0285099 s/step
on time step 18490 (time=77.0417), 0.0280857 s/step
on time step 18414 (time=76.725), 0.028084 s/step
on time step 18850 (time=78.5417), 0.0277015 s/step
on time step 18502 (time=77.0917), 0.0280878 s/step
on time step 18469 (time=76.9542), 0.0280821 s/step
on time step 18494 (time=77.0583), 0.0280855 s/step
on time step 18820 (time=78.4167), 0.0278942 s/step
on time step 18469 (time=76.9542), 0.0280814 s/step
on time step 18461 (time=76.9208), 0.0282773 s/step
on time step 18615 (time=77.5625), 0.0280865 s/step
on time step 18448 (time=76.8667), 0.0280844 s/step
on time step 18219 (time=75.9125), 0.0282776 s/step
on time step 18865 (time=78.6042), 0.0275508 s/step
on time step 18706 (time=77.9417), 0.0280863 s/step
on time step 18690 (time=77.875), 0.0280933 s/step
on time step 18653 (time=77.7208), 0.0280943 s/step
on time step 18349 (time=76.4542), 0.0280808 s/step
on time step 18283 (time=76.1792), 0.0282745 s/step
on time step 18699 (time=77.9125), 0.0280825 s/step
on time step 18344 (time=76.4333), 0.0282707 s/step
on time step 18815 (time=78.3958), 0.0278964 s/step
on time step 18080 (time=75.3333), 0.0287822 s/step
on time step 277469 (time=1156.12), 0.00186063 s/step
on time step 18062 (time=75.2583), 0.0286023 s/step
on time step 18633 (time=77.6375), 0.0279739 s/step
on time step 18557 (time=77.3208), 0.0279838 s/step
on time step 18994 (time=79.1417), 0.0277844 s/step
on time step 18645 (time=77.6875), 0.027976 s/step
on time step 18637 (time=77.6542), 0.0279727 s/step
on time step 18612 (time=77.55), 0.0279786 s/step
on time step 18612 (time=77.55), 0.027978 s/step
on time step 18604 (time=77.5167), 0.0279745 s/step
on time step 18964 (time=79.0167), 0.0279656 s/step
on time step 18591 (time=77.4625), 0.0279745 s/step
on time step 18361 (time=76.5042), 0.0281767 s/step
on time step 18759 (time=78.1625), 0.0279692 s/step
on time step 18833 (time=78.4708), 0.027984 s/step
on time step 19010 (time=79.2083), 0.0277162 s/step
on time step 18850 (time=78.5417), 0.0279669 s/step
on time step 18492 (time=77.05), 0.0279854 s/step
on time step 18425 (time=76.7708), 0.0282055 s/step
on time step 18842 (time=78.5083), 0.0279737 s/step
on time step 18797 (time=78.3208), 0.0279686 s/step
on time step 18487 (time=77.0292), 0.0281212 s/step
on time step 18959 (time=78.9958), 0.027971 s/step
on time step 18220 (time=75.9167), 0.0286858 s/step
field decay(t = 1160.2333333333333): 5.356978077912163e-06 / 0.2501419745072895 = 2.1415750349232385e-05
on time step 279619 (time=1165.08), 0.00186073 s/step
on time step 18203 (time=75.8458), 0.0285378 s/step
on time step 18776 (time=78.2333), 0.0279877 s/step
on time step 18699 (time=77.9125), 0.0281791 s/step
on time step 19138 (time=79.7417), 0.027795 s/step
on time step 18788 (time=78.2833), 0.0279898 s/step
on time step 18780 (time=78.25), 0.0279871 s/step
on time step 18755 (time=78.1458), 0.0279833 s/step
on time step 18755 (time=78.1458), 0.0279824 s/step
on time step 18747 (time=78.1125), 0.027985 s/step
on time step 19108 (time=79.6167), 0.0278051 s/step
on time step 18734 (time=78.0583), 0.0279883 s/step
on time step 18504 (time=77.1), 0.0279908 s/step
on time step 18902 (time=78.7583), 0.027988 s/step
on time step 18976 (time=79.0667), 0.0279858 s/step
on time step 19155 (time=79.8125), 0.0276243 s/step
on time step 18993 (time=79.1375), 0.0280081 s/step
on time step 18635 (time=77.6458), 0.0279807 s/step
on time step 18985 (time=79.1042), 0.0280006 s/step
on time step 18940 (time=78.9167), 0.0279946 s/step
on time step 18568 (time=77.3667), 0.0281522 s/step
on time step 18630 (time=77.625), 0.0280395 s/step
on time step 19103 (time=79.5958), 0.0277976 s/step
on time step 18361 (time=76.5042), 0.0285634 s/step
on time step 281781 (time=1174.09), 0.00185069 s/step
on time step 18345 (time=76.4375), 0.0283219 s/step
on time step 18920 (time=78.8333), 0.0279457 s/step
on time step 18843 (time=78.5125), 0.0279442 s/step
field decay(t = 80.01666666666667): 7.091227292454544e-10 / 7.091227292454544e-10 = 1.0
on time step 19282 (time=80.3417), 0.0279265 s/step
on time step 18932 (time=78.8833), 0.0279432 s/step
on time step 18924 (time=78.85), 0.027942 s/step
on time step 18899 (time=78.7458), 0.0279422 s/step
on time step 18899 (time=78.7458), 0.0279484 s/step
on time step 18891 (time=78.7125), 0.0279472 s/step
field decay(t = 80.01666666666667): 1.7242592542668503e-09 / 1.7242592542668503e-09 = 1.0
on time step 19252 (time=80.2167), 0.0279366 s/step
on time step 18878 (time=78.6583), 0.0279459 s/step
on time step 18648 (time=77.7), 0.0279478 s/step
on time step 19046 (time=79.3583), 0.0279384 s/step
on time step 19120 (time=79.6667), 0.0279588 s/step
field decay(t = 80.01666666666667): 7.621062693608778e-10 / 7.621062693608778e-10 = 1.0
on time step 19300 (time=80.4167), 0.0277487 s/step
on time step 19137 (time=79.7375), 0.0279311 s/step
on time step 18779 (time=78.2458), 0.0279533 s/step
on time step 18711 (time=77.9625), 0.0280077 s/step
on time step 19129 (time=79.7042), 0.0279406 s/step
on time step 19084 (time=79.5167), 0.0279422 s/step
on time step 18774 (time=78.225), 0.0279619 s/step
field decay(t = 80.01666666666667): 4.523827760029561e-10 / 4.523827760029561e-10 = 1.0
on time step 19247 (time=80.1958), 0.0279368 s/step
on time step 18501 (time=77.0875), 0.0287121 s/step
field decay(t = 1180.2375): 1.8292335085624983e-06 / 0.2501419745072895 = 7.312781120264132e-06
on time step 283938 (time=1183.08), 0.00185468 s/step
on time step 18486 (time=77.025), 0.0284836 s/step
on time step 19063 (time=79.4292), 0.0280641 s/step
on time step 18986 (time=79.1083), 0.0280919 s/step
on time step 19427 (time=80.9458), 0.0276784 s/step
on time step 19075 (time=79.4792), 0.0280663 s/step
on time step 19067 (time=79.4458), 0.0280699 s/step
on time step 19042 (time=79.3417), 0.0280737 s/step
on time step 19042 (time=79.3417), 0.0280801 s/step
on time step 19034 (time=79.3083), 0.0280843 s/step
on time step 19395 (time=80.8125), 0.0280609 s/step
on time step 18790 (time=78.2917), 0.028191 s/step
on time step 19021 (time=79.2542), 0.0280696 s/step
on time step 19189 (time=79.9542), 0.0280648 s/step
field decay(t = 80.01666666666667): 8.626249487056139e-10 / 8.626249487056139e-10 = 1.0
on time step 19263 (time=80.2625), 0.0280755 s/step
on time step 19445 (time=81.0208), 0.0276286 s/step
field decay(t = 80.01666666666667): 4.90504371842489e-10 / 4.90504371842489e-10 = 1.0
on time step 19280 (time=80.3333), 0.0280722 s/step
on time step 18852 (time=78.55), 0.0284379 s/step
on time step 18922 (time=78.8417), 0.0281108 s/step
field decay(t = 80.01666666666667): 5.61870871339394e-10 / 5.61870871339394e-10 = 1.0
on time step 19272 (time=80.3), 0.0280642 s/step
field decay(t = 80.01666666666667): 1.9906173433081794e-09 / 1.9906173433081794e-09 = 1.0
on time step 19227 (time=80.1125), 0.0280652 s/step
on time step 18915 (time=78.8125), 0.0284809 s/step
on time step 19390 (time=80.7917), 0.0280464 s/step
on time step 18641 (time=77.6708), 0.0287478 s/step
on time step 286096 (time=1192.07), 0.00185433 s/step
on time step 18627 (time=77.6125), 0.0283854 s/step
field decay(t = 80.01666666666667): 1.4351333172162383e-09 / 1.4351333172162383e-09 = 1.0
on time step 19206 (time=80.025), 0.0279723 s/step
on time step 19129 (time=79.7042), 0.0281449 s/step
on time step 19571 (time=81.5458), 0.0277853 s/step
field decay(t = 80.01666666666667): 8.626249487056203e-10 / 8.626249487056203e-10 = 1.0
on time step 19219 (time=80.0792), 0.0279703 s/step
on time step 19186 (time=79.9417), 0.0279587 s/step
field decay(t = 80.01666666666667): 1.0615434563380823e-09 / 1.0615434563380823e-09 = 1.0
on time step 19211 (time=80.0458), 0.0279672 s/step
on time step 19539 (time=81.4125), 0.0277923 s/step
on time step 19186 (time=79.9417), 0.0279515 s/step
on time step 19178 (time=79.9083), 0.0279491 s/step
on time step 18933 (time=78.8875), 0.0280379 s/step
field decay(t = 80.01666666666667): 6.840592392483344e-10 / 6.840592392483344e-10 = 1.0
on time step 19332 (time=80.55), 0.0279767 s/step
on time step 19165 (time=79.8542), 0.0279633 s/step
on time step 19590 (time=81.625), 0.0276493 s/step
on time step 19423 (time=80.9292), 0.0279815 s/step
on time step 19407 (time=80.8625), 0.0279417 s/step
on time step 19415 (time=80.8958), 0.0279756 s/step
on time step 19370 (time=80.7083), 0.0279775 s/step
on time step 19066 (time=79.4417), 0.0279236 s/step
on time step 18996 (time=79.15), 0.0279375 s/step
on time step 19534 (time=81.3917), 0.0278019 s/step
on time step 19059 (time=79.4125), 0.0279373 s/step
on time step 18781 (time=78.2542), 0.0285869 s/step
field decay(t = 1200.2416666666666): 5.934698612765275e-07 / 0.2501419745072895 = 2.3725320888087615e-06
on time step 288252 (time=1201.05), 0.00185585 s/step
on time step 18767 (time=78.1958), 0.0285718 s/step
on time step 19349 (time=80.6208), 0.0280825 s/step
field decay(t = 80.01666666666667): 3.115819859034406e-09 / 3.115819859034406e-09 = 1.0
on time step 19271 (time=80.2958), 0.0282551 s/step
on time step 19716 (time=82.15), 0.0277179 s/step
on time step 19362 (time=80.675), 0.0280815 s/step
on time step 19354 (time=80.6417), 0.0280791 s/step
field decay(t = 80.01666666666667): 2.9068451712531504e-09 / 2.9068451712531504e-09 = 1.0
on time step 19329 (time=80.5375), 0.0280958 s/step
field decay(t = 80.01666666666667): 1.2299834009253562e-09 / 1.2299834009253562e-09 = 1.0
on time step 19320 (time=80.5), 0.0281814 s/step
on time step 19683 (time=82.0125), 0.027905 s/step
field decay(t = 80.01666666666667): 1.9906173433081993e-09 / 1.9906173433081993e-09 = 1.0
on time step 19329 (time=80.5375), 0.0280986 s/step
on time step 19075 (time=79.4792), 0.0283024 s/step
on time step 19475 (time=81.1458), 0.0280534 s/step
field decay(t = 80.01666666666667): 7.091227292454499e-10 / 7.091227292454499e-10 = 1.0
on time step 19308 (time=80.45), 0.0280907 s/step
on time step 19735 (time=82.2292), 0.0277006 s/step
on time step 19566 (time=81.525), 0.0280565 s/step
on time step 19550 (time=81.4583), 0.0280943 s/step
on time step 19137 (time=79.7375), 0.0284116 s/step
on time step 19558 (time=81.4917), 0.0280605 s/step
on time step 19513 (time=81.3042), 0.028056 s/step
field decay(t = 80.01666666666667): 2.906845171253137e-09 / 2.906845171253137e-09 = 1.0
on time step 19208 (time=80.0333), 0.0282428 s/step
on time step 19678 (time=81.9917), 0.0278925 s/step
on time step 19201 (time=80.0042), 0.0283351 s/step
on time step 18920 (time=78.8333), 0.028803 s/step
on time step 290397 (time=1209.99), 0.00186558 s/step
on time step 18907 (time=78.7792), 0.028578 s/step
on time step 19492 (time=81.2167), 0.0281177 s/step
on time step 19414 (time=80.8917), 0.0281463 s/step
on time step 19861 (time=82.7542), 0.0277037 s/step
on time step 19505 (time=81.2708), 0.0281264 s/step
on time step 19497 (time=81.2375), 0.0281252 s/step
on time step 19472 (time=81.1333), 0.0281179 s/step
on time step 19462 (time=81.0917), 0.0282355 s/step
on time step 19827 (time=82.6125), 0.0278977 s/step
on time step 19472 (time=81.1333), 0.0281158 s/step
field decay(t = 80.01666666666667): 7.621062693608701e-10 / 7.621062693608701e-10 = 1.0
on time step 19217 (time=80.0708), 0.0283179 s/step
on time step 19618 (time=81.7417), 0.0281544 s/step
on time step 19451 (time=81.0458), 0.0281201 s/step
on time step 19880 (time=82.8333), 0.0276842 s/step
on time step 19710 (time=82.125), 0.027942 s/step
on time step 19693 (time=82.0542), 0.0281208 s/step
field decay(t = 80.01666666666667): 1.0615434563380753e-09 / 1.0615434563380753e-09 = 1.0
on time step 19279 (time=80.3292), 0.0282031 s/step
on time step 19702 (time=82.0917), 0.0279425 s/step
on time step 19656 (time=81.9), 0.0281487 s/step
on time step 19351 (time=80.6292), 0.0281688 s/step
on time step 19822 (time=82.5917), 0.0279241 s/step
field decay(t = 80.01666666666667): 1.435133317216242e-09 / 1.435133317216242e-09 = 1.0
on time step 19343 (time=80.5958), 0.0282781 s/step
on time step 19060 (time=79.4167), 0.0287516 s/step
on time step 292504 (time=1218.77), 0.00189853 s/step
on time step 19045 (time=79.3542), 0.0291205 s/step
on time step 19635 (time=81.8125), 0.0279764 s/step
on time step 19556 (time=81.4833), 0.0283256 s/step
on time step 20005 (time=83.3542), 0.0278044 s/step
on time step 19647 (time=81.8625), 0.028184 s/step
on time step 19639 (time=81.8292), 0.0281875 s/step
on time step 19614 (time=81.725), 0.0282022 s/step
on time step 19604 (time=81.6833), 0.0282013 s/step
on time step 19971 (time=83.2125), 0.0278036 s/step
on time step 19614 (time=81.725), 0.0281973 s/step
on time step 19358 (time=80.6583), 0.0284194 s/step
on time step 19593 (time=81.6375), 0.0281979 s/step
on time step 19854 (time=82.725), 0.027782 s/step
on time step 20025 (time=83.4375), 0.0276767 s/step
on time step 19763 (time=82.3458), 0.0277641 s/step
on time step 19419 (time=80.9125), 0.0286135 s/step
on time step 19838 (time=82.6583), 0.0277538 s/step
on time step 19846 (time=82.6917), 0.0277795 s/step
on time step 19491 (time=81.2125), 0.0287174 s/step
on time step 19801 (time=82.5042), 0.0277749 s/step
on time step 19484 (time=81.1833), 0.0284633 s/step
on time step 19967 (time=83.1958), 0.02777 s/step
on time step 19200 (time=80), 0.0287614 s/step
field decay(t = 1220.2458333333334): 2.466973085689988e-07 / 0.2501419745072895 = 9.862291566816176e-07
on time step 294580 (time=1227.42), 0.00192767 s/step
on time step 19182 (time=79.925), 0.0293156 s/step
on time step 19777 (time=82.4042), 0.0282153 s/step
on time step 19697 (time=82.0708), 0.0285258 s/step
on time step 20150 (time=83.9583), 0.0276498 s/step
on time step 19789 (time=82.4542), 0.0282365 s/step
on time step 19781 (time=82.4208), 0.0282447 s/step
on time step 19756 (time=82.3167), 0.0283294 s/step
on time step 20116 (time=83.8167), 0.0276453 s/step
on time step 19746 (time=82.275), 0.0283553 s/step
on time step 19756 (time=82.3167), 0.0282736 s/step
on time step 19499 (time=81.2458), 0.0285655 s/step
on time step 19735 (time=82.2292), 0.0282354 s/step
on time step 19999 (time=83.3292), 0.0276498 s/step
on time step 20170 (time=84.0417), 0.0276495 s/step
on time step 19908 (time=82.95), 0.0276453 s/step
on time step 19559 (time=81.4958), 0.0286157 s/step
on time step 19991 (time=83.2958), 0.0276439 s/step
on time step 19983 (time=83.2625), 0.0276476 s/step
on time step 19630 (time=81.7917), 0.0288328 s/step
on time step 19946 (time=83.1083), 0.0276447 s/step
on time step 20112 (time=83.8), 0.0276449 s/step
on time step 19625 (time=81.7708), 0.0285596 s/step
field decay(t = 80.01666666666667): 9.065518183319295e-10 / 9.065518183319295e-10 = 1.0
on time step 19339 (time=80.5792), 0.0288044 s/step
on time step 296649 (time=1236.04), 0.00193377 s/step
field decay(t = 80.01666666666667): 4.389001832809754e-09 / 4.389001832809754e-09 = 1.0
on time step 19319 (time=80.4958), 0.0292213 s/step
on time step 19921 (time=83.0042), 0.0279429 s/step
on time step 19838 (time=82.6583), 0.0284638 s/step
on time step 20295 (time=84.5625), 0.0276659 s/step
on time step 19931 (time=83.0458), 0.0282448 s/step
on time step 19923 (time=83.0125), 0.0282354 s/step
on time step 20261 (time=84.4208), 0.0276769 s/step
on time step 19898 (time=82.9083), 0.0282004 s/step
on time step 19888 (time=82.8667), 0.0283125 s/step
on time step 19898 (time=82.9083), 0.0283395 s/step
on time step 19877 (time=82.8208), 0.0282346 s/step
on time step 19640 (time=81.8333), 0.0284776 s/step
on time step 20315 (time=84.6458), 0.0276696 s/step
on time step 20144 (time=83.9333), 0.0276798 s/step
on time step 20053 (time=83.5542), 0.027686 s/step
on time step 19699 (time=82.0792), 0.0286649 s/step
on time step 20128 (time=83.8667), 0.0276767 s/step
on time step 20136 (time=83.9), 0.02768 s/step
on time step 20091 (time=83.7125), 0.0276869 s/step
on time step 19770 (time=82.375), 0.0287656 s/step
on time step 20257 (time=84.4042), 0.027682 s/step
on time step 19765 (time=82.3542), 0.0285915 s/step
on time step 19479 (time=81.1625), 0.0287619 s/step
field decay(t = 1240.25): 7.318298228185065e-08 / 0.2501419745072895 = 2.9256578159663484e-07
on time step 298714 (time=1244.64), 0.00193727 s/step
on time step 19456 (time=81.0667), 0.0292272 s/step
on time step 20064 (time=83.6), 0.028124 s/step
on time step 19979 (time=83.2458), 0.028413 s/step
on time step 20440 (time=85.1667), 0.027676 s/step
on time step 20073 (time=83.6375), 0.02825 s/step
on time step 20065 (time=83.6042), 0.028249 s/step
on time step 20406 (time=85.025), 0.0276699 s/step
on time step 20040 (time=83.5), 0.0282563 s/step
on time step 20030 (time=83.4583), 0.0282565 s/step
on time step 20040 (time=83.5), 0.028254 s/step
on time step 19780 (time=82.4167), 0.0286269 s/step
on time step 20019 (time=83.4125), 0.0282524 s/step
on time step 20460 (time=85.25), 0.0276697 s/step
on time step 20289 (time=84.5375), 0.0276667 s/step
on time step 20198 (time=84.1583), 0.0276674 s/step
on time step 19839 (time=82.6625), 0.0286578 s/step
on time step 20281 (time=84.5042), 0.0276669 s/step
on time step 20273 (time=84.4708), 0.0276702 s/step
on time step 20236 (time=84.3167), 0.0276621 s/step
on time step 19910 (time=82.9583), 0.028714 s/step
on time step 19905 (time=82.9375), 0.0285899 s/step
on time step 20402 (time=85.0083), 0.027672 s/step
on time step 19619 (time=81.7458), 0.0287448 s/step
on time step 300781 (time=1253.25), 0.00193611 s/step
on time step 19593 (time=81.6375), 0.0292781 s/step
on time step 20207 (time=84.1958), 0.0280682 s/step
on time step 20121 (time=83.8375), 0.0282415 s/step
on time step 20585 (time=85.7708), 0.0276738 s/step
on time step 20215 (time=84.2292), 0.028259 s/step
on time step 20207 (time=84.1958), 0.028259 s/step
on time step 20551 (time=85.6292), 0.0276753 s/step
on time step 20182 (time=84.0917), 0.0282524 s/step
on time step 20172 (time=84.05), 0.0282514 s/step
on time step 20182 (time=84.0917), 0.0282521 s/step
on time step 20161 (time=84.0042), 0.0282301 s/step
on time step 19921 (time=83.0042), 0.0284764 s/step
on time step 19979 (time=83.2458), 0.0285771 s/step
on time step 20605 (time=85.8542), 0.0276708 s/step
on time step 20434 (time=85.1417), 0.0276738 s/step
on time step 20343 (time=84.7625), 0.0276684 s/step
on time step 20418 (time=85.075), 0.0276659 s/step
on time step 20426 (time=85.1083), 0.0276721 s/step
on time step 20381 (time=84.9208), 0.0276656 s/step
on time step 20049 (time=83.5375), 0.0287916 s/step
on time step 20547 (time=85.6125), 0.0276684 s/step
on time step 20046 (time=83.525), 0.0285404 s/step
on time step 19759 (time=82.3292), 0.0287483 s/step
field decay(t = 1260.2541666666666): 2.206011481188613e-08 / 0.2501419745072895 = 8.81903761067628e-08
on time step 302842 (time=1261.84), 0.00194097 s/step
on time step 19730 (time=82.2083), 0.0293368 s/step
on time step 20349 (time=84.7875), 0.0281792 s/step
on time step 20263 (time=84.4292), 0.0282415 s/step
on time step 20730 (time=86.375), 0.0276778 s/step
on time step 20357 (time=84.8208), 0.0282301 s/step
on time step 20349 (time=84.7875), 0.0282327 s/step
on time step 20696 (time=86.2333), 0.0276687 s/step
on time step 20324 (time=84.6833), 0.0282396 s/step
on time step 20324 (time=84.6833), 0.0282376 s/step
on time step 20314 (time=84.6417), 0.0282467 s/step
on time step 20303 (time=84.5958), 0.0282324 s/step
on time step 20119 (time=83.8292), 0.0286128 s/step
on time step 20062 (time=83.5917), 0.02857 s/step
on time step 20579 (time=85.7458), 0.0276657 s/step
on time step 20750 (time=86.4583), 0.0276726 s/step
on time step 20488 (time=85.3667), 0.0276694 s/step
on time step 20563 (time=85.6792), 0.0276662 s/step
on time step 20571 (time=85.7125), 0.0276616 s/step
on time step 20526 (time=85.525), 0.0276667 s/step
on time step 20188 (time=84.1167), 0.0288341 s/step
on time step 20692 (time=86.2167), 0.027661 s/step
on time step 20187 (time=84.1125), 0.0284693 s/step
on time step 19898 (time=82.9083), 0.028804 s/step
on time step 304911 (time=1270.46), 0.00193389 s/step
on time step 19867 (time=82.7792), 0.0292173 s/step
on time step 20491 (time=85.3792), 0.0282661 s/step
on time step 20405 (time=85.0208), 0.0282065 s/step
on time step 20875 (time=86.9792), 0.0277422 s/step
on time step 20499 (time=85.4125), 0.0282025 s/step
on time step 20491 (time=85.3792), 0.0282124 s/step
on time step 20466 (time=85.275), 0.0282084 s/step
on time step 20466 (time=85.275), 0.028221 s/step
on time step 20456 (time=85.2333), 0.0282198 s/step
on time step 20841 (time=86.8375), 0.027755 s/step
on time step 20445 (time=85.1875), 0.0282148 s/step
on time step 20203 (time=84.1792), 0.028409 s/step
on time step 20260 (time=84.4167), 0.028457 s/step
on time step 20724 (time=86.35), 0.0277633 s/step
on time step 20895 (time=87.0625), 0.0277632 s/step
on time step 20633 (time=85.9708), 0.0277648 s/step
on time step 20708 (time=86.2833), 0.0277564 s/step
on time step 20716 (time=86.3167), 0.0277558 s/step
on time step 20328 (time=84.7), 0.0287091 s/step
on time step 20671 (time=86.1292), 0.0277601 s/step
on time step 20837 (time=86.8208), 0.0277525 s/step
on time step 20329 (time=84.7042), 0.0283311 s/step
on time step 20038 (time=83.4917), 0.0287281 s/step
on time step 306970 (time=1279.04), 0.00194294 s/step
on time step 20004 (time=83.35), 0.0293311 s/step
on time step 20634 (time=85.975), 0.0280376 s/step
on time step 20546 (time=85.6083), 0.0284079 s/step
on time step 21020 (time=87.5833), 0.0276541 s/step
on time step 20641 (time=86.0042), 0.0282065 s/step
on time step 20633 (time=85.9708), 0.0282116 s/step
on time step 20607 (time=85.8625), 0.0283799 s/step
on time step 20608 (time=85.8667), 0.0281963 s/step
on time step 20598 (time=85.825), 0.0281794 s/step
on time step 20986 (time=87.4417), 0.0276536 s/step
on time step 20587 (time=85.7792), 0.0281973 s/step
on time step 20400 (time=85), 0.0286315 s/step
on time step 20344 (time=84.7667), 0.0285321 s/step
on time step 21040 (time=87.6667), 0.0276521 s/step
on time step 20869 (time=86.9542), 0.0276581 s/step
on time step 20778 (time=86.575), 0.0276581 s/step
on time step 20853 (time=86.8875), 0.0276629 s/step
on time step 20861 (time=86.9208), 0.0276608 s/step
on time step 20816 (time=86.7333), 0.0276591 s/step
on time step 20468 (time=85.2833), 0.0287375 s/step
on time step 20469 (time=85.2875), 0.0286022 s/step
on time step 20982 (time=87.425), 0.0276723 s/step
on time step 20178 (time=84.075), 0.0287191 s/step
field decay(t = 1280.2583333333332): 7.713630146560854e-09 / 0.2501419745072895 = 3.083700830999904e-08
on time step 309040 (time=1287.67), 0.00193245 s/step
on time step 20141 (time=83.9208), 0.0292651 s/step
on time step 20778 (time=86.575), 0.0279267 s/step
on time step 20687 (time=86.1958), 0.0284296 s/step
on time step 21165 (time=88.1875), 0.0277091 s/step
on time step 20784 (time=86.6), 0.0281523 s/step
on time step 20776 (time=86.5667), 0.0281612 s/step
on time step 20740 (time=86.4167), 0.0281929 s/step
on time step 20748 (time=86.45), 0.0284256 s/step
on time step 20751 (time=86.4625), 0.0281674 s/step
on time step 21131 (time=88.0458), 0.0277085 s/step
on time step 20729 (time=86.3708), 0.0281702 s/step
on time step 20484 (time=85.35), 0.0285766 s/step
on time step 20540 (time=85.5833), 0.0286871 s/step
on time step 21185 (time=88.2708), 0.0276958 s/step
on time step 21014 (time=87.5583), 0.0276993 s/step
on time step 20923 (time=87.1792), 0.0277004 s/step
on time step 20998 (time=87.4917), 0.0276923 s/step
on time step 21006 (time=87.525), 0.0276928 s/step
on time step 20607 (time=85.8625), 0.0287971 s/step
on time step 20961 (time=87.3375), 0.0276999 s/step
on time step 21127 (time=88.0292), 0.0276787 s/step
on time step 20610 (time=85.875), 0.0285329 s/step
on time step 20317 (time=84.6542), 0.0287942 s/step
on time step 311112 (time=1296.3), 0.00193116 s/step
on time step 20278 (time=84.4917), 0.029277 s/step
on time step 20921 (time=87.1708), 0.0281207 s/step
on time step 20828 (time=86.7833), 0.0284334 s/step
on time step 21310 (time=88.7917), 0.0276497 s/step
on time step 20927 (time=87.1958), 0.0281184 s/step
on time step 20891 (time=87.0458), 0.0280627 s/step
on time step 20883 (time=87.0125), 0.028101 s/step
on time step 20919 (time=87.1625), 0.0281268 s/step
on time step 21276 (time=88.65), 0.0276487 s/step
on time step 20894 (time=87.0583), 0.0281197 s/step
on time step 20872 (time=86.9667), 0.0281112 s/step
on time step 20680 (time=86.1667), 0.0286179 s/step
on time step 20624 (time=85.9333), 0.0286465 s/step
on time step 21330 (time=88.875), 0.0276573 s/step
on time step 21159 (time=88.1625), 0.0276538 s/step
on time step 21068 (time=87.7833), 0.0277076 s/step
on time step 21151 (time=88.1292), 0.0276369 s/step
on time step 21143 (time=88.0958), 0.0276557 s/step
on time step 20747 (time=86.4458), 0.0286744 s/step
on time step 21106 (time=87.9417), 0.0276908 s/step
on time step 21272 (time=88.6333), 0.0276567 s/step
on time step 20750 (time=86.4583), 0.0286284 s/step
on time step 20457 (time=85.2375), 0.0286706 s/step
field decay(t = 1300.2625): 1.987454492376504e-09 / 0.2501419745072895 = 7.94530584597503e-09
on time step 313182 (time=1304.92), 0.00193273 s/step
on time step 20416 (time=85.0667), 0.0291693 s/step
on time step 20970 (time=87.375), 0.0281691 s/step
on time step 21064 (time=87.7667), 0.0281222 s/step
on time step 21455 (time=89.3958), 0.0277409 s/step
on time step 21070 (time=87.7917), 0.0281251 s/step
on time step 21034 (time=87.6417), 0.0281313 s/step
on time step 21026 (time=87.6083), 0.0281242 s/step
on time step 21062 (time=87.7583), 0.0281307 s/step
on time step 21421 (time=89.2542), 0.0277401 s/step
on time step 21037 (time=87.6542), 0.0281325 s/step
on time step 21015 (time=87.5625), 0.0281292 s/step
on time step 20821 (time=86.7542), 0.0285153 s/step
on time step 20765 (time=86.5208), 0.0285294 s/step
on time step 21475 (time=89.4792), 0.0277368 s/step
on time step 21304 (time=88.7667), 0.0277318 s/step
on time step 21213 (time=88.3875), 0.0276857 s/step
on time step 21288 (time=88.7), 0.0277357 s/step
on time step 21296 (time=88.7333), 0.0277399 s/step
on time step 21251 (time=88.5458), 0.0276962 s/step
on time step 20888 (time=87.0333), 0.0285372 s/step
on time step 21417 (time=89.2375), 0.0277431 s/step
on time step 20891 (time=87.0458), 0.0284864 s/step
on time step 20597 (time=85.8208), 0.0287126 s/step
on time step 315257 (time=1313.57), 0.00192803 s/step
on time step 20553 (time=85.6375), 0.0292573 s/step
on time step 21111 (time=87.9625), 0.0284792 s/step
on time step 21207 (time=88.3625), 0.0280889 s/step
on time step 21600 (time=90), 0.0276922 s/step
on time step 21213 (time=88.3875), 0.0280757 s/step
on time step 21177 (time=88.2375), 0.0280898 s/step
on time step 21205 (time=88.3542), 0.0280803 s/step
on time step 21169 (time=88.2042), 0.0280995 s/step
on time step 21566 (time=89.8583), 0.0276852 s/step
on time step 21180 (time=88.25), 0.0280859 s/step
on time step 21158 (time=88.1583), 0.0280893 s/step
on time step 20905 (time=87.1042), 0.0286535 s/step
on time step 20962 (time=87.3417), 0.0284886 s/step
on time step 21620 (time=90.0833), 0.0276878 s/step
on time step 21449 (time=89.3708), 0.027684 s/step
on time step 21358 (time=88.9917), 0.0276869 s/step
on time step 21441 (time=89.3375), 0.0276815 s/step
on time step 21433 (time=89.3042), 0.0276886 s/step
on time step 21396 (time=89.15), 0.0276888 s/step
on time step 21028 (time=87.6167), 0.0286524 s/step
on time step 21562 (time=89.8417), 0.0276835 s/step
on time step 21032 (time=87.6333), 0.0284769 s/step
on time step 20737 (time=86.4042), 0.0286892 s/step
field decay(t = 1320.2666666666667): 6.438385864182855e-10 / 0.2501419745072895 = 2.573892637117259e-09
on time step 317328 (time=1322.2), 0.00193205 s/step
on time step 20690 (time=86.2083), 0.0292223 s/step
on time step 21252 (time=88.55), 0.0285013 s/step
on time step 21350 (time=88.9583), 0.0281409 s/step
on time step 21745 (time=90.6042), 0.0276832 s/step
on time step 21356 (time=88.9833), 0.0281228 s/step
on time step 21348 (time=88.95), 0.0280935 s/step
on time step 21320 (time=88.8333), 0.0281007 s/step
on time step 21312 (time=88.8), 0.0280906 s/step
on time step 21711 (time=90.4625), 0.0276918 s/step
on time step 21323 (time=88.8458), 0.0280974 s/step
on time step 21301 (time=88.7542), 0.0280974 s/step
on time step 21103 (time=87.9292), 0.0285133 s/step
on time step 21046 (time=87.6917), 0.028531 s/step
on time step 21765 (time=90.6875), 0.0276945 s/step
on time step 21594 (time=89.975), 0.0276914 s/step
on time step 21503 (time=89.5958), 0.0276976 s/step
on time step 21586 (time=89.9417), 0.0276989 s/step
on time step 21578 (time=89.9083), 0.0276957 s/step
on time step 21541 (time=89.7542), 0.0277004 s/step
on time step 21169 (time=88.2042), 0.028546 s/step
on time step 21707 (time=90.4458), 0.0277005 s/step
on time step 21173 (time=88.2208), 0.0285421 s/step
on time step 20877 (time=86.9875), 0.0287377 s/step
on time step 319396 (time=1330.82), 0.0019347 s/step
on time step 20827 (time=86.7792), 0.0292119 s/step
on time step 21393 (time=89.1375), 0.0284137 s/step
on time step 21493 (time=89.5542), 0.0281095 s/step
on time step 21890 (time=91.2083), 0.027715 s/step
on time step 21499 (time=89.5792), 0.0281077 s/step
on time step 21463 (time=89.4292), 0.0281018 s/step
on time step 21491 (time=89.5458), 0.0281058 s/step
on time step 21455 (time=89.3958), 0.0281 s/step
on time step 21856 (time=91.0667), 0.0277205 s/step
on time step 21466 (time=89.4417), 0.0281064 s/step
on time step 21444 (time=89.35), 0.0281027 s/step
on time step 21244 (time=88.5167), 0.028505 s/step
on time step 21187 (time=88.2792), 0.0285031 s/step
on time step 21739 (time=90.5792), 0.0277203 s/step
on time step 21910 (time=91.2917), 0.027726 s/step
on time step 21648 (time=90.2), 0.0277248 s/step
on time step 21731 (time=90.5458), 0.0277204 s/step
on time step 21723 (time=90.5125), 0.0277179 s/step
on time step 21686 (time=90.3583), 0.0277175 s/step
on time step 21310 (time=88.7917), 0.0284985 s/step
on time step 21852 (time=91.05), 0.0277118 s/step
on time step 21314 (time=88.8083), 0.0285112 s/step
on time step 21017 (time=87.5708), 0.0286009 s/step
on time step 321467 (time=1339.45), 0.00193191 s/step
on time step 20964 (time=87.35), 0.0292238 s/step
on time step 21534 (time=89.725), 0.0283922 s/step
on time step 21636 (time=90.15), 0.0281125 s/step
on time step 22035 (time=91.8125), 0.0276758 s/step
on time step 21642 (time=90.175), 0.0281209 s/step
on time step 21634 (time=90.1417), 0.0281084 s/step
on time step 21597 (time=89.9875), 0.0283418 s/step
on time step 21605 (time=90.0208), 0.0283616 s/step
on time step 22001 (time=91.6708), 0.0276722 s/step
on time step 21608 (time=90.0333), 0.0283539 s/step
on time step 21586 (time=89.9417), 0.0283252 s/step
on time step 21327 (time=88.8625), 0.028617 s/step
on time step 21384 (time=89.1), 0.028625 s/step
on time step 21884 (time=91.1833), 0.0276606 s/step
on time step 22055 (time=91.8958), 0.0276575 s/step
on time step 21793 (time=90.8042), 0.0276625 s/step
on time step 21868 (time=91.1167), 0.0276532 s/step
on time step 21876 (time=91.15), 0.0276582 s/step
on time step 21831 (time=90.9625), 0.0276612 s/step
on time step 21449 (time=89.3708), 0.0288171 s/step
on time step 21997 (time=91.6542), 0.0276585 s/step
on time step 21454 (time=89.3917), 0.0286019 s/step
on time step 21156 (time=88.15), 0.0288354 s/step
field decay(t = 1340.2708333333333): 1.640161192400956e-10 / 0.2501419745072895 = 6.556921107029798e-10
on time step 323536 (time=1348.07), 0.00193421 s/step
on time step 21101 (time=87.9208), 0.0292615 s/step
on time step 21676 (time=90.3167), 0.0283494 s/step
on time step 21778 (time=90.7417), 0.0281775 s/step
on time step 22180 (time=92.4167), 0.027632 s/step
on time step 21739 (time=90.5792), 0.0282645 s/step
on time step 22146 (time=92.275), 0.0276354 s/step
on time step 21747 (time=90.6125), 0.0283059 s/step
on time step 21785 (time=90.7708), 0.0281616 s/step
on time step 21777 (time=90.7375), 0.0281601 s/step
on time step 21751 (time=90.6292), 0.0281392 s/step
on time step 21729 (time=90.5375), 0.028158 s/step
on time step 21524 (time=89.6833), 0.028692 s/step
on time step 21467 (time=89.4458), 0.0286981 s/step
on time step 22200 (time=92.5), 0.0276348 s/step
on time step 22029 (time=91.7875), 0.0276397 s/step
on time step 21938 (time=91.4083), 0.0276427 s/step
on time step 22013 (time=91.7208), 0.0276426 s/step
on time step 22021 (time=91.7542), 0.0276396 s/step
on time step 21588 (time=89.95), 0.0287954 s/step
on time step 21976 (time=91.5667), 0.0276401 s/step
on time step 22142 (time=92.2583), 0.027652 s/step
on time step 21595 (time=89.9792), 0.0285448 s/step
on time step 21296 (time=88.7333), 0.0287711 s/step
on time step 325608 (time=1356.7), 0.00193134 s/step
on time step 21238 (time=88.4917), 0.0292839 s/step
on time step 21818 (time=90.9083), 0.0283451 s/step
on time step 21921 (time=91.3375), 0.0280979 s/step
on time step 22325 (time=93.0208), 0.0276885 s/step
on time step 21881 (time=91.1708), 0.0282219 s/step
on time step 21889 (time=91.2042), 0.0281865 s/step
on time step 22291 (time=92.8792), 0.0277 s/step
on time step 21928 (time=91.3667), 0.0281104 s/step
on time step 21920 (time=91.3333), 0.028113 s/step
on time step 21894 (time=91.225), 0.0281464 s/step
on time step 21664 (time=90.2667), 0.0286144 s/step
on time step 21607 (time=90.0292), 0.028651 s/step
on time step 21872 (time=91.1333), 0.0281423 s/step
on time step 22345 (time=93.1042), 0.0276951 s/step
on time step 22174 (time=92.3917), 0.0276998 s/step
on time step 22083 (time=92.0125), 0.0276986 s/step
on time step 22158 (time=92.325), 0.0276961 s/step
on time step 22166 (time=92.3583), 0.0276966 s/step
on time step 22121 (time=92.1708), 0.0277002 s/step
on time step 21728 (time=90.5333), 0.028775 s/step
on time step 22287 (time=92.8625), 0.0276968 s/step
on time step 21736 (time=90.5667), 0.0285197 s/step
on time step 21436 (time=89.3167), 0.0287418 s/step
field decay(t = 1360.275): 3.674847727983334e-11 / 0.2501419745072895 = 1.4691047894787623e-10
on time step 327676 (time=1365.32), 0.0019345 s/step
on time step 21375 (time=89.0625), 0.0293436 s/step
on time step 21958 (time=91.4917), 0.0286624 s/step
on time step 22064 (time=91.9333), 0.0281388 s/step
on time step 22470 (time=93.625), 0.0276092 s/step
on time step 22436 (time=93.4833), 0.027607 s/step
on time step 22030 (time=91.7917), 0.0284752 s/step
on time step 22023 (time=91.7625), 0.0283002 s/step
on time step 22071 (time=91.9625), 0.0281404 s/step
on time step 22063 (time=91.9292), 0.0281374 s/step
on time step 22036 (time=91.8167), 0.0282973 s/step
on time step 21804 (time=90.85), 0.0286211 s/step
on time step 21747 (time=90.6125), 0.0286171 s/step
on time step 22490 (time=93.7083), 0.0276098 s/step
on time step 22319 (time=92.9958), 0.027609 s/step
on time step 22228 (time=92.6167), 0.0276113 s/step
on time step 22015 (time=91.7292), 0.0281126 s/step
on time step 22311 (time=92.9625), 0.0276092 s/step
on time step 22303 (time=92.9292), 0.0276147 s/step
on time step 22266 (time=92.775), 0.027607 s/step
on time step 21868 (time=91.1167), 0.0287516 s/step
on time step 22432 (time=93.4667), 0.0276022 s/step
on time step 21877 (time=91.1542), 0.0284631 s/step
on time step 21576 (time=89.9), 0.0286979 s/step
on time step 329830 (time=1374.29), 0.00185774 s/step
on time step 21512 (time=89.6333), 0.029264 s/step
on time step 22099 (time=92.0792), 0.0283795 s/step
on time step 22207 (time=92.5292), 0.028092 s/step
on time step 22615 (time=94.2292), 0.0276671 s/step
on time step 22581 (time=94.0875), 0.0276673 s/step
on time step 22166 (time=92.3583), 0.0280827 s/step
on time step 22172 (time=92.3833), 0.0282944 s/step
on time step 22214 (time=92.5583), 0.0280842 s/step
on time step 22206 (time=92.525), 0.0280869 s/step
on time step 21944 (time=91.4333), 0.0286268 s/step
on time step 22179 (time=92.4125), 0.0280864 s/step
on time step 21887 (time=91.1958), 0.0286777 s/step
on time step 22635 (time=94.3125), 0.0276776 s/step
on time step 22464 (time=93.6), 0.0276741 s/step
on time step 22373 (time=93.2208), 0.0276836 s/step
on time step 22158 (time=92.325), 0.0280835 s/step
on time step 22448 (time=93.5333), 0.0276693 s/step
on time step 22456 (time=93.5667), 0.0276734 s/step
on time step 22411 (time=93.3792), 0.0276746 s/step
on time step 22008 (time=91.7), 0.0287716 s/step
on time step 22577 (time=94.0708), 0.0276794 s/step
on time step 22018 (time=91.7417), 0.0285207 s/step
on time step 21715 (time=90.4792), 0.0289741 s/step
field decay(t = 1380.2791666666667): 1.1480011301169807e-11 / 0.2501419745072895 = 4.58939821026929e-11
run 0 finished at t = 1380.2791666666667 (331267 timesteps)
-----------
Initializing structure...
time for choose_chunkdivision = 0.000164986 s
Working in 2D dimensions.
Computational cell is 50 x 72 x 0 with resolution 12
     block, center = (0,-5.5,0)
          size (50,45,1e+20)
          axes (1,0,0), (0,1,0), (0,0,1)
          dielectric constant epsilon diagonal = (1,1,1)
     prism, center = (-23.027,-7.57913,5e+19)
          height 1e+20, axis (0,0,1), sidewall angle: 0 radians, 3 vertices:
          (-25,3.26261,0)
          (-19.0809,-13,0)
          (-25,-13,0)
          dielectric constant epsilon diagonal = (2.30448,2.30448,2.30448)
     prism, center = (8.18382,2.25252,5e+19)
          height 1e+20, axis (0,0,1), sidewall angle: 0 radians, 5 vertices:
          (-20,17,0)
          (20,17,0)
          (25,3.26261,0)
          (25,-13,0)
          (-9.08089,-13,0)
          dielectric constant epsilon diagonal = (2.30448,2.30448,2.30448)
     prism, center = (-23.9363,-8.07745,5e+19)
          height 1e+20, axis (0,0,1), sidewall angle: 0 radians, 3 vertices:
          (-25,-2.23234,0)
          (-21.8088,-11,0)
          (-25,-11,0)
          dielectric constant epsilon diagonal = (1,1,1)
     prism, center = (8.43823,1.95353,5e+19)
          height 1e+20, axis (0,0,1), sidewall angle: 0 radians, 5 vertices:
          (-18,17,0)
          (18,17,0)
          (25,-2.23234,0)
          (25,-11,0)
          (-7.80883,-11,0)
          dielectric constant epsilon diagonal = (1,1,1)
time for set_epsilon = 2.8882 s
on time step 21651 (time=90.2125), 0.0287944 s/step
time for set_conductivity = 0.1557 s
on time step 22242 (time=92.675), 0.028027 s/step
on time step 22354 (time=93.1417), 0.0273439 s/step
on time step 22763 (time=94.8458), 0.0271521 s/step
on time step 22729 (time=94.7042), 0.0271345 s/step
on time step 22311 (time=92.9625), 0.0276699 s/step
on time step 22316 (time=92.9833), 0.0278616 s/step
time for set_conductivity = 0.156487 s
on time step 22352 (time=93.1333), 0.0274323 s/step
on time step 22361 (time=93.1708), 0.0273388 s/step
on time step 22029 (time=91.7875), 0.0282091 s/step
on time step 22325 (time=93.0208), 0.0274789 s/step
on time step 22087 (time=92.0292), 0.0281266 s/step
on time step 22783 (time=94.9292), 0.0271111 s/step
on time step 22612 (time=94.2167), 0.0271071 s/step
on time step 22521 (time=93.8375), 0.0271076 s/step
on time step 22304 (time=92.9333), 0.0274884 s/step
on time step 22596 (time=94.15), 0.0271045 s/step
on time step 22604 (time=94.1833), 0.027103 s/step
on time step 22559 (time=93.9958), 0.0270945 s/step
time for set_conductivity = 0.158021 s
lorentzian susceptibility: frequency=15.6714, gamma=1.42115
on time step 22725 (time=94.6875), 0.0271001 s/step
on time step 22151 (time=92.2958), 0.0281421 s/step
on time step 22161 (time=92.3375), 0.0280089 s/step
on time step 21857 (time=91.0708), 0.028328 s/step
lorentzian susceptibility: frequency=2.02365, gamma=1.3413
lorentzian susceptibility: frequency=1.24613, gamma=2.0309
lorentzian susceptibility: frequency=0.626693, gamma=1.83572
drude susceptibility: frequency=1e-10, gamma=0.0661375
-----------
on time step 21790 (time=90.7917), 0.0288859 s/step
on time step 22385 (time=93.2708), 0.0281357 s/step
on time step 22499 (time=93.7458), 0.027632 s/step
on time step 22911 (time=95.4625), 0.0271741 s/step
on time step 22454 (time=93.5583), 0.0280024 s/step
on time step 22459 (time=93.5792), 0.0280033 s/step
on time step 22877 (time=95.3208), 0.0271832 s/step
on time step 22496 (time=93.7333), 0.0278013 s/step
on time step 22506 (time=93.775), 0.0277141 s/step
on time step 22469 (time=93.6208), 0.0277842 s/step
on time step 22229 (time=92.6208), 0.0283154 s/step
on time step 22171 (time=92.3792), 0.0283478 s/step
on time step 22448 (time=93.5333), 0.0278226 s/step
on time step 22931 (time=95.5458), 0.0272005 s/step
on time step 22760 (time=94.8333), 0.0271982 s/step
on time step 22669 (time=94.4542), 0.0272041 s/step
on time step 22744 (time=94.7667), 0.0272084 s/step
on time step 22752 (time=94.8), 0.0272039 s/step
on time step 22707 (time=94.6125), 0.0272102 s/step
on time step 22872 (time=95.3), 0.0272166 s/step
on time step 22292 (time=92.8833), 0.0284648 s/step
on time step 22302 (time=92.925), 0.0283767 s/step
on time step 21997 (time=91.6542), 0.0287263 s/step
on time step 80 (time=0.333333), 0.0500654 s/step
on time step 21925 (time=91.3542), 0.0297722 s/step
on time step 22524 (time=93.85), 0.0288762 s/step
on time step 22640 (time=94.3333), 0.0285092 s/step
on time step 23055 (time=96.0625), 0.027886 s/step
on time step 22594 (time=94.1417), 0.0286238 s/step
on time step 22599 (time=94.1625), 0.0286197 s/step
on time step 23021 (time=95.9208), 0.0278829 s/step
on time step 22636 (time=94.3167), 0.0286653 s/step
on time step 22646 (time=94.3583), 0.0286577 s/step
on time step 22609 (time=94.2042), 0.0286328 s/step
on time step 22367 (time=93.1958), 0.0290406 s/step
on time step 22309 (time=92.9542), 0.0290672 s/step
on time step 22588 (time=94.1167), 0.0286067 s/step
on time step 22904 (time=95.4333), 0.0278836 s/step
on time step 23075 (time=96.1458), 0.0278873 s/step
on time step 22813 (time=95.0542), 0.0278854 s/step
on time step 22896 (time=95.4), 0.0278779 s/step
on time step 22888 (time=95.3667), 0.0278843 s/step
on time step 22851 (time=95.2125), 0.0278848 s/step
on time step 23016 (time=95.9), 0.0278823 s/step
on time step 22429 (time=93.4542), 0.0292088 s/step
on time step 22440 (time=93.5), 0.0290147 s/step
on time step 22134 (time=92.225), 0.0293369 s/step
on time step 162 (time=0.675), 0.0489656 s/step
on time step 22060 (time=91.9167), 0.0298137 s/step
on time step 22663 (time=94.4292), 0.028907 s/step
on time step 22781 (time=94.9208), 0.0285137 s/step
on time step 23199 (time=96.6625), 0.0278735 s/step
on time step 22739 (time=94.7458), 0.0286907 s/step
on time step 22734 (time=94.725), 0.0287396 s/step
on time step 23165 (time=96.5208), 0.0278848 s/step
on time step 22777 (time=94.9042), 0.0285053 s/step
on time step 22787 (time=94.9458), 0.0285077 s/step
on time step 22750 (time=94.7917), 0.0285029 s/step
on time step 22729 (time=94.7042), 0.0284987 s/step
on time step 22505 (time=93.7708), 0.0291692 s/step
on time step 22447 (time=93.5292), 0.0291508 s/step
on time step 23219 (time=96.7458), 0.0278859 s/step
on time step 23048 (time=96.0333), 0.0278915 s/step
on time step 22957 (time=95.6542), 0.0278974 s/step
on time step 23032 (time=95.9667), 0.0278875 s/step
on time step 23040 (time=96), 0.0278953 s/step
on time step 22995 (time=95.8125), 0.0278939 s/step
on time step 23160 (time=96.5), 0.0278963 s/step
on time step 22578 (time=94.075), 0.0289882 s/step
on time step 22567 (time=94.0292), 0.0291766 s/step
on time step 22271 (time=92.7958), 0.0293587 s/step
on time step 244 (time=1.01667), 0.0489687 s/step
on time step 22195 (time=92.4792), 0.0297763 s/step
on time step 22801 (time=95.0042), 0.0290203 s/step
on time step 22922 (time=95.5083), 0.0285256 s/step
on time step 23343 (time=97.2625), 0.0278957 s/step
on time step 22878 (time=95.325), 0.0288093 s/step
on time step 22873 (time=95.3042), 0.0287786 s/step
on time step 23309 (time=97.1208), 0.0279005 s/step
on time step 22918 (time=95.4917), 0.0285452 s/step
on time step 22928 (time=95.5333), 0.0285383 s/step
on time step 22891 (time=95.3792), 0.0285437 s/step
on time step 22869 (time=95.2875), 0.0285818 s/step
on time step 22643 (time=94.3458), 0.0290041 s/step
on time step 22584 (time=94.1), 0.029219 s/step
on time step 23192 (time=96.6333), 0.0278955 s/step
on time step 23363 (time=97.3458), 0.0279049 s/step
on time step 23101 (time=96.2542), 0.0278912 s/step
on time step 23176 (time=96.5667), 0.0278947 s/step
on time step 23184 (time=96.6), 0.0278926 s/step
on time step 23139 (time=96.4125), 0.0278928 s/step
on time step 22716 (time=94.65), 0.0289971 s/step
on time step 23304 (time=97.1), 0.0278866 s/step
on time step 22704 (time=94.6), 0.0293145 s/step
on time step 22408 (time=93.3667), 0.0292859 s/step
on time step 326 (time=1.35833), 0.0489714 s/step
on time step 22330 (time=93.0417), 0.0297599 s/step
on time step 22939 (time=95.5792), 0.0290607 s/step
on time step 23487 (time=97.8625), 0.0278041 s/step
on time step 23063 (time=96.0958), 0.0285701 s/step
on time step 23012 (time=95.8833), 0.0288736 s/step
on time step 23017 (time=95.9042), 0.028889 s/step
on time step 23453 (time=97.7208), 0.0278029 s/step
on time step 23059 (time=96.0792), 0.0285456 s/step
on time step 22781 (time=94.9208), 0.0290785 s/step
on time step 23069 (time=96.1208), 0.0285481 s/step
on time step 23009 (time=95.8708), 0.028712 s/step
on time step 23031 (time=95.9625), 0.0287494 s/step
on time step 22722 (time=94.675), 0.0291089 s/step
on time step 23507 (time=97.9458), 0.0277979 s/step
on time step 23336 (time=97.2333), 0.0278032 s/step
on time step 23245 (time=96.8542), 0.0278089 s/step
on time step 23328 (time=97.2), 0.0278051 s/step
on time step 23320 (time=97.1667), 0.02781 s/step
on time step 23283 (time=97.0125), 0.0278053 s/step
on time step 23448 (time=97.7), 0.0278166 s/step
on time step 22855 (time=95.2292), 0.0289445 s/step
on time step 22842 (time=95.175), 0.0291756 s/step
on time step 22544 (time=93.9333), 0.029424 s/step
on time step 408 (time=1.7), 0.048976 s/step
on time step 22465 (time=93.6042), 0.0297857 s/step
on time step 23078 (time=96.1583), 0.028857 s/step
on time step 23631 (time=98.4625), 0.027901 s/step
on time step 23204 (time=96.6833), 0.0285073 s/step
on time step 23157 (time=96.4875), 0.0287248 s/step
on time step 23152 (time=96.4667), 0.0287403 s/step
on time step 23597 (time=98.3208), 0.0279039 s/step
on time step 23200 (time=96.6667), 0.02851 s/step
on time step 22859 (time=95.2458), 0.029209 s/step
on time step 22919 (time=95.4958), 0.0290549 s/step
on time step 23210 (time=96.7083), 0.0285104 s/step
on time step 23172 (time=96.55), 0.0285081 s/step
on time step 23150 (time=96.4583), 0.028521 s/step
on time step 23480 (time=97.8333), 0.0279033 s/step
on time step 23651 (time=98.5458), 0.0279086 s/step
on time step 23389 (time=97.4542), 0.0279046 s/step
on time step 23472 (time=97.8), 0.027903 s/step
on time step 23464 (time=97.7667), 0.0279033 s/step
on time step 23427 (time=97.6125), 0.0279052 s/step
on time step 23592 (time=98.3), 0.0278965 s/step
on time step 22993 (time=95.8042), 0.0291163 s/step
on time step 22979 (time=95.7458), 0.0292601 s/step
on time step 22681 (time=94.5042), 0.0293898 s/step
on time step 490 (time=2.04167), 0.0489556 s/step
on time step 22600 (time=94.1667), 0.0297518 s/step
on time step 23217 (time=96.7375), 0.0289427 s/step
on time step 23775 (time=99.0625), 0.02788 s/step
on time step 23345 (time=97.2708), 0.0284959 s/step
on time step 23291 (time=97.0458), 0.0288048 s/step
on time step 23296 (time=97.0667), 0.0288489 s/step
on time step 23741 (time=98.9208), 0.027881 s/step
on time step 22996 (time=95.8167), 0.0292295 s/step
on time step 23341 (time=97.2542), 0.0285311 s/step
on time step 23057 (time=96.0708), 0.0291843 s/step
on time step 23351 (time=97.2958), 0.0285235 s/step
on time step 23313 (time=97.1375), 0.0285692 s/step
on time step 23291 (time=97.0458), 0.0285683 s/step
on time step 23624 (time=98.4333), 0.0278799 s/step
on time step 23795 (time=99.1458), 0.0278799 s/step
on time step 23533 (time=98.0542), 0.0278851 s/step
on time step 23616 (time=98.4), 0.0278788 s/step
on time step 23608 (time=98.3667), 0.0278788 s/step
on time step 23571 (time=98.2125), 0.027881 s/step
on time step 23736 (time=98.9), 0.0278783 s/step
on time step 23116 (time=96.3167), 0.029237 s/step
on time step 23132 (time=96.3833), 0.028975 s/step
on time step 22818 (time=95.075), 0.0293057 s/step
on time step 572 (time=2.38333), 0.0489283 s/step
on time step 22735 (time=94.7292), 0.0296866 s/step
on time step 23357 (time=97.3208), 0.0287404 s/step
on time step 23919 (time=99.6625), 0.0279081 s/step
on time step 23486 (time=97.8583), 0.028477 s/step
on time step 23430 (time=97.625), 0.0287956 s/step
on time step 23436 (time=97.65), 0.0287695 s/step
on time step 23885 (time=99.5208), 0.0279132 s/step
on time step 23134 (time=96.3917), 0.0290926 s/step
on time step 23482 (time=97.8417), 0.0284549 s/step
on time step 23195 (time=96.6458), 0.0290991 s/step
on time step 23492 (time=97.8833), 0.0284649 s/step
on time step 23454 (time=97.725), 0.0284296 s/step
on time step 23432 (time=97.6333), 0.0284296 s/step
on time step 23768 (time=99.0333), 0.0279165 s/step
on time step 23939 (time=99.7458), 0.0279125 s/step
on time step 23677 (time=98.6542), 0.0279105 s/step
on time step 23760 (time=99), 0.0279151 s/step
on time step 23752 (time=98.9667), 0.0279118 s/step
on time step 23715 (time=98.8125), 0.0279094 s/step
on time step 23880 (time=99.5), 0.027911 s/step
on time step 23254 (time=96.8917), 0.0290806 s/step
on time step 23271 (time=96.9625), 0.0289063 s/step
on time step 22955 (time=95.6458), 0.0292726 s/step
on time step 654 (time=2.725), 0.0489452 s/step
on time step 22870 (time=95.2917), 0.0297519 s/step
on time step 23495 (time=97.8958), 0.0289863 s/step
field decay(t = 100.02083333333333): 2.519733987262555e-09 / 2.519733987262555e-09 = 1.0
on time step 24063 (time=100.263), 0.027852 s/step
on time step 23626 (time=98.4417), 0.0285962 s/step
on time step 23569 (time=98.2042), 0.0288107 s/step
on time step 23575 (time=98.2292), 0.0287857 s/step
field decay(t = 100.02083333333333): 5.368667375048755e-09 / 5.368667375048755e-09 = 1.0
on time step 24029 (time=100.121), 0.0278417 s/step
on time step 23622 (time=98.425), 0.0285926 s/step
on time step 23272 (time=96.9667), 0.0291957 s/step
on time step 23632 (time=98.4667), 0.0285957 s/step
on time step 23593 (time=98.3042), 0.0287947 s/step
on time step 23572 (time=98.2167), 0.028592 s/step
on time step 23333 (time=97.2208), 0.0291266 s/step
on time step 23912 (time=99.6333), 0.0278409 s/step
field decay(t = 100.02083333333333): 2.7276360031073365e-09 / 2.7276360031073365e-09 = 1.0
on time step 24083 (time=100.346), 0.0278451 s/step
on time step 23821 (time=99.2542), 0.0278481 s/step
on time step 23904 (time=99.6), 0.0278385 s/step
on time step 23896 (time=99.5667), 0.0278355 s/step
on time step 23859 (time=99.4125), 0.0278445 s/step
field decay(t = 100.02083333333333): 1.3284078973349764e-09 / 1.3284078973349764e-09 = 1.0
on time step 24024 (time=100.1), 0.0278448 s/step
on time step 23391 (time=97.4625), 0.0292013 s/step
on time step 23409 (time=97.5375), 0.0290851 s/step
on time step 23091 (time=96.2125), 0.0294294 s/step
on time step 736 (time=3.06667), 0.0489853 s/step
on time step 23005 (time=95.8542), 0.0298152 s/step
on time step 23634 (time=98.475), 0.0288978 s/step
on time step 24207 (time=100.862), 0.027862 s/step
on time step 23767 (time=99.0292), 0.0284848 s/step
on time step 23708 (time=98.7833), 0.0288516 s/step
on time step 23714 (time=98.8083), 0.0288644 s/step
on time step 24173 (time=100.721), 0.0278706 s/step
on time step 23763 (time=99.0125), 0.028478 s/step
on time step 23773 (time=99.0542), 0.0284794 s/step
on time step 23713 (time=98.8042), 0.0284716 s/step
on time step 23734 (time=98.8917), 0.0284874 s/step
on time step 23471 (time=97.7958), 0.029048 s/step
on time step 23410 (time=97.5417), 0.0291678 s/step
on time step 24227 (time=100.946), 0.0278668 s/step
field decay(t = 100.02083333333333): 1.4348923136308271e-09 / 1.4348923136308271e-09 = 1.0
on time step 24056 (time=100.233), 0.0278773 s/step
on time step 23965 (time=99.8542), 0.0278775 s/step
field decay(t = 100.02083333333333): 3.1354590575755653e-09 / 3.1354590575755653e-09 = 1.0
on time step 24040 (time=100.167), 0.0278772 s/step
field decay(t = 100.02083333333333): 1.6363732380320531e-09 / 1.6363732380320531e-09 = 1.0
on time step 24048 (time=100.2), 0.0278816 s/step
on time step 24003 (time=100.013), 0.0278815 s/step
on time step 24168 (time=100.7), 0.0278767 s/step
on time step 23529 (time=98.0375), 0.0291075 s/step
on time step 23547 (time=98.1125), 0.0291218 s/step
on time step 23228 (time=96.7833), 0.0292719 s/step
on time step 818 (time=3.40833), 0.0489315 s/step
on time step 23140 (time=96.4167), 0.0297742 s/step
on time step 23773 (time=99.0542), 0.0288713 s/step
on time step 23847 (time=99.3625), 0.0287879 s/step
on time step 24351 (time=101.463), 0.0278719 s/step
on time step 23908 (time=99.6167), 0.0285161 s/step
on time step 23854 (time=99.3917), 0.0287829 s/step
on time step 24317 (time=101.321), 0.0278735 s/step
on time step 23904 (time=99.6), 0.0285453 s/step
on time step 23874 (time=99.475), 0.0286379 s/step
on time step 23609 (time=98.3708), 0.0290684 s/step
on time step 23853 (time=99.3875), 0.0287 s/step
on time step 23914 (time=99.6417), 0.0285354 s/step
on time step 23548 (time=98.1167), 0.0291576 s/step
on time step 24371 (time=101.546), 0.0278721 s/step
on time step 24200 (time=100.833), 0.027869 s/step
field decay(t = 100.02083333333333): 1.991352877596604e-09 / 1.991352877596604e-09 = 1.0
on time step 24109 (time=100.454), 0.0278699 s/step
on time step 24192 (time=100.8), 0.0278583 s/step
on time step 24184 (time=100.767), 0.0278646 s/step
field decay(t = 100.02083333333333): 6.985934678443301e-09 / 6.985934678443301e-09 = 1.0
on time step 24147 (time=100.612), 0.0278564 s/step
on time step 24312 (time=101.3), 0.027859 s/step
on time step 23666 (time=98.6083), 0.0293073 s/step
on time step 23685 (time=98.6875), 0.0290789 s/step
on time step 23365 (time=97.3542), 0.0293855 s/step
on time step 900 (time=3.75), 0.0489386 s/step
on time step 23275 (time=96.9792), 0.0297624 s/step
on time step 23911 (time=99.6292), 0.0289995 s/step
on time step 24495 (time=102.062), 0.0278371 s/step
on time step 23987 (time=99.9458), 0.0287214 s/step
field decay(t = 100.02083333333333): 4.975750125123638e-09 / 4.975750125123638e-09 = 1.0
on time step 24049 (time=100.204), 0.0285384 s/step
on time step 24461 (time=101.921), 0.0278338 s/step
on time step 23994 (time=99.975), 0.0286999 s/step
on time step 23746 (time=98.9417), 0.0292213 s/step
field decay(t = 100.02083333333333): 3.8151282187118165e-09 / 3.8151282187118165e-09 = 1.0
on time step 24045 (time=100.188), 0.028523 s/step
on time step 23993 (time=99.9708), 0.0285774 s/step
field decay(t = 100.02083333333333): 6.985934678443301e-09 / 6.985934678443301e-09 = 1.0
on time step 24014 (time=100.058), 0.0286324 s/step
on time step 24515 (time=102.146), 0.0278305 s/step
on time step 24344 (time=101.433), 0.0278299 s/step
on time step 24253 (time=101.054), 0.0278316 s/step
field decay(t = 100.02083333333333): 3.1354590575755032e-09 / 3.1354590575755032e-09 = 1.0
on time step 24055 (time=100.229), 0.0285358 s/step
on time step 23686 (time=98.6917), 0.029145 s/step
on time step 24328 (time=101.367), 0.0278302 s/step
on time step 24336 (time=101.4), 0.0278351 s/step
on time step 24291 (time=101.213), 0.0278354 s/step
on time step 24456 (time=101.9), 0.0278331 s/step
on time step 23803 (time=99.1792), 0.0292183 s/step
on time step 23823 (time=99.2625), 0.0290218 s/step
on time step 23502 (time=97.925), 0.0292802 s/step
on time step 982 (time=4.09167), 0.0489382 s/step
on time step 23410 (time=97.5417), 0.0297724 s/step
field decay(t = 100.02083333333333): 1.2520096281254233e-08 / 1.2520096281254233e-08 = 1.0
on time step 24050 (time=100.208), 0.0288281 s/step
on time step 24639 (time=102.662), 0.0278829 s/step
field decay(t = 100.02083333333333): 3.611157411329628e-09 / 3.611157411329628e-09 = 1.0
on time step 24128 (time=100.533), 0.0285034 s/step
on time step 24190 (time=100.792), 0.0285123 s/step
on time step 24605 (time=102.521), 0.0278886 s/step
field decay(t = 100.02083333333333): 1.0059678359229497e-08 / 1.0059678359229497e-08 = 1.0
on time step 24134 (time=100.558), 0.0287346 s/step
on time step 23884 (time=99.5167), 0.0291278 s/step
on time step 24186 (time=100.775), 0.0285069 s/step
on time step 24155 (time=100.646), 0.0285045 s/step
field decay(t = 100.02083333333333): 2.519733987262555e-09 / 2.519733987262555e-09 = 1.0
on time step 24134 (time=100.558), 0.0285075 s/step
on time step 24659 (time=102.746), 0.0278904 s/step
on time step 24488 (time=102.033), 0.0278884 s/step
on time step 24397 (time=101.654), 0.0278979 s/step
on time step 24196 (time=100.817), 0.0285073 s/step
on time step 23824 (time=99.2667), 0.0291269 s/step
on time step 24480 (time=102), 0.0278901 s/step
on time step 24472 (time=101.967), 0.0278952 s/step
on time step 24435 (time=101.812), 0.0278973 s/step
on time step 24600 (time=102.5), 0.0278977 s/step
on time step 23941 (time=99.7542), 0.0291508 s/step
on time step 23962 (time=99.8417), 0.0289161 s/step
on time step 23639 (time=98.4958), 0.0293801 s/step
on time step 1064 (time=4.43333), 0.048961 s/step
on time step 23545 (time=98.1042), 0.02978 s/step
on time step 24188 (time=100.783), 0.0289961 s/step
on time step 24783 (time=103.263), 0.0278687 s/step
on time step 24267 (time=101.112), 0.0288485 s/step
on time step 24331 (time=101.379), 0.0284854 s/step
on time step 24749 (time=103.121), 0.0278727 s/step
on time step 24273 (time=101.138), 0.0288496 s/step
on time step 24327 (time=101.362), 0.028477 s/step
on time step 24296 (time=101.233), 0.0284752 s/step
on time step 24275 (time=101.146), 0.0284741 s/step
field decay(t = 100.02083333333333): 3.815128218711848e-09 / 3.815128218711848e-09 = 1.0
on time step 24022 (time=100.092), 0.0291292 s/step
on time step 24803 (time=103.346), 0.0278792 s/step
on time step 24632 (time=102.633), 0.0278765 s/step
on time step 24541 (time=102.254), 0.0278748 s/step
on time step 24337 (time=101.404), 0.0284773 s/step
on time step 23962 (time=99.8417), 0.0291211 s/step
on time step 24624 (time=102.6), 0.0278753 s/step
on time step 24616 (time=102.567), 0.027874 s/step
on time step 24579 (time=102.412), 0.0278696 s/step
on time step 24744 (time=103.1), 0.0278802 s/step
field decay(t = 100.02083333333333): 1.0059678359229555e-08 / 1.0059678359229555e-08 = 1.0
on time step 24078 (time=100.325), 0.0292173 s/step
field decay(t = 100.02083333333333): 4.975750125123598e-09 / 4.975750125123598e-09 = 1.0
on time step 24100 (time=100.417), 0.0290462 s/step
on time step 23776 (time=99.0667), 0.029374 s/step
on time step 1146 (time=4.775), 0.048995 s/step
on time step 23680 (time=98.6667), 0.0297688 s/step
on time step 24328 (time=101.367), 0.0287204 s/step
on time step 24407 (time=101.696), 0.0285788 s/step
on time step 24927 (time=103.862), 0.0279239 s/step
on time step 24472 (time=101.967), 0.0285145 s/step
on time step 24893 (time=103.721), 0.0279268 s/step
on time step 24413 (time=101.721), 0.028665 s/step
on time step 24468 (time=101.95), 0.0285163 s/step
on time step 24416 (time=101.733), 0.0285134 s/step
on time step 24437 (time=101.821), 0.0285177 s/step
on time step 24160 (time=100.667), 0.0291606 s/step
on time step 24947 (time=103.946), 0.0279231 s/step
on time step 24776 (time=103.233), 0.0279239 s/step
on time step 24685 (time=102.854), 0.0279256 s/step
on time step 24478 (time=101.992), 0.0285187 s/step
field decay(t = 100.02083333333333): 2.7276360031073113e-09 / 2.7276360031073113e-09 = 1.0
on time step 24100 (time=100.417), 0.0291812 s/step
on time step 24760 (time=103.167), 0.0279213 s/step
on time step 24768 (time=103.2), 0.0279255 s/step
on time step 24723 (time=103.013), 0.0279265 s/step
on time step 24888 (time=103.7), 0.0279216 s/step
on time step 24216 (time=100.9), 0.0291476 s/step
on time step 24238 (time=100.992), 0.028995 s/step
on time step 23913 (time=99.6375), 0.0293227 s/step
on time step 1228 (time=5.11667), 0.0489742 s/step
on time step 23815 (time=99.2292), 0.0297395 s/step
on time step 24467 (time=101.946), 0.0289141 s/step
on time step 24546 (time=102.275), 0.0288064 s/step
on time step 25071 (time=104.462), 0.0278798 s/step
on time step 24613 (time=102.554), 0.028494 s/step
on time step 25037 (time=104.321), 0.0278813 s/step
on time step 24553 (time=102.304), 0.0287389 s/step
on time step 24609 (time=102.537), 0.0285066 s/step
on time step 24557 (time=102.321), 0.0285227 s/step
on time step 24578 (time=102.408), 0.0285296 s/step
on time step 24298 (time=101.242), 0.0291713 s/step
on time step 24920 (time=103.833), 0.0278875 s/step
on time step 25091 (time=104.546), 0.0278947 s/step
on time step 24829 (time=103.454), 0.0278846 s/step
on time step 24237 (time=100.987), 0.0292253 s/step
on time step 24619 (time=102.579), 0.0284989 s/step
on time step 24912 (time=103.8), 0.0278858 s/step
on time step 24904 (time=103.767), 0.0278893 s/step
on time step 24867 (time=103.612), 0.0278862 s/step
on time step 25032 (time=104.3), 0.027889 s/step
on time step 24376 (time=101.567), 0.0290527 s/step
on time step 24354 (time=101.475), 0.0291918 s/step
field decay(t = 100.02083333333333): 2.599478363617227e-09 / 2.599478363617227e-09 = 1.0
on time step 24050 (time=100.208), 0.0293225 s/step
on time step 1310 (time=5.45833), 0.048971 s/step
on time step 23950 (time=99.7917), 0.0297203 s/step
on time step 24605 (time=102.521), 0.0290019 s/step
on time step 24686 (time=102.858), 0.0287642 s/step
on time step 25215 (time=105.062), 0.0278828 s/step
on time step 24753 (time=103.138), 0.0286079 s/step
on time step 25181 (time=104.921), 0.0278805 s/step
on time step 24693 (time=102.888), 0.0287219 s/step
on time step 24749 (time=103.121), 0.0286043 s/step
on time step 24697 (time=102.904), 0.028593 s/step
on time step 24718 (time=102.992), 0.0285898 s/step
on time step 24374 (time=101.558), 0.029212 s/step
on time step 24436 (time=101.817), 0.0290961 s/step
on time step 25064 (time=104.433), 0.0278657 s/step
on time step 25235 (time=105.146), 0.027864 s/step
on time step 24973 (time=104.054), 0.0278711 s/step
on time step 24759 (time=103.162), 0.0286257 s/step
on time step 25048 (time=104.367), 0.0278626 s/step
on time step 25056 (time=104.4), 0.0278665 s/step
on time step 25011 (time=104.212), 0.0278588 s/step
on time step 24514 (time=102.142), 0.029018 s/step
on time step 25176 (time=104.9), 0.0278514 s/step
on time step 24491 (time=102.046), 0.0292458 s/step
on time step 24187 (time=100.779), 0.029389 s/step
on time step 1392 (time=5.8), 0.048983 s/step
field decay(t = 100.02083333333333): 1.768120884935296e-08 / 1.768120884935296e-08 = 1.0
on time step 24085 (time=100.354), 0.0297607 s/step
on time step 24744 (time=103.1), 0.0289188 s/step
on time step 24825 (time=103.438), 0.0288001 s/step
on time step 25359 (time=105.662), 0.0278488 s/step
on time step 24894 (time=103.725), 0.0285067 s/step
on time step 25325 (time=105.521), 0.0278556 s/step
on time step 24832 (time=103.467), 0.0288219 s/step
on time step 24890 (time=103.708), 0.0284978 s/step
on time step 24859 (time=103.579), 0.0284938 s/step
on time step 24838 (time=103.492), 0.0285021 s/step
on time step 24511 (time=102.129), 0.0292148 s/step
on time step 24574 (time=102.392), 0.0290097 s/step
on time step 25208 (time=105.033), 0.0278747 s/step
on time step 25379 (time=105.746), 0.0278722 s/step
on time step 25117 (time=104.654), 0.0278712 s/step
on time step 24900 (time=103.75), 0.0284879 s/step
on time step 25200 (time=105), 0.0278711 s/step
on time step 25192 (time=104.967), 0.0278756 s/step
on time step 25155 (time=104.812), 0.0278776 s/step
on time step 24652 (time=102.717), 0.0289957 s/step
on time step 25320 (time=105.5), 0.0278885 s/step
on time step 24628 (time=102.617), 0.0292664 s/step
on time step 24324 (time=101.35), 0.0293539 s/step
on time step 1474 (time=6.14167), 0.0489648 s/step
on time step 24220 (time=100.917), 0.0297276 s/step
on time step 24883 (time=103.679), 0.0289326 s/step
on time step 24965 (time=104.021), 0.0287137 s/step
on time step 25503 (time=106.263), 0.027913 s/step
on time step 25035 (time=104.312), 0.0285112 s/step
on time step 25469 (time=106.121), 0.0279136 s/step
on time step 24972 (time=104.05), 0.0287197 s/step
on time step 24649 (time=102.704), 0.0290522 s/step
on time step 25031 (time=104.296), 0.0285039 s/step
on time step 25000 (time=104.167), 0.0285031 s/step
on time step 24979 (time=104.079), 0.0285046 s/step
on time step 24712 (time=102.967), 0.0291729 s/step
on time step 25352 (time=105.633), 0.0279142 s/step
on time step 25523 (time=106.346), 0.0279129 s/step
on time step 25261 (time=105.254), 0.0279293 s/step
on time step 25041 (time=104.337), 0.0285141 s/step
on time step 25336 (time=105.567), 0.0279113 s/step
on time step 25344 (time=105.6), 0.0279174 s/step
on time step 25299 (time=105.412), 0.0279167 s/step
on time step 24791 (time=103.296), 0.0289793 s/step
on time step 25464 (time=106.1), 0.0279108 s/step
on time step 24766 (time=103.192), 0.0291537 s/step
on time step 24461 (time=101.921), 0.0293576 s/step
on time step 1556 (time=6.48333), 0.0489461 s/step
on time step 24355 (time=101.479), 0.0297253 s/step
on time step 25021 (time=104.254), 0.0290044 s/step
on time step 25105 (time=104.604), 0.0287102 s/step
on time step 25647 (time=106.862), 0.027898 s/step
on time step 25176 (time=104.9), 0.0284851 s/step
on time step 25613 (time=106.721), 0.0278972 s/step
on time step 25112 (time=104.633), 0.0286881 s/step
on time step 25172 (time=104.883), 0.0284906 s/step
on time step 25141 (time=104.754), 0.0284883 s/step
on time step 25120 (time=104.667), 0.0284904 s/step
on time step 24787 (time=103.279), 0.0291899 s/step
on time step 24850 (time=103.542), 0.0290701 s/step
on time step 25496 (time=106.233), 0.0279061 s/step
on time step 25667 (time=106.946), 0.0279072 s/step
on time step 25405 (time=105.854), 0.0278878 s/step
on time step 25182 (time=104.925), 0.0284922 s/step
on time step 25488 (time=106.2), 0.0278928 s/step
on time step 25480 (time=106.167), 0.0278962 s/step
on time step 25443 (time=106.013), 0.0278965 s/step
on time step 24929 (time=103.871), 0.0290377 s/step
on time step 24903 (time=103.763), 0.0292192 s/step
on time step 25608 (time=106.7), 0.027899 s/step
on time step 24598 (time=102.492), 0.0293933 s/step
on time step 1638 (time=6.825), 0.0489967 s/step
on time step 24490 (time=102.042), 0.0298139 s/step
on time step 25160 (time=104.833), 0.028976 s/step
on time step 25244 (time=105.183), 0.028856 s/step
on time step 25791 (time=107.462), 0.0278913 s/step
on time step 25317 (time=105.487), 0.0285089 s/step
on time step 25757 (time=107.321), 0.0278918 s/step
on time step 25251 (time=105.212), 0.0288861 s/step
on time step 24987 (time=104.112), 0.0292176 s/step
on time step 24924 (time=103.85), 0.029264 s/step
on time step 25313 (time=105.471), 0.028522 s/step
on time step 25261 (time=105.254), 0.0285558 s/step
on time step 25282 (time=105.342), 0.02857 s/step
on time step 25640 (time=106.833), 0.0278876 s/step
on time step 25811 (time=107.546), 0.027885 s/step
on time step 25549 (time=106.454), 0.0278861 s/step
on time step 25323 (time=105.513), 0.0285204 s/step
on time step 25624 (time=106.767), 0.0278797 s/step
on time step 25632 (time=106.8), 0.0278838 s/step
on time step 25587 (time=106.612), 0.0278745 s/step
on time step 25067 (time=104.446), 0.0290504 s/step
on time step 25040 (time=104.333), 0.0292485 s/step
on time step 25752 (time=107.3), 0.0278816 s/step
on time step 24735 (time=103.062), 0.0294106 s/step
on time step 1720 (time=7.16667), 0.0489217 s/step
on time step 24625 (time=102.604), 0.0297977 s/step
on time step 25299 (time=105.412), 0.0288681 s/step
on time step 25384 (time=105.767), 0.0287162 s/step
on time step 25935 (time=108.062), 0.027895 s/step
on time step 25458 (time=106.075), 0.0284878 s/step
on time step 25901 (time=107.921), 0.0278962 s/step
on time step 25391 (time=105.796), 0.0287651 s/step
on time step 25124 (time=104.683), 0.029268 s/step
on time step 25062 (time=104.425), 0.0291664 s/step
on time step 25454 (time=106.058), 0.028502 s/step
on time step 25423 (time=105.929), 0.0285102 s/step
on time step 25402 (time=105.842), 0.0285356 s/step
on time step 25955 (time=108.146), 0.0278941 s/step
on time step 25784 (time=107.433), 0.0279017 s/step
on time step 25693 (time=107.054), 0.0279071 s/step
on time step 25464 (time=106.1), 0.0285065 s/step
on time step 25776 (time=107.4), 0.0279013 s/step
on time step 25768 (time=107.367), 0.0279045 s/step
on time step 25205 (time=105.021), 0.0290662 s/step
on time step 25731 (time=107.212), 0.0279097 s/step
on time step 25178 (time=104.908), 0.0291844 s/step
on time step 25896 (time=107.9), 0.0278896 s/step
on time step 24872 (time=103.633), 0.0293698 s/step
on time step 1802 (time=7.50833), 0.0490016 s/step
on time step 24760 (time=103.167), 0.0297634 s/step
on time step 25438 (time=105.992), 0.0289624 s/step
on time step 25524 (time=106.35), 0.0287229 s/step
on time step 26079 (time=108.662), 0.0279026 s/step
on time step 25599 (time=106.662), 0.0284839 s/step
on time step 26045 (time=108.521), 0.0279062 s/step
on time step 25531 (time=106.379), 0.0286657 s/step
on time step 25262 (time=105.258), 0.0291462 s/step
on time step 25595 (time=106.646), 0.028466 s/step
on time step 25543 (time=106.429), 0.0284004 s/step
on time step 25564 (time=106.517), 0.0284197 s/step
on time step 25200 (time=105), 0.0291693 s/step
on time step 26099 (time=108.746), 0.0279108 s/step
on time step 25928 (time=108.033), 0.0279107 s/step
on time step 25837 (time=107.654), 0.0279067 s/step
on time step 25605 (time=106.688), 0.0284646 s/step
on time step 25920 (time=108), 0.0279055 s/step
on time step 25912 (time=107.967), 0.0279048 s/step
on time step 25344 (time=105.6), 0.0288758 s/step
on time step 25875 (time=107.812), 0.0278986 s/step
on time step 26040 (time=108.5), 0.02792 s/step
on time step 25316 (time=105.483), 0.0291641 s/step
on time step 25009 (time=104.204), 0.0293513 s/step
on time step 1884 (time=7.85), 0.0489359 s/step
on time step 24895 (time=103.729), 0.0297743 s/step
on time step 25577 (time=106.571), 0.0289635 s/step
on time step 25664 (time=106.933), 0.0287018 s/step
on time step 26223 (time=109.263), 0.027864 s/step
on time step 25739 (time=107.246), 0.0285825 s/step
on time step 26189 (time=109.121), 0.0278561 s/step
on time step 25670 (time=106.958), 0.0288247 s/step
on time step 25735 (time=107.229), 0.0285974 s/step
on time step 25704 (time=107.1), 0.0286055 s/step
on time step 25400 (time=105.833), 0.0291183 s/step
on time step 25683 (time=107.013), 0.0286249 s/step
on time step 26243 (time=109.346), 0.0278483 s/step
on time step 26072 (time=108.633), 0.0278459 s/step
on time step 25981 (time=108.254), 0.0278534 s/step
on time step 25745 (time=107.271), 0.0286047 s/step
on time step 25338 (time=105.575), 0.0291622 s/step
on time step 26056 (time=108.567), 0.0278437 s/step
on time step 26064 (time=108.6), 0.0278482 s/step
on time step 26019 (time=108.412), 0.0278506 s/step
on time step 25483 (time=106.179), 0.028939 s/step
on time step 26184 (time=109.1), 0.0278428 s/step
on time step 25453 (time=106.054), 0.0293074 s/step
on time step 25146 (time=104.775), 0.0293756 s/step
on time step 1966 (time=8.19167), 0.0489661 s/step
on time step 25030 (time=104.292), 0.0297979 s/step
on time step 25716 (time=107.15), 0.028888 s/step
on time step 25803 (time=107.513), 0.0288738 s/step
on time step 26367 (time=109.862), 0.0278582 s/step
on time step 25880 (time=107.833), 0.0285544 s/step
on time step 26333 (time=109.721), 0.0278634 s/step
on time step 25809 (time=107.537), 0.0289828 s/step
on time step 25844 (time=107.683), 0.0285852 s/step
on time step 25822 (time=107.592), 0.0287893 s/step
on time step 25538 (time=106.408), 0.0290809 s/step
on time step 25876 (time=107.817), 0.0285734 s/step
on time step 25885 (time=107.854), 0.0285867 s/step
on time step 26387 (time=109.946), 0.0278668 s/step
on time step 26216 (time=109.233), 0.0278632 s/step
on time step 26125 (time=108.854), 0.0278646 s/step
on time step 25476 (time=106.15), 0.0291349 s/step
on time step 26208 (time=109.2), 0.0278627 s/step
on time step 26200 (time=109.167), 0.0278688 s/step
on time step 25621 (time=106.754), 0.0290311 s/step
on time step 26163 (time=109.013), 0.0278604 s/step
on time step 25590 (time=106.625), 0.029216 s/step
on time step 26328 (time=109.7), 0.0278605 s/step
on time step 25282 (time=105.342), 0.0294257 s/step
on time step 2048 (time=8.53333), 0.0489395 s/step
on time step 25165 (time=104.854), 0.0297175 s/step
on time step 25856 (time=107.733), 0.0287429 s/step
on time step 25943 (time=108.096), 0.0285772 s/step
on time step 26511 (time=110.462), 0.0279231 s/step
on time step 26020 (time=108.417), 0.0285999 s/step
on time step 26477 (time=110.321), 0.027914 s/step
on time step 25950 (time=108.125), 0.0285654 s/step
on time step 25676 (time=106.983), 0.0290502 s/step
on time step 26016 (time=108.4), 0.0285813 s/step
on time step 25985 (time=108.271), 0.0285671 s/step
on time step 25963 (time=108.179), 0.0285685 s/step
on time step 25613 (time=106.721), 0.0292454 s/step
on time step 26531 (time=110.546), 0.0279132 s/step
on time step 26360 (time=109.833), 0.0279175 s/step
on time step 26026 (time=108.442), 0.0285667 s/step
on time step 26269 (time=109.454), 0.0279269 s/step
on time step 26352 (time=109.8), 0.0279202 s/step
on time step 26344 (time=109.767), 0.0279194 s/step
on time step 25760 (time=107.333), 0.0287897 s/step
on time step 26307 (time=109.612), 0.0279283 s/step
on time step 26472 (time=110.3), 0.0279208 s/step
on time step 25728 (time=107.2), 0.029176 s/step
on time step 25419 (time=105.912), 0.0293633 s/step
on time step 2130 (time=8.875), 0.0490088 s/step
on time step 25300 (time=105.417), 0.0297996 s/step
on time step 25995 (time=108.312), 0.0289339 s/step
on time step 26083 (time=108.679), 0.0287203 s/step
on time step 26655 (time=111.062), 0.0278504 s/step
on time step 26161 (time=109.004), 0.0285418 s/step
on time step 26621 (time=110.921), 0.0278595 s/step
on time step 26089 (time=108.704), 0.028943 s/step
on time step 25814 (time=107.558), 0.0291291 s/step
on time step 26157 (time=108.987), 0.0285402 s/step
on time step 26126 (time=108.858), 0.0285458 s/step
on time step 26103 (time=108.763), 0.0287479 s/step
on time step 26504 (time=110.433), 0.0278617 s/step
on time step 26675 (time=111.146), 0.0278702 s/step
on time step 26413 (time=110.054), 0.0278545 s/step
on time step 25751 (time=107.296), 0.029152 s/step
on time step 26167 (time=109.029), 0.028533 s/step
on time step 25898 (time=107.908), 0.0290098 s/step
on time step 26488 (time=110.367), 0.0278579 s/step
on time step 26496 (time=110.4), 0.0278632 s/step
on time step 26451 (time=110.212), 0.0278594 s/step
on time step 26616 (time=110.9), 0.0278685 s/step
on time step 25866 (time=107.775), 0.0291568 s/step
on time step 25556 (time=106.483), 0.0292865 s/step
on time step 2212 (time=9.21667), 0.0489109 s/step
on time step 25435 (time=105.979), 0.0297702 s/step
on time step 26133 (time=108.888), 0.0289967 s/step
on time step 26223 (time=109.263), 0.0286562 s/step
on time step 26799 (time=111.662), 0.0278436 s/step
on time step 26301 (time=109.587), 0.0286085 s/step
on time step 26765 (time=111.521), 0.027843 s/step
on time step 26228 (time=109.283), 0.0289309 s/step
on time step 26297 (time=109.571), 0.0285958 s/step
on time step 26266 (time=109.442), 0.0285841 s/step
on time step 26243 (time=109.346), 0.028579 s/step
on time step 25952 (time=108.133), 0.0291339 s/step
on time step 26819 (time=111.746), 0.027838 s/step
on time step 26648 (time=111.033), 0.027847 s/step
on time step 26557 (time=110.654), 0.027847 s/step
on time step 26307 (time=109.612), 0.028611 s/step
on time step 25889 (time=107.871), 0.0291343 s/step
on time step 26640 (time=111), 0.0278402 s/step
on time step 26632 (time=110.967), 0.0278456 s/step
on time step 26037 (time=108.487), 0.0289312 s/step
on time step 26595 (time=110.812), 0.0278429 s/step
on time step 26760 (time=111.5), 0.0278457 s/step
on time step 26003 (time=108.346), 0.0292195 s/step
on time step 25692 (time=107.05), 0.0294228 s/step
on time step 2294 (time=9.55833), 0.0489504 s/step
on time step 25570 (time=106.542), 0.0297535 s/step
on time step 26272 (time=109.467), 0.0289452 s/step
on time step 26362 (time=109.842), 0.0289049 s/step
on time step 26943 (time=112.263), 0.0278356 s/step
on time step 26441 (time=110.171), 0.0285987 s/step
on time step 26909 (time=112.121), 0.0278324 s/step
on time step 26367 (time=109.862), 0.0288398 s/step
on time step 26437 (time=110.154), 0.0286109 s/step
on time step 26406 (time=110.025), 0.0286407 s/step
on time step 26382 (time=109.925), 0.02885 s/step
on time step 26963 (time=112.346), 0.0278303 s/step
on time step 26792 (time=111.633), 0.0278305 s/step
on time step 26701 (time=111.254), 0.0278263 s/step
on time step 26090 (time=108.708), 0.029167 s/step
on time step 26447 (time=110.196), 0.0286081 s/step
on time step 26784 (time=111.6), 0.027832 s/step
on time step 26776 (time=111.567), 0.0278337 s/step
on time step 26175 (time=109.062), 0.0290123 s/step
on time step 26027 (time=108.446), 0.0291666 s/step
on time step 26739 (time=111.412), 0.0278282 s/step
on time step 26904 (time=112.1), 0.0278236 s/step
on time step 26140 (time=108.917), 0.0292466 s/step
on time step 25829 (time=107.621), 0.0293576 s/step
on time step 2376 (time=9.9), 0.0489686 s/step
on time step 25705 (time=107.104), 0.0297792 s/step
on time step 26411 (time=110.046), 0.0288991 s/step
on time step 26501 (time=110.421), 0.0288411 s/step
on time step 27087 (time=112.862), 0.027845 s/step
on time step 26582 (time=110.758), 0.0285589 s/step
on time step 27053 (time=112.721), 0.0278548 s/step
on time step 26577 (time=110.737), 0.0285814 s/step
on time step 26506 (time=110.442), 0.0288364 s/step
on time step 26587 (time=110.779), 0.0285918 s/step
on time step 26546 (time=110.608), 0.0287659 s/step
on time step 26521 (time=110.504), 0.0289705 s/step
on time step 27107 (time=112.946), 0.0278524 s/step
on time step 26936 (time=112.233), 0.0278589 s/step
on time step 26845 (time=111.854), 0.0278693 s/step
on time step 26228 (time=109.283), 0.0290732 s/step
on time step 26928 (time=112.2), 0.027849 s/step
on time step 26920 (time=112.167), 0.0278461 s/step
on time step 26164 (time=109.017), 0.029212 s/step
on time step 26313 (time=109.638), 0.029022 s/step
on time step 26883 (time=112.013), 0.0278539 s/step
on time step 27048 (time=112.7), 0.0278401 s/step
on time step 26277 (time=109.487), 0.0292395 s/step
on time step 25966 (time=108.192), 0.0293701 s/step
on time step 2458 (time=10.2417), 0.0489216 s/step
on time step 25840 (time=107.667), 0.0296829 s/step
on time step 26551 (time=110.629), 0.0286203 s/step
on time step 26641 (time=111.004), 0.0285912 s/step
on time step 27231 (time=113.462), 0.0279129 s/step
on time step 26722 (time=111.342), 0.0285875 s/step
on time step 27197 (time=113.321), 0.0279098 s/step
on time step 26717 (time=111.321), 0.0285718 s/step
on time step 26647 (time=111.029), 0.028566 s/step
on time step 27080 (time=112.833), 0.0279123 s/step
on time step 27251 (time=113.546), 0.027922 s/step
on time step 26989 (time=112.454), 0.0279042 s/step
on time step 26728 (time=111.367), 0.0285607 s/step
on time step 26687 (time=111.196), 0.0285573 s/step
on time step 26662 (time=111.092), 0.0285654 s/step
on time step 26302 (time=109.592), 0.0290018 s/step
on time step 26367 (time=109.862), 0.0289758 s/step
on time step 27072 (time=112.8), 0.0279195 s/step
on time step 27064 (time=112.767), 0.0279169 s/step
on time step 26453 (time=110.221), 0.0287454 s/step
on time step 27027 (time=112.612), 0.0279172 s/step
on time step 27192 (time=113.3), 0.0279297 s/step
on time step 26415 (time=110.062), 0.0291659 s/step
on time step 26103 (time=108.763), 0.0293733 s/step
on time step 2540 (time=10.5833), 0.0489469 s/step
on time step 25975 (time=108.229), 0.0297353 s/step
on time step 26690 (time=111.208), 0.0289738 s/step
on time step 26780 (time=111.583), 0.0289009 s/step
on time step 27375 (time=114.062), 0.027874 s/step
on time step 26863 (time=111.929), 0.0285182 s/step
on time step 27341 (time=113.921), 0.0278842 s/step
on time step 26858 (time=111.908), 0.0285045 s/step
on time step 26786 (time=111.608), 0.0287834 s/step
on time step 27224 (time=113.433), 0.0278906 s/step
on time step 27395 (time=114.146), 0.0278907 s/step
on time step 27133 (time=113.054), 0.0278945 s/step
on time step 26869 (time=111.954), 0.0285115 s/step
on time step 26828 (time=111.783), 0.0285128 s/step
on time step 26802 (time=111.675), 0.0287076 s/step
on time step 26505 (time=110.438), 0.0291638 s/step
on time step 26440 (time=110.167), 0.0291751 s/step
on time step 27216 (time=113.4), 0.027892 s/step
on time step 27208 (time=113.367), 0.0278893 s/step
on time step 26592 (time=110.8), 0.028987 s/step
on time step 27171 (time=113.212), 0.027884 s/step
on time step 27336 (time=113.9), 0.0278868 s/step
on time step 26552 (time=110.633), 0.0292877 s/step
on time step 26240 (time=109.333), 0.0293627 s/step
on time step 2622 (time=10.925), 0.0489375 s/step
on time step 26110 (time=108.792), 0.0297155 s/step
on time step 26829 (time=111.787), 0.0289218 s/step
on time step 26919 (time=112.162), 0.0288012 s/step
on time step 27519 (time=114.662), 0.0278129 s/step
on time step 27003 (time=112.513), 0.0286041 s/step
on time step 27485 (time=114.521), 0.0278059 s/step
on time step 26998 (time=112.492), 0.0285993 s/step
on time step 26925 (time=112.188), 0.0289313 s/step
on time step 27368 (time=114.033), 0.0278017 s/step
on time step 27539 (time=114.746), 0.027806 s/step
on time step 27277 (time=113.654), 0.0278014 s/step
on time step 26968 (time=112.367), 0.0285941 s/step
on time step 27009 (time=112.537), 0.0286064 s/step
on time step 26941 (time=112.254), 0.0288092 s/step
on time step 27360 (time=114), 0.0278047 s/step
on time step 27352 (time=113.967), 0.027803 s/step
on time step 26643 (time=111.013), 0.0291114 s/step
on time step 26578 (time=110.742), 0.0291709 s/step
on time step 26730 (time=111.375), 0.0290799 s/step
on time step 27315 (time=113.812), 0.0278081 s/step
on time step 27480 (time=114.5), 0.0278121 s/step
on time step 26689 (time=111.204), 0.0292738 s/step
on time step 26376 (time=109.9), 0.029429 s/step
on time step 2704 (time=11.2667), 0.0489998 s/step
on time step 26245 (time=109.354), 0.0297133 s/step
on time step 26968 (time=112.367), 0.0289371 s/step
on time step 27058 (time=112.742), 0.0289205 s/step
on time step 27663 (time=115.263), 0.0278665 s/step
on time step 27144 (time=113.1), 0.0284885 s/step
on time step 27629 (time=115.121), 0.0278652 s/step
on time step 27139 (time=113.079), 0.0285144 s/step
on time step 27064 (time=112.767), 0.0289712 s/step
on time step 27512 (time=114.633), 0.027862 s/step
on time step 27683 (time=115.346), 0.0278585 s/step
on time step 27421 (time=114.254), 0.0278643 s/step
on time step 27150 (time=113.125), 0.0285201 s/step
on time step 27109 (time=112.954), 0.0285472 s/step
on time step 27081 (time=112.837), 0.0287673 s/step
on time step 27504 (time=114.6), 0.0278581 s/step
on time step 27496 (time=114.567), 0.027859 s/step
on time step 26715 (time=111.312), 0.0292345 s/step
on time step 26781 (time=111.587), 0.0291435 s/step
on time step 27459 (time=114.412), 0.0278558 s/step
on time step 26869 (time=111.954), 0.0289884 s/step
on time step 27624 (time=115.1), 0.0278497 s/step
on time step 26826 (time=111.775), 0.0292692 s/step
on time step 26513 (time=110.471), 0.0293813 s/step
on time step 2786 (time=11.6083), 0.0489339 s/step
on time step 26380 (time=109.917), 0.0297197 s/step
on time step 27107 (time=112.946), 0.0288335 s/step
on time step 27198 (time=113.325), 0.0285874 s/step
on time step 27807 (time=115.862), 0.0278919 s/step
on time step 27285 (time=113.688), 0.0285674 s/step
on time step 27773 (time=115.721), 0.0278892 s/step
on time step 27279 (time=113.662), 0.0285735 s/step
on time step 27827 (time=115.946), 0.0278783 s/step
on time step 27656 (time=115.233), 0.0278846 s/step
on time step 27565 (time=114.854), 0.0278896 s/step
on time step 27204 (time=113.35), 0.0287406 s/step
on time step 27640 (time=115.167), 0.0278859 s/step
on time step 27648 (time=115.2), 0.0278912 s/step
on time step 27291 (time=113.712), 0.0285585 s/step
on time step 27250 (time=113.542), 0.0285499 s/step
on time step 26919 (time=112.162), 0.0290208 s/step
on time step 27222 (time=113.425), 0.0285332 s/step
on time step 26853 (time=111.888), 0.0291249 s/step
on time step 27603 (time=115.013), 0.0278927 s/step
on time step 27008 (time=112.533), 0.0288953 s/step
on time step 27768 (time=115.7), 0.0278865 s/step
on time step 26963 (time=112.346), 0.0292674 s/step
on time step 26650 (time=111.042), 0.0292901 s/step
on time step 2868 (time=11.95), 0.0489413 s/step
on time step 26515 (time=110.479), 0.0298089 s/step
on time step 27246 (time=113.525), 0.0289524 s/step
on time step 27338 (time=113.908), 0.0287288 s/step
on time step 27951 (time=116.462), 0.0278547 s/step
on time step 27917 (time=116.321), 0.0278651 s/step
on time step 27426 (time=114.275), 0.0285506 s/step
on time step 27420 (time=114.25), 0.0285412 s/step
on time step 27971 (time=116.546), 0.0278687 s/step
on time step 27800 (time=115.833), 0.0278669 s/step
on time step 27709 (time=115.454), 0.0278706 s/step
on time step 27344 (time=113.933), 0.02878 s/step
on time step 26990 (time=112.458), 0.0292101 s/step
on time step 27784 (time=115.767), 0.0278709 s/step
on time step 27792 (time=115.8), 0.0278684 s/step
on time step 27362 (time=114.008), 0.0286449 s/step
on time step 27057 (time=112.737), 0.0291237 s/step
on time step 27432 (time=114.3), 0.0285339 s/step
on time step 27391 (time=114.129), 0.0285665 s/step
on time step 27747 (time=115.612), 0.0278669 s/step
on time step 27146 (time=113.108), 0.0289988 s/step
on time step 27912 (time=116.3), 0.0278775 s/step
on time step 27100 (time=112.917), 0.0292986 s/step
on time step 26787 (time=111.612), 0.0293607 s/step
on time step 2950 (time=12.2917), 0.0489395 s/step
on time step 26650 (time=111.042), 0.0297265 s/step
on time step 27384 (time=114.1), 0.0290294 s/step
on time step 28095 (time=117.062), 0.0277978 s/step
on time step 27477 (time=114.487), 0.0289586 s/step
on time step 28061 (time=116.921), 0.0277986 s/step
on time step 27566 (time=114.858), 0.0285806 s/step
on time step 27561 (time=114.837), 0.028563 s/step
on time step 27944 (time=116.433), 0.0278085 s/step
on time step 28115 (time=117.146), 0.02782 s/step
on time step 27853 (time=116.054), 0.0278113 s/step
on time step 27928 (time=116.367), 0.0278185 s/step
on time step 27936 (time=116.4), 0.027815 s/step
on time step 27572 (time=114.883), 0.0285758 s/step
on time step 27501 (time=114.587), 0.0288593 s/step
on time step 27483 (time=114.513), 0.0289151 s/step
on time step 27195 (time=113.312), 0.0290292 s/step
on time step 27128 (time=113.033), 0.0291115 s/step
on time step 27891 (time=116.212), 0.0278216 s/step
on time step 27531 (time=114.712), 0.0287453 s/step
on time step 27284 (time=113.683), 0.0290363 s/step
on time step 28056 (time=116.9), 0.0278167 s/step
on time step 27238 (time=113.492), 0.0291284 s/step
on time step 26924 (time=112.183), 0.0293223 s/step
on time step 3032 (time=12.6333), 0.0489177 s/step
on time step 26785 (time=111.604), 0.029668 s/step
on time step 27523 (time=114.679), 0.0289245 s/step
on time step 28239 (time=117.662), 0.0279169 s/step
on time step 27618 (time=115.075), 0.02852 s/step
on time step 28205 (time=117.521), 0.0279178 s/step
on time step 27707 (time=115.446), 0.0285126 s/step
on time step 27702 (time=115.425), 0.0285077 s/step
on time step 28259 (time=117.746), 0.0279022 s/step
on time step 28088 (time=117.033), 0.0279077 s/step
on time step 27997 (time=116.654), 0.0279123 s/step
on time step 28080 (time=117), 0.0278981 s/step
on time step 28072 (time=116.967), 0.0279099 s/step
on time step 27713 (time=115.471), 0.0285108 s/step
on time step 27642 (time=115.175), 0.0285065 s/step
on time step 27624 (time=115.1), 0.0285049 s/step
on time step 27333 (time=113.888), 0.0291263 s/step
on time step 27266 (time=113.608), 0.0291327 s/step
on time step 28035 (time=116.812), 0.0279113 s/step
on time step 27672 (time=115.3), 0.0285051 s/step
on time step 27423 (time=114.263), 0.0289095 s/step
on time step 27375 (time=114.062), 0.0292056 s/step
on time step 28200 (time=117.5), 0.0279103 s/step
on time step 27061 (time=112.754), 0.029339 s/step
on time step 3114 (time=12.975), 0.048914 s/step
on time step 26920 (time=112.167), 0.0298208 s/step
on time step 27662 (time=115.258), 0.0288784 s/step
on time step 27757 (time=115.654), 0.0287953 s/step
on time step 28383 (time=118.263), 0.0278683 s/step
on time step 28349 (time=118.121), 0.0278612 s/step
on time step 27847 (time=116.029), 0.0286259 s/step
on time step 27842 (time=116.008), 0.0286374 s/step
on time step 28232 (time=117.633), 0.0278527 s/step
on time step 28403 (time=118.346), 0.0278584 s/step
on time step 28141 (time=117.254), 0.0278533 s/step
on time step 28224 (time=117.6), 0.0278586 s/step
on time step 28216 (time=117.567), 0.027857 s/step
on time step 27403 (time=114.179), 0.0292078 s/step
on time step 27763 (time=115.679), 0.0288322 s/step
on time step 27853 (time=116.054), 0.028635 s/step
on time step 27782 (time=115.758), 0.0286524 s/step
on time step 27471 (time=114.462), 0.0291408 s/step
on time step 28179 (time=117.412), 0.027853 s/step
on time step 27812 (time=115.883), 0.028638 s/step
on time step 27562 (time=114.842), 0.0289002 s/step
on time step 27512 (time=114.633), 0.0292329 s/step
on time step 28344 (time=118.1), 0.027853 s/step
on time step 27197 (time=113.321), 0.0295349 s/step
on time step 3196 (time=13.3167), 0.0492059 s/step
on time step 27055 (time=112.729), 0.0298109 s/step
on time step 27800 (time=115.833), 0.0290682 s/step
on time step 28526 (time=118.858), 0.0280453 s/step
on time step 27897 (time=116.237), 0.0287169 s/step
on time step 28492 (time=118.717), 0.0280484 s/step
on time step 27987 (time=116.612), 0.0286732 s/step
on time step 27982 (time=116.592), 0.0286603 s/step
on time step 28375 (time=118.229), 0.0280558 s/step
on time step 28546 (time=118.942), 0.028058 s/step
on time step 28284 (time=117.85), 0.0280626 s/step
on time step 28367 (time=118.196), 0.0280578 s/step
on time step 28359 (time=118.162), 0.0280575 s/step
on time step 27993 (time=116.638), 0.0286686 s/step
on time step 27922 (time=116.342), 0.0286501 s/step
on time step 27608 (time=115.033), 0.0292051 s/step
on time step 27540 (time=114.75), 0.029341 s/step
on time step 27903 (time=116.263), 0.028723 s/step
on time step 28322 (time=118.008), 0.0280629 s/step
on time step 27952 (time=116.467), 0.0286697 s/step
on time step 27700 (time=115.417), 0.0290324 s/step
on time step 27649 (time=115.204), 0.0292369 s/step
on time step 28487 (time=118.696), 0.0280625 s/step
on time step 27334 (time=113.892), 0.0293352 s/step
on time step 3278 (time=13.6583), 0.0489233 s/step
on time step 27190 (time=113.292), 0.0297752 s/step
on time step 27939 (time=116.412), 0.0288232 s/step
on time step 28036 (time=116.817), 0.0288334 s/step
on time step 28670 (time=119.458), 0.0279025 s/step
on time step 28127 (time=117.196), 0.0285734 s/step
on time step 28636 (time=119.317), 0.027897 s/step
on time step 28122 (time=117.175), 0.0286143 s/step
on time step 28519 (time=118.829), 0.027891 s/step
on time step 28690 (time=119.542), 0.0278955 s/step
on time step 28428 (time=118.45), 0.0278922 s/step
on time step 28133 (time=117.221), 0.0286178 s/step
on time step 28511 (time=118.796), 0.0278864 s/step
on time step 28503 (time=118.763), 0.0278877 s/step
on time step 28062 (time=116.925), 0.0286556 s/step
on time step 27746 (time=115.608), 0.0290733 s/step
on time step 27678 (time=115.325), 0.0291319 s/step
on time step 28042 (time=116.842), 0.0289754 s/step
on time step 28092 (time=117.05), 0.0286444 s/step
on time step 28466 (time=118.608), 0.027889 s/step
on time step 27786 (time=115.775), 0.0292751 s/step
on time step 27839 (time=115.996), 0.0289288 s/step
on time step 28631 (time=119.296), 0.0278827 s/step
on time step 27471 (time=114.462), 0.0293757 s/step
on time step 3360 (time=14), 0.0489644 s/step
on time step 27325 (time=113.854), 0.029761 s/step
on time step 28078 (time=116.992), 0.0289376 s/step
field decay(t = 120.02499999999999): 8.393413917599117e-09 / 8.393413917599117e-09 = 1.0
on time step 28814 (time=120.058), 0.0278318 s/step
on time step 28175 (time=117.396), 0.028847 s/step
on time step 28780 (time=119.917), 0.0278335 s/step
on time step 28268 (time=117.783), 0.0285637 s/step
on time step 28263 (time=117.763), 0.0285416 s/step
field decay(t = 120.02499999999999): 9.116404482780246e-09 / 9.116404482780246e-09 = 1.0
on time step 28834 (time=120.142), 0.0278226 s/step
on time step 28663 (time=119.429), 0.027829 s/step
on time step 28572 (time=119.05), 0.0278271 s/step
on time step 28201 (time=117.504), 0.0288097 s/step
on time step 28647 (time=119.362), 0.0278257 s/step
on time step 28655 (time=119.396), 0.0278338 s/step
on time step 28274 (time=117.808), 0.0285348 s/step
on time step 27884 (time=116.183), 0.0291971 s/step
on time step 27816 (time=115.9), 0.0291547 s/step
on time step 28610 (time=119.208), 0.0278278 s/step
on time step 27923 (time=116.346), 0.0292266 s/step
on time step 28181 (time=117.421), 0.028906 s/step
on time step 28232 (time=117.633), 0.0287351 s/step
on time step 27977 (time=116.571), 0.0290718 s/step
on time step 28775 (time=119.896), 0.0278401 s/step
on time step 27608 (time=115.033), 0.0294018 s/step
on time step 3442 (time=14.3417), 0.0489106 s/step
on time step 27460 (time=114.417), 0.0297424 s/step
on time step 28217 (time=117.571), 0.0289245 s/step
on time step 28315 (time=117.979), 0.0286541 s/step
on time step 28958 (time=120.658), 0.0278929 s/step
field decay(t = 120.02499999999999): 1.6831755764961995e-08 / 1.6831755764961995e-08 = 1.0
on time step 28924 (time=120.517), 0.0278976 s/step
on time step 28409 (time=118.371), 0.0285417 s/step
on time step 28404 (time=118.35), 0.0285453 s/step
on time step 28978 (time=120.742), 0.0278923 s/step
field decay(t = 120.02499999999999): 4.177957045072367e-09 / 4.177957045072367e-09 = 1.0
on time step 28807 (time=120.029), 0.0278955 s/step
on time step 28716 (time=119.65), 0.0279039 s/step
on time step 28791 (time=119.962), 0.0278985 s/step
on time step 28799 (time=119.996), 0.0278999 s/step
on time step 28341 (time=118.087), 0.0287131 s/step
on time step 28415 (time=118.396), 0.0285563 s/step
on time step 28022 (time=116.758), 0.0290813 s/step
on time step 28060 (time=116.917), 0.0292817 s/step
on time step 28321 (time=118.004), 0.0286582 s/step
on time step 28754 (time=119.808), 0.0279009 s/step
on time step 27954 (time=116.475), 0.0291371 s/step
on time step 28373 (time=118.221), 0.0285553 s/step
field decay(t = 120.02499999999999): 3.861788523664769e-09 / 3.861788523664769e-09 = 1.0
on time step 28919 (time=120.496), 0.0278848 s/step
on time step 28116 (time=117.15), 0.0289719 s/step
on time step 27745 (time=115.604), 0.0292491 s/step
on time step 3524 (time=14.6833), 0.0488768 s/step
on time step 27595 (time=114.979), 0.0297575 s/step
on time step 28356 (time=118.15), 0.0288217 s/step
on time step 29102 (time=121.258), 0.0279101 s/step
on time step 28456 (time=118.567), 0.0285362 s/step
on time step 29068 (time=121.117), 0.0279034 s/step
on time step 28550 (time=118.958), 0.0285382 s/step
on time step 28545 (time=118.938), 0.0285423 s/step
on time step 28951 (time=120.629), 0.027896 s/step
on time step 29122 (time=121.342), 0.027907 s/step
field decay(t = 120.02499999999999): 5.875285565364367e-09 / 5.875285565364367e-09 = 1.0
on time step 28860 (time=120.25), 0.0279016 s/step
field decay(t = 120.02499999999999): 4.7855317915833854e-09 / 4.7855317915833854e-09 = 1.0
on time step 28943 (time=120.596), 0.0278998 s/step
field decay(t = 120.02499999999999): 1.0515800571654731e-08 / 1.0515800571654731e-08 = 1.0
on time step 28935 (time=120.562), 0.027905 s/step
on time step 28482 (time=118.675), 0.0285025 s/step
on time step 28160 (time=117.333), 0.0291305 s/step
on time step 28556 (time=118.983), 0.0285437 s/step
on time step 28198 (time=117.492), 0.0291331 s/step
field decay(t = 120.02499999999999): 2.456635397663983e-08 / 2.456635397663983e-08 = 1.0
on time step 28898 (time=120.408), 0.0278997 s/step
on time step 28461 (time=118.587), 0.0287017 s/step
on time step 28092 (time=117.05), 0.0291092 s/step
on time step 28255 (time=117.729), 0.028795 s/step
on time step 29063 (time=121.096), 0.0279038 s/step
on time step 28514 (time=118.808), 0.0285257 s/step
on time step 27882 (time=116.175), 0.0293365 s/step
on time step 3606 (time=15.025), 0.0489204 s/step
on time step 27730 (time=115.542), 0.0297096 s/step
on time step 28496 (time=118.733), 0.028748 s/step
on time step 29246 (time=121.858), 0.0278983 s/step
on time step 28597 (time=119.154), 0.0285216 s/step
on time step 29212 (time=121.717), 0.0278957 s/step
on time step 28691 (time=119.546), 0.028552 s/step
on time step 29266 (time=121.942), 0.0279006 s/step
on time step 29095 (time=121.229), 0.0279062 s/step
on time step 29004 (time=120.85), 0.0279013 s/step
on time step 28686 (time=119.525), 0.0285298 s/step
on time step 29087 (time=121.196), 0.0279017 s/step
on time step 29079 (time=121.162), 0.0279025 s/step
on time step 28623 (time=119.263), 0.0285247 s/step
on time step 28298 (time=117.908), 0.0291462 s/step
on time step 29042 (time=121.008), 0.0279078 s/step
on time step 28697 (time=119.571), 0.0285232 s/step
on time step 28601 (time=119.171), 0.0287363 s/step
on time step 28230 (time=117.625), 0.0291462 s/step
on time step 28336 (time=118.067), 0.0291704 s/step
on time step 28395 (time=118.312), 0.0287745 s/step
on time step 29207 (time=121.696), 0.0279104 s/step
on time step 28655 (time=119.396), 0.0285323 s/step
on time step 28019 (time=116.746), 0.0292699 s/step
on time step 3688 (time=15.3667), 0.0489132 s/step
on time step 27865 (time=116.104), 0.0296917 s/step
on time step 28635 (time=119.312), 0.0288599 s/step
on time step 29390 (time=122.458), 0.0278851 s/step
on time step 28738 (time=119.742), 0.0285027 s/step
on time step 29356 (time=122.317), 0.0278974 s/step
field decay(t = 120.02499999999999): 1.7191435104809456e-08 / 1.7191435104809456e-08 = 1.0
on time step 28832 (time=120.133), 0.0285185 s/step
on time step 29239 (time=121.829), 0.0278995 s/step
on time step 29410 (time=122.542), 0.0279097 s/step
on time step 29148 (time=121.45), 0.0279068 s/step
field decay(t = 120.02499999999999): 1.2954482936156576e-08 / 1.2954482936156576e-08 = 1.0
on time step 28827 (time=120.112), 0.028518 s/step
on time step 29231 (time=121.796), 0.0279046 s/step
on time step 29223 (time=121.763), 0.0279073 s/step
on time step 28764 (time=119.85), 0.0285047 s/step
on time step 28436 (time=118.483), 0.0291067 s/step
on time step 29186 (time=121.608), 0.0279027 s/step
field decay(t = 120.02499999999999): 1.0515800571654738e-08 / 1.0515800571654738e-08 = 1.0
on time step 28838 (time=120.158), 0.0285209 s/step
on time step 28741 (time=119.754), 0.0287112 s/step
on time step 28534 (time=118.892), 0.0288159 s/step
on time step 28368 (time=118.2), 0.0291446 s/step
on time step 28474 (time=118.642), 0.0291424 s/step
on time step 29351 (time=122.296), 0.0279073 s/step
on time step 28796 (time=119.983), 0.0285082 s/step
on time step 28156 (time=117.317), 0.0293139 s/step
on time step 3770 (time=15.7083), 0.0488861 s/step
on time step 28000 (time=116.667), 0.0297758 s/step
on time step 28774 (time=119.892), 0.028817 s/step
on time step 29534 (time=123.058), 0.0279184 s/step
field decay(t = 120.02499999999999): 1.1321557970209545e-08 / 1.1321557970209545e-08 = 1.0
on time step 28879 (time=120.329), 0.0285348 s/step
on time step 29500 (time=122.917), 0.027918 s/step
on time step 28973 (time=120.721), 0.0285178 s/step
on time step 29554 (time=123.142), 0.0279044 s/step
on time step 29383 (time=122.429), 0.0279129 s/step
on time step 29292 (time=122.05), 0.0279128 s/step
on time step 28968 (time=120.7), 0.0285189 s/step
on time step 29375 (time=122.396), 0.0279153 s/step
on time step 29367 (time=122.362), 0.0279135 s/step
field decay(t = 120.02499999999999): 8.393413917599193e-09 / 8.393413917599193e-09 = 1.0
on time step 28905 (time=120.438), 0.028532 s/step
on time step 28574 (time=119.058), 0.0290349 s/step
field decay(t = 120.02499999999999): 3.53445854377516e-08 / 3.53445854377516e-08 = 1.0
on time step 28880 (time=120.333), 0.0287796 s/step
on time step 28611 (time=119.212), 0.0292023 s/step
on time step 28505 (time=118.771), 0.0292106 s/step
on time step 29330 (time=122.208), 0.0279117 s/step
on time step 28673 (time=119.471), 0.0288949 s/step
on time step 28979 (time=120.746), 0.0285186 s/step
on time step 29495 (time=122.896), 0.027921 s/step
field decay(t = 120.02499999999999): 2.4566353976639927e-08 / 2.4566353976639927e-08 = 1.0
on time step 28937 (time=120.571), 0.0285305 s/step
on time step 28293 (time=117.888), 0.0292838 s/step
on time step 3852 (time=16.05), 0.0489473 s/step
on time step 28135 (time=117.229), 0.0297927 s/step
field decay(t = 120.02499999999999): 4.7445019284382566e-08 / 4.7445019284382566e-08 = 1.0
on time step 28913 (time=120.471), 0.0288701 s/step
on time step 29678 (time=123.658), 0.0278891 s/step
on time step 29019 (time=120.912), 0.0287184 s/step
on time step 29644 (time=123.517), 0.0278914 s/step
on time step 29114 (time=121.308), 0.0285064 s/step
on time step 29527 (time=123.029), 0.0278888 s/step
on time step 29698 (time=123.742), 0.0278941 s/step
on time step 29436 (time=122.65), 0.0278906 s/step
on time step 29109 (time=121.287), 0.0285304 s/step
on time step 29511 (time=122.962), 0.0278871 s/step
on time step 29519 (time=122.996), 0.027892 s/step
on time step 28642 (time=119.342), 0.0292315 s/step
on time step 28748 (time=119.783), 0.0292458 s/step
on time step 29046 (time=121.025), 0.0285487 s/step
on time step 29020 (time=120.917), 0.0287405 s/step
on time step 28712 (time=119.633), 0.0291735 s/step
field decay(t = 120.02499999999999): 1.7191435104809363e-08 / 1.7191435104809363e-08 = 1.0
on time step 28811 (time=120.046), 0.0290659 s/step
on time step 29474 (time=122.808), 0.0278932 s/step
on time step 29120 (time=121.333), 0.0285429 s/step
on time step 29639 (time=123.496), 0.0278865 s/step
on time step 29078 (time=121.158), 0.0285653 s/step
on time step 28430 (time=118.458), 0.0293215 s/step
on time step 3934 (time=16.3917), 0.0488792 s/step
on time step 28270 (time=117.792), 0.0297641 s/step
on time step 29052 (time=121.05), 0.0289555 s/step
on time step 29822 (time=124.258), 0.0278418 s/step
on time step 29158 (time=121.492), 0.0287813 s/step
on time step 29788 (time=124.117), 0.0278403 s/step
on time step 29254 (time=121.892), 0.0285939 s/step
on time step 29671 (time=123.629), 0.0278385 s/step
on time step 29842 (time=124.342), 0.0278363 s/step
on time step 29580 (time=123.25), 0.0278434 s/step
on time step 29249 (time=121.871), 0.0285837 s/step
on time step 29663 (time=123.596), 0.0278385 s/step
on time step 29655 (time=123.562), 0.027846 s/step
field decay(t = 120.02499999999999): 3.5344585437751306e-08 / 3.5344585437751306e-08 = 1.0
on time step 28885 (time=120.354), 0.0292565 s/step
on time step 28780 (time=119.917), 0.029159 s/step
field decay(t = 120.02499999999999): 1.2954482936156554e-08 / 1.2954482936156554e-08 = 1.0
on time step 28850 (time=120.208), 0.0290498 s/step
on time step 29159 (time=121.496), 0.0288851 s/step
on time step 29618 (time=123.408), 0.0278484 s/step
on time step 28949 (time=120.621), 0.0291016 s/step
on time step 29187 (time=121.612), 0.0285574 s/step
on time step 29783 (time=124.096), 0.027843 s/step
on time step 29261 (time=121.921), 0.0285655 s/step
on time step 29219 (time=121.746), 0.0285414 s/step
on time step 28567 (time=119.029), 0.0293881 s/step
on time step 4016 (time=16.7333), 0.0488663 s/step
on time step 28405 (time=118.354), 0.0296919 s/step
on time step 29191 (time=121.629), 0.0288695 s/step
on time step 29966 (time=124.858), 0.0279017 s/step
on time step 29299 (time=122.079), 0.0285204 s/step
on time step 29932 (time=124.717), 0.027905 s/step
on time step 29395 (time=122.479), 0.0285228 s/step
on time step 29986 (time=124.942), 0.0279108 s/step
on time step 29815 (time=124.229), 0.0279166 s/step
on time step 29724 (time=123.85), 0.0279195 s/step
on time step 29390 (time=122.458), 0.0285251 s/step
on time step 29022 (time=120.925), 0.0292277 s/step
on time step 29799 (time=124.162), 0.0279142 s/step
on time step 29807 (time=124.196), 0.0279183 s/step
on time step 29299 (time=122.079), 0.0286044 s/step
on time step 28988 (time=120.783), 0.0290754 s/step
field decay(t = 120.02499999999999): 9.116404482780333e-09 / 9.116404482780333e-09 = 1.0
on time step 28918 (time=120.492), 0.0291003 s/step
on time step 29762 (time=124.008), 0.0279153 s/step
on time step 29088 (time=121.2), 0.0289345 s/step
on time step 29328 (time=122.2), 0.0285325 s/step
on time step 29927 (time=124.696), 0.0279247 s/step
on time step 29402 (time=122.508), 0.0285217 s/step
on time step 29360 (time=122.333), 0.0285202 s/step
on time step 28704 (time=119.6), 0.0293656 s/step
on time step 4098 (time=17.075), 0.0489358 s/step
on time step 28540 (time=118.917), 0.0298114 s/step
on time step 29330 (time=122.208), 0.0288825 s/step
on time step 29438 (time=122.658), 0.0288085 s/step
on time step 30110 (time=125.458), 0.0279049 s/step
on time step 30076 (time=125.317), 0.0279086 s/step
on time step 29536 (time=123.067), 0.0285724 s/step
on time step 29530 (time=123.042), 0.0286075 s/step
on time step 30130 (time=125.542), 0.0278877 s/step
on time step 29959 (time=124.829), 0.0278856 s/step
on time step 29868 (time=124.45), 0.0278916 s/step
on time step 29159 (time=121.496), 0.0293084 s/step
on time step 29437 (time=122.654), 0.0289926 s/step
on time step 29943 (time=124.763), 0.0278884 s/step
on time step 29951 (time=124.796), 0.0278867 s/step
on time step 29055 (time=121.062), 0.0292003 s/step
on time step 29126 (time=121.358), 0.0290666 s/step
on time step 29906 (time=124.608), 0.0278821 s/step
on time step 29468 (time=122.783), 0.0286201 s/step
on time step 29227 (time=121.779), 0.0288729 s/step
on time step 29542 (time=123.092), 0.0286111 s/step
on time step 30071 (time=125.296), 0.0278803 s/step
on time step 29500 (time=122.917), 0.0286242 s/step
field decay(t = 120.02499999999999): 7.78884651437473e-09 / 7.78884651437473e-09 = 1.0
on time step 28841 (time=120.171), 0.0293063 s/step
on time step 4180 (time=17.4167), 0.0489256 s/step
on time step 28675 (time=119.479), 0.0297711 s/step
on time step 29469 (time=122.787), 0.0288142 s/step
on time step 30254 (time=126.058), 0.0278579 s/step
on time step 29579 (time=123.246), 0.0285489 s/step
on time step 30220 (time=125.917), 0.0278626 s/step
on time step 29677 (time=123.654), 0.0285622 s/step
on time step 30274 (time=126.142), 0.0278734 s/step
on time step 30103 (time=125.429), 0.02787 s/step
on time step 30012 (time=125.05), 0.0278751 s/step
on time step 29671 (time=123.629), 0.0285321 s/step
on time step 29296 (time=122.067), 0.0292281 s/step
on time step 30095 (time=125.396), 0.0278683 s/step
on time step 30087 (time=125.362), 0.027873 s/step
on time step 29577 (time=123.237), 0.0287401 s/step
on time step 29193 (time=121.638), 0.0291345 s/step
on time step 29264 (time=121.933), 0.029084 s/step
on time step 30050 (time=125.208), 0.0278826 s/step
on time step 29365 (time=122.354), 0.0290653 s/step
on time step 29609 (time=123.371), 0.028514 s/step
on time step 30215 (time=125.896), 0.0278844 s/step
on time step 29683 (time=123.679), 0.0285347 s/step
on time step 29641 (time=123.504), 0.0285151 s/step
on time step 28978 (time=120.742), 0.0293605 s/step
on time step 4262 (time=17.7583), 0.0489659 s/step
field decay(t = 120.02499999999999): 6.740251487005886e-08 / 6.740251487005886e-08 = 1.0
on time step 28810 (time=120.042), 0.0297267 s/step
on time step 29607 (time=123.362), 0.0290039 s/step
on time step 29717 (time=123.821), 0.0289891 s/step
on time step 30398 (time=126.658), 0.0278538 s/step
on time step 30364 (time=126.517), 0.02785 s/step
on time step 29818 (time=124.242), 0.0285343 s/step
on time step 30247 (time=126.029), 0.0278422 s/step
on time step 30418 (time=126.742), 0.0278537 s/step
on time step 30156 (time=125.65), 0.0278466 s/step
on time step 29433 (time=122.638), 0.029237 s/step
on time step 29812 (time=124.217), 0.0285565 s/step
on time step 30231 (time=125.962), 0.0278456 s/step
on time step 30239 (time=125.996), 0.0278491 s/step
on time step 29716 (time=123.817), 0.0288214 s/step
on time step 29330 (time=122.208), 0.0292306 s/step
on time step 29503 (time=122.929), 0.0290255 s/step
on time step 29402 (time=122.508), 0.0291784 s/step
on time step 29748 (time=123.95), 0.0288062 s/step
on time step 30194 (time=125.808), 0.0278508 s/step
on time step 30359 (time=126.496), 0.0278265 s/step
on time step 29824 (time=124.267), 0.0285667 s/step
on time step 29780 (time=124.083), 0.0287847 s/step
on time step 29115 (time=121.312), 0.0293545 s/step
on time step 4344 (time=18.1), 0.0488996 s/step
on time step 28945 (time=120.604), 0.0297434 s/step
on time step 29746 (time=123.942), 0.0289317 s/step
on time step 29856 (time=124.4), 0.0288052 s/step
on time step 30542 (time=127.258), 0.0278372 s/step
on time step 30508 (time=127.117), 0.0278328 s/step
on time step 29958 (time=124.825), 0.0285856 s/step
on time step 30562 (time=127.342), 0.0278272 s/step
on time step 30391 (time=126.629), 0.0278343 s/step
on time step 30300 (time=126.25), 0.0278368 s/step
on time step 29570 (time=123.208), 0.0292714 s/step
on time step 30383 (time=126.596), 0.0278332 s/step
on time step 30375 (time=126.562), 0.0278371 s/step
on time step 29467 (time=122.779), 0.0292242 s/step
on time step 29953 (time=124.804), 0.0285658 s/step
on time step 29855 (time=124.396), 0.0289698 s/step
on time step 30338 (time=126.408), 0.0278258 s/step
on time step 29642 (time=123.508), 0.0288862 s/step
on time step 29540 (time=123.083), 0.0290992 s/step
on time step 29888 (time=124.533), 0.0287749 s/step
on time step 30503 (time=127.096), 0.0278484 s/step
on time step 29964 (time=124.85), 0.0285893 s/step
on time step 29920 (time=124.667), 0.0286693 s/step
on time step 29252 (time=121.883), 0.029405 s/step
on time step 4426 (time=18.4417), 0.0488951 s/step
on time step 29885 (time=124.521), 0.0288411 s/step
on time step 29080 (time=121.167), 0.0297976 s/step
on time step 30686 (time=127.858), 0.0278565 s/step
on time step 29996 (time=124.983), 0.0287565 s/step
on time step 30652 (time=127.717), 0.027855 s/step
on time step 30706 (time=127.942), 0.0278534 s/step
on time step 30535 (time=127.229), 0.0278496 s/step
on time step 30099 (time=125.412), 0.0285605 s/step
on time step 30444 (time=126.85), 0.0278557 s/step
on time step 29707 (time=123.779), 0.0292604 s/step
on time step 30527 (time=127.196), 0.0278551 s/step
on time step 30519 (time=127.162), 0.0278525 s/step
on time step 30093 (time=125.388), 0.028573 s/step
on time step 29605 (time=123.354), 0.0290992 s/step
on time step 29994 (time=124.975), 0.0288096 s/step
on time step 30482 (time=127.008), 0.0278583 s/step
on time step 29781 (time=124.087), 0.0288558 s/step
on time step 29678 (time=123.658), 0.0291833 s/step
on time step 30647 (time=127.696), 0.0278586 s/step
on time step 30028 (time=125.117), 0.0287665 s/step
on time step 30105 (time=125.438), 0.0285375 s/step
on time step 30060 (time=125.25), 0.028666 s/step
on time step 29389 (time=122.454), 0.0293163 s/step
on time step 4508 (time=18.7833), 0.04892 s/step
on time step 29215 (time=121.729), 0.0297911 s/step
on time step 30024 (time=125.1), 0.0289634 s/step
on time step 30830 (time=128.458), 0.0278381 s/step
on time step 30135 (time=125.562), 0.0288598 s/step
on time step 30796 (time=128.317), 0.027848 s/step
on time step 30850 (time=128.542), 0.0278492 s/step
on time step 30679 (time=127.829), 0.0278449 s/step
on time step 29844 (time=124.35), 0.0292463 s/step
on time step 30588 (time=127.45), 0.0278574 s/step
on time step 30240 (time=126), 0.028503 s/step
on time step 29742 (time=123.925), 0.0292208 s/step
on time step 30671 (time=127.796), 0.0278574 s/step
on time step 30663 (time=127.763), 0.0278553 s/step
on time step 30234 (time=125.975), 0.0285236 s/step
on time step 30133 (time=125.554), 0.0288595 s/step
on time step 29919 (time=124.662), 0.0290059 s/step
on time step 30626 (time=127.608), 0.027854 s/step
on time step 29816 (time=124.233), 0.0290839 s/step
on time step 30791 (time=128.296), 0.0278496 s/step
on time step 30167 (time=125.696), 0.0288973 s/step
on time step 30199 (time=125.829), 0.0288082 s/step
on time step 30246 (time=126.025), 0.0285278 s/step
on time step 29526 (time=123.025), 0.0293991 s/step
on time step 4590 (time=19.125), 0.0489655 s/step
on time step 30162 (time=125.675), 0.0290595 s/step
on time step 29350 (time=122.292), 0.0297602 s/step
on time step 30974 (time=129.058), 0.0278256 s/step
on time step 30274 (time=126.142), 0.0288191 s/step
on time step 30940 (time=128.917), 0.0278231 s/step
on time step 30994 (time=129.142), 0.0278299 s/step
on time step 30823 (time=128.429), 0.0278268 s/step
on time step 30732 (time=128.05), 0.0278255 s/step
on time step 29981 (time=124.921), 0.0292706 s/step
on time step 30380 (time=126.583), 0.028621 s/step
on time step 29880 (time=124.5), 0.0290445 s/step
on time step 30815 (time=128.396), 0.0278266 s/step
on time step 30807 (time=128.363), 0.0278256 s/step
on time step 30272 (time=126.133), 0.028843 s/step
on time step 30374 (time=126.558), 0.0286706 s/step
on time step 30057 (time=125.237), 0.0290199 s/step
on time step 30770 (time=128.208), 0.0278348 s/step
on time step 29954 (time=124.808), 0.0290347 s/step
on time step 30935 (time=128.896), 0.0278325 s/step
on time step 30306 (time=126.275), 0.0288508 s/step
on time step 30386 (time=126.608), 0.0286156 s/step
on time step 30339 (time=126.412), 0.028758 s/step
on time step 29663 (time=123.596), 0.0293228 s/step
on time step 4672 (time=19.4667), 0.0489067 s/step
on time step 30301 (time=126.254), 0.0288002 s/step
on time step 29485 (time=122.854), 0.0297645 s/step
on time step 30414 (time=126.725), 0.0286068 s/step
on time step 31118 (time=129.658), 0.027922 s/step
on time step 31084 (time=129.517), 0.0279132 s/step
on time step 30520 (time=127.167), 0.0285762 s/step
on time step 30118 (time=125.492), 0.0292862 s/step
on time step 30967 (time=129.029), 0.027898 s/step
on time step 31138 (time=129.742), 0.0279033 s/step
on time step 30876 (time=128.65), 0.0279038 s/step
on time step 30018 (time=125.075), 0.0290927 s/step
on time step 30959 (time=128.996), 0.0278985 s/step
on time step 30951 (time=128.963), 0.0278972 s/step
on time step 30412 (time=126.717), 0.0285811 s/step
on time step 30515 (time=127.146), 0.0285312 s/step
on time step 30914 (time=128.808), 0.0278947 s/step
on time step 30197 (time=125.821), 0.0287717 s/step
on time step 30092 (time=125.383), 0.0290769 s/step
on time step 31079 (time=129.496), 0.027893 s/step
on time step 30446 (time=126.858), 0.0285733 s/step
on time step 30526 (time=127.192), 0.0285808 s/step
on time step 30480 (time=127), 0.0285666 s/step
on time step 29800 (time=124.167), 0.0293241 s/step
on time step 4754 (time=19.8083), 0.048894 s/step
on time step 30441 (time=126.837), 0.0287196 s/step
on time step 29620 (time=123.417), 0.0297103 s/step
on time step 30555 (time=127.312), 0.028539 s/step
on time step 31262 (time=130.258), 0.0279237 s/step
on time step 31228 (time=130.117), 0.0279208 s/step
on time step 30661 (time=127.754), 0.0285536 s/step
on time step 31111 (time=129.629), 0.0279198 s/step
on time step 31282 (time=130.342), 0.0279175 s/step
on time step 31020 (time=129.25), 0.0279214 s/step
on time step 30256 (time=126.067), 0.0291726 s/step
on time step 31103 (time=129.596), 0.0279193 s/step
on time step 31095 (time=129.562), 0.0279186 s/step
on time step 30156 (time=125.65), 0.0291799 s/step
on time step 30553 (time=127.304), 0.0285486 s/step
on time step 30336 (time=126.4), 0.0288743 s/step
on time step 30656 (time=127.733), 0.0285303 s/step
on time step 31058 (time=129.408), 0.0279217 s/step
on time step 30230 (time=125.958), 0.029057 s/step
on time step 31223 (time=130.096), 0.0279241 s/step
on time step 30587 (time=127.446), 0.0285307 s/step
on time step 30667 (time=127.779), 0.02853 s/step
on time step 30621 (time=127.587), 0.028534 s/step
on time step 29937 (time=124.737), 0.0293579 s/step
field decay(t = 20.004166666666666): 1.0934486727330383e-11 / 1.0934486727330383e-11 = 1.0
on time step 4836 (time=20.15), 0.0489612 s/step
on time step 30580 (time=127.417), 0.0288728 s/step
on time step 29755 (time=123.979), 0.0297793 s/step
on time step 31406 (time=130.858), 0.0278289 s/step
on time step 30695 (time=127.896), 0.0287606 s/step
on time step 31372 (time=130.717), 0.0278372 s/step
on time step 31426 (time=130.942), 0.0278386 s/step
on time step 31255 (time=130.229), 0.0278442 s/step
on time step 31164 (time=129.85), 0.027846 s/step
on time step 30802 (time=128.342), 0.0285647 s/step
on time step 30394 (time=126.642), 0.0291931 s/step
on time step 30691 (time=127.879), 0.0289868 s/step
on time step 31239 (time=130.162), 0.0278425 s/step
on time step 31247 (time=130.196), 0.027846 s/step
on time step 30474 (time=126.975), 0.0290017 s/step
on time step 30294 (time=126.225), 0.0291829 s/step
on time step 30796 (time=128.317), 0.0286266 s/step
on time step 31202 (time=130.008), 0.027847 s/step
on time step 30368 (time=126.533), 0.0291385 s/step
on time step 31367 (time=130.696), 0.027844 s/step
on time step 30727 (time=128.029), 0.0287788 s/step
on time step 30807 (time=128.363), 0.0286169 s/step
on time step 30761 (time=128.171), 0.0286654 s/step
on time step 30074 (time=125.308), 0.0294014 s/step
on time step 4918 (time=20.4917), 0.0489504 s/step
on time step 30719 (time=127.996), 0.028877 s/step
on time step 31550 (time=131.458), 0.0278778 s/step
on time step 29890 (time=124.542), 0.029792 s/step
on time step 30835 (time=128.479), 0.0285736 s/step
on time step 31516 (time=131.317), 0.0278699 s/step
on time step 31399 (time=130.829), 0.0278703 s/step
on time step 31570 (time=131.542), 0.0278784 s/step
on time step 31308 (time=130.45), 0.0278719 s/step
on time step 30831 (time=128.463), 0.0286798 s/step
on time step 31391 (time=130.796), 0.0278664 s/step
on time step 31383 (time=130.762), 0.0278713 s/step
on time step 30943 (time=128.929), 0.0285587 s/step
on time step 30532 (time=127.217), 0.029135 s/step
on time step 30613 (time=127.554), 0.0287939 s/step
on time step 30432 (time=126.8), 0.0291311 s/step
on time step 31346 (time=130.608), 0.0278669 s/step
on time step 30937 (time=128.904), 0.0285023 s/step
on time step 31511 (time=131.296), 0.0278741 s/step
on time step 30507 (time=127.112), 0.0289792 s/step
on time step 30948 (time=128.95), 0.0285091 s/step
on time step 30868 (time=128.617), 0.0285355 s/step
on time step 30901 (time=128.754), 0.0286478 s/step
on time step 30211 (time=125.879), 0.0292895 s/step
on time step 5000 (time=20.8333), 0.0488887 s/step
on time step 30859 (time=128.579), 0.0287562 s/step
on time step 31694 (time=132.058), 0.0278827 s/step
on time step 30025 (time=125.104), 0.0297847 s/step
on time step 30976 (time=129.067), 0.0285181 s/step
on time step 31660 (time=131.917), 0.0278912 s/step
on time step 31543 (time=131.429), 0.0278988 s/step
on time step 31714 (time=132.142), 0.0278978 s/step
on time step 31452 (time=131.05), 0.0278991 s/step
on time step 30752 (time=128.133), 0.0288177 s/step
on time step 31535 (time=131.396), 0.0279062 s/step
on time step 31527 (time=131.363), 0.0279042 s/step
on time step 31084 (time=129.517), 0.0285332 s/step
on time step 30971 (time=129.046), 0.0287584 s/step
on time step 30670 (time=127.792), 0.0291668 s/step
on time step 30569 (time=127.371), 0.0292379 s/step
on time step 31490 (time=131.208), 0.0279044 s/step
on time step 31078 (time=129.492), 0.028521 s/step
on time step 31655 (time=131.896), 0.0279098 s/step
on time step 30645 (time=127.688), 0.0291254 s/step
on time step 31089 (time=129.537), 0.0285175 s/step
on time step 31009 (time=129.204), 0.0285291 s/step
on time step 31042 (time=129.342), 0.0285201 s/step
on time step 30348 (time=126.45), 0.0293588 s/step
on time step 5082 (time=21.175), 0.0489253 s/step
on time step 30999 (time=129.162), 0.0286914 s/step
on time step 30160 (time=125.667), 0.0297166 s/step
on time step 31838 (time=132.658), 0.0279394 s/step
on time step 31117 (time=129.654), 0.0285207 s/step
on time step 31804 (time=132.517), 0.0279391 s/step
on time step 31687 (time=132.029), 0.0279361 s/step
on time step 31858 (time=132.742), 0.0279337 s/step
on time step 31596 (time=131.65), 0.0279449 s/step
on time step 30892 (time=128.717), 0.028707 s/step
on time step 31679 (time=131.996), 0.0279392 s/step
on time step 31671 (time=131.963), 0.0279356 s/step
on time step 31225 (time=130.104), 0.0285356 s/step
on time step 31112 (time=129.633), 0.0285335 s/step
on time step 30808 (time=128.367), 0.0291584 s/step
on time step 30707 (time=127.946), 0.0291311 s/step
on time step 31634 (time=131.808), 0.0279459 s/step
on time step 31219 (time=130.079), 0.0285326 s/step
on time step 31799 (time=132.496), 0.0279362 s/step
on time step 30783 (time=128.262), 0.0291565 s/step
on time step 31230 (time=130.125), 0.0285365 s/step
on time step 31150 (time=129.792), 0.0285218 s/step
on time step 31183 (time=129.929), 0.0285308 s/step
on time step 30485 (time=127.021), 0.0292555 s/step
on time step 5164 (time=21.5167), 0.0488614 s/step
on time step 30295 (time=126.229), 0.0296597 s/step
on time step 31139 (time=129.746), 0.0287258 s/step
on time step 31982 (time=133.258), 0.0279226 s/step
on time step 31258 (time=130.242), 0.0285197 s/step
on time step 31948 (time=133.117), 0.0279214 s/step
on time step 32002 (time=133.342), 0.0279197 s/step
on time step 31831 (time=132.629), 0.0279251 s/step
on time step 31740 (time=132.25), 0.0279282 s/step
on time step 31031 (time=129.296), 0.0288541 s/step
on time step 31815 (time=132.562), 0.0279187 s/step
on time step 31823 (time=132.596), 0.0279236 s/step
on time step 31366 (time=130.692), 0.0285086 s/step
on time step 31253 (time=130.221), 0.0285189 s/step
on time step 30946 (time=128.942), 0.0291302 s/step
on time step 30845 (time=128.521), 0.029128 s/step
on time step 31778 (time=132.408), 0.0279272 s/step
on time step 31360 (time=130.667), 0.0285168 s/step
on time step 31943 (time=133.096), 0.0279232 s/step
on time step 30921 (time=128.838), 0.0291254 s/step
on time step 31371 (time=130.713), 0.028512 s/step
on time step 31291 (time=130.379), 0.0285103 s/step
on time step 31324 (time=130.517), 0.0285152 s/step
on time step 30622 (time=127.592), 0.0293048 s/step
on time step 5246 (time=21.8583), 0.0489018 s/step
on time step 30430 (time=126.792), 0.0297483 s/step
on time step 31279 (time=130.329), 0.0287306 s/step
on time step 32126 (time=133.858), 0.0279373 s/step
on time step 31399 (time=130.829), 0.0285159 s/step
on time step 32092 (time=133.717), 0.0279335 s/step
on time step 31975 (time=133.229), 0.027923 s/step
on time step 32146 (time=133.942), 0.027929 s/step
on time step 31884 (time=132.85), 0.0279264 s/step
on time step 31171 (time=129.879), 0.0287399 s/step
on time step 31967 (time=133.196), 0.0279238 s/step
on time step 31959 (time=133.162), 0.0279292 s/step
on time step 31507 (time=131.279), 0.0285247 s/step
on time step 31084 (time=129.517), 0.0291286 s/step
on time step 31394 (time=130.808), 0.0285238 s/step
on time step 30983 (time=129.096), 0.0291395 s/step
on time step 31922 (time=133.008), 0.0279251 s/step
on time step 31501 (time=131.254), 0.0285196 s/step
on time step 32087 (time=133.696), 0.0279318 s/step
on time step 31059 (time=129.412), 0.029126 s/step
on time step 31512 (time=131.3), 0.0285166 s/step
on time step 31432 (time=130.967), 0.0285227 s/step
on time step 31465 (time=131.104), 0.0285212 s/step
on time step 30759 (time=128.162), 0.029301 s/step
on time step 5328 (time=22.2), 0.0489299 s/step
on time step 30565 (time=127.354), 0.0297558 s/step
on time step 31418 (time=130.908), 0.0289314 s/step
on time step 32270 (time=134.458), 0.027889 s/step
on time step 31539 (time=131.412), 0.028736 s/step
on time step 32236 (time=134.317), 0.0278963 s/step
on time step 32290 (time=134.542), 0.0278929 s/step
on time step 32119 (time=133.829), 0.0278981 s/step
on time step 32028 (time=133.45), 0.0278982 s/step
on time step 31120 (time=129.667), 0.0292046 s/step
on time step 31310 (time=130.458), 0.0289858 s/step
on time step 32111 (time=133.796), 0.0279011 s/step
on time step 32103 (time=133.762), 0.0278995 s/step
on time step 31222 (time=130.092), 0.0291138 s/step
on time step 31648 (time=131.867), 0.0285217 s/step
on time step 31534 (time=131.392), 0.0287777 s/step
on time step 32066 (time=133.608), 0.0278944 s/step
on time step 31642 (time=131.842), 0.0285252 s/step
on time step 32231 (time=134.296), 0.0279003 s/step
on time step 31197 (time=129.988), 0.0291139 s/step
on time step 31571 (time=131.546), 0.0287876 s/step
on time step 31653 (time=131.887), 0.0285325 s/step
on time step 31606 (time=131.692), 0.0285474 s/step
on time step 30896 (time=128.733), 0.0293298 s/step
on time step 5410 (time=22.5417), 0.0489452 s/step
on time step 31556 (time=131.483), 0.0289943 s/step
on time step 30700 (time=127.917), 0.0297376 s/step
on time step 32414 (time=135.058), 0.0278339 s/step
on time step 31678 (time=131.992), 0.0288038 s/step
on time step 32380 (time=134.917), 0.0278347 s/step
on time step 32263 (time=134.429), 0.027836 s/step
on time step 32434 (time=135.142), 0.0278397 s/step
on time step 32172 (time=134.05), 0.0278534 s/step
on time step 31257 (time=130.238), 0.0291979 s/step
on time step 32255 (time=134.396), 0.0278376 s/step
on time step 32247 (time=134.363), 0.0278396 s/step
on time step 31788 (time=132.45), 0.0286164 s/step
on time step 31449 (time=131.037), 0.0289505 s/step
on time step 31360 (time=130.667), 0.02913 s/step
on time step 32210 (time=134.208), 0.0278475 s/step
on time step 31782 (time=132.425), 0.0286112 s/step
on time step 31674 (time=131.975), 0.0287605 s/step
on time step 32375 (time=134.896), 0.0278354 s/step
on time step 31335 (time=130.562), 0.0290798 s/step
on time step 31711 (time=132.129), 0.028749 s/step
on time step 31793 (time=132.471), 0.0286013 s/step
on time step 31745 (time=132.271), 0.0287872 s/step
on time step 31033 (time=129.304), 0.0293549 s/step
on time step 5492 (time=22.8833), 0.0489112 s/step
on time step 30835 (time=128.479), 0.029784 s/step
on time step 31696 (time=132.067), 0.0287464 s/step
on time step 32558 (time=135.658), 0.0279281 s/step
on time step 31819 (time=132.579), 0.028522 s/step
on time step 32524 (time=135.517), 0.0279247 s/step
on time step 32407 (time=135.029), 0.0279218 s/step
on time step 32578 (time=135.742), 0.0279254 s/step
on time step 32316 (time=134.65), 0.0279161 s/step
on time step 31395 (time=130.812), 0.0291213 s/step
on time step 32399 (time=134.996), 0.0279281 s/step
on time step 32391 (time=134.963), 0.0279282 s/step
on time step 31929 (time=133.037), 0.0285096 s/step
on time step 31498 (time=131.242), 0.0290706 s/step
on time step 31589 (time=131.621), 0.028738 s/step
on time step 32354 (time=134.808), 0.0279214 s/step
on time step 31923 (time=133.012), 0.0285144 s/step
on time step 31815 (time=132.562), 0.0285196 s/step
on time step 32519 (time=135.496), 0.0279296 s/step
on time step 31473 (time=131.137), 0.0291229 s/step
on time step 31934 (time=133.058), 0.0285103 s/step
on time step 31852 (time=132.717), 0.0285251 s/step
on time step 31886 (time=132.858), 0.0285178 s/step
on time step 31170 (time=129.875), 0.0292848 s/step
on time step 5574 (time=23.225), 0.0489324 s/step
on time step 30970 (time=129.042), 0.0297425 s/step
on time step 31835 (time=132.646), 0.0289281 s/step
on time step 32702 (time=136.258), 0.027904 s/step
on time step 31960 (time=133.167), 0.0285134 s/step
on time step 32668 (time=136.117), 0.0279032 s/step
on time step 32551 (time=135.629), 0.0278989 s/step
on time step 32722 (time=136.342), 0.0278963 s/step
on time step 32460 (time=135.25), 0.0279012 s/step
on time step 31533 (time=131.387), 0.0291051 s/step
on time step 32535 (time=135.562), 0.0278917 s/step
on time step 32543 (time=135.596), 0.0278997 s/step
on time step 31727 (time=132.196), 0.0290504 s/step
on time step 32070 (time=133.625), 0.0284857 s/step
on time step 31636 (time=131.817), 0.0291158 s/step
on time step 32498 (time=135.408), 0.0278954 s/step
on time step 32064 (time=133.6), 0.0284816 s/step
on time step 31955 (time=133.146), 0.0286813 s/step
on time step 32663 (time=136.096), 0.0278943 s/step
on time step 31611 (time=131.713), 0.0291077 s/step
on time step 32075 (time=133.646), 0.0284806 s/step
on time step 31993 (time=133.304), 0.0284772 s/step
on time step 32027 (time=133.446), 0.0284771 s/step
on time step 31307 (time=130.446), 0.0293057 s/step
on time step 5656 (time=23.5667), 0.0489451 s/step
on time step 31105 (time=129.604), 0.0297335 s/step
on time step 31974 (time=133.225), 0.0289193 s/step
on time step 32846 (time=136.858), 0.0278893 s/step
on time step 32100 (time=133.75), 0.028664 s/step
on time step 32812 (time=136.717), 0.0278866 s/step
on time step 32695 (time=136.229), 0.0278843 s/step
on time step 32866 (time=136.942), 0.0278903 s/step
on time step 32604 (time=135.85), 0.0278892 s/step
on time step 31671 (time=131.963), 0.0291139 s/step
on time step 31865 (time=132.771), 0.0290719 s/step
on time step 32679 (time=136.162), 0.0278867 s/step
on time step 32687 (time=136.196), 0.0278875 s/step
on time step 32211 (time=134.213), 0.0284927 s/step
on time step 31774 (time=132.392), 0.0290974 s/step
on time step 32642 (time=136.008), 0.0278852 s/step
on time step 32205 (time=134.188), 0.0284931 s/step
on time step 32095 (time=133.729), 0.0286987 s/step
on time step 32807 (time=136.696), 0.0278871 s/step
on time step 31749 (time=132.287), 0.0291082 s/step
on time step 32216 (time=134.233), 0.0284915 s/step
on time step 32134 (time=133.892), 0.0284939 s/step
on time step 32168 (time=134.033), 0.0284906 s/step
on time step 31444 (time=131.017), 0.0293337 s/step
on time step 5738 (time=23.9083), 0.0489185 s/step
on time step 31240 (time=130.167), 0.0297462 s/step
on time step 32113 (time=133.804), 0.0288441 s/step
on time step 32240 (time=134.333), 0.0285757 s/step
on time step 32990 (time=137.458), 0.0279287 s/step
on time step 32956 (time=137.317), 0.0279221 s/step
on time step 32839 (time=136.829), 0.0279178 s/step
on time step 32748 (time=136.45), 0.0279145 s/step
on time step 33010 (time=137.542), 0.0279127 s/step
on time step 31809 (time=132.537), 0.0291271 s/step
on time step 32004 (time=133.35), 0.0288422 s/step
on time step 32831 (time=136.796), 0.0279127 s/step
on time step 32823 (time=136.762), 0.0279189 s/step
on time step 32352 (time=134.8), 0.0284946 s/step
on time step 31912 (time=132.967), 0.0291325 s/step
on time step 32235 (time=134.312), 0.0286676 s/step
on time step 32786 (time=136.608), 0.027919 s/step
on time step 32346 (time=134.775), 0.0285003 s/step
on time step 32951 (time=137.296), 0.0279168 s/step
on time step 31887 (time=132.863), 0.0290964 s/step
on time step 32357 (time=134.821), 0.0284965 s/step
on time step 32275 (time=134.479), 0.0285496 s/step
on time step 32309 (time=134.621), 0.0284939 s/step
on time step 31581 (time=131.588), 0.0293115 s/step
on time step 5820 (time=24.25), 0.0489416 s/step
on time step 31375 (time=130.729), 0.0297296 s/step
on time step 32252 (time=134.383), 0.0289265 s/step
on time step 32379 (time=134.912), 0.0289293 s/step
on time step 33134 (time=138.058), 0.0278373 s/step
on time step 33100 (time=137.917), 0.0278436 s/step
on time step 33154 (time=138.142), 0.0278351 s/step
on time step 32983 (time=137.429), 0.027846 s/step
on time step 32892 (time=137.05), 0.0278541 s/step
on time step 31946 (time=133.108), 0.0292493 s/step
on time step 32142 (time=133.925), 0.0290367 s/step
on time step 32049 (time=133.537), 0.0292004 s/step
on time step 32967 (time=137.363), 0.0278522 s/step
on time step 32975 (time=137.396), 0.0278564 s/step
on time step 32493 (time=135.387), 0.0284876 s/step
on time step 32930 (time=137.208), 0.027852 s/step
on time step 32487 (time=135.363), 0.0285017 s/step
on time step 32374 (time=134.892), 0.0289585 s/step
on time step 33095 (time=137.896), 0.027854 s/step
on time step 32025 (time=133.438), 0.0291605 s/step
on time step 32498 (time=135.408), 0.028492 s/step
on time step 32414 (time=135.058), 0.028867 s/step
on time step 32450 (time=135.208), 0.0285463 s/step
on time step 31717 (time=132.154), 0.0294233 s/step
on time step 5902 (time=24.5917), 0.0489217 s/step
on time step 31510 (time=131.292), 0.0297416 s/step
on time step 32391 (time=134.963), 0.0288936 s/step
on time step 32519 (time=135.496), 0.0286308 s/step
on time step 33278 (time=138.658), 0.027924 s/step
on time step 33244 (time=138.517), 0.0279282 s/step
on time step 32281 (time=134.504), 0.0288223 s/step
on time step 33127 (time=138.029), 0.0279289 s/step
on time step 33298 (time=138.742), 0.0279358 s/step
on time step 33036 (time=137.65), 0.027936 s/step
on time step 32084 (time=133.683), 0.0291588 s/step
on time step 33119 (time=137.996), 0.0279309 s/step
on time step 32187 (time=134.113), 0.0291794 s/step
on time step 33111 (time=137.963), 0.0279375 s/step
on time step 32634 (time=135.975), 0.0285522 s/step
on time step 33074 (time=137.808), 0.0279311 s/step
on time step 32628 (time=135.95), 0.0285403 s/step
on time step 32515 (time=135.479), 0.0285746 s/step
on time step 33239 (time=138.496), 0.0279243 s/step
on time step 32163 (time=134.012), 0.0290262 s/step
on time step 32639 (time=135.996), 0.0285522 s/step
on time step 32555 (time=135.646), 0.0285723 s/step
on time step 32591 (time=135.796), 0.0285362 s/step
on time step 31854 (time=132.725), 0.02923 s/step
on time step 5984 (time=24.9333), 0.0488836 s/step
on time step 31645 (time=131.854), 0.0296932 s/step
on time step 32530 (time=135.542), 0.0288303 s/step
on time step 32660 (time=136.083), 0.028547 s/step
on time step 33422 (time=139.258), 0.0279396 s/step
on time step 33388 (time=139.117), 0.027939 s/step
on time step 32420 (time=135.083), 0.0287814 s/step
on time step 32221 (time=134.254), 0.0292255 s/step
on time step 33442 (time=139.342), 0.0279295 s/step
on time step 33271 (time=138.629), 0.027935 s/step
on time step 33180 (time=138.25), 0.0279341 s/step
on time step 32325 (time=134.688), 0.0290619 s/step
on time step 33255 (time=138.562), 0.0279277 s/step
on time step 33263 (time=138.596), 0.0279354 s/step
on time step 32775 (time=136.562), 0.0285375 s/step
on time step 33218 (time=138.408), 0.0279334 s/step
on time step 32301 (time=134.588), 0.0290305 s/step
on time step 32769 (time=136.537), 0.0285394 s/step
on time step 33383 (time=139.096), 0.0279373 s/step
on time step 32656 (time=136.067), 0.0285647 s/step
on time step 32780 (time=136.583), 0.0285355 s/step
on time step 32696 (time=136.233), 0.0285585 s/step
on time step 32732 (time=136.383), 0.0285551 s/step
on time step 31991 (time=133.296), 0.0293056 s/step
on time step 6066 (time=25.275), 0.0489195 s/step
on time step 31780 (time=132.417), 0.0297064 s/step
on time step 32668 (time=136.117), 0.0290133 s/step
on time step 33566 (time=139.858), 0.027791 s/step
on time step 32799 (time=136.662), 0.0289465 s/step
on time step 33532 (time=139.717), 0.0277891 s/step
on time step 32558 (time=135.658), 0.0290278 s/step
on time step 32358 (time=134.825), 0.0292431 s/step
on time step 33586 (time=139.942), 0.0277897 s/step
on time step 33415 (time=139.229), 0.0277905 s/step
on time step 33324 (time=138.85), 0.0277937 s/step
on time step 33407 (time=139.196), 0.0277917 s/step
on time step 33399 (time=139.162), 0.0277973 s/step
on time step 32463 (time=135.262), 0.0291941 s/step
on time step 33362 (time=139.008), 0.0277908 s/step
on time step 32916 (time=137.15), 0.028543 s/step
on time step 33527 (time=139.696), 0.0277978 s/step
on time step 32439 (time=135.162), 0.0291797 s/step
on time step 32910 (time=137.125), 0.0285402 s/step
on time step 32795 (time=136.646), 0.0289129 s/step
on time step 32835 (time=136.812), 0.0288263 s/step
on time step 32921 (time=137.171), 0.0285291 s/step
on time step 32872 (time=136.967), 0.0286958 s/step
on time step 32128 (time=133.867), 0.0293591 s/step
on time step 6148 (time=25.6167), 0.0489111 s/step
on time step 31915 (time=132.979), 0.0297421 s/step
on time step 32807 (time=136.696), 0.0288641 s/step
on time step 32938 (time=137.242), 0.0287773 s/step
field decay(t = 140.02916666666667): 2.7401745744811536e-08 / 2.7401745744811536e-08 = 1.0
on time step 33710 (time=140.458), 0.027902 s/step
field decay(t = 140.02916666666667): 5.002741327557386e-08 / 5.002741327557386e-08 = 1.0
on time step 33676 (time=140.317), 0.0278965 s/step
on time step 32697 (time=136.238), 0.0288565 s/step
on time step 32495 (time=135.396), 0.029277 s/step
field decay(t = 140.02916666666667): 2.9713855746427883e-08 / 2.9713855746427883e-08 = 1.0
on time step 33730 (time=140.542), 0.0278909 s/step
on time step 33559 (time=139.829), 0.027888 s/step
on time step 33468 (time=139.45), 0.0278975 s/step
on time step 33551 (time=139.796), 0.0278858 s/step
on time step 33543 (time=139.762), 0.027883 s/step
on time step 32601 (time=135.838), 0.0291356 s/step
on time step 33056 (time=137.733), 0.028588 s/step
on time step 33506 (time=139.608), 0.0278986 s/step
on time step 33050 (time=137.708), 0.028573 s/step
field decay(t = 140.02916666666667): 1.1251288925267448e-08 / 1.1251288925267448e-08 = 1.0
on time step 33671 (time=140.296), 0.0278781 s/step
on time step 32934 (time=137.225), 0.0287839 s/step
on time step 32577 (time=135.738), 0.0290538 s/step
on time step 32974 (time=137.392), 0.0287789 s/step
on time step 33061 (time=137.754), 0.0285934 s/step
on time step 33012 (time=137.55), 0.0286003 s/step
on time step 32265 (time=134.438), 0.0292483 s/step
on time step 6230 (time=25.9583), 0.048858 s/step
on time step 32050 (time=133.542), 0.0296308 s/step
on time step 32947 (time=137.279), 0.0286666 s/step
on time step 33079 (time=137.829), 0.0284942 s/step
on time step 33854 (time=141.058), 0.0279309 s/step
on time step 33820 (time=140.917), 0.0279357 s/step
on time step 32837 (time=136.821), 0.0286677 s/step
on time step 32633 (time=135.971), 0.0291096 s/step
field decay(t = 140.02916666666667): 1.2240052904565835e-08 / 1.2240052904565835e-08 = 1.0
on time step 33703 (time=140.429), 0.0279364 s/step
on time step 33874 (time=141.142), 0.0279458 s/step
field decay(t = 140.02916666666667): 1.7452457467913133e-08 / 1.7452457467913133e-08 = 1.0
on time step 33612 (time=140.05), 0.0279411 s/step
field decay(t = 140.02916666666667): 1.4161535421243785e-08 / 1.4161535421243785e-08 = 1.0
on time step 33695 (time=140.396), 0.0279421 s/step
field decay(t = 140.02916666666667): 3.4172153373929433e-08 / 3.4172153373929433e-08 = 1.0
on time step 33687 (time=140.363), 0.0279425 s/step
on time step 32739 (time=136.412), 0.0290792 s/step
on time step 33197 (time=138.321), 0.0284871 s/step
field decay(t = 140.02916666666667): 8.072701248404662e-08 / 8.072701248404662e-08 = 1.0
on time step 33650 (time=140.208), 0.0279383 s/step
on time step 32715 (time=136.312), 0.0290104 s/step
on time step 33191 (time=138.296), 0.0284963 s/step
on time step 33815 (time=140.896), 0.0279569 s/step
on time step 33075 (time=137.812), 0.0285385 s/step
on time step 33114 (time=137.975), 0.0286223 s/step
on time step 33202 (time=138.342), 0.0285057 s/step
on time step 33153 (time=138.137), 0.0285019 s/step
on time step 32402 (time=135.008), 0.0292987 s/step
on time step 6312 (time=26.3), 0.0489149 s/step
on time step 32185 (time=134.104), 0.0297215 s/step
on time step 33086 (time=137.858), 0.0288813 s/step
on time step 33220 (time=138.417), 0.0285236 s/step
on time step 33998 (time=141.658), 0.0278957 s/step
on time step 33964 (time=141.517), 0.0278997 s/step
on time step 32975 (time=137.396), 0.0289893 s/step
on time step 32771 (time=136.546), 0.0291718 s/step
on time step 33847 (time=141.029), 0.0278944 s/step
on time step 34018 (time=141.742), 0.0278905 s/step
on time step 33756 (time=140.65), 0.0278952 s/step
on time step 33839 (time=140.996), 0.0279004 s/step
on time step 33831 (time=140.963), 0.0278981 s/step
on time step 33338 (time=138.908), 0.0284732 s/step
on time step 32877 (time=136.988), 0.0291393 s/step
on time step 33794 (time=140.808), 0.0279017 s/step
on time step 32853 (time=136.887), 0.0291335 s/step
on time step 33332 (time=138.883), 0.0285025 s/step
on time step 33214 (time=138.392), 0.0288942 s/step
on time step 33959 (time=141.496), 0.0279001 s/step
on time step 33255 (time=138.562), 0.0284973 s/step
on time step 33343 (time=138.929), 0.0284753 s/step
on time step 33294 (time=138.725), 0.0285064 s/step
on time step 32539 (time=135.579), 0.0293357 s/step
on time step 6394 (time=26.6417), 0.0488896 s/step
on time step 32320 (time=134.667), 0.029765 s/step
on time step 33225 (time=138.438), 0.028846 s/step
on time step 34142 (time=142.258), 0.0278622 s/step
on time step 33360 (time=139), 0.0287602 s/step
on time step 34108 (time=142.117), 0.0278577 s/step
on time step 33113 (time=137.971), 0.0290449 s/step
on time step 34162 (time=142.342), 0.0278524 s/step
on time step 33991 (time=141.629), 0.0278612 s/step
on time step 33900 (time=141.25), 0.0278612 s/step
on time step 32909 (time=137.121), 0.0291932 s/step
on time step 33983 (time=141.596), 0.0278555 s/step
on time step 33975 (time=141.562), 0.0278573 s/step
on time step 33478 (time=139.492), 0.0286096 s/step
on time step 33938 (time=141.408), 0.0278525 s/step
on time step 33015 (time=137.562), 0.0291917 s/step
on time step 33472 (time=139.467), 0.0285855 s/step
on time step 32991 (time=137.463), 0.0291199 s/step
on time step 34103 (time=142.096), 0.0278596 s/step
on time step 33354 (time=138.975), 0.028717 s/step
on time step 33483 (time=139.512), 0.0285815 s/step
on time step 33396 (time=139.15), 0.0285293 s/step
on time step 33435 (time=139.312), 0.0285364 s/step
on time step 32676 (time=136.15), 0.029379 s/step
on time step 6476 (time=26.9833), 0.0488764 s/step
on time step 32455 (time=135.229), 0.0296685 s/step
on time step 33364 (time=139.017), 0.0288968 s/step
on time step 34286 (time=142.858), 0.0278883 s/step
on time step 33501 (time=139.588), 0.0284993 s/step
on time step 34252 (time=142.717), 0.027899 s/step
on time step 33252 (time=138.55), 0.0287794 s/step
on time step 34135 (time=142.229), 0.0278991 s/step
on time step 34306 (time=142.942), 0.0279072 s/step
on time step 34044 (time=141.85), 0.0279018 s/step
on time step 33047 (time=137.696), 0.0291611 s/step
on time step 34127 (time=142.196), 0.0279068 s/step
on time step 34119 (time=142.162), 0.0279062 s/step
field decay(t = 140.02916666666667): 5.577884119270567e-08 / 5.577884119270567e-08 = 1.0
on time step 33619 (time=140.079), 0.0285137 s/step
on time step 34082 (time=142.008), 0.0279055 s/step
field decay(t = 140.02916666666667): 4.2087347228556965e-08 / 4.2087347228556965e-08 = 1.0
on time step 33613 (time=140.054), 0.028504 s/step
on time step 33129 (time=138.037), 0.0290597 s/step
on time step 33154 (time=138.142), 0.0289843 s/step
on time step 34247 (time=142.696), 0.0279116 s/step
on time step 33495 (time=139.562), 0.0285121 s/step
field decay(t = 140.02916666666667): 3.417215337392936e-08 / 3.417215337392936e-08 = 1.0
on time step 33624 (time=140.1), 0.0285069 s/step
on time step 33537 (time=139.738), 0.0284952 s/step
on time step 33576 (time=139.9), 0.0284999 s/step
on time step 32813 (time=136.721), 0.0292747 s/step
on time step 6558 (time=27.325), 0.0488865 s/step
on time step 32590 (time=135.792), 0.0297865 s/step
on time step 33504 (time=139.6), 0.028743 s/step
on time step 34430 (time=143.458), 0.0279317 s/step
field decay(t = 140.02916666666667): 3.396229794784077e-08 / 3.396229794784077e-08 = 1.0
on time step 33642 (time=140.175), 0.0285294 s/step
on time step 34396 (time=143.317), 0.0279278 s/step
on time step 33391 (time=139.129), 0.0289504 s/step
on time step 33184 (time=138.267), 0.0292217 s/step
on time step 34279 (time=142.829), 0.0279282 s/step
on time step 34450 (time=143.542), 0.0279237 s/step
on time step 34188 (time=142.45), 0.0279307 s/step
on time step 34271 (time=142.796), 0.0279286 s/step
on time step 34263 (time=142.762), 0.0279286 s/step
on time step 33760 (time=140.667), 0.0285246 s/step
on time step 34226 (time=142.608), 0.0279303 s/step
on time step 33754 (time=140.642), 0.0285229 s/step
on time step 33267 (time=138.613), 0.0291323 s/step
on time step 33292 (time=138.717), 0.029187 s/step
on time step 34391 (time=143.296), 0.0279281 s/step
field decay(t = 140.02916666666667): 1.1789298450392238e-07 / 1.1789298450392238e-07 = 1.0
on time step 33636 (time=140.15), 0.0285646 s/step
on time step 33765 (time=140.688), 0.0285253 s/step
field decay(t = 140.02916666666667): 2.7401745744811143e-08 / 2.7401745744811143e-08 = 1.0
on time step 33678 (time=140.325), 0.02853 s/step
field decay(t = 140.02916666666667): 8.072701248404608e-08 / 8.072701248404608e-08 = 1.0
on time step 33717 (time=140.488), 0.0285247 s/step
on time step 32950 (time=137.292), 0.0292697 s/step
on time step 6640 (time=27.6667), 0.0489326 s/step
on time step 32725 (time=136.354), 0.0297708 s/step
field decay(t = 140.02916666666667): 1.7106775262820115e-07 / 1.7106775262820115e-07 = 1.0
on time step 33642 (time=140.175), 0.0289894 s/step
on time step 34574 (time=144.058), 0.0278193 s/step
on time step 33781 (time=140.754), 0.0289044 s/step
on time step 34540 (time=143.917), 0.0278138 s/step
on time step 33529 (time=139.704), 0.0290086 s/step
on time step 34594 (time=144.142), 0.027803 s/step
on time step 34423 (time=143.429), 0.0278112 s/step
on time step 34332 (time=143.05), 0.0278084 s/step
on time step 33321 (time=138.838), 0.0293272 s/step
on time step 34415 (time=143.396), 0.0278109 s/step
on time step 34407 (time=143.363), 0.0278079 s/step
on time step 33900 (time=141.25), 0.0285949 s/step
on time step 34370 (time=143.208), 0.0278084 s/step
on time step 33894 (time=141.225), 0.0285991 s/step
on time step 33405 (time=139.188), 0.0290614 s/step
on time step 33429 (time=139.287), 0.0292204 s/step
on time step 34535 (time=143.896), 0.0278114 s/step
on time step 33775 (time=140.729), 0.0289439 s/step
on time step 33905 (time=141.271), 0.0285929 s/step
on time step 33817 (time=140.904), 0.0288165 s/step
on time step 33857 (time=141.071), 0.0287322 s/step
on time step 33087 (time=137.863), 0.0293473 s/step
on time step 6722 (time=28.0083), 0.0489653 s/step
on time step 33780 (time=140.75), 0.0289889 s/step
on time step 32860 (time=136.917), 0.0297896 s/step
on time step 34718 (time=144.658), 0.0278527 s/step
on time step 33920 (time=141.333), 0.0288802 s/step
on time step 34684 (time=144.517), 0.0278486 s/step
field decay(t = 140.02916666666667): 5.577884119270599e-08 / 5.577884119270599e-08 = 1.0
on time step 33667 (time=140.279), 0.0290643 s/step
on time step 34738 (time=144.742), 0.0278386 s/step
on time step 34567 (time=144.029), 0.0278359 s/step
on time step 34476 (time=143.65), 0.0278421 s/step
on time step 33458 (time=139.408), 0.0292357 s/step
on time step 34040 (time=141.833), 0.0285903 s/step
on time step 34551 (time=143.963), 0.0278288 s/step
on time step 34559 (time=143.996), 0.027834 s/step
on time step 34514 (time=143.808), 0.0278266 s/step
on time step 34034 (time=141.808), 0.0285934 s/step
on time step 34679 (time=144.496), 0.0278272 s/step
on time step 33543 (time=139.762), 0.0291443 s/step
on time step 33567 (time=139.863), 0.0291739 s/step
on time step 34045 (time=141.854), 0.0285963 s/step
on time step 33956 (time=141.483), 0.028805 s/step
on time step 33914 (time=141.308), 0.0289215 s/step
on time step 33997 (time=141.654), 0.0286612 s/step
on time step 33224 (time=138.433), 0.0293516 s/step
on time step 6804 (time=28.35), 0.0488985 s/step
on time step 33920 (time=141.333), 0.0285742 s/step
on time step 32995 (time=137.479), 0.029747 s/step
on time step 34862 (time=145.258), 0.0279147 s/step
on time step 34061 (time=141.921), 0.0285487 s/step
on time step 34828 (time=145.117), 0.0279141 s/step
on time step 33806 (time=140.858), 0.0288903 s/step
on time step 34711 (time=144.629), 0.0279169 s/step
on time step 34882 (time=145.342), 0.0279251 s/step
on time step 33596 (time=139.983), 0.0291223 s/step
on time step 34620 (time=144.25), 0.0279258 s/step
on time step 34181 (time=142.421), 0.0285172 s/step
on time step 34695 (time=144.562), 0.0279197 s/step
on time step 34703 (time=144.596), 0.0279173 s/step
on time step 34175 (time=142.396), 0.0285212 s/step
on time step 34658 (time=144.408), 0.0279336 s/step
field decay(t = 140.02916666666667): 4.208734722855683e-08 / 4.208734722855683e-08 = 1.0
on time step 33681 (time=140.338), 0.0291078 s/step
on time step 34823 (time=145.096), 0.0279218 s/step
field decay(t = 140.02916666666667): 1.1789298450392324e-07 / 1.1789298450392324e-07 = 1.0
on time step 33705 (time=140.438), 0.0291101 s/step
on time step 34186 (time=142.442), 0.028519 s/step
on time step 34097 (time=142.071), 0.0285086 s/step
on time step 34054 (time=141.892), 0.0286371 s/step
on time step 34138 (time=142.242), 0.0285199 s/step
on time step 33361 (time=139.004), 0.0293021 s/step
on time step 6886 (time=28.6917), 0.0489389 s/step
on time step 34059 (time=141.912), 0.0288873 s/step
on time step 33130 (time=138.042), 0.029749 s/step
on time step 35006 (time=145.858), 0.0278857 s/step
on time step 34202 (time=142.508), 0.0285049 s/step
on time step 34972 (time=145.717), 0.0278915 s/step
on time step 33945 (time=141.438), 0.0288922 s/step
on time step 35026 (time=145.942), 0.0278961 s/step
on time step 34855 (time=145.229), 0.0279031 s/step
on time step 34764 (time=144.85), 0.0278998 s/step
field decay(t = 140.02916666666667): 2.971385574642774e-08 / 2.971385574642774e-08 = 1.0
on time step 33734 (time=140.558), 0.0291644 s/step
on time step 34839 (time=145.162), 0.0278968 s/step
on time step 34847 (time=145.196), 0.0278947 s/step
on time step 34322 (time=143.008), 0.0285277 s/step
on time step 34802 (time=145.008), 0.0278987 s/step
on time step 34316 (time=142.983), 0.0285261 s/step
on time step 33818 (time=140.908), 0.0292005 s/step
on time step 34967 (time=145.696), 0.0279092 s/step
on time step 33843 (time=141.012), 0.0291625 s/step
on time step 34327 (time=143.029), 0.0285246 s/step
on time step 34238 (time=142.658), 0.0285121 s/step
on time step 34195 (time=142.479), 0.0285087 s/step
on time step 34279 (time=142.829), 0.0285177 s/step
on time step 33498 (time=139.575), 0.0292763 s/step
on time step 6968 (time=29.0333), 0.0489185 s/step
on time step 34200 (time=142.5), 0.0285621 s/step
on time step 33265 (time=138.604), 0.0297645 s/step
on time step 35150 (time=146.458), 0.0279163 s/step
on time step 34343 (time=143.096), 0.0285213 s/step
on time step 34085 (time=142.021), 0.0286366 s/step
on time step 35116 (time=146.317), 0.0279255 s/step
on time step 34999 (time=145.829), 0.0279221 s/step
on time step 35170 (time=146.542), 0.0279334 s/step
on time step 34908 (time=145.45), 0.027933 s/step
on time step 33872 (time=141.133), 0.0291462 s/step
on time step 34991 (time=145.796), 0.0279281 s/step
on time step 34983 (time=145.762), 0.0279327 s/step
on time step 34463 (time=143.596), 0.0285279 s/step
on time step 34946 (time=145.608), 0.0279299 s/step
on time step 34457 (time=143.571), 0.0285225 s/step
on time step 33957 (time=141.488), 0.028953 s/step
on time step 35111 (time=146.296), 0.0279304 s/step
on time step 33981 (time=141.588), 0.0291513 s/step
on time step 34468 (time=143.617), 0.028526 s/step
on time step 34379 (time=143.246), 0.0285238 s/step
on time step 34336 (time=143.067), 0.0285233 s/step
on time step 34420 (time=143.417), 0.0285259 s/step
field decay(t = 140.02916666666667): 2.3409671902399964e-08 / 2.3409671902399964e-08 = 1.0
on time step 33635 (time=140.146), 0.0293193 s/step
on time step 7050 (time=29.375), 0.0489119 s/step
on time step 34339 (time=143.079), 0.0289258 s/step
on time step 33400 (time=139.167), 0.0297446 s/step
on time step 35294 (time=147.058), 0.0279103 s/step
on time step 34484 (time=143.683), 0.0285218 s/step
on time step 34224 (time=142.6), 0.0288642 s/step
on time step 35260 (time=146.917), 0.0279127 s/step
on time step 34009 (time=141.704), 0.0292149 s/step
on time step 35314 (time=147.142), 0.0279066 s/step
on time step 35143 (time=146.429), 0.0279136 s/step
on time step 35052 (time=146.05), 0.0279079 s/step
on time step 35135 (time=146.396), 0.0279153 s/step
on time step 35127 (time=146.363), 0.0279106 s/step
on time step 34604 (time=144.183), 0.0285214 s/step
on time step 35090 (time=146.208), 0.027909 s/step
on time step 34095 (time=142.062), 0.029094 s/step
on time step 34598 (time=144.158), 0.0285264 s/step
on time step 35255 (time=146.896), 0.0279171 s/step
on time step 34119 (time=142.162), 0.0291586 s/step
on time step 34609 (time=144.204), 0.0285245 s/step
on time step 34520 (time=143.833), 0.0285267 s/step
on time step 34476 (time=143.65), 0.0287662 s/step
on time step 34561 (time=144.004), 0.0285354 s/step
on time step 33772 (time=140.717), 0.0293147 s/step
on time step 7132 (time=29.7167), 0.0489121 s/step
on time step 34478 (time=143.658), 0.0288689 s/step
on time step 33535 (time=139.729), 0.0297766 s/step
on time step 35438 (time=147.658), 0.0279001 s/step
on time step 34624 (time=144.267), 0.0286327 s/step
on time step 34363 (time=143.179), 0.0288587 s/step
on time step 35404 (time=147.517), 0.0278925 s/step
on time step 34146 (time=142.275), 0.0292536 s/step
on time step 35458 (time=147.742), 0.0278776 s/step
on time step 35287 (time=147.029), 0.0278761 s/step
on time step 35196 (time=146.65), 0.0278872 s/step
on time step 35271 (time=146.963), 0.0278688 s/step
on time step 35279 (time=146.996), 0.0278781 s/step
on time step 34744 (time=144.767), 0.0286306 s/step
on time step 35234 (time=146.808), 0.027876 s/step
on time step 34738 (time=144.742), 0.0286333 s/step
on time step 34233 (time=142.637), 0.0290812 s/step
on time step 35399 (time=147.496), 0.0278681 s/step
on time step 34256 (time=142.733), 0.0292125 s/step
on time step 34749 (time=144.787), 0.0286283 s/step
on time step 34660 (time=144.417), 0.0286284 s/step
on time step 34615 (time=144.229), 0.0287991 s/step
on time step 34701 (time=144.588), 0.0286176 s/step
on time step 33909 (time=141.287), 0.0293102 s/step
on time step 7214 (time=30.0583), 0.0488981 s/step
on time step 34617 (time=144.238), 0.0288916 s/step
field decay(t = 140.02916666666667): 2.4800292119695676e-07 / 2.4800292119695676e-07 = 1.0
on time step 33670 (time=140.292), 0.0297581 s/step
on time step 35582 (time=148.258), 0.0279252 s/step
on time step 34765 (time=144.854), 0.0285091 s/step
on time step 34501 (time=143.754), 0.0290827 s/step
on time step 35548 (time=148.117), 0.0279244 s/step
on time step 34283 (time=142.846), 0.0292507 s/step
on time step 35602 (time=148.342), 0.0279246 s/step
on time step 35431 (time=147.629), 0.0279236 s/step
on time step 35340 (time=147.25), 0.0279309 s/step
on time step 34885 (time=145.354), 0.028507 s/step
on time step 35415 (time=147.562), 0.027924 s/step
on time step 35423 (time=147.596), 0.0279221 s/step
on time step 34879 (time=145.329), 0.0285086 s/step
on time step 35378 (time=147.408), 0.027929 s/step
on time step 34372 (time=143.217), 0.0289616 s/step
on time step 35543 (time=148.096), 0.0279239 s/step
on time step 34394 (time=143.308), 0.0291314 s/step
on time step 34890 (time=145.375), 0.0285139 s/step
on time step 34801 (time=145.004), 0.0285252 s/step
on time step 34756 (time=144.817), 0.0285417 s/step
on time step 34842 (time=145.175), 0.0285181 s/step
on time step 34046 (time=141.858), 0.0293735 s/step
on time step 7296 (time=30.4), 0.0488647 s/step
on time step 34757 (time=144.821), 0.0287483 s/step
on time step 33805 (time=140.854), 0.0297439 s/step
on time step 35726 (time=148.858), 0.0278805 s/step
on time step 34905 (time=145.438), 0.0287216 s/step
on time step 34641 (time=144.338), 0.0287483 s/step
on time step 35692 (time=148.717), 0.0278915 s/step
on time step 34421 (time=143.421), 0.0291715 s/step
on time step 35575 (time=148.229), 0.0278936 s/step
on time step 35746 (time=148.942), 0.0279013 s/step
on time step 35484 (time=147.85), 0.0278909 s/step
on time step 35567 (time=148.196), 0.0278917 s/step
on time step 35559 (time=148.162), 0.0278999 s/step
on time step 35026 (time=145.942), 0.0285224 s/step
on time step 35522 (time=148.008), 0.0279009 s/step
on time step 35020 (time=145.917), 0.0285201 s/step
on time step 34510 (time=143.792), 0.0291087 s/step
on time step 35687 (time=148.696), 0.0279071 s/step
on time step 34532 (time=143.883), 0.02917 s/step
on time step 35031 (time=145.963), 0.0285201 s/step
on time step 34942 (time=145.592), 0.0285077 s/step
on time step 34896 (time=145.4), 0.0286956 s/step
on time step 34983 (time=145.762), 0.0285096 s/step
on time step 34183 (time=142.429), 0.0293337 s/step
on time step 7378 (time=30.7417), 0.0489368 s/step
on time step 34896 (time=145.4), 0.0288747 s/step
on time step 33940 (time=141.417), 0.0298042 s/step
on time step 35870 (time=149.458), 0.0278964 s/step
on time step 35046 (time=146.025), 0.0285151 s/step
on time step 34780 (time=144.917), 0.0288954 s/step
on time step 35836 (time=149.317), 0.0278986 s/step
on time step 34559 (time=143.996), 0.0291614 s/step
on time step 35890 (time=149.542), 0.027894 s/step
on time step 35719 (time=148.829), 0.0279036 s/step
on time step 35628 (time=148.45), 0.0279042 s/step
on time step 35711 (time=148.796), 0.0279061 s/step
on time step 35703 (time=148.762), 0.0279023 s/step
on time step 35167 (time=146.529), 0.0285194 s/step
on time step 35666 (time=148.608), 0.0279021 s/step
on time step 35161 (time=146.504), 0.02852 s/step
on time step 34648 (time=144.367), 0.0291386 s/step
on time step 35831 (time=149.296), 0.0279077 s/step
on time step 34670 (time=144.458), 0.0291667 s/step
on time step 35082 (time=146.175), 0.028592 s/step
on time step 35035 (time=145.979), 0.0288758 s/step
on time step 35172 (time=146.55), 0.0285171 s/step
on time step 35124 (time=146.35), 0.0285383 s/step
on time step 34320 (time=143), 0.0293766 s/step
on time step 7460 (time=31.0833), 0.0489652 s/step
on time step 35035 (time=145.979), 0.0289626 s/step
on time step 34075 (time=141.979), 0.0298027 s/step
on time step 36014 (time=150.058), 0.0278268 s/step
on time step 35185 (time=146.604), 0.0288194 s/step
on time step 34918 (time=145.492), 0.0290447 s/step
on time step 35980 (time=149.917), 0.0278194 s/step
on time step 35863 (time=149.429), 0.0278016 s/step
on time step 36034 (time=150.142), 0.0278087 s/step
on time step 35772 (time=149.05), 0.0278039 s/step
on time step 34696 (time=144.567), 0.0293436 s/step
on time step 35847 (time=149.363), 0.0277958 s/step
on time step 35855 (time=149.396), 0.0278008 s/step
on time step 35810 (time=149.208), 0.0277997 s/step
on time step 35308 (time=147.117), 0.0285575 s/step
on time step 35975 (time=149.896), 0.0278002 s/step
on time step 34786 (time=144.942), 0.02915 s/step
on time step 35302 (time=147.092), 0.0285636 s/step
on time step 35221 (time=146.754), 0.0288978 s/step
on time step 34808 (time=145.033), 0.029174 s/step
on time step 35174 (time=146.558), 0.028873 s/step
on time step 35313 (time=147.137), 0.0285624 s/step
on time step 35264 (time=146.933), 0.0287476 s/step
on time step 34457 (time=143.571), 0.0293226 s/step
on time step 7542 (time=31.425), 0.0489934 s/step
on time step 35174 (time=146.558), 0.0289256 s/step
on time step 34210 (time=142.542), 0.0297641 s/step
on time step 36158 (time=150.658), 0.0278538 s/step
on time step 35324 (time=147.183), 0.0288584 s/step
on time step 35056 (time=146.067), 0.029051 s/step
on time step 36124 (time=150.517), 0.0278682 s/step
on time step 34833 (time=145.137), 0.0292116 s/step
on time step 36178 (time=150.742), 0.027876 s/step
on time step 36007 (time=150.029), 0.0278808 s/step
on time step 35916 (time=149.65), 0.0278832 s/step
on time step 35999 (time=149.996), 0.0278821 s/step
on time step 35991 (time=149.963), 0.0278877 s/step
on time step 35954 (time=149.808), 0.0278841 s/step
on time step 35449 (time=147.704), 0.028514 s/step
on time step 36119 (time=150.496), 0.0278839 s/step
on time step 35443 (time=147.679), 0.0285015 s/step
on time step 34924 (time=145.517), 0.0291653 s/step
on time step 35360 (time=147.333), 0.0288486 s/step
on time step 35313 (time=147.137), 0.02886 s/step
on time step 34946 (time=145.608), 0.0291094 s/step
on time step 35454 (time=147.725), 0.0285036 s/step
on time step 35405 (time=147.521), 0.0285074 s/step
on time step 34594 (time=144.142), 0.0293595 s/step
on time step 7624 (time=31.7667), 0.0489798 s/step
on time step 35313 (time=147.137), 0.0289835 s/step
on time step 34345 (time=143.104), 0.0298013 s/step
on time step 36302 (time=151.258), 0.0278678 s/step
on time step 35463 (time=147.762), 0.0288054 s/step
on time step 35194 (time=146.642), 0.0290769 s/step
on time step 36268 (time=151.117), 0.0278631 s/step
on time step 34970 (time=145.708), 0.0292829 s/step
on time step 36322 (time=151.342), 0.0278458 s/step
on time step 36151 (time=150.629), 0.0278425 s/step
on time step 36060 (time=150.25), 0.027854 s/step
on time step 36135 (time=150.562), 0.027837 s/step
on time step 36143 (time=150.596), 0.0278468 s/step
on time step 36098 (time=150.408), 0.027844 s/step
on time step 35590 (time=148.292), 0.0285497 s/step
on time step 36263 (time=151.096), 0.0278307 s/step
on time step 35584 (time=148.267), 0.0285598 s/step
on time step 35062 (time=146.092), 0.0291605 s/step
on time step 35499 (time=147.912), 0.0288397 s/step
on time step 35452 (time=147.717), 0.0288016 s/step
on time step 35083 (time=146.179), 0.0292206 s/step
on time step 35595 (time=148.312), 0.0285573 s/step
on time step 35546 (time=148.108), 0.0285638 s/step
on time step 34731 (time=144.713), 0.0293139 s/step
on time step 7706 (time=32.1083), 0.048933 s/step
on time step 35453 (time=147.721), 0.0287628 s/step
on time step 34480 (time=143.667), 0.0297675 s/step
on time step 36445 (time=151.854), 0.0280772 s/step
on time step 35604 (time=148.35), 0.0285043 s/step
on time step 35333 (time=147.221), 0.0288805 s/step
on time step 36412 (time=151.717), 0.0278862 s/step
on time step 36466 (time=151.942), 0.0278917 s/step
on time step 36295 (time=151.229), 0.0278891 s/step
on time step 35108 (time=146.283), 0.0291714 s/step
on time step 36204 (time=150.85), 0.0278861 s/step
on time step 36287 (time=151.196), 0.0278898 s/step
on time step 36279 (time=151.162), 0.0278957 s/step
on time step 36242 (time=151.008), 0.027893 s/step
on time step 36407 (time=151.696), 0.0278978 s/step
on time step 35731 (time=148.879), 0.0285342 s/step
on time step 35200 (time=146.667), 0.0291211 s/step
on time step 35725 (time=148.854), 0.0285296 s/step
on time step 35221 (time=146.754), 0.0290914 s/step
on time step 35640 (time=148.5), 0.0285269 s/step
on time step 35592 (time=148.3), 0.0286969 s/step
on time step 35736 (time=148.9), 0.0285333 s/step
on time step 35687 (time=148.696), 0.0285231 s/step
on time step 34868 (time=145.283), 0.0293478 s/step
on time step 7788 (time=32.45), 0.0489071 s/step
on time step 35592 (time=148.3), 0.0288893 s/step
on time step 34615 (time=144.229), 0.0297182 s/step
on time step 36589 (time=152.454), 0.0278688 s/step
on time step 35744 (time=148.933), 0.0285887 s/step
on time step 35472 (time=147.8), 0.0288935 s/step
on time step 36556 (time=152.317), 0.0278771 s/step
on time step 36439 (time=151.829), 0.0278837 s/step
on time step 36610 (time=152.542), 0.0278907 s/step
on time step 36348 (time=151.45), 0.0278877 s/step
on time step 35246 (time=146.858), 0.0291804 s/step
on time step 36431 (time=151.796), 0.0278864 s/step
on time step 36423 (time=151.762), 0.0278861 s/step
on time step 36386 (time=151.608), 0.0278885 s/step
on time step 36551 (time=152.296), 0.0278963 s/step
on time step 35872 (time=149.467), 0.0285286 s/step
on time step 35338 (time=147.242), 0.0291655 s/step
on time step 35866 (time=149.442), 0.028527 s/step
on time step 35732 (time=148.883), 0.0287516 s/step
on time step 35781 (time=149.088), 0.0285544 s/step
on time step 35359 (time=147.329), 0.0291827 s/step
on time step 35877 (time=149.488), 0.0285208 s/step
on time step 35828 (time=149.283), 0.0285427 s/step
on time step 35005 (time=145.854), 0.0292983 s/step
on time step 7870 (time=32.7917), 0.0489657 s/step
on time step 34750 (time=144.792), 0.0297484 s/step
on time step 35732 (time=148.883), 0.0287376 s/step
on time step 36733 (time=153.054), 0.0279118 s/step
on time step 35884 (time=149.517), 0.028648 s/step
on time step 35612 (time=148.383), 0.0287505 s/step
on time step 36700 (time=152.917), 0.0279106 s/step
on time step 36754 (time=153.142), 0.0279045 s/step
on time step 36583 (time=152.429), 0.0279132 s/step
on time step 36492 (time=152.05), 0.0279112 s/step
on time step 35383 (time=147.429), 0.0292701 s/step
on time step 36575 (time=152.396), 0.0279168 s/step
on time step 36567 (time=152.363), 0.0279129 s/step
on time step 36530 (time=152.208), 0.0279073 s/step
on time step 36695 (time=152.896), 0.0279091 s/step
on time step 36013 (time=150.054), 0.0285251 s/step
on time step 35476 (time=147.817), 0.0290917 s/step
on time step 36007 (time=150.029), 0.028526 s/step
on time step 35497 (time=147.904), 0.0291076 s/step
on time step 35922 (time=149.675), 0.0285267 s/step
on time step 35872 (time=149.467), 0.0287526 s/step
on time step 36018 (time=150.075), 0.0285411 s/step
on time step 35969 (time=149.871), 0.028566 s/step
on time step 35142 (time=146.425), 0.0293505 s/step
on time step 7952 (time=33.1333), 0.0489674 s/step
on time step 35871 (time=149.463), 0.0288344 s/step
on time step 34885 (time=145.354), 0.0297587 s/step
on time step 36024 (time=150.1), 0.0286124 s/step
on time step 36877 (time=153.654), 0.0279111 s/step
on time step 35751 (time=148.963), 0.0289009 s/step
on time step 36844 (time=153.517), 0.0278987 s/step
on time step 36727 (time=153.029), 0.0278874 s/step
on time step 36898 (time=153.742), 0.027894 s/step
on time step 36636 (time=152.65), 0.027898 s/step
on time step 35521 (time=148.004), 0.0291874 s/step
on time step 36711 (time=152.963), 0.0278838 s/step
on time step 36719 (time=152.996), 0.0278895 s/step
on time step 36674 (time=152.808), 0.0278968 s/step
on time step 36839 (time=153.496), 0.027878 s/step
on time step 36153 (time=150.637), 0.0285926 s/step
on time step 36147 (time=150.613), 0.0286027 s/step
on time step 36062 (time=150.258), 0.0285894 s/step
on time step 36011 (time=150.046), 0.0287832 s/step
on time step 35614 (time=148.392), 0.0291224 s/step
on time step 35635 (time=148.479), 0.0291133 s/step
on time step 36158 (time=150.658), 0.0285889 s/step
on time step 36110 (time=150.458), 0.0285514 s/step
on time step 35279 (time=146.996), 0.0292828 s/step
on time step 8034 (time=33.475), 0.0489501 s/step
on time step 36010 (time=150.042), 0.0288388 s/step
on time step 35020 (time=145.917), 0.0297443 s/step
on time step 37021 (time=154.254), 0.02791 s/step
on time step 36165 (time=150.688), 0.0285474 s/step
on time step 35890 (time=149.542), 0.0288514 s/step
on time step 36988 (time=154.117), 0.0279073 s/step
on time step 37042 (time=154.342), 0.0279033 s/step
on time step 36871 (time=153.629), 0.0279095 s/step
on time step 36780 (time=153.25), 0.0279102 s/step
on time step 35658 (time=148.575), 0.0292849 s/step
on time step 36855 (time=153.562), 0.0279097 s/step
on time step 36863 (time=153.596), 0.0279068 s/step
on time step 36818 (time=153.408), 0.0279098 s/step
on time step 36983 (time=154.096), 0.0279163 s/step
on time step 36294 (time=151.225), 0.0285486 s/step
on time step 36288 (time=151.2), 0.0285439 s/step
on time step 35752 (time=148.967), 0.0291195 s/step
on time step 36203 (time=150.846), 0.0285344 s/step
on time step 36152 (time=150.633), 0.028533 s/step
on time step 35773 (time=149.054), 0.0290864 s/step
on time step 36299 (time=151.246), 0.0285386 s/step
on time step 36251 (time=151.046), 0.028533 s/step
on time step 35416 (time=147.567), 0.0293214 s/step
on time step 8116 (time=33.8167), 0.0489104 s/step
on time step 36149 (time=150.621), 0.0288284 s/step
on time step 35155 (time=146.479), 0.0297166 s/step
on time step 37165 (time=154.854), 0.027903 s/step
on time step 36305 (time=151.271), 0.028703 s/step
on time step 36029 (time=150.121), 0.0289567 s/step
on time step 37132 (time=154.717), 0.0279056 s/step
on time step 37015 (time=154.229), 0.0279107 s/step
on time step 37186 (time=154.942), 0.0279237 s/step
on time step 36924 (time=153.85), 0.0279165 s/step
on time step 35796 (time=149.15), 0.0291504 s/step
on time step 37007 (time=154.196), 0.0279142 s/step
on time step 36999 (time=154.162), 0.0279193 s/step
on time step 36962 (time=154.008), 0.0279152 s/step
on time step 37127 (time=154.696), 0.0279225 s/step
on time step 36435 (time=151.812), 0.028524 s/step
on time step 35890 (time=149.542), 0.0291318 s/step
on time step 36429 (time=151.787), 0.0285194 s/step
on time step 36344 (time=151.433), 0.0285204 s/step
on time step 35911 (time=149.629), 0.029138 s/step
on time step 36293 (time=151.221), 0.0285275 s/step
on time step 36440 (time=151.833), 0.0285245 s/step
on time step 36392 (time=151.633), 0.0285263 s/step
on time step 35553 (time=148.137), 0.0293461 s/step
on time step 8198 (time=34.1583), 0.0489378 s/step
on time step 36288 (time=151.2), 0.0289299 s/step
on time step 35290 (time=147.042), 0.02969 s/step
on time step 37309 (time=155.454), 0.0279111 s/step
on time step 36446 (time=151.858), 0.0285391 s/step
on time step 36168 (time=150.7), 0.0289301 s/step
on time step 37276 (time=155.317), 0.0279146 s/step
on time step 35933 (time=149.721), 0.0292648 s/step
on time step 37330 (time=155.542), 0.0279026 s/step
on time step 37159 (time=154.829), 0.0279171 s/step
on time step 37068 (time=154.45), 0.027912 s/step
on time step 37151 (time=154.796), 0.0279161 s/step
on time step 37143 (time=154.762), 0.0279132 s/step
on time step 37106 (time=154.608), 0.0279087 s/step
on time step 37271 (time=155.296), 0.027914 s/step
on time step 36576 (time=152.4), 0.0285362 s/step
on time step 36028 (time=150.117), 0.0290825 s/step
on time step 36570 (time=152.375), 0.0285298 s/step
on time step 36049 (time=150.204), 0.0291354 s/step
on time step 36485 (time=152.021), 0.0285456 s/step
on time step 36434 (time=151.808), 0.0285605 s/step
on time step 36581 (time=152.421), 0.0285301 s/step
on time step 36533 (time=152.221), 0.0285702 s/step
on time step 35690 (time=148.708), 0.0292479 s/step
on time step 8280 (time=34.5), 0.0488782 s/step
on time step 36427 (time=151.779), 0.0288131 s/step
on time step 35425 (time=147.604), 0.0297342 s/step
on time step 37453 (time=156.054), 0.0279274 s/step
on time step 36587 (time=152.446), 0.028518 s/step
on time step 36307 (time=151.279), 0.0288774 s/step
on time step 37420 (time=155.917), 0.027927 s/step
on time step 36071 (time=150.296), 0.0291176 s/step
on time step 37474 (time=156.142), 0.0279315 s/step
on time step 37303 (time=155.429), 0.0279285 s/step
on time step 37212 (time=155.05), 0.0279325 s/step
on time step 37287 (time=155.363), 0.0279263 s/step
on time step 37295 (time=155.396), 0.0279348 s/step
on time step 37250 (time=155.208), 0.0279354 s/step
on time step 37415 (time=155.896), 0.0279318 s/step
on time step 36717 (time=152.988), 0.0285095 s/step
on time step 36166 (time=150.692), 0.029074 s/step
on time step 36187 (time=150.779), 0.029037 s/step
on time step 36711 (time=152.963), 0.0285142 s/step
on time step 36626 (time=152.608), 0.0285147 s/step
on time step 36575 (time=152.396), 0.0284948 s/step
on time step 36722 (time=153.008), 0.0285095 s/step
on time step 36674 (time=152.808), 0.0284765 s/step
on time step 35827 (time=149.279), 0.0293331 s/step
on time step 8362 (time=34.8417), 0.0489277 s/step
on time step 35560 (time=148.167), 0.029637 s/step
on time step 36567 (time=152.363), 0.0287548 s/step
on time step 37597 (time=156.654), 0.0279314 s/step
on time step 36728 (time=153.033), 0.0285186 s/step
on time step 36447 (time=151.863), 0.0287183 s/step
on time step 37564 (time=156.517), 0.0279279 s/step
on time step 36209 (time=150.871), 0.0291156 s/step
on time step 37618 (time=156.742), 0.0279272 s/step
on time step 37447 (time=156.029), 0.0279259 s/step
on time step 37356 (time=155.65), 0.0279286 s/step
on time step 37439 (time=155.996), 0.0279192 s/step
on time step 37431 (time=155.963), 0.0279231 s/step
on time step 37394 (time=155.808), 0.0279278 s/step
on time step 37559 (time=156.496), 0.0279247 s/step
on time step 36858 (time=153.575), 0.0285138 s/step
on time step 36304 (time=151.267), 0.0291248 s/step
on time step 36325 (time=151.354), 0.0291143 s/step
on time step 36852 (time=153.55), 0.0285237 s/step
on time step 36767 (time=153.196), 0.0285031 s/step
on time step 36716 (time=152.983), 0.0285245 s/step
on time step 36863 (time=153.596), 0.0285225 s/step
on time step 36815 (time=153.396), 0.0285109 s/step
on time step 35964 (time=149.85), 0.0293233 s/step
on time step 8444 (time=35.1833), 0.04895 s/step
on time step 35694 (time=148.725), 0.0299315 s/step
on time step 36707 (time=152.946), 0.0286594 s/step
on time step 37741 (time=157.254), 0.0279479 s/step
on time step 36869 (time=153.621), 0.0285701 s/step
on time step 36587 (time=152.446), 0.0286068 s/step
on time step 37708 (time=157.117), 0.0279512 s/step
on time step 36347 (time=151.446), 0.0290922 s/step
on time step 37762 (time=157.342), 0.0279423 s/step
on time step 37591 (time=156.629), 0.0279489 s/step
on time step 37500 (time=156.25), 0.0279534 s/step
on time step 37575 (time=156.562), 0.0279523 s/step
on time step 37583 (time=156.596), 0.0279577 s/step
on time step 37538 (time=156.408), 0.0279496 s/step
on time step 36998 (time=154.158), 0.0285808 s/step
on time step 37703 (time=157.096), 0.0279533 s/step
on time step 36442 (time=151.842), 0.0290656 s/step
on time step 36463 (time=151.929), 0.0290652 s/step
on time step 36992 (time=154.133), 0.028578 s/step
on time step 36907 (time=153.779), 0.0285977 s/step
on time step 36855 (time=153.562), 0.0287843 s/step
on time step 37003 (time=154.179), 0.0285778 s/step
on time step 36955 (time=153.979), 0.0286255 s/step
on time step 36101 (time=150.421), 0.0292549 s/step
on time step 8526 (time=35.525), 0.0489026 s/step
on time step 35828 (time=149.283), 0.0299356 s/step
on time step 36846 (time=153.525), 0.0288641 s/step
on time step 37885 (time=157.854), 0.0278531 s/step
on time step 36725 (time=153.021), 0.0289934 s/step
on time step 37009 (time=154.204), 0.0286233 s/step
on time step 37852 (time=157.717), 0.0278502 s/step
on time step 36484 (time=152.017), 0.0292606 s/step
on time step 37906 (time=157.942), 0.027847 s/step
on time step 37735 (time=157.229), 0.0278489 s/step
on time step 37644 (time=156.85), 0.0278539 s/step
on time step 37727 (time=157.196), 0.0278458 s/step
on time step 37719 (time=157.162), 0.0278515 s/step
on time step 37682 (time=157.008), 0.0278557 s/step
on time step 37138 (time=154.742), 0.028613 s/step
on time step 37847 (time=157.696), 0.0278454 s/step
on time step 37132 (time=154.717), 0.0286159 s/step
on time step 36580 (time=152.417), 0.0291131 s/step
on time step 37047 (time=154.363), 0.0286261 s/step
on time step 36601 (time=152.504), 0.0291231 s/step
on time step 36995 (time=154.146), 0.0287167 s/step
on time step 37143 (time=154.762), 0.0286055 s/step
on time step 37096 (time=154.567), 0.0285556 s/step
on time step 36237 (time=150.988), 0.0294332 s/step
on time step 8608 (time=35.8667), 0.0490117 s/step
on time step 35962 (time=149.842), 0.0299819 s/step
on time step 36985 (time=154.104), 0.0289637 s/step
on time step 38029 (time=158.454), 0.0278496 s/step
on time step 37148 (time=154.783), 0.0288046 s/step
on time step 36863 (time=153.596), 0.029058 s/step
on time step 37996 (time=158.317), 0.0278474 s/step
on time step 36621 (time=152.588), 0.0292252 s/step
on time step 38050 (time=158.542), 0.0278347 s/step
on time step 37879 (time=157.829), 0.0278424 s/step
on time step 37788 (time=157.45), 0.0278493 s/step
on time step 37871 (time=157.796), 0.0278388 s/step
on time step 37863 (time=157.762), 0.0278363 s/step
on time step 37278 (time=155.325), 0.0285992 s/step
on time step 37826 (time=157.608), 0.0278389 s/step
on time step 37991 (time=158.296), 0.0278327 s/step
on time step 37272 (time=155.3), 0.0286022 s/step
on time step 37186 (time=154.942), 0.0287884 s/step
on time step 36718 (time=152.992), 0.0291829 s/step
on time step 36739 (time=153.079), 0.0291904 s/step
on time step 37134 (time=154.725), 0.0289011 s/step
on time step 37283 (time=155.346), 0.0286059 s/step
on time step 37235 (time=155.146), 0.0288054 s/step
on time step 36374 (time=151.558), 0.0293841 s/step
on time step 8690 (time=36.2083), 0.048923 s/step
on time step 36096 (time=150.4), 0.0299882 s/step
on time step 37124 (time=154.683), 0.0287943 s/step
on time step 37002 (time=154.175), 0.0288324 s/step
on time step 38173 (time=159.054), 0.0279004 s/step
on time step 37289 (time=155.371), 0.0285616 s/step
on time step 38140 (time=158.917), 0.0279042 s/step
on time step 36758 (time=153.158), 0.0292056 s/step
on time step 38194 (time=159.142), 0.0279174 s/step
on time step 38023 (time=158.429), 0.0279133 s/step
on time step 37932 (time=158.05), 0.0279076 s/step
on time step 38007 (time=158.363), 0.0279081 s/step
on time step 38015 (time=158.396), 0.0279159 s/step
on time step 37970 (time=158.208), 0.0279087 s/step
on time step 37419 (time=155.912), 0.0285531 s/step
on time step 38135 (time=158.896), 0.0279182 s/step
on time step 37413 (time=155.887), 0.0285484 s/step
on time step 37327 (time=155.529), 0.0285576 s/step
on time step 36856 (time=153.567), 0.0290586 s/step
on time step 36877 (time=153.654), 0.029032 s/step
on time step 37273 (time=155.304), 0.0288664 s/step
on time step 37424 (time=155.933), 0.0285617 s/step
on time step 37375 (time=155.729), 0.0285885 s/step
on time step 36511 (time=152.129), 0.0293908 s/step
on time step 8772 (time=36.55), 0.0489891 s/step
on time step 36230 (time=150.958), 0.0299806 s/step
on time step 37263 (time=155.262), 0.0289263 s/step
on time step 38317 (time=159.654), 0.0278636 s/step
on time step 37141 (time=154.754), 0.0289337 s/step
on time step 37428 (time=155.95), 0.028808 s/step
on time step 38284 (time=159.517), 0.0278548 s/step
on time step 36895 (time=153.729), 0.0292669 s/step
on time step 38338 (time=159.742), 0.0278498 s/step
on time step 38167 (time=159.029), 0.0278581 s/step
on time step 38076 (time=158.65), 0.0278598 s/step
on time step 38159 (time=158.996), 0.0278525 s/step
on time step 38151 (time=158.963), 0.027857 s/step
on time step 38114 (time=158.808), 0.0278525 s/step
on time step 37559 (time=156.496), 0.0286085 s/step
on time step 38279 (time=159.496), 0.0278501 s/step
on time step 37553 (time=156.471), 0.0286084 s/step
on time step 37466 (time=156.108), 0.0287986 s/step
on time step 36994 (time=154.142), 0.0291658 s/step
on time step 37015 (time=154.229), 0.0291644 s/step
on time step 37413 (time=155.887), 0.0287777 s/step
on time step 37564 (time=156.517), 0.0285955 s/step
on time step 37515 (time=156.312), 0.0285758 s/step
on time step 36648 (time=152.7), 0.0293696 s/step
on time step 8854 (time=36.8917), 0.0489424 s/step
on time step 37402 (time=155.842), 0.0287811 s/step
on time step 36364 (time=151.517), 0.0299765 s/step
field decay(t = 160.03333333333333): 8.578594310019255e-08 / 8.578594310019255e-08 = 1.0
on time step 38461 (time=160.254), 0.0278907 s/step
on time step 37569 (time=156.537), 0.0285229 s/step
on time step 37281 (time=155.338), 0.0287452 s/step
field decay(t = 160.03333333333333): 1.4514062176082637e-07 / 1.4514062176082637e-07 = 1.0
on time step 38428 (time=160.117), 0.0279032 s/step
on time step 37033 (time=154.304), 0.0291259 s/step
field decay(t = 160.03333333333333): 9.314797328237126e-08 / 9.314797328237126e-08 = 1.0
on time step 38482 (time=160.342), 0.0279114 s/step
on time step 38311 (time=159.629), 0.027909 s/step
on time step 38220 (time=159.25), 0.0279056 s/step
on time step 38303 (time=159.596), 0.0279085 s/step
on time step 38295 (time=159.562), 0.0279045 s/step
on time step 38258 (time=159.408), 0.0279145 s/step
on time step 37700 (time=157.083), 0.0285378 s/step
field decay(t = 160.03333333333333): 3.244541919285481e-08 / 3.244541919285481e-08 = 1.0
on time step 38423 (time=160.096), 0.0279208 s/step
on time step 37694 (time=157.058), 0.0285451 s/step
on time step 37607 (time=156.696), 0.0285424 s/step
on time step 37132 (time=154.717), 0.0290217 s/step
on time step 37553 (time=156.471), 0.0286711 s/step
on time step 37153 (time=154.804), 0.0291729 s/step
on time step 37705 (time=157.104), 0.0285411 s/step
on time step 37656 (time=156.9), 0.0285525 s/step
on time step 36784 (time=153.267), 0.0294186 s/step
on time step 8936 (time=37.2333), 0.0489568 s/step
on time step 37541 (time=156.421), 0.028937 s/step
on time step 36498 (time=152.075), 0.0299764 s/step
on time step 38605 (time=160.854), 0.0279419 s/step
on time step 37420 (time=155.917), 0.0289447 s/step
on time step 37710 (time=157.125), 0.028563 s/step
on time step 38572 (time=160.717), 0.0279395 s/step
on time step 37170 (time=154.875), 0.0293154 s/step
on time step 38626 (time=160.942), 0.0279396 s/step
field decay(t = 160.03333333333333): 3.526811309653102e-08 / 3.526811309653102e-08 = 1.0
on time step 38455 (time=160.229), 0.0279466 s/step
on time step 38363 (time=159.846), 0.0281319 s/step
field decay(t = 160.03333333333333): 4.071184393365882e-08 / 4.071184393365882e-08 = 1.0
on time step 38447 (time=160.196), 0.0279436 s/step
field decay(t = 160.03333333333333): 1.072926997992271e-07 / 1.072926997992271e-07 = 1.0
on time step 38439 (time=160.162), 0.0279414 s/step
on time step 38402 (time=160.008), 0.027939 s/step
on time step 37841 (time=157.671), 0.0285582 s/step
on time step 37747 (time=157.279), 0.0285778 s/step
on time step 37269 (time=155.287), 0.0292167 s/step
on time step 38567 (time=160.696), 0.027932 s/step
on time step 37835 (time=157.646), 0.0285648 s/step
on time step 37693 (time=157.054), 0.0286 s/step
on time step 37291 (time=155.379), 0.0291383 s/step
on time step 37846 (time=157.692), 0.0285693 s/step
on time step 37796 (time=157.483), 0.0285921 s/step
on time step 36921 (time=153.838), 0.0293941 s/step
on time step 9018 (time=37.575), 0.0489251 s/step
on time step 37680 (time=157), 0.02888 s/step
on time step 36633 (time=152.637), 0.0297909 s/step
on time step 38749 (time=161.454), 0.0279172 s/step
on time step 37559 (time=156.496), 0.0288812 s/step
on time step 37850 (time=157.708), 0.028706 s/step
on time step 38716 (time=161.317), 0.0279146 s/step
on time step 37308 (time=155.45), 0.029163 s/step
on time step 38770 (time=161.542), 0.0279159 s/step
on time step 38599 (time=160.829), 0.0279086 s/step
field decay(t = 160.03333333333333): 5.03049374189742e-08 / 5.03049374189742e-08 = 1.0
on time step 38504 (time=160.433), 0.028564 s/step
on time step 38583 (time=160.762), 0.0279065 s/step
on time step 38591 (time=160.796), 0.027915 s/step
field decay(t = 160.03333333333333): 2.5583304443945696e-07 / 2.5583304443945696e-07 = 1.0
on time step 38545 (time=160.604), 0.0281313 s/step
on time step 37887 (time=157.863), 0.0286558 s/step
on time step 37982 (time=158.258), 0.0284901 s/step
on time step 38711 (time=161.296), 0.0279196 s/step
on time step 37407 (time=155.863), 0.0291536 s/step
on time step 37976 (time=158.233), 0.0285092 s/step
on time step 37833 (time=157.637), 0.0287188 s/step
on time step 37429 (time=155.954), 0.029147 s/step
on time step 37987 (time=158.279), 0.0284773 s/step
on time step 37937 (time=158.071), 0.028505 s/step
on time step 37058 (time=154.408), 0.029378 s/step
on time step 9100 (time=37.9167), 0.0489669 s/step
on time step 37819 (time=157.579), 0.0289269 s/step
on time step 36767 (time=153.196), 0.0299985 s/step
on time step 38893 (time=162.054), 0.0278836 s/step
on time step 37989 (time=158.287), 0.0288638 s/step
on time step 37698 (time=157.075), 0.0289124 s/step
on time step 38860 (time=161.917), 0.0278823 s/step
on time step 37445 (time=156.021), 0.0292502 s/step
on time step 38914 (time=162.142), 0.0278779 s/step
on time step 38743 (time=161.429), 0.0278841 s/step
on time step 38645 (time=161.021), 0.02842 s/step
on time step 38735 (time=161.396), 0.0278777 s/step
on time step 38727 (time=161.363), 0.0278828 s/step
on time step 38687 (time=161.196), 0.0282451 s/step
on time step 38122 (time=158.842), 0.0286614 s/step
on time step 38027 (time=158.446), 0.0286889 s/step
on time step 37545 (time=156.438), 0.0290769 s/step
on time step 38855 (time=161.896), 0.0278838 s/step
on time step 38116 (time=158.817), 0.0286382 s/step
on time step 37971 (time=158.213), 0.0290139 s/step
on time step 37566 (time=156.525), 0.0292695 s/step
on time step 38127 (time=158.863), 0.0286618 s/step
on time step 38077 (time=158.654), 0.0286023 s/step
on time step 37194 (time=154.975), 0.0294275 s/step
on time step 9182 (time=38.2583), 0.0489612 s/step
on time step 37958 (time=158.158), 0.0289472 s/step
on time step 36901 (time=153.754), 0.0299942 s/step
on time step 39037 (time=162.654), 0.0278425 s/step
on time step 37836 (time=157.65), 0.0290173 s/step
on time step 38128 (time=158.867), 0.0288402 s/step
on time step 39004 (time=162.517), 0.0278451 s/step
on time step 37582 (time=156.592), 0.0292353 s/step
on time step 39058 (time=162.742), 0.0278351 s/step
on time step 38887 (time=162.029), 0.0278406 s/step
on time step 38789 (time=161.621), 0.0278417 s/step
on time step 38879 (time=161.996), 0.0278364 s/step
on time step 38871 (time=161.963), 0.0278351 s/step
on time step 38831 (time=161.796), 0.0278376 s/step
on time step 38262 (time=159.425), 0.0286165 s/step
on time step 38167 (time=159.029), 0.0286496 s/step
on time step 38999 (time=162.496), 0.0278403 s/step
on time step 38256 (time=159.4), 0.0286241 s/step
on time step 37683 (time=157.012), 0.0291229 s/step
on time step 38110 (time=158.792), 0.0288409 s/step
on time step 37703 (time=157.096), 0.029232 s/step
on time step 38267 (time=159.446), 0.0286167 s/step
on time step 38217 (time=159.238), 0.0286169 s/step
on time step 37331 (time=155.546), 0.0293995 s/step
on time step 9264 (time=38.6), 0.0489331 s/step
on time step 37035 (time=154.312), 0.0299078 s/step
on time step 38098 (time=158.742), 0.0287385 s/step
on time step 37975 (time=158.229), 0.028806 s/step
on time step 39181 (time=163.254), 0.0279553 s/step
on time step 38269 (time=159.454), 0.0285597 s/step
on time step 39148 (time=163.117), 0.0279614 s/step
on time step 37720 (time=157.167), 0.0290585 s/step
on time step 39201 (time=163.338), 0.027973 s/step
on time step 39030 (time=162.625), 0.0279813 s/step
on time step 38931 (time=162.213), 0.028183 s/step
on time step 39022 (time=162.592), 0.0279832 s/step
on time step 39014 (time=162.558), 0.0279801 s/step
on time step 38402 (time=160.008), 0.028594 s/step
on time step 39142 (time=163.092), 0.0279721 s/step
on time step 38974 (time=162.392), 0.0281678 s/step
on time step 38396 (time=159.983), 0.0285815 s/step
on time step 38308 (time=159.617), 0.0285488 s/step
on time step 37822 (time=157.592), 0.028885 s/step
on time step 38251 (time=159.379), 0.0285624 s/step
on time step 37841 (time=157.671), 0.0290398 s/step
on time step 38407 (time=160.029), 0.0285846 s/step
on time step 38357 (time=159.821), 0.0285735 s/step
on time step 37467 (time=156.113), 0.0294245 s/step
on time step 9346 (time=38.9417), 0.0489232 s/step
on time step 37169 (time=154.871), 0.0299904 s/step
on time step 38237 (time=159.321), 0.0288534 s/step
on time step 38114 (time=158.808), 0.0289349 s/step
on time step 39325 (time=163.854), 0.0279354 s/step
field decay(t = 160.03333333333333): 9.764491573675883e-08 / 9.764491573675883e-08 = 1.0
on time step 38410 (time=160.042), 0.0285292 s/step
on time step 39292 (time=163.717), 0.0279418 s/step
on time step 37858 (time=157.742), 0.0291514 s/step
on time step 39345 (time=163.938), 0.0279338 s/step
on time step 39174 (time=163.225), 0.0279287 s/step
on time step 39075 (time=162.812), 0.0279302 s/step
on time step 39166 (time=163.192), 0.027924 s/step
on time step 39158 (time=163.158), 0.0279223 s/step
field decay(t = 160.03333333333333): 1.7657853172050865e-07 / 1.7657853172050865e-07 = 1.0
on time step 38543 (time=160.596), 0.0285307 s/step
on time step 39286 (time=163.692), 0.0279385 s/step
on time step 39118 (time=162.992), 0.0279483 s/step
on time step 37960 (time=158.167), 0.0290251 s/step
field decay(t = 160.03333333333333): 1.3227285826033271e-07 / 1.3227285826033271e-07 = 1.0
on time step 38537 (time=160.571), 0.0285346 s/step
field decay(t = 160.03333333333333): 8.57859431001918e-08 / 8.57859431001918e-08 = 1.0
on time step 38449 (time=160.204), 0.028534 s/step
on time step 38391 (time=159.963), 0.0286673 s/step
on time step 37979 (time=158.246), 0.0291549 s/step
field decay(t = 160.03333333333333): 1.0729269979922899e-07 / 1.0729269979922899e-07 = 1.0
on time step 38548 (time=160.617), 0.0285355 s/step
field decay(t = 160.03333333333333): 2.5583304443945643e-07 / 2.5583304443945643e-07 = 1.0
on time step 38498 (time=160.408), 0.0285346 s/step
on time step 37604 (time=156.683), 0.029372 s/step
on time step 9428 (time=39.2833), 0.0489649 s/step
on time step 37303 (time=155.429), 0.0299672 s/step
on time step 38377 (time=159.904), 0.0287559 s/step
on time step 38253 (time=159.387), 0.0288134 s/step
on time step 39469 (time=164.454), 0.0279343 s/step
on time step 38551 (time=160.629), 0.0285419 s/step
on time step 37995 (time=158.312), 0.0292105 s/step
on time step 39436 (time=164.317), 0.0279362 s/step
on time step 39489 (time=164.537), 0.0279339 s/step
on time step 39318 (time=163.825), 0.0279376 s/step
on time step 39219 (time=163.412), 0.0279444 s/step
on time step 39302 (time=163.758), 0.0279342 s/step
on time step 39310 (time=163.792), 0.0279395 s/step
on time step 38684 (time=161.183), 0.0285313 s/step
on time step 38098 (time=158.742), 0.0290382 s/step
on time step 39430 (time=164.292), 0.0279302 s/step
on time step 39262 (time=163.592), 0.0279313 s/step
on time step 38678 (time=161.158), 0.0285412 s/step
on time step 38590 (time=160.792), 0.0285459 s/step
field decay(t = 160.03333333333333): 3.793569654023258e-07 / 3.793569654023258e-07 = 1.0
on time step 38531 (time=160.546), 0.028648 s/step
on time step 38116 (time=158.817), 0.0292507 s/step
on time step 38689 (time=161.204), 0.0285407 s/step
on time step 38639 (time=160.996), 0.0285632 s/step
on time step 37741 (time=157.254), 0.0293392 s/step
on time step 9510 (time=39.625), 0.048969 s/step
field decay(t = 160.03333333333333): 5.889249530456091e-07 / 5.889249530456091e-07 = 1.0
on time step 38515 (time=160.479), 0.0290297 s/step
on time step 37437 (time=155.988), 0.03 s/step
on time step 38391 (time=159.963), 0.0290634 s/step
on time step 39613 (time=165.054), 0.0278721 s/step
on time step 38690 (time=161.208), 0.0288293 s/step
on time step 38132 (time=158.883), 0.0293057 s/step
on time step 39580 (time=164.917), 0.0278633 s/step
on time step 39633 (time=165.137), 0.027855 s/step
on time step 39462 (time=164.425), 0.0278519 s/step
on time step 39363 (time=164.012), 0.0278493 s/step
on time step 39454 (time=164.392), 0.0278455 s/step
on time step 39446 (time=164.358), 0.0278503 s/step
on time step 38824 (time=161.767), 0.0286113 s/step
on time step 39574 (time=164.892), 0.0278468 s/step
on time step 39406 (time=164.192), 0.027844 s/step
on time step 38818 (time=161.742), 0.028613 s/step
on time step 38236 (time=159.317), 0.0291671 s/step
on time step 38729 (time=161.371), 0.0288265 s/step
on time step 38669 (time=161.121), 0.0289944 s/step
on time step 38254 (time=159.392), 0.0291928 s/step
on time step 38829 (time=161.787), 0.0286072 s/step
on time step 38779 (time=161.579), 0.0285865 s/step
on time step 37878 (time=157.825), 0.0293775 s/step
on time step 9592 (time=39.9667), 0.0489499 s/step
on time step 37571 (time=156.546), 0.0299821 s/step
on time step 38654 (time=161.058), 0.0289782 s/step
field decay(t = 160.03333333333333): 1.7657853172050963e-07 / 1.7657853172050963e-07 = 1.0
on time step 38530 (time=160.542), 0.0289399 s/step
on time step 38830 (time=161.792), 0.0285959 s/step
on time step 39757 (time=165.654), 0.0278688 s/step
on time step 38269 (time=159.454), 0.0292307 s/step
on time step 39724 (time=165.517), 0.0278772 s/step
on time step 39777 (time=165.738), 0.027886 s/step
on time step 39606 (time=165.025), 0.0278838 s/step
on time step 39507 (time=164.613), 0.0278772 s/step
on time step 39598 (time=164.992), 0.0278821 s/step
on time step 39590 (time=164.958), 0.027881 s/step
on time step 38965 (time=162.354), 0.028531 s/step
on time step 39718 (time=165.492), 0.02789 s/step
on time step 39550 (time=164.792), 0.0278861 s/step
on time step 38809 (time=161.704), 0.0286935 s/step
on time step 38374 (time=159.892), 0.0291225 s/step
on time step 38959 (time=162.329), 0.028526 s/step
on time step 38869 (time=161.954), 0.0287533 s/step
on time step 38392 (time=159.967), 0.02911 s/step
on time step 38970 (time=162.375), 0.0285249 s/step
on time step 38920 (time=162.167), 0.0285556 s/step
on time step 38014 (time=158.392), 0.0294751 s/step
field decay(t = 40.00833333333333): 3.892727637769468e-11 / 3.892727637769468e-11 = 1.0
on time step 9674 (time=40.3083), 0.0489296 s/step
on time step 37705 (time=157.104), 0.0299896 s/step
on time step 38793 (time=161.637), 0.0288629 s/step
on time step 38669 (time=161.121), 0.0288202 s/step
on time step 38970 (time=162.375), 0.0286268 s/step
on time step 39901 (time=166.254), 0.0278968 s/step
on time step 38406 (time=160.025), 0.0292997 s/step
on time step 39868 (time=166.117), 0.0279028 s/step
on time step 39921 (time=166.338), 0.0279001 s/step
on time step 39750 (time=165.625), 0.027906 s/step
on time step 39651 (time=165.213), 0.0279046 s/step
on time step 39734 (time=165.558), 0.0279093 s/step
on time step 39742 (time=165.592), 0.0279124 s/step
on time step 39106 (time=162.942), 0.0285223 s/step
on time step 38949 (time=162.287), 0.0285806 s/step
on time step 39862 (time=166.092), 0.0279075 s/step
on time step 39694 (time=165.392), 0.0279072 s/step
field decay(t = 160.03333333333333): 1.3227285826033277e-07 / 1.3227285826033277e-07 = 1.0
on time step 38512 (time=160.467), 0.0290855 s/step
on time step 39100 (time=162.917), 0.028535 s/step
on time step 39009 (time=162.537), 0.028723 s/step
field decay(t = 160.03333333333333): 3.7935696540232697e-07 / 3.7935696540232697e-07 = 1.0
on time step 38529 (time=160.537), 0.0292483 s/step
on time step 39111 (time=162.963), 0.0285374 s/step
on time step 39061 (time=162.754), 0.0285517 s/step
on time step 38151 (time=158.963), 0.0293992 s/step
on time step 9756 (time=40.65), 0.0489426 s/step
on time step 38932 (time=162.217), 0.0288345 s/step
on time step 37839 (time=157.662), 0.0300152 s/step
on time step 38808 (time=161.7), 0.0288368 s/step
on time step 39110 (time=162.958), 0.0286342 s/step
on time step 40045 (time=166.854), 0.0278737 s/step
field decay(t = 160.03333333333333): 9.314797328237133e-08 / 9.314797328237133e-08 = 1.0
on time step 38543 (time=160.596), 0.0292644 s/step
on time step 40012 (time=166.717), 0.0278695 s/step
on time step 40065 (time=166.938), 0.0278673 s/step
on time step 39894 (time=166.225), 0.0278673 s/step
on time step 39795 (time=165.812), 0.0278801 s/step
on time step 39886 (time=166.192), 0.0278574 s/step
on time step 39878 (time=166.158), 0.0278637 s/step
on time step 39246 (time=163.525), 0.0285979 s/step
on time step 39088 (time=162.867), 0.0287833 s/step
on time step 38650 (time=161.042), 0.0290523 s/step
on time step 40006 (time=166.692), 0.0278691 s/step
on time step 39838 (time=165.992), 0.0278759 s/step
on time step 39240 (time=163.5), 0.0285982 s/step
on time step 39149 (time=163.121), 0.0285957 s/step
on time step 38667 (time=161.113), 0.0291666 s/step
on time step 39251 (time=163.546), 0.0285961 s/step
on time step 39202 (time=163.342), 0.0285506 s/step
on time step 38288 (time=159.533), 0.0293808 s/step
on time step 9839 (time=40.9958), 0.0487826 s/step
on time step 37973 (time=158.221), 0.0299261 s/step
on time step 39072 (time=162.8), 0.0287381 s/step
on time step 38947 (time=162.279), 0.0289187 s/step
on time step 39250 (time=163.542), 0.0287216 s/step
on time step 40189 (time=167.454), 0.0279035 s/step
on time step 38680 (time=161.167), 0.0292325 s/step
on time step 40156 (time=167.317), 0.0279073 s/step
on time step 40209 (time=167.537), 0.0279108 s/step
on time step 40038 (time=166.825), 0.027917 s/step
on time step 39939 (time=166.412), 0.0279134 s/step
on time step 40022 (time=166.758), 0.0279131 s/step
on time step 40030 (time=166.792), 0.0279182 s/step
on time step 39387 (time=164.113), 0.0285512 s/step
on time step 39229 (time=163.454), 0.0285603 s/step
on time step 38788 (time=161.617), 0.0290741 s/step
on time step 40150 (time=167.292), 0.0279112 s/step
on time step 39982 (time=166.592), 0.0279151 s/step
on time step 39381 (time=164.088), 0.028547 s/step
on time step 39290 (time=163.708), 0.028539 s/step
on time step 38804 (time=161.683), 0.0291973 s/step
on time step 39392 (time=164.133), 0.0285535 s/step
on time step 39342 (time=163.925), 0.0285823 s/step
field decay(t = 160.03333333333333): 6.699975154766335e-08 / 6.699975154766335e-08 = 1.0
on time step 38425 (time=160.104), 0.0293741 s/step
on time step 9922 (time=41.3417), 0.0487501 s/step
on time step 38107 (time=158.779), 0.0299374 s/step
on time step 39211 (time=163.379), 0.0289844 s/step
on time step 39085 (time=162.854), 0.0290083 s/step
on time step 39389 (time=164.121), 0.0288145 s/step
on time step 40333 (time=168.054), 0.027897 s/step
on time step 38817 (time=161.738), 0.0292791 s/step
on time step 40300 (time=167.917), 0.0278842 s/step
on time step 40353 (time=168.137), 0.0278784 s/step
on time step 40182 (time=167.425), 0.0278877 s/step
on time step 40082 (time=167.008), 0.0281016 s/step
on time step 40166 (time=167.358), 0.0278838 s/step
on time step 40174 (time=167.392), 0.0278848 s/step
on time step 39527 (time=164.696), 0.0286309 s/step
on time step 39368 (time=164.033), 0.0288311 s/step
on time step 40294 (time=167.892), 0.0278696 s/step
on time step 39521 (time=164.671), 0.02863 s/step
on time step 39429 (time=164.287), 0.0288226 s/step
on time step 40126 (time=167.192), 0.0278909 s/step
on time step 38926 (time=162.192), 0.0291852 s/step
on time step 38942 (time=162.258), 0.029186 s/step
on time step 39532 (time=164.717), 0.0286162 s/step
on time step 39482 (time=164.508), 0.028773 s/step
on time step 38561 (time=160.671), 0.0294296 s/step
on time step 10005 (time=41.6875), 0.0487477 s/step
on time step 38241 (time=159.338), 0.0299378 s/step
on time step 39350 (time=163.958), 0.0288038 s/step
on time step 39224 (time=163.433), 0.0289606 s/step
on time step 39530 (time=164.708), 0.0285618 s/step
on time step 40477 (time=168.654), 0.0278834 s/step
on time step 38954 (time=162.308), 0.0292669 s/step
on time step 40444 (time=168.517), 0.0278932 s/step
on time step 40497 (time=168.738), 0.0278995 s/step
on time step 40326 (time=168.025), 0.0278843 s/step
on time step 40226 (time=167.608), 0.0278644 s/step
on time step 40318 (time=167.992), 0.0278882 s/step
on time step 40310 (time=167.958), 0.027897 s/step
on time step 39668 (time=165.283), 0.0285122 s/step
on time step 39508 (time=164.617), 0.0287179 s/step
on time step 40438 (time=168.492), 0.0279114 s/step
on time step 40270 (time=167.792), 0.0278837 s/step
on time step 39662 (time=165.258), 0.0285189 s/step
on time step 39570 (time=164.875), 0.0285282 s/step
on time step 39064 (time=162.767), 0.0291475 s/step
on time step 39080 (time=162.833), 0.0291311 s/step
on time step 39673 (time=165.304), 0.02852 s/step
on time step 39623 (time=165.096), 0.0285448 s/step
on time step 38697 (time=161.238), 0.0294212 s/step
on time step 10088 (time=42.0333), 0.0487281 s/step
on time step 38375 (time=159.896), 0.0299515 s/step
on time step 39488 (time=164.533), 0.0290802 s/step
on time step 39362 (time=164.008), 0.0290718 s/step
on time step 39669 (time=165.287), 0.0289713 s/step
on time step 40621 (time=169.254), 0.0278649 s/step
on time step 39091 (time=162.879), 0.0292638 s/step
on time step 40588 (time=169.117), 0.0278575 s/step
on time step 40641 (time=169.338), 0.0278552 s/step
on time step 40470 (time=168.625), 0.0278598 s/step
on time step 40370 (time=168.208), 0.0278616 s/step
on time step 40462 (time=168.592), 0.0278519 s/step
on time step 40454 (time=168.558), 0.027848 s/step
on time step 39808 (time=165.867), 0.028651 s/step
on time step 39647 (time=165.196), 0.0289741 s/step
on time step 40582 (time=169.092), 0.0278495 s/step
on time step 40414 (time=168.392), 0.0278513 s/step
on time step 39201 (time=163.338), 0.0292269 s/step
on time step 39802 (time=165.842), 0.0286549 s/step
on time step 39709 (time=165.454), 0.0288612 s/step
on time step 39217 (time=163.404), 0.0292537 s/step
on time step 39813 (time=165.887), 0.028647 s/step
on time step 39763 (time=165.679), 0.0286506 s/step
on time step 38833 (time=161.804), 0.0294987 s/step
on time step 10170 (time=42.375), 0.0488139 s/step
field decay(t = 160.03333333333333): 8.685096871492757e-07 / 8.685096871492757e-07 = 1.0
on time step 38509 (time=160.454), 0.0299258 s/step
on time step 39626 (time=165.108), 0.0289948 s/step
on time step 39500 (time=164.583), 0.0291232 s/step
on time step 39228 (time=163.45), 0.0292717 s/step
on time step 40765 (time=169.854), 0.0278908 s/step
on time step 39809 (time=165.871), 0.0287063 s/step
on time step 40732 (time=169.717), 0.0278885 s/step
on time step 40785 (time=169.938), 0.0278779 s/step
on time step 40614 (time=169.225), 0.0278923 s/step
on time step 40514 (time=168.808), 0.0279111 s/step
on time step 40598 (time=169.158), 0.0278844 s/step
on time step 40606 (time=169.192), 0.027893 s/step
on time step 39948 (time=166.45), 0.0286238 s/step
on time step 40726 (time=169.692), 0.0278735 s/step
on time step 39942 (time=166.425), 0.0286151 s/step
on time step 39786 (time=165.775), 0.0289023 s/step
on time step 39848 (time=166.033), 0.0288463 s/step
on time step 40558 (time=168.992), 0.0279028 s/step
on time step 39339 (time=163.912), 0.0291166 s/step
on time step 39354 (time=163.975), 0.0292516 s/step
on time step 39953 (time=166.471), 0.0286238 s/step
on time step 39903 (time=166.262), 0.0286261 s/step
on time step 38969 (time=162.371), 0.0294199 s/step
on time step 10253 (time=42.7208), 0.0486846 s/step
on time step 39765 (time=165.688), 0.0287991 s/step
on time step 38643 (time=161.012), 0.0300293 s/step
on time step 39639 (time=165.162), 0.0289308 s/step
on time step 40909 (time=170.454), 0.0278972 s/step
on time step 39366 (time=164.025), 0.029125 s/step
on time step 39949 (time=166.454), 0.0287407 s/step
on time step 40876 (time=170.317), 0.0278968 s/step
on time step 40929 (time=170.537), 0.0279068 s/step
on time step 40758 (time=169.825), 0.0278921 s/step
on time step 40658 (time=169.408), 0.0278814 s/step
on time step 40742 (time=169.758), 0.0278967 s/step
on time step 40750 (time=169.792), 0.0278978 s/step
on time step 40088 (time=167.033), 0.0285739 s/step
on time step 40082 (time=167.008), 0.0285858 s/step
on time step 39988 (time=166.617), 0.028595 s/step
on time step 39925 (time=166.354), 0.0288657 s/step
on time step 40870 (time=170.292), 0.027914 s/step
on time step 39477 (time=164.488), 0.0290802 s/step
on time step 40702 (time=169.592), 0.0278871 s/step
on time step 39492 (time=164.55), 0.0291595 s/step
on time step 40093 (time=167.054), 0.0285844 s/step
on time step 40043 (time=166.846), 0.028607 s/step
on time step 39105 (time=162.938), 0.0294783 s/step
on time step 10336 (time=43.0667), 0.0487265 s/step
on time step 39903 (time=166.262), 0.0290066 s/step
on time step 38777 (time=161.571), 0.0299772 s/step
on time step 39777 (time=165.738), 0.0290064 s/step
on time step 41053 (time=171.054), 0.0278298 s/step
on time step 40089 (time=167.037), 0.02864 s/step
on time step 39504 (time=164.6), 0.0291473 s/step
on time step 41020 (time=170.917), 0.027839 s/step
on time step 41073 (time=171.137), 0.0278342 s/step
on time step 40902 (time=170.425), 0.0278504 s/step
on time step 40802 (time=170.008), 0.027863 s/step
on time step 40894 (time=170.392), 0.0278409 s/step
on time step 40886 (time=170.358), 0.027849 s/step
on time step 40228 (time=167.617), 0.028625 s/step
on time step 40222 (time=167.592), 0.0286178 s/step
on time step 40127 (time=167.196), 0.0287835 s/step
on time step 41014 (time=170.892), 0.0278468 s/step
on time step 40846 (time=170.192), 0.0278596 s/step
on time step 40064 (time=166.933), 0.0289497 s/step
on time step 39615 (time=165.062), 0.029135 s/step
on time step 40233 (time=167.637), 0.0286195 s/step
on time step 39630 (time=165.125), 0.0291181 s/step
on time step 40183 (time=167.429), 0.0285749 s/step
on time step 39242 (time=163.508), 0.0293882 s/step
on time step 10419 (time=43.4125), 0.0486871 s/step
on time step 40044 (time=166.85), 0.0285627 s/step
on time step 38911 (time=162.129), 0.0299204 s/step
on time step 39916 (time=166.317), 0.0288038 s/step
on time step 41197 (time=171.654), 0.0279522 s/step
on time step 40230 (time=167.625), 0.0285578 s/step
on time step 39642 (time=165.175), 0.0291717 s/step
on time step 41164 (time=171.517), 0.0279491 s/step
on time step 41217 (time=171.738), 0.0279578 s/step
on time step 41046 (time=171.025), 0.0279485 s/step
on time step 40946 (time=170.608), 0.0279338 s/step
on time step 41030 (time=170.958), 0.0279447 s/step
on time step 41038 (time=170.992), 0.0279538 s/step
on time step 40369 (time=168.204), 0.0285542 s/step
on time step 40363 (time=168.179), 0.0285557 s/step
on time step 40268 (time=167.783), 0.0285632 s/step
on time step 40204 (time=167.517), 0.0285899 s/step
on time step 39753 (time=165.637), 0.0290307 s/step
on time step 41158 (time=171.492), 0.0279552 s/step
on time step 40990 (time=170.792), 0.0279495 s/step
on time step 39767 (time=165.696), 0.0292095 s/step
on time step 40374 (time=168.225), 0.0285636 s/step
on time step 40323 (time=168.012), 0.0285818 s/step
on time step 39379 (time=164.079), 0.0293608 s/step
on time step 10502 (time=43.7583), 0.048731 s/step
on time step 40183 (time=167.429), 0.0289485 s/step
on time step 39045 (time=162.688), 0.0299576 s/step
on time step 40055 (time=166.896), 0.0289179 s/step
on time step 41341 (time=172.254), 0.0279413 s/step
on time step 39779 (time=165.746), 0.0292952 s/step
on time step 40371 (time=168.213), 0.0285659 s/step
on time step 41308 (time=172.117), 0.0279451 s/step
on time step 41361 (time=172.338), 0.0279358 s/step
on time step 41190 (time=171.625), 0.027944 s/step
on time step 41090 (time=171.208), 0.0279391 s/step
on time step 40509 (time=168.787), 0.0285773 s/step
on time step 41182 (time=171.592), 0.027933 s/step
on time step 41174 (time=171.558), 0.0279412 s/step
on time step 40503 (time=168.762), 0.0285719 s/step
on time step 40408 (time=168.367), 0.0286045 s/step
on time step 39891 (time=166.213), 0.0290181 s/step
on time step 40344 (time=168.1), 0.0286625 s/step
on time step 41302 (time=172.092), 0.0279377 s/step
on time step 41134 (time=171.392), 0.0279308 s/step
on time step 39905 (time=166.271), 0.0290722 s/step
on time step 40515 (time=168.812), 0.0285605 s/step
on time step 40463 (time=168.596), 0.028601 s/step
on time step 39516 (time=164.65), 0.0293578 s/step
on time step 10585 (time=44.1042), 0.0487048 s/step
on time step 40322 (time=168.008), 0.0288023 s/step
on time step 39179 (time=163.246), 0.0299711 s/step
on time step 40194 (time=167.475), 0.0288178 s/step
on time step 39916 (time=166.317), 0.0292339 s/step
on time step 40511 (time=168.796), 0.0285796 s/step
on time step 41485 (time=172.854), 0.0278992 s/step
on time step 41452 (time=172.717), 0.0278883 s/step
on time step 41505 (time=172.938), 0.0278798 s/step
on time step 40649 (time=169.371), 0.0285755 s/step
on time step 41334 (time=172.225), 0.0278878 s/step
on time step 41234 (time=171.808), 0.0279364 s/step
on time step 40643 (time=169.346), 0.0285844 s/step
on time step 41326 (time=172.192), 0.0278873 s/step
on time step 41318 (time=172.158), 0.0278834 s/step
on time step 40549 (time=168.954), 0.028554 s/step
on time step 40483 (time=168.679), 0.0288928 s/step
on time step 40029 (time=166.787), 0.0291188 s/step
on time step 41446 (time=172.692), 0.0278779 s/step
on time step 41278 (time=171.992), 0.0279025 s/step
on time step 40043 (time=166.846), 0.0291766 s/step
on time step 40655 (time=169.396), 0.0285841 s/step
on time step 40604 (time=169.183), 0.0285381 s/step
on time step 39652 (time=165.217), 0.0294204 s/step
on time step 10668 (time=44.45), 0.0487178 s/step
on time step 40462 (time=168.592), 0.0287397 s/step
on time step 39313 (time=163.804), 0.029928 s/step
on time step 40334 (time=168.058), 0.0287298 s/step
on time step 41628 (time=173.45), 0.0279829 s/step
on time step 40054 (time=166.892), 0.0291515 s/step
on time step 40652 (time=169.383), 0.028566 s/step
on time step 41595 (time=173.312), 0.027986 s/step
on time step 41648 (time=173.533), 0.0279849 s/step
on time step 41477 (time=172.821), 0.0279927 s/step
on time step 40790 (time=169.958), 0.0285397 s/step
on time step 41469 (time=172.787), 0.0279974 s/step
on time step 41461 (time=172.754), 0.0279997 s/step
on time step 41376 (time=172.4), 0.0283585 s/step
on time step 40784 (time=169.933), 0.0285547 s/step
on time step 40167 (time=167.363), 0.0290629 s/step
on time step 41589 (time=173.287), 0.0279815 s/step
on time step 40690 (time=169.542), 0.0285684 s/step
on time step 40624 (time=169.267), 0.0285671 s/step
on time step 41421 (time=172.588), 0.0280041 s/step
on time step 40180 (time=167.417), 0.0292406 s/step
on time step 40796 (time=169.983), 0.0285564 s/step
on time step 40745 (time=169.771), 0.0285644 s/step
on time step 39789 (time=165.787), 0.0293911 s/step
on time step 10751 (time=44.7958), 0.0487069 s/step
on time step 39447 (time=164.363), 0.0299814 s/step
on time step 40602 (time=169.175), 0.0287595 s/step
on time step 40474 (time=168.642), 0.0287702 s/step
on time step 41772 (time=174.05), 0.027925 s/step
on time step 40192 (time=167.467), 0.0291078 s/step
on time step 40793 (time=169.971), 0.0285119 s/step
on time step 41739 (time=173.912), 0.0279287 s/step
on time step 41792 (time=174.133), 0.0279327 s/step
on time step 41621 (time=173.421), 0.0279254 s/step
on time step 40931 (time=170.546), 0.0285303 s/step
on time step 41605 (time=173.354), 0.0279159 s/step
on time step 41613 (time=173.387), 0.0279239 s/step
on time step 41520 (time=173), 0.0279204 s/step
on time step 40925 (time=170.521), 0.0285198 s/step
on time step 40305 (time=167.938), 0.0291331 s/step
on time step 41733 (time=173.887), 0.0279313 s/step
on time step 40831 (time=170.129), 0.0285348 s/step
on time step 40765 (time=169.854), 0.0285328 s/step
on time step 41565 (time=173.188), 0.0279033 s/step
on time step 40318 (time=167.992), 0.0291025 s/step
on time step 40937 (time=170.571), 0.0285255 s/step
on time step 40886 (time=170.358), 0.0285199 s/step
on time step 39925 (time=166.354), 0.0294398 s/step
on time step 10834 (time=45.1417), 0.0487416 s/step
on time step 39581 (time=164.921), 0.0299849 s/step
on time step 40741 (time=169.754), 0.0288992 s/step
on time step 40612 (time=169.217), 0.0290756 s/step
on time step 41916 (time=174.65), 0.0278715 s/step
on time step 40329 (time=168.037), 0.0292378 s/step
on time step 40932 (time=170.55), 0.0288175 s/step
on time step 41883 (time=174.512), 0.027872 s/step
on time step 41936 (time=174.733), 0.0278792 s/step
on time step 41765 (time=174.021), 0.0278666 s/step
on time step 41071 (time=171.129), 0.0285932 s/step
on time step 41749 (time=173.954), 0.0278719 s/step
on time step 41757 (time=173.988), 0.0278665 s/step
on time step 41664 (time=173.6), 0.027863 s/step
on time step 41065 (time=171.104), 0.0285869 s/step
on time step 40971 (time=170.713), 0.0286199 s/step
on time step 40443 (time=168.512), 0.0292017 s/step
on time step 41877 (time=174.488), 0.0278874 s/step
on time step 41709 (time=173.787), 0.0278689 s/step
on time step 40904 (time=170.433), 0.0288878 s/step
on time step 40456 (time=168.567), 0.0291844 s/step
on time step 41077 (time=171.154), 0.0285862 s/step
on time step 41026 (time=170.942), 0.0286269 s/step
on time step 40062 (time=166.925), 0.0293791 s/step
on time step 10917 (time=45.4875), 0.04872 s/step
on time step 40880 (time=170.333), 0.0288938 s/step
on time step 39715 (time=165.479), 0.0299909 s/step
on time step 40750 (time=169.792), 0.0290434 s/step
on time step 42060 (time=175.25), 0.0278204 s/step
on time step 40466 (time=168.608), 0.0292462 s/step
on time step 41072 (time=171.133), 0.0287727 s/step
on time step 42027 (time=175.113), 0.0278202 s/step
on time step 42080 (time=175.333), 0.0278209 s/step
on time step 41909 (time=174.621), 0.0278225 s/step
on time step 41211 (time=171.713), 0.028594 s/step
on time step 41893 (time=174.554), 0.0278222 s/step
on time step 41901 (time=174.588), 0.0278222 s/step
on time step 41808 (time=174.2), 0.0278283 s/step
on time step 41205 (time=171.688), 0.0285919 s/step
on time step 42021 (time=175.088), 0.027824 s/step
on time step 40581 (time=169.088), 0.0290482 s/step
on time step 41853 (time=174.387), 0.027827 s/step
on time step 41043 (time=171.012), 0.0288752 s/step
on time step 41111 (time=171.296), 0.0287392 s/step
on time step 40593 (time=169.137), 0.0292193 s/step
on time step 41217 (time=171.738), 0.0285815 s/step
on time step 41167 (time=171.529), 0.028528 s/step
on time step 40199 (time=167.496), 0.0294028 s/step
on time step 11000 (time=45.8333), 0.0487205 s/step
on time step 39849 (time=166.037), 0.0299805 s/step
on time step 41019 (time=170.912), 0.0289395 s/step
on time step 40889 (time=170.371), 0.0289549 s/step
on time step 40604 (time=169.183), 0.0290323 s/step
on time step 42204 (time=175.85), 0.0279328 s/step
on time step 41213 (time=171.721), 0.0285298 s/step
on time step 42171 (time=175.713), 0.0279379 s/step
on time step 42224 (time=175.933), 0.0279362 s/step
on time step 42053 (time=175.221), 0.0279421 s/step
on time step 41352 (time=172.3), 0.0285316 s/step
on time step 42037 (time=175.154), 0.0279385 s/step
on time step 42045 (time=175.188), 0.0279387 s/step
on time step 41952 (time=174.8), 0.0279343 s/step
on time step 41346 (time=172.275), 0.028532 s/step
on time step 40719 (time=169.662), 0.0290715 s/step
on time step 41183 (time=171.596), 0.0286609 s/step
on time step 42165 (time=175.688), 0.0279392 s/step
on time step 41997 (time=174.988), 0.0279379 s/step
on time step 41252 (time=171.883), 0.0285244 s/step
on time step 40731 (time=169.713), 0.0291126 s/step
on time step 41358 (time=172.325), 0.0285396 s/step
on time step 41308 (time=172.117), 0.0285422 s/step
on time step 40336 (time=168.067), 0.0293677 s/step
on time step 11083 (time=46.1792), 0.0487256 s/step
on time step 39983 (time=166.596), 0.0300063 s/step
on time step 41158 (time=171.492), 0.0289291 s/step
on time step 41028 (time=170.95), 0.0289376 s/step
on time step 40741 (time=169.754), 0.0292058 s/step
on time step 42348 (time=176.45), 0.0279289 s/step
on time step 41353 (time=172.304), 0.0286523 s/step
on time step 42315 (time=176.312), 0.0279266 s/step
on time step 41492 (time=172.883), 0.0285929 s/step
on time step 42368 (time=176.533), 0.0279219 s/step
on time step 42197 (time=175.821), 0.0279312 s/step
on time step 41486 (time=172.858), 0.0286034 s/step
on time step 42181 (time=175.754), 0.0279295 s/step
on time step 42189 (time=175.787), 0.0279256 s/step
on time step 42096 (time=175.4), 0.0279442 s/step
on time step 41322 (time=172.175), 0.0288579 s/step
on time step 40857 (time=170.238), 0.0291618 s/step
on time step 42309 (time=176.287), 0.0279178 s/step
on time step 41392 (time=172.467), 0.0286558 s/step
on time step 42141 (time=175.588), 0.0279396 s/step
on time step 41498 (time=172.908), 0.0286097 s/step
on time step 40869 (time=170.287), 0.0291906 s/step
on time step 41448 (time=172.7), 0.0286395 s/step
on time step 40473 (time=168.637), 0.0294119 s/step
on time step 11166 (time=46.525), 0.048721 s/step
on time step 40117 (time=167.154), 0.0299863 s/step
on time step 41297 (time=172.071), 0.0289046 s/step
on time step 41167 (time=171.529), 0.0289529 s/step
on time step 40879 (time=170.329), 0.0291897 s/step
on time step 42492 (time=177.05), 0.0279327 s/step
on time step 41493 (time=172.887), 0.0287496 s/step
on time step 42459 (time=176.912), 0.0279242 s/step
on time step 41632 (time=173.467), 0.0286193 s/step
on time step 42512 (time=177.133), 0.0279293 s/step
on time step 42341 (time=176.421), 0.0279355 s/step
on time step 41626 (time=173.442), 0.0286144 s/step
on time step 42333 (time=176.387), 0.0279351 s/step
on time step 42325 (time=176.354), 0.027943 s/step
on time step 42240 (time=176), 0.0279284 s/step
on time step 41462 (time=172.758), 0.0286422 s/step
on time step 40995 (time=170.812), 0.0291202 s/step
on time step 42453 (time=176.887), 0.0279284 s/step
on time step 41638 (time=173.492), 0.0286043 s/step
on time step 42285 (time=176.188), 0.0279365 s/step
on time step 41533 (time=173.054), 0.0285626 s/step
on time step 41007 (time=170.863), 0.0291584 s/step
on time step 41589 (time=173.287), 0.0285614 s/step
on time step 40610 (time=169.208), 0.0294034 s/step
on time step 11249 (time=46.8708), 0.0487776 s/step
on time step 40251 (time=167.713), 0.0299206 s/step
on time step 41437 (time=172.654), 0.0286902 s/step
on time step 41306 (time=172.108), 0.028805 s/step
on time step 41016 (time=170.9), 0.0292376 s/step
on time step 42635 (time=177.646), 0.028012 s/step
on time step 41633 (time=173.471), 0.0286215 s/step
on time step 42602 (time=177.508), 0.0280071 s/step
on time step 41772 (time=174.05), 0.0286089 s/step
on time step 42655 (time=177.729), 0.0280064 s/step
on time step 42484 (time=177.017), 0.027993 s/step
on time step 41766 (time=174.025), 0.028609 s/step
on time step 42468 (time=176.95), 0.0279868 s/step
on time step 42476 (time=176.983), 0.0279977 s/step
on time step 42383 (time=176.596), 0.027994 s/step
on time step 41602 (time=173.342), 0.0286077 s/step
on time step 42596 (time=177.483), 0.0280045 s/step
on time step 41133 (time=171.387), 0.0291059 s/step
on time step 42428 (time=176.783), 0.027992 s/step
on time step 41778 (time=174.075), 0.0286039 s/step
on time step 41673 (time=173.637), 0.0286081 s/step
on time step 41144 (time=171.433), 0.0292295 s/step
on time step 41729 (time=173.871), 0.0285981 s/step
on time step 40747 (time=169.779), 0.0294088 s/step
on time step 11332 (time=47.2167), 0.0487586 s/step
on time step 40385 (time=168.271), 0.0299245 s/step
on time step 41576 (time=173.233), 0.0288611 s/step
on time step 41445 (time=172.688), 0.0289214 s/step
on time step 41154 (time=171.475), 0.0291925 s/step
on time step 42779 (time=178.246), 0.0278904 s/step
on time step 41774 (time=174.058), 0.0285221 s/step
on time step 42746 (time=178.108), 0.0279035 s/step
on time step 41913 (time=174.637), 0.028532 s/step
on time step 42799 (time=178.329), 0.0279079 s/step
on time step 42628 (time=177.617), 0.0279216 s/step
on time step 41907 (time=174.613), 0.0285334 s/step
on time step 42620 (time=177.583), 0.027913 s/step
on time step 42612 (time=177.55), 0.027923 s/step
on time step 42527 (time=177.196), 0.0279254 s/step
on time step 41743 (time=173.929), 0.0285217 s/step
on time step 41271 (time=171.963), 0.0290047 s/step
on time step 42740 (time=178.083), 0.0279206 s/step
on time step 42572 (time=177.383), 0.0279305 s/step
on time step 41919 (time=174.662), 0.0285406 s/step
on time step 41814 (time=174.225), 0.0285305 s/step
on time step 41282 (time=172.008), 0.0290036 s/step
on time step 41870 (time=174.458), 0.0285486 s/step
on time step 40883 (time=170.346), 0.0294237 s/step
on time step 11415 (time=47.5625), 0.0487474 s/step
on time step 41714 (time=173.808), 0.0290039 s/step
on time step 40519 (time=168.829), 0.030033 s/step
on time step 41583 (time=173.262), 0.0290397 s/step
on time step 41291 (time=172.046), 0.0293379 s/step
on time step 42923 (time=178.846), 0.0279251 s/step
on time step 41913 (time=174.637), 0.0288311 s/step
on time step 42890 (time=178.708), 0.0279171 s/step
on time step 42053 (time=175.221), 0.0285761 s/step
on time step 42047 (time=175.196), 0.0285922 s/step
on time step 42943 (time=178.929), 0.0279075 s/step
on time step 42772 (time=178.217), 0.0278992 s/step
on time step 42756 (time=178.15), 0.0278897 s/step
on time step 42764 (time=178.183), 0.027898 s/step
on time step 42671 (time=177.796), 0.0278911 s/step
on time step 41882 (time=174.508), 0.0288472 s/step
on time step 41953 (time=174.804), 0.0288001 s/step
on time step 41409 (time=172.537), 0.0291955 s/step
on time step 42059 (time=175.246), 0.0286096 s/step
on time step 42884 (time=178.683), 0.0278896 s/step
on time step 42716 (time=177.983), 0.0278818 s/step
on time step 41419 (time=172.579), 0.0292461 s/step
on time step 42010 (time=175.042), 0.0286216 s/step
on time step 41019 (time=170.912), 0.0294207 s/step
on time step 11498 (time=47.9083), 0.0486869 s/step
on time step 41854 (time=174.392), 0.0287023 s/step
on time step 40653 (time=169.387), 0.0299252 s/step
on time step 41723 (time=173.846), 0.028578 s/step
on time step 41428 (time=172.617), 0.029199 s/step
on time step 43067 (time=179.446), 0.0279307 s/step
on time step 42054 (time=175.225), 0.0285554 s/step
on time step 42193 (time=175.804), 0.0286034 s/step
on time step 43034 (time=179.308), 0.0279263 s/step
on time step 42187 (time=175.779), 0.0285855 s/step
on time step 43087 (time=179.529), 0.0279242 s/step
on time step 42916 (time=178.817), 0.0279388 s/step
on time step 42899 (time=178.746), 0.0279725 s/step
on time step 42907 (time=178.779), 0.0279723 s/step
on time step 42814 (time=178.392), 0.0281268 s/step
on time step 42199 (time=175.829), 0.0285741 s/step
on time step 42023 (time=175.096), 0.0285427 s/step
on time step 42093 (time=175.387), 0.028598 s/step
on time step 42859 (time=178.579), 0.0280013 s/step
on time step 41548 (time=173.117), 0.0288855 s/step
on time step 43028 (time=179.283), 0.0279369 s/step
on time step 41557 (time=173.154), 0.0291284 s/step
on time step 42151 (time=175.629), 0.0285558 s/step
on time step 41156 (time=171.483), 0.0294022 s/step
on time step 11581 (time=48.2542), 0.0487245 s/step
on time step 41993 (time=174.971), 0.0288417 s/step
on time step 40787 (time=169.946), 0.0299149 s/step
on time step 41862 (time=174.425), 0.0288181 s/step
on time step 41565 (time=173.188), 0.0292093 s/step
field decay(t = 180.0375): 2.594614188725331e-07 / 2.594614188725331e-07 = 1.0
on time step 43210 (time=180.042), 0.0279726 s/step
on time step 42195 (time=175.812), 0.0285734 s/step
on time step 43177 (time=179.904), 0.0279865 s/step
on time step 42334 (time=176.392), 0.0285371 s/step
on time step 42328 (time=176.367), 0.0285306 s/step
field decay(t = 180.0375): 2.8209232097670766e-07 / 2.8209232097670766e-07 = 1.0
on time step 43230 (time=180.125), 0.0279782 s/step
on time step 43059 (time=179.412), 0.027985 s/step
on time step 43043 (time=179.346), 0.0279578 s/step
on time step 43051 (time=179.379), 0.0279558 s/step
on time step 42955 (time=178.979), 0.028402 s/step
on time step 42163 (time=175.679), 0.0285911 s/step
on time step 42340 (time=176.417), 0.0285406 s/step
on time step 43171 (time=179.879), 0.02798 s/step
on time step 42234 (time=175.975), 0.0285418 s/step
on time step 41694 (time=173.725), 0.0292119 s/step
on time step 41686 (time=173.692), 0.0290937 s/step
on time step 43001 (time=179.171), 0.0283338 s/step
on time step 42292 (time=176.217), 0.0285684 s/step
on time step 41293 (time=172.054), 0.0294056 s/step
on time step 11664 (time=48.6), 0.0487429 s/step
on time step 40922 (time=170.508), 0.0297426 s/step
on time step 42133 (time=175.554), 0.0287706 s/step
on time step 42001 (time=175.004), 0.0289367 s/step
on time step 41703 (time=173.762), 0.029196 s/step
on time step 43353 (time=180.637), 0.027976 s/step
field decay(t = 180.0375): 4.089772144364366e-07 / 4.089772144364366e-07 = 1.0
on time step 43319 (time=180.496), 0.0281736 s/step
on time step 42336 (time=176.4), 0.0285199 s/step
on time step 42475 (time=176.979), 0.0285463 s/step
on time step 43373 (time=180.721), 0.0279724 s/step
on time step 42468 (time=176.95), 0.0287619 s/step
on time step 43203 (time=180.012), 0.0279608 s/step
on time step 43195 (time=179.979), 0.0279457 s/step
on time step 43187 (time=179.946), 0.0279525 s/step
on time step 43099 (time=179.579), 0.0279406 s/step
on time step 42303 (time=176.262), 0.0287365 s/step
on time step 41833 (time=174.304), 0.0288277 s/step
on time step 41824 (time=174.267), 0.0291039 s/step
on time step 42481 (time=177.004), 0.0285602 s/step
field decay(t = 180.0375): 8.96482423785688e-08 / 8.96482423785688e-08 = 1.0
on time step 43315 (time=180.479), 0.0279627 s/step
on time step 42375 (time=176.562), 0.028557 s/step
on time step 43145 (time=179.771), 0.0279422 s/step
on time step 42433 (time=176.804), 0.0285518 s/step
on time step 41430 (time=172.625), 0.0293349 s/step
on time step 11747 (time=48.9458), 0.0487602 s/step
on time step 41056 (time=171.067), 0.0299253 s/step
on time step 42272 (time=176.133), 0.0287959 s/step
on time step 42140 (time=175.583), 0.0289697 s/step
on time step 41840 (time=174.333), 0.0292145 s/step
on time step 43497 (time=181.238), 0.0279345 s/step
on time step 43462 (time=181.092), 0.0281105 s/step
on time step 42476 (time=176.983), 0.0285801 s/step
on time step 42616 (time=177.567), 0.0285659 s/step
on time step 43517 (time=181.321), 0.0279322 s/step
on time step 42609 (time=177.537), 0.0285736 s/step
field decay(t = 180.0375): 9.743662906678272e-08 / 9.743662906678272e-08 = 1.0
on time step 43347 (time=180.613), 0.0279416 s/step
field decay(t = 180.0375): 1.1242004350382639e-07 / 1.1242004350382639e-07 = 1.0
on time step 43339 (time=180.579), 0.0279375 s/step
field decay(t = 180.0375): 3.2555474276374917e-07 / 3.2555474276374917e-07 = 1.0
on time step 43331 (time=180.546), 0.0279354 s/step
field decay(t = 180.0375): 1.387906591450854e-07 / 1.387906591450854e-07 = 1.0
on time step 43243 (time=180.179), 0.0279378 s/step
on time step 41972 (time=174.883), 0.0289038 s/step
on time step 42444 (time=176.85), 0.0285622 s/step
on time step 41962 (time=174.842), 0.0291864 s/step
on time step 43459 (time=181.079), 0.0279434 s/step
on time step 42622 (time=177.592), 0.0285614 s/step
field decay(t = 180.0375): 7.823097988529665e-07 / 7.823097988529665e-07 = 1.0
on time step 43289 (time=180.371), 0.0279366 s/step
on time step 42516 (time=177.15), 0.0285629 s/step
on time step 42574 (time=177.392), 0.0285437 s/step
on time step 41567 (time=173.196), 0.0293529 s/step
on time step 11830 (time=49.2917), 0.0486971 s/step
on time step 41190 (time=171.625), 0.0299763 s/step
on time step 42411 (time=176.713), 0.0289436 s/step
on time step 41977 (time=174.904), 0.0292114 s/step
on time step 42279 (time=176.162), 0.0289673 s/step
on time step 43641 (time=181.838), 0.0279496 s/step
on time step 42616 (time=177.567), 0.0285879 s/step
on time step 43606 (time=181.692), 0.0279516 s/step
on time step 42756 (time=178.15), 0.0285955 s/step
on time step 43661 (time=181.921), 0.0279595 s/step
on time step 42749 (time=178.121), 0.0285889 s/step
on time step 43490 (time=181.208), 0.0279814 s/step
on time step 43482 (time=181.175), 0.0279899 s/step
on time step 43474 (time=181.142), 0.0280006 s/step
on time step 43385 (time=180.771), 0.0282833 s/step
on time step 42584 (time=177.433), 0.0285733 s/step
on time step 42111 (time=175.463), 0.0288861 s/step
on time step 42762 (time=178.175), 0.0285907 s/step
on time step 42656 (time=177.733), 0.0285928 s/step
on time step 42100 (time=175.417), 0.0290617 s/step
on time step 43432 (time=180.967), 0.0280409 s/step
on time step 43603 (time=181.679), 0.0279666 s/step
on time step 42714 (time=177.975), 0.028585 s/step
on time step 41704 (time=173.767), 0.0293926 s/step
on time step 11913 (time=49.6375), 0.0487558 s/step
on time step 42550 (time=177.292), 0.0288373 s/step
on time step 41324 (time=172.183), 0.0300165 s/step
on time step 42114 (time=175.475), 0.0292002 s/step
on time step 42418 (time=176.742), 0.0288978 s/step
on time step 43784 (time=182.433), 0.0280427 s/step
on time step 42756 (time=178.15), 0.0285926 s/step
on time step 43749 (time=182.287), 0.0280549 s/step
on time step 42897 (time=178.738), 0.0285121 s/step
on time step 43804 (time=182.517), 0.0280546 s/step
on time step 43633 (time=181.804), 0.0280328 s/step
on time step 42890 (time=178.708), 0.0285237 s/step
on time step 43625 (time=181.771), 0.0280289 s/step
on time step 43617 (time=181.738), 0.02802 s/step
on time step 43526 (time=181.358), 0.028518 s/step
on time step 42249 (time=176.037), 0.0290041 s/step
on time step 42724 (time=178.017), 0.028773 s/step
on time step 43574 (time=181.558), 0.0281848 s/step
on time step 42238 (time=175.992), 0.0291179 s/step
on time step 42903 (time=178.762), 0.0285137 s/step
on time step 42797 (time=178.321), 0.0285682 s/step
on time step 43746 (time=182.275), 0.0280566 s/step
on time step 42855 (time=178.562), 0.0285718 s/step
on time step 41840 (time=174.333), 0.029425 s/step
on time step 11996 (time=49.9833), 0.0486903 s/step
on time step 42689 (time=177.871), 0.0288393 s/step
on time step 41458 (time=172.742), 0.0299605 s/step
on time step 42251 (time=176.046), 0.0292176 s/step
on time step 42558 (time=177.325), 0.0287613 s/step
on time step 43928 (time=183.033), 0.0279673 s/step
on time step 42896 (time=178.733), 0.0286522 s/step
on time step 43893 (time=182.887), 0.0279611 s/step
on time step 43038 (time=179.325), 0.0285418 s/step
on time step 43948 (time=183.117), 0.027964 s/step
on time step 43777 (time=182.404), 0.027964 s/step
on time step 43031 (time=179.296), 0.0285284 s/step
on time step 43769 (time=182.371), 0.0279631 s/step
on time step 43761 (time=182.338), 0.0279602 s/step
on time step 43669 (time=181.954), 0.0279736 s/step
on time step 42388 (time=176.617), 0.0288256 s/step
on time step 42864 (time=178.6), 0.0285965 s/step
on time step 42376 (time=176.567), 0.0290599 s/step
on time step 43889 (time=182.871), 0.0279749 s/step
on time step 43718 (time=182.158), 0.0279659 s/step
on time step 43044 (time=179.35), 0.0285406 s/step
on time step 42938 (time=178.908), 0.0285022 s/step
on time step 42996 (time=179.15), 0.0285306 s/step
on time step 41977 (time=174.904), 0.0293498 s/step
on time step 12079 (time=50.3292), 0.0486986 s/step
on time step 42388 (time=176.617), 0.0292192 s/step
on time step 41592 (time=173.3), 0.0299404 s/step
on time step 42829 (time=178.454), 0.0287637 s/step
on time step 42697 (time=177.904), 0.02878 s/step
on time step 44072 (time=183.633), 0.0279627 s/step
on time step 43037 (time=179.321), 0.0285672 s/step
on time step 44037 (time=183.488), 0.0279663 s/step
on time step 43179 (time=179.912), 0.0285629 s/step
on time step 44092 (time=183.717), 0.0279666 s/step
on time step 43921 (time=183.004), 0.0279693 s/step
on time step 43172 (time=179.883), 0.0285637 s/step
on time step 43913 (time=182.971), 0.0279686 s/step
on time step 43905 (time=182.938), 0.0279682 s/step
on time step 43813 (time=182.554), 0.027968 s/step
on time step 43003 (time=179.179), 0.0288791 s/step
on time step 42528 (time=177.2), 0.0287767 s/step
on time step 42514 (time=177.142), 0.0290291 s/step
on time step 44033 (time=183.471), 0.0279682 s/step
on time step 43862 (time=182.758), 0.0279703 s/step
on time step 43185 (time=179.938), 0.0285617 s/step
on time step 43079 (time=179.496), 0.0285593 s/step
on time step 43137 (time=179.738), 0.0285411 s/step
on time step 42114 (time=175.475), 0.0293984 s/step
on time step 12162 (time=50.675), 0.048737 s/step
on time step 42525 (time=177.188), 0.0292852 s/step
on time step 41726 (time=173.858), 0.0299622 s/step
on time step 42968 (time=179.033), 0.0288953 s/step
on time step 42836 (time=178.483), 0.0289068 s/step
on time step 44215 (time=184.229), 0.0280839 s/step
on time step 43177 (time=179.904), 0.028693 s/step
on time step 44180 (time=184.083), 0.0280854 s/step
field decay(t = 180.0375): 5.372784132013612e-07 / 5.372784132013612e-07 = 1.0
on time step 43319 (time=180.496), 0.02868 s/step
on time step 44235 (time=184.312), 0.0280896 s/step
on time step 44064 (time=183.6), 0.028107 s/step
field decay(t = 180.0375): 4.022213037164716e-07 / 4.022213037164716e-07 = 1.0
on time step 43312 (time=180.467), 0.0286851 s/step
on time step 44056 (time=183.567), 0.0281028 s/step
on time step 44048 (time=183.533), 0.0281024 s/step
on time step 43956 (time=183.15), 0.0281062 s/step
on time step 42666 (time=177.775), 0.0289991 s/step
on time step 43143 (time=179.762), 0.0286885 s/step
on time step 42651 (time=177.713), 0.0292281 s/step
on time step 44176 (time=184.067), 0.028095 s/step
on time step 44005 (time=183.354), 0.0281087 s/step
field decay(t = 180.0375): 3.25554742763739e-07 / 3.25554742763739e-07 = 1.0
on time step 43325 (time=180.521), 0.0286846 s/step
field decay(t = 180.0375): 2.5946141887253174e-07 / 2.5946141887253174e-07 = 1.0
on time step 43219 (time=180.079), 0.0286907 s/step
field decay(t = 180.0375): 7.823097988529676e-07 / 7.823097988529676e-07 = 1.0
on time step 43277 (time=180.321), 0.0286699 s/step
on time step 42250 (time=176.042), 0.0295101 s/step
on time step 12244 (time=51.0167), 0.048867 s/step
on time step 42662 (time=177.758), 0.0292131 s/step
on time step 41860 (time=174.417), 0.0299876 s/step
on time step 43106 (time=179.608), 0.0290769 s/step
on time step 42974 (time=179.058), 0.0291302 s/step
on time step 44359 (time=184.829), 0.0279379 s/step
field decay(t = 180.0375): 2.709914624789569e-07 / 2.709914624789569e-07 = 1.0
on time step 43316 (time=180.483), 0.0289126 s/step
on time step 44324 (time=184.683), 0.0279367 s/step
on time step 43459 (time=181.079), 0.0287042 s/step
on time step 44379 (time=184.912), 0.0279295 s/step
on time step 44208 (time=184.2), 0.0279077 s/step
on time step 43451 (time=181.046), 0.0289269 s/step
on time step 44200 (time=184.167), 0.027912 s/step
on time step 44192 (time=184.133), 0.0279084 s/step
on time step 44100 (time=183.75), 0.027907 s/step
on time step 42788 (time=178.283), 0.0292773 s/step
field decay(t = 180.0375): 1.1762413295627703e-06 / 1.1762413295627703e-06 = 1.0
on time step 43282 (time=180.342), 0.0288946 s/step
on time step 42803 (time=178.346), 0.0294012 s/step
on time step 44320 (time=184.667), 0.0279222 s/step
on time step 44149 (time=183.954), 0.0279054 s/step
on time step 43465 (time=181.104), 0.0287103 s/step
on time step 43358 (time=180.658), 0.0288876 s/step
on time step 43416 (time=180.9), 0.0288943 s/step
on time step 42386 (time=176.608), 0.0295495 s/step
on time step 12327 (time=51.3625), 0.048677 s/step
field decay(t = 180.0375): 1.9320301214419125e-06 / 1.9320301214419125e-06 = 1.0
on time step 43245 (time=180.188), 0.0287809 s/step
on time step 41994 (time=174.975), 0.029883 s/step
on time step 42801 (time=178.338), 0.0289832 s/step
on time step 43113 (time=179.637), 0.0289159 s/step
on time step 44502 (time=185.425), 0.0280209 s/step
on time step 43457 (time=181.071), 0.0285245 s/step
on time step 44467 (time=185.279), 0.028021 s/step
on time step 43600 (time=181.667), 0.0285363 s/step
on time step 44522 (time=185.508), 0.0280032 s/step
on time step 44351 (time=184.796), 0.0280322 s/step
on time step 43592 (time=181.633), 0.028548 s/step
on time step 44343 (time=184.762), 0.028018 s/step
on time step 44335 (time=184.729), 0.0280149 s/step
on time step 44243 (time=184.346), 0.0280271 s/step
on time step 42926 (time=178.858), 0.02902 s/step
on time step 42941 (time=178.921), 0.0290209 s/step
on time step 43423 (time=180.929), 0.0285552 s/step
on time step 44463 (time=185.262), 0.0279971 s/step
on time step 44292 (time=184.55), 0.028022 s/step
on time step 43606 (time=181.692), 0.0285558 s/step
on time step 43499 (time=181.246), 0.0285614 s/step
on time step 43557 (time=181.488), 0.0285666 s/step
on time step 42523 (time=177.179), 0.0293698 s/step
on time step 12410 (time=51.7083), 0.0486798 s/step
on time step 42128 (time=175.533), 0.0299659 s/step
on time step 42939 (time=178.912), 0.0290933 s/step
on time step 43385 (time=180.771), 0.0287308 s/step
field decay(t = 180.0375): 5.372784132013608e-07 / 5.372784132013608e-07 = 1.0
on time step 43253 (time=180.221), 0.0286568 s/step
on time step 44646 (time=186.025), 0.0279609 s/step
on time step 43598 (time=181.658), 0.028516 s/step
on time step 44611 (time=185.879), 0.0279584 s/step
on time step 44665 (time=186.104), 0.0279758 s/step
on time step 43741 (time=182.254), 0.0285092 s/step
on time step 44495 (time=185.396), 0.0279523 s/step
on time step 43064 (time=179.433), 0.028989 s/step
on time step 43733 (time=182.221), 0.0285024 s/step
on time step 44479 (time=185.329), 0.0279623 s/step
on time step 44387 (time=184.946), 0.0279549 s/step
on time step 44487 (time=185.363), 0.0279662 s/step
on time step 43079 (time=179.496), 0.0291637 s/step
on time step 43564 (time=181.517), 0.0285327 s/step
on time step 44606 (time=185.858), 0.027977 s/step
on time step 44436 (time=185.15), 0.0279605 s/step
on time step 43747 (time=182.279), 0.0285124 s/step
on time step 43640 (time=181.833), 0.028521 s/step
on time step 43698 (time=182.075), 0.0285216 s/step
on time step 42660 (time=177.75), 0.0292715 s/step
on time step 12493 (time=52.0542), 0.0486818 s/step
on time step 43077 (time=179.488), 0.0290393 s/step
on time step 43524 (time=181.35), 0.0288844 s/step
on time step 42262 (time=176.092), 0.0300332 s/step
on time step 43392 (time=180.8), 0.0289408 s/step
on time step 44790 (time=186.625), 0.027914 s/step
on time step 43738 (time=182.242), 0.0285816 s/step
on time step 44755 (time=186.479), 0.0279114 s/step
on time step 43881 (time=182.838), 0.0285745 s/step
on time step 44809 (time=186.704), 0.0279091 s/step
on time step 43873 (time=182.804), 0.0285861 s/step
on time step 44639 (time=185.996), 0.0279062 s/step
on time step 43202 (time=180.008), 0.0291493 s/step
on time step 44631 (time=185.963), 0.0278933 s/step
on time step 44623 (time=185.929), 0.0279058 s/step
on time step 44531 (time=185.546), 0.0279114 s/step
field decay(t = 180.0375): 1.1762413295627718e-06 / 1.1762413295627718e-06 = 1.0
on time step 43217 (time=180.071), 0.0291723 s/step
on time step 44750 (time=186.458), 0.027899 s/step
on time step 43705 (time=182.104), 0.0285564 s/step
on time step 44580 (time=185.75), 0.0279022 s/step
on time step 43888 (time=182.867), 0.0285651 s/step
on time step 43781 (time=182.421), 0.0285547 s/step
on time step 43839 (time=182.662), 0.0285466 s/step
on time step 42796 (time=178.317), 0.029415 s/step
on time step 12576 (time=52.4), 0.0487521 s/step
field decay(t = 180.0375): 2.8209232097670925e-07 / 2.8209232097670925e-07 = 1.0
on time step 43215 (time=180.062), 0.0291123 s/step
on time step 43663 (time=181.929), 0.0288468 s/step
on time step 42396 (time=176.65), 0.0299232 s/step
on time step 43531 (time=181.379), 0.0288615 s/step
on time step 44934 (time=187.225), 0.0278839 s/step
on time step 43878 (time=182.825), 0.028729 s/step
on time step 44899 (time=187.079), 0.0278971 s/step
on time step 44953 (time=187.304), 0.0278968 s/step
on time step 44022 (time=183.425), 0.0285551 s/step
on time step 44783 (time=186.596), 0.0278966 s/step
on time step 44014 (time=183.392), 0.028531 s/step
field decay(t = 180.0375): 4.022213037164687e-07 / 4.022213037164687e-07 = 1.0
on time step 43340 (time=180.583), 0.0291005 s/step
on time step 44775 (time=186.562), 0.0279052 s/step
on time step 44767 (time=186.529), 0.027906 s/step
on time step 44675 (time=186.146), 0.0278992 s/step
on time step 43355 (time=180.646), 0.0290843 s/step
on time step 44894 (time=187.058), 0.0279118 s/step
on time step 43845 (time=182.688), 0.0286937 s/step
on time step 44724 (time=186.35), 0.027903 s/step
on time step 43922 (time=183.008), 0.0285337 s/step
on time step 44029 (time=183.454), 0.0285396 s/step
on time step 43980 (time=183.25), 0.0285279 s/step
on time step 42933 (time=178.887), 0.0293879 s/step
on time step 12659 (time=52.7458), 0.0487566 s/step
on time step 43802 (time=182.508), 0.0287815 s/step
on time step 43353 (time=180.637), 0.029096 s/step
on time step 42530 (time=177.208), 0.0299354 s/step
on time step 43670 (time=181.958), 0.0287942 s/step
on time step 45077 (time=187.821), 0.0279884 s/step
on time step 44018 (time=183.408), 0.0287426 s/step
on time step 45042 (time=187.675), 0.0279799 s/step
on time step 45096 (time=187.9), 0.0279821 s/step
on time step 44162 (time=184.008), 0.0285816 s/step
on time step 44926 (time=187.192), 0.0279827 s/step
on time step 44154 (time=183.975), 0.0285958 s/step
on time step 44918 (time=187.158), 0.02798 s/step
on time step 44910 (time=187.125), 0.0279775 s/step
on time step 43478 (time=181.158), 0.0291448 s/step
on time step 44818 (time=186.742), 0.0279843 s/step
on time step 45037 (time=187.654), 0.0279811 s/step
on time step 43984 (time=183.267), 0.0288029 s/step
on time step 43493 (time=181.221), 0.0291672 s/step
on time step 44867 (time=186.946), 0.0279846 s/step
on time step 44169 (time=184.037), 0.028575 s/step
on time step 44062 (time=183.592), 0.0285876 s/step
on time step 44120 (time=183.833), 0.0285923 s/step
on time step 43069 (time=179.454), 0.0294302 s/step
on time step 12742 (time=53.0917), 0.0487569 s/step
on time step 43941 (time=183.088), 0.0289194 s/step
on time step 42664 (time=177.767), 0.0299131 s/step
on time step 43491 (time=181.213), 0.0291112 s/step
on time step 43808 (time=182.533), 0.0290471 s/step
on time step 45221 (time=188.421), 0.0279554 s/step
on time step 44158 (time=183.992), 0.0286074 s/step
on time step 45186 (time=188.275), 0.0279614 s/step
on time step 45240 (time=188.5), 0.0279604 s/step
on time step 44303 (time=184.596), 0.028554 s/step
on time step 45070 (time=187.792), 0.0279677 s/step
on time step 44295 (time=184.562), 0.0285427 s/step
on time step 43616 (time=181.733), 0.0290236 s/step
on time step 45054 (time=187.725), 0.0279619 s/step
on time step 45062 (time=187.758), 0.0279706 s/step
on time step 44962 (time=187.342), 0.0279688 s/step
on time step 44124 (time=183.85), 0.0285838 s/step
on time step 43631 (time=181.796), 0.0290955 s/step
on time step 45181 (time=188.254), 0.0279603 s/step
on time step 45010 (time=187.542), 0.027973 s/step
on time step 44310 (time=184.625), 0.0285609 s/step
on time step 44203 (time=184.179), 0.0285555 s/step
on time step 44261 (time=184.421), 0.0285457 s/step
on time step 43205 (time=180.021), 0.029457 s/step
on time step 12825 (time=53.4375), 0.0487266 s/step
on time step 44080 (time=183.667), 0.02879 s/step
on time step 42798 (time=178.325), 0.0299766 s/step
on time step 43629 (time=181.787), 0.0291311 s/step
on time step 43947 (time=183.113), 0.0287873 s/step
on time step 44297 (time=184.571), 0.0287791 s/step
on time step 45365 (time=189.021), 0.0279439 s/step
on time step 45330 (time=188.875), 0.0279438 s/step
on time step 45384 (time=189.1), 0.0279448 s/step
on time step 44444 (time=185.183), 0.0285473 s/step
on time step 45214 (time=188.392), 0.027952 s/step
on time step 44436 (time=185.15), 0.0285572 s/step
on time step 43754 (time=182.308), 0.0291672 s/step
on time step 44264 (time=184.433), 0.0285944 s/step
on time step 45206 (time=188.358), 0.0279437 s/step
on time step 45198 (time=188.325), 0.0279486 s/step
on time step 45106 (time=187.942), 0.0279534 s/step
on time step 43769 (time=182.371), 0.0290904 s/step
on time step 45325 (time=188.854), 0.0279558 s/step
on time step 45154 (time=188.142), 0.0279461 s/step
on time step 44451 (time=185.213), 0.0285477 s/step
on time step 44344 (time=184.767), 0.0285442 s/step
on time step 44402 (time=185.008), 0.0285643 s/step
field decay(t = 180.0375): 1.8573315012885052e-07 / 1.8573315012885052e-07 = 1.0
on time step 43342 (time=180.592), 0.0293484 s/step
on time step 12908 (time=53.7833), 0.048701 s/step
on time step 44219 (time=184.246), 0.0289112 s/step
on time step 43767 (time=182.363), 0.0290155 s/step
on time step 42932 (time=178.883), 0.0299524 s/step
on time step 44085 (time=183.688), 0.0290248 s/step
on time step 44437 (time=185.154), 0.0287388 s/step
on time step 45509 (time=189.621), 0.0279324 s/step
on time step 45474 (time=189.475), 0.027933 s/step
on time step 45528 (time=189.7), 0.0279267 s/step
on time step 44585 (time=185.771), 0.0285362 s/step
on time step 43892 (time=182.883), 0.029068 s/step
on time step 45358 (time=188.992), 0.0279223 s/step
on time step 44577 (time=185.738), 0.0285713 s/step
on time step 44404 (time=185.017), 0.0287686 s/step
on time step 43906 (time=182.942), 0.029243 s/step
on time step 45342 (time=188.925), 0.0279225 s/step
on time step 45350 (time=188.958), 0.0279281 s/step
on time step 45250 (time=188.542), 0.0279236 s/step
on time step 45469 (time=189.454), 0.0279268 s/step
on time step 45298 (time=188.742), 0.0279247 s/step
on time step 44592 (time=185.8), 0.0285603 s/step
on time step 44485 (time=185.354), 0.0285763 s/step
on time step 44542 (time=185.592), 0.0285956 s/step
on time step 43478 (time=181.158), 0.0294452 s/step
on time step 12991 (time=54.1292), 0.0487375 s/step
on time step 44358 (time=184.825), 0.0288425 s/step
on time step 43905 (time=182.938), 0.0289991 s/step
on time step 43066 (time=179.442), 0.0299848 s/step
on time step 44223 (time=184.262), 0.0290566 s/step
on time step 44578 (time=185.742), 0.0285531 s/step
on time step 45653 (time=190.221), 0.0279537 s/step
on time step 45618 (time=190.075), 0.0279553 s/step
on time step 44725 (time=186.354), 0.028577 s/step
on time step 45672 (time=190.3), 0.0279564 s/step
on time step 44030 (time=183.458), 0.0290065 s/step
on time step 44544 (time=185.6), 0.0285731 s/step
on time step 45502 (time=189.592), 0.0279649 s/step
on time step 44044 (time=183.517), 0.0290885 s/step
on time step 44718 (time=186.325), 0.0285603 s/step
on time step 45486 (time=189.525), 0.027961 s/step
on time step 45494 (time=189.558), 0.0279564 s/step
on time step 45394 (time=189.142), 0.0279619 s/step
on time step 45613 (time=190.054), 0.0279539 s/step
on time step 45442 (time=189.342), 0.0279601 s/step
on time step 44625 (time=185.938), 0.0285742 s/step
on time step 44733 (time=186.387), 0.0285413 s/step
on time step 44682 (time=186.175), 0.0285785 s/step
on time step 43614 (time=181.725), 0.0294301 s/step
on time step 13074 (time=54.475), 0.048729 s/step
on time step 44042 (time=183.508), 0.0292087 s/step
on time step 44496 (time=185.4), 0.0290726 s/step
on time step 43200 (time=180), 0.0299922 s/step
on time step 44361 (time=184.838), 0.0290771 s/step
on time step 44717 (time=186.321), 0.0288666 s/step
on time step 45797 (time=190.821), 0.0278733 s/step
on time step 45762 (time=190.675), 0.0278756 s/step
on time step 44865 (time=186.938), 0.0286549 s/step
on time step 45816 (time=190.9), 0.0278757 s/step
on time step 44683 (time=186.179), 0.028831 s/step
on time step 44168 (time=184.033), 0.0291786 s/step
on time step 45646 (time=190.192), 0.0278716 s/step
on time step 44858 (time=186.908), 0.0286562 s/step
on time step 44182 (time=184.092), 0.0291827 s/step
on time step 45630 (time=190.125), 0.0278751 s/step
on time step 45638 (time=190.158), 0.027876 s/step
on time step 45538 (time=189.742), 0.0278739 s/step
on time step 45757 (time=190.654), 0.0278811 s/step
on time step 45586 (time=189.942), 0.0278743 s/step
on time step 44765 (time=186.521), 0.0286521 s/step
on time step 44872 (time=186.967), 0.0288926 s/step
on time step 44822 (time=186.758), 0.0286478 s/step
on time step 43750 (time=182.292), 0.0294149 s/step
on time step 13157 (time=54.8208), 0.0487488 s/step
on time step 44180 (time=184.083), 0.0291084 s/step
on time step 44635 (time=185.979), 0.0289696 s/step
on time step 44499 (time=185.412), 0.0290255 s/step
field decay(t = 180.0375): 2.8982773658491643e-06 / 2.8982773658491643e-06 = 1.0
on time step 43334 (time=180.558), 0.0299456 s/step
on time step 44857 (time=186.904), 0.0287393 s/step
on time step 45941 (time=191.421), 0.0278943 s/step
on time step 45906 (time=191.275), 0.0278873 s/step
on time step 45005 (time=187.521), 0.0286382 s/step
on time step 45960 (time=191.5), 0.0278858 s/step
on time step 44823 (time=186.762), 0.0286179 s/step
on time step 44306 (time=184.608), 0.0291128 s/step
on time step 45790 (time=190.792), 0.0278806 s/step
on time step 44998 (time=187.492), 0.0286177 s/step
on time step 45774 (time=190.725), 0.0278786 s/step
on time step 45782 (time=190.758), 0.0278733 s/step
on time step 45682 (time=190.342), 0.0278769 s/step
on time step 44320 (time=184.667), 0.0291342 s/step
on time step 45901 (time=191.254), 0.027871 s/step
on time step 45730 (time=190.542), 0.0278771 s/step
on time step 44905 (time=187.104), 0.0286003 s/step
on time step 45012 (time=187.55), 0.0286092 s/step
on time step 44963 (time=187.346), 0.0285587 s/step
on time step 43886 (time=182.858), 0.0294671 s/step
on time step 13240 (time=55.1667), 0.0486812 s/step
on time step 44774 (time=186.558), 0.0288148 s/step
on time step 44318 (time=184.658), 0.0291223 s/step
on time step 43468 (time=181.117), 0.0298574 s/step
on time step 44638 (time=185.992), 0.0289288 s/step
on time step 44997 (time=187.488), 0.0286325 s/step
on time step 46085 (time=192.021), 0.0279127 s/step
on time step 46050 (time=191.875), 0.0279232 s/step
on time step 45146 (time=188.108), 0.0285412 s/step
on time step 46104 (time=192.1), 0.0279224 s/step
on time step 44963 (time=187.346), 0.0287373 s/step
on time step 44444 (time=185.183), 0.0290823 s/step
on time step 45934 (time=191.392), 0.0279331 s/step
on time step 45139 (time=188.079), 0.0285443 s/step
on time step 44457 (time=185.238), 0.0292249 s/step
on time step 45926 (time=191.358), 0.0279331 s/step
on time step 45918 (time=191.325), 0.0279403 s/step
on time step 45826 (time=190.942), 0.0279451 s/step
on time step 46045 (time=191.854), 0.0279362 s/step
on time step 45874 (time=191.142), 0.0279396 s/step
on time step 45046 (time=187.692), 0.0285456 s/step
on time step 45153 (time=188.137), 0.0285461 s/step
on time step 45104 (time=187.933), 0.0285587 s/step
on time step 44023 (time=183.429), 0.0293198 s/step
on time step 44456 (time=185.233), 0.0290309 s/step
on time step 43602 (time=181.675), 0.0298903 s/step
on time step 44915 (time=187.146), 0.0285567 s/step
on time step 13323 (time=55.5125), 0.0487291 s/step
on time step 44779 (time=186.579), 0.0285636 s/step
on time step 45137 (time=188.071), 0.0285779 s/step
on time step 46228 (time=192.617), 0.0280325 s/step
on time step 46193 (time=192.471), 0.028018 s/step
on time step 46247 (time=192.696), 0.0280189 s/step
on time step 45287 (time=188.696), 0.0285592 s/step
on time step 45103 (time=187.929), 0.0285793 s/step
on time step 44582 (time=185.758), 0.0290516 s/step
on time step 45279 (time=188.662), 0.0285843 s/step
on time step 46077 (time=191.988), 0.0280269 s/step
on time step 44595 (time=185.812), 0.0291574 s/step
on time step 46069 (time=191.954), 0.0280185 s/step
on time step 46061 (time=191.921), 0.028017 s/step
on time step 45969 (time=191.537), 0.0280175 s/step
on time step 46188 (time=192.45), 0.0280114 s/step
on time step 46017 (time=191.738), 0.0280265 s/step
on time step 45186 (time=188.275), 0.028583 s/step
on time step 45293 (time=188.721), 0.0285751 s/step
on time step 45244 (time=188.517), 0.0285734 s/step
on time step 44159 (time=183.996), 0.0294122 s/step
on time step 44594 (time=185.808), 0.0290488 s/step
on time step 43736 (time=182.233), 0.0299864 s/step
on time step 45055 (time=187.729), 0.0286789 s/step
on time step 44918 (time=187.158), 0.0288607 s/step
on time step 13406 (time=55.8583), 0.0487143 s/step
on time step 45278 (time=188.658), 0.0284578 s/step
on time step 46371 (time=193.213), 0.0279787 s/step
on time step 46336 (time=193.067), 0.0279891 s/step
on time step 46390 (time=193.292), 0.0279913 s/step
on time step 45428 (time=189.283), 0.0284494 s/step
on time step 45244 (time=188.517), 0.0284776 s/step
on time step 44720 (time=186.333), 0.0291211 s/step
on time step 46220 (time=192.583), 0.0279885 s/step
on time step 45420 (time=189.25), 0.0284514 s/step
on time step 46212 (time=192.55), 0.0279897 s/step
on time step 46204 (time=192.517), 0.0279907 s/step
on time step 46112 (time=192.133), 0.027988 s/step
on time step 44733 (time=186.387), 0.0290373 s/step
on time step 46331 (time=193.046), 0.0279993 s/step
on time step 46160 (time=192.333), 0.0279874 s/step
on time step 45327 (time=188.863), 0.0284541 s/step
on time step 45434 (time=189.308), 0.0284581 s/step
on time step 45385 (time=189.104), 0.0285006 s/step
on time step 44296 (time=184.567), 0.029402 s/step
on time step 44731 (time=186.379), 0.0291988 s/step
on time step 45193 (time=188.304), 0.0290325 s/step
on time step 43870 (time=182.792), 0.0299496 s/step
on time step 45056 (time=187.733), 0.0290309 s/step
on time step 13489 (time=56.2042), 0.0486871 s/step
on time step 45417 (time=189.238), 0.0288802 s/step
on time step 46515 (time=193.812), 0.0278601 s/step
on time step 46480 (time=193.667), 0.0278607 s/step
on time step 46534 (time=193.892), 0.0278526 s/step
on time step 45568 (time=189.867), 0.0286286 s/step
on time step 45383 (time=189.096), 0.0288095 s/step
on time step 46364 (time=193.183), 0.0278677 s/step
on time step 45560 (time=189.833), 0.0286255 s/step
on time step 44858 (time=186.908), 0.0291298 s/step
on time step 46356 (time=193.15), 0.0278669 s/step
on time step 46348 (time=193.117), 0.0278611 s/step
on time step 46256 (time=192.733), 0.0278818 s/step
on time step 44871 (time=186.963), 0.0290958 s/step
on time step 46475 (time=193.646), 0.0278581 s/step
on time step 46303 (time=192.929), 0.0280616 s/step
on time step 45467 (time=189.446), 0.0286212 s/step
on time step 45574 (time=189.892), 0.0286178 s/step
on time step 45526 (time=189.692), 0.0285664 s/step
on time step 44433 (time=185.137), 0.0293812 s/step
