case_name,film_thickness_um,coating_mode,polarization,wavelength_um,theta_deg,included_in_strict_metric,finite_values_flag,material_validity_flag_ti,transmission_quality_flag,period_um,top_width_um,bottom_width_um,depth_um,tilt_angle_deg,bottom_shift_um,film_grid_points,normalization_note,geometry_note,R,T,A,input_flux_raw,reflection_flux_raw,transmission_flux_raw,raw_transmittance,signed_transmittance,frequency_meep,kx_meep,resolution,pml_thickness_um,substrate_thickness_um,air_buffer_um,decay_db,fwidth_fraction,courant,solver_version,source_mode,walltime_s,retry_level,kirchhoff_note,material_name_film,n_film,k_film,epsilon_real_film,epsilon_imag_film,D_conductivity_film,film_interpolation_flag,film_model_mode,film_data_range_min_um,film_data_range_max_um,film_warning
tilt20_wrapped_gap10_film2um,2.0,sidewalls_and_bottom,Ez,8.1014,-70.0,True,VALID,VALID,NUMERICAL_PASS,50.0,40.0,0.0,30.0,20.0,10.91910702798607,24.0,"D00 convention: R=refl/abs(input), T=-trans/abs(input), A=1-R-T.",Wrapped periodic polygon pieces preserve P=50 and gap=10.,0.41019162796546216,-9.342214822029639e-07,0.58980930625602,-376008.1287691596,154235.3864680687,0.3512748713790872,9.342214822029639e-07,-9.342214822029639e-07,0.12343545560026663,-0.11599138677091717,12,4.0,45.0,15.0,20.0,0.08,0.05,D13_wrapped_gap10_angle_v1,single_wavelength_oblique_incidence,11201.008158922195,primary,"A(lambda,theta) is the directional emissivity proxy under reciprocity.",measured_lossy_wall_film,1.0002012,0.1766584099999999,0.9691942466577119,0.3533879073441838,0.2827877871583043,INTERPOLATED_WITHIN_DATA_RANGE,nk_interpolated_single_wavelength_conductivity,8.1014,24.927,Valid only for narrowband single-wavelength simulation; not a broadband dispersive fit.
tilt20_wrapped_gap10_film2um,2.0,sidewalls_and_bottom,Ez,8.1014,-60.0,True,VALID,VALID,NUMERICAL_PASS,50.0,40.0,0.0,30.0,20.0,10.91910702798607,24.0,"D00 convention: R=refl/abs(input), T=-trans/abs(input), A=1-R-T.",Wrapped periodic polygon pieces preserve P=50 and gap=10.,0.1819727692362213,-1.5570428398654832e-07,0.8180273864680627,-256023.6231304729,46589.32769094283,0.039863974923172174,1.5570428398654832e-07,-1.5570428398654832e-07,0.12343545560026663,-0.10689824027753705,12,4.0,45.0,15.0,20.0,0.08,0.05,D13_wrapped_gap10_angle_v1,single_wavelength_oblique_incidence,11309.97521519661,primary,"A(lambda,theta) is the directional emissivity proxy under reciprocity.",measured_lossy_wall_film,1.0002012,0.1766584099999999,0.9691942466577119,0.3533879073441838,0.2827877871583043,INTERPOLATED_WITHIN_DATA_RANGE,nk_interpolated_single_wavelength_conductivity,8.1014,24.927,Valid only for narrowband single-wavelength simulation; not a broadband dispersive fit.
tilt20_wrapped_gap10_film2um,2.0,sidewalls_and_bottom,Ez,8.1014,-50.0,True,VALID,VALID,NUMERICAL_PASS,50.0,40.0,0.0,30.0,20.0,10.91910702798607,24.0,"D00 convention: R=refl/abs(input), T=-trans/abs(input), A=1-R-T.",Wrapped periodic polygon pieces preserve P=50 and gap=10.,0.26610638248026186,-3.5722883802422614e-08,0.7338936532426219,-199316.5615536368,53039.40916344273,0.007120162368278982,3.5722883802422614e-08,-3.5722883802422614e-08,0.12343545560026663,-0.09455704484644359,12,4.0,45.0,15.0,20.0,0.08,0.05,D13_wrapped_gap10_angle_v1,single_wavelength_oblique_incidence,11374.548305034637,primary,"A(lambda,theta) is the directional emissivity proxy under reciprocity.",measured_lossy_wall_film,1.0002012,0.1766584099999999,0.9691942466577119,0.3533879073441838,0.2827877871583043,INTERPOLATED_WITHIN_DATA_RANGE,nk_interpolated_single_wavelength_conductivity,8.1014,24.927,Valid only for narrowband single-wavelength simulation; not a broadband dispersive fit.
tilt20_wrapped_gap10_film2um,2.0,sidewalls_and_bottom,Ez,8.1014,-40.0,True,VALID,VALID,NUMERICAL_PASS,50.0,40.0,0.0,30.0,20.0,10.91910702798607,24.0,"D00 convention: R=refl/abs(input), T=-trans/abs(input), A=1-R-T.",Wrapped periodic polygon pieces preserve P=50 and gap=10.,0.2256395544037709,-2.6416207416082875e-07,0.7743607097583033,-167309.11308262218,37751.553723652985,0.04419672233791412,2.6416207416082875e-07,-2.6416207416082875e-07,0.12343545560026663,-0.07934278145586433,12,4.0,45.0,15.0,20.0,0.08,0.05,D13_wrapped_gap10_angle_v1,single_wavelength_oblique_incidence,11342.772407531738,primary,"A(lambda,theta) is the directional emissivity proxy under reciprocity.",measured_lossy_wall_film,1.0002012,0.1766584099999999,0.9691942466577119,0.3533879073441838,0.2827877871583043,INTERPOLATED_WITHIN_DATA_RANGE,nk_interpolated_single_wavelength_conductivity,8.1014,24.927,Valid only for narrowband single-wavelength simulation; not a broadband dispersive fit.
tilt20_wrapped_gap10_film2um,2.0,sidewalls_and_bottom,Ez,8.1014,-30.0,True,VALID,VALID,NUMERICAL_PASS,50.0,40.0,0.0,30.0,20.0,10.91910702798607,24.0,"D00 convention: R=refl/abs(input), T=-trans/abs(input), A=1-R-T.",Wrapped periodic polygon pieces preserve P=50 and gap=10.,0.2595602706680197,-1.71395332459621e-06,0.7404414432853049,-148036.53466834506,38424.40300727132,0.2537277107565121,1.71395332459621e-06,-1.71395332459621e-06,0.12343545560026663,-0.06171772780013331,12,4.0,45.0,15.0,20.0,0.08,0.05,D13_wrapped_gap10_angle_v1,single_wavelength_oblique_incidence,11260.482486724854,primary,"A(lambda,theta) is the directional emissivity proxy under reciprocity.",measured_lossy_wall_film,1.0002012,0.1766584099999999,0.9691942466577119,0.3533879073441838,0.2827877871583043,INTERPOLATED_WITHIN_DATA_RANGE,nk_interpolated_single_wavelength_conductivity,8.1014,24.927,Valid only for narrowband single-wavelength simulation; not a broadband dispersive fit.
tilt20_wrapped_gap10_film2um,2.0,sidewalls_and_bottom,Ez,8.1014,-20.0,True,VALID,VALID,NUMERICAL_PASS,50.0,40.0,0.0,30.0,20.0,10.91910702798607,24.0,"D00 convention: R=refl/abs(input), T=-trans/abs(input), A=1-R-T.",Wrapped periodic polygon pieces preserve P=50 and gap=10.,0.2913686666851188,-3.316928724270074e-06,0.7086346502436055,-136461.27440278098,39760.53957689043,0.4526323208170848,3.316928724270074e-06,-3.316928724270074e-06,0.12343545560026663,-0.042217412215872406,12,4.0,45.0,15.0,20.0,0.08,0.05,D13_wrapped_gap10_angle_v1,single_wavelength_oblique_incidence,11356.117874145508,primary,"A(lambda,theta) is the directional emissivity proxy under reciprocity.",measured_lossy_wall_film,1.0002012,0.1766584099999999,0.9691942466577119,0.3533879073441838,0.2827877871583043,INTERPOLATED_WITHIN_DATA_RANGE,nk_interpolated_single_wavelength_conductivity,8.1014,24.927,Valid only for narrowband single-wavelength simulation; not a broadband dispersive fit.
tilt20_wrapped_gap10_film2um,2.0,sidewalls_and_bottom,Ez,8.1014,-10.0,True,VALID,VALID,NUMERICAL_PASS,50.0,40.0,0.0,30.0,20.0,10.91910702798607,24.0,"D00 convention: R=refl/abs(input), T=-trans/abs(input), A=1-R-T.",Wrapped periodic polygon pieces preserve P=50 and gap=10.,0.2925513816192987,-1.1410188258779824e-06,0.7074497593995271,-130227.89987591076,38098.3520340774,0.14859248541296716,1.1410188258779824e-06,-1.1410188258779824e-06,0.12343545560026663,-0.02143434192447359,12,4.0,45.0,15.0,20.0,0.08,0.05,D13_wrapped_gap10_angle_v1,single_wavelength_oblique_incidence,11320.848909139633,primary,"A(lambda,theta) is the directional emissivity proxy under reciprocity.",measured_lossy_wall_film,1.0002012,0.1766584099999999,0.9691942466577119,0.3533879073441838,0.2827877871583043,INTERPOLATED_WITHIN_DATA_RANGE,nk_interpolated_single_wavelength_conductivity,8.1014,24.927,Valid only for narrowband single-wavelength simulation; not a broadband dispersive fit.
tilt20_wrapped_gap10_film2um,2.0,sidewalls_and_bottom,Ez,8.1014,0.0,True,VALID,VALID,NUMERICAL_PASS,50.0,40.0,0.0,30.0,20.0,10.91910702798607,24.0,"D00 convention: R=refl/abs(input), T=-trans/abs(input), A=1-R-T.",Wrapped periodic polygon pieces preserve P=50 and gap=10.,0.34773928813877364,-2.7820416230128744e-08,0.6522607396816426,-32063.872864970846,11149.868325037103,0.0008920302890534196,2.7820416230128744e-08,-2.7820416230128744e-08,0.12343545560026663,0.0,12,4.0,45.0,15.0,20.0,0.08,0.05,D13_wrapped_gap10_angle_v1,single_wavelength_oblique_incidence,4512.858314752579,primary,"A(lambda,theta) is the directional emissivity proxy under reciprocity.",measured_lossy_wall_film,1.0002012,0.1766584099999999,0.9691942466577119,0.3533879073441838,0.2827877871583043,INTERPOLATED_WITHIN_DATA_RANGE,nk_interpolated_single_wavelength_conductivity,8.1014,24.927,Valid only for narrowband single-wavelength simulation; not a broadband dispersive fit.
tilt20_wrapped_gap10_film2um,2.0,sidewalls_and_bottom,Ez,8.1014,10.0,True,VALID,VALID,NUMERICAL_PASS,50.0,40.0,0.0,30.0,20.0,10.91910702798607,24.0,"D00 convention: R=refl/abs(input), T=-trans/abs(input), A=1-R-T.",Wrapped periodic polygon pieces preserve P=50 and gap=10.,0.3695626588229373,-5.237984420548073e-07,0.6304378649755048,-130227.89987591079,48127.368931068864,0.0682131710670715,5.237984420548073e-07,-5.237984420548073e-07,0.12343545560026663,0.02143434192447359,12,4.0,45.0,15.0,20.0,0.08,0.05,D13_wrapped_gap10_angle_v1,single_wavelength_oblique_incidence,9653.645497083664,primary,"A(lambda,theta) is the directional emissivity proxy under reciprocity.",measured_lossy_wall_film,1.0002012,0.1766584099999999,0.9691942466577119,0.3533879073441838,0.2827877871583043,INTERPOLATED_WITHIN_DATA_RANGE,nk_interpolated_single_wavelength_conductivity,8.1014,24.927,Valid only for narrowband single-wavelength simulation; not a broadband dispersive fit.
tilt20_wrapped_gap10_film2um,2.0,sidewalls_and_bottom,Ez,8.1014,20.0,True,VALID,VALID,NUMERICAL_PASS,50.0,40.0,0.0,30.0,20.0,10.91910702798607,24.0,"D00 convention: R=refl/abs(input), T=-trans/abs(input), A=1-R-T.",Wrapped periodic polygon pieces preserve P=50 and gap=10.,0.4120022852108874,-1.0644425214428982e-06,0.5879987792316341,-136461.27440278098,56222.356896735735,0.1452551830046074,1.0644425214428982e-06,-1.0644425214428982e-06,0.12343545560026663,0.042217412215872406,12,4.0,45.0,15.0,20.0,0.08,0.05,D13_wrapped_gap10_angle_v1,single_wavelength_oblique_incidence,11047.453569173813,primary,"A(lambda,theta) is the directional emissivity proxy under reciprocity.",measured_lossy_wall_film,1.0002012,0.1766584099999999,0.9691942466577119,0.3533879073441838,0.2827877871583043,INTERPOLATED_WITHIN_DATA_RANGE,nk_interpolated_single_wavelength_conductivity,8.1014,24.927,Valid only for narrowband single-wavelength simulation; not a broadband dispersive fit.
tilt20_wrapped_gap10_film2um,2.0,sidewalls_and_bottom,Ez,8.1014,30.0,True,VALID,VALID,NUMERICAL_PASS,50.0,40.0,0.0,30.0,20.0,10.91910702798607,24.0,"D00 convention: R=refl/abs(input), T=-trans/abs(input), A=1-R-T.",Wrapped periodic polygon pieces preserve P=50 and gap=10.,0.4326389793255788,-5.492263636596734e-07,0.5673615699007848,-148036.53466834506,64046.37526180847,0.08130556762467434,5.492263636596734e-07,-5.492263636596734e-07,0.12343545560026663,0.06171772780013331,12,4.0,45.0,15.0,20.0,0.08,0.05,D13_wrapped_gap10_angle_v1,single_wavelength_oblique_incidence,11244.175456762314,primary,"A(lambda,theta) is the directional emissivity proxy under reciprocity.",measured_lossy_wall_film,1.0002012,0.1766584099999999,0.9691942466577119,0.3533879073441838,0.2827877871583043,INTERPOLATED_WITHIN_DATA_RANGE,nk_interpolated_single_wavelength_conductivity,8.1014,24.927,Valid only for narrowband single-wavelength simulation; not a broadband dispersive fit.
tilt20_wrapped_gap10_film2um,2.0,sidewalls_and_bottom,Ez,8.1014,40.0,True,VALID,VALID,NUMERICAL_PASS,50.0,40.0,0.0,30.0,20.0,10.91910702798607,24.0,"D00 convention: R=refl/abs(input), T=-trans/abs(input), A=1-R-T.",Wrapped periodic polygon pieces preserve P=50 and gap=10.,0.4368228915046189,-1.0884957056535937e-07,0.5631772173449517,-167309.11308262218,73084.45055182428,0.018211525110714572,1.0884957056535937e-07,-1.0884957056535937e-07,0.12343545560026663,0.07934278145586433,12,4.0,45.0,15.0,20.0,0.08,0.05,D13_wrapped_gap10_angle_v1,single_wavelength_oblique_incidence,11224.351767778397,primary,"A(lambda,theta) is the directional emissivity proxy under reciprocity.",measured_lossy_wall_film,1.0002012,0.1766584099999999,0.9691942466577119,0.3533879073441838,0.2827877871583043,INTERPOLATED_WITHIN_DATA_RANGE,nk_interpolated_single_wavelength_conductivity,8.1014,24.927,Valid only for narrowband single-wavelength simulation; not a broadband dispersive fit.
tilt20_wrapped_gap10_film2um,2.0,sidewalls_and_bottom,Ez,8.1014,50.0,True,VALID,VALID,NUMERICAL_PASS,50.0,40.0,0.0,30.0,20.0,10.91910702798607,24.0,"D00 convention: R=refl/abs(input), T=-trans/abs(input), A=1-R-T.",Wrapped periodic polygon pieces preserve P=50 and gap=10.,0.46773666365023786,-6.373094968187416e-09,0.5322633427228571,-199316.56155363668,93227.6635113353,0.0012702633755138993,6.373094968187416e-09,-6.373094968187416e-09,0.12343545560026663,0.09455704484644359,12,4.0,45.0,15.0,20.0,0.08,0.05,D13_wrapped_gap10_angle_v1,single_wavelength_oblique_incidence,11285.786308288574,primary,"A(lambda,theta) is the directional emissivity proxy under reciprocity.",measured_lossy_wall_film,1.0002012,0.1766584099999999,0.9691942466577119,0.3533879073441838,0.2827877871583043,INTERPOLATED_WITHIN_DATA_RANGE,nk_interpolated_single_wavelength_conductivity,8.1014,24.927,Valid only for narrowband single-wavelength simulation; not a broadband dispersive fit.
tilt20_wrapped_gap10_film2um,2.0,sidewalls_and_bottom,Ez,8.1014,60.0,True,VALID,VALID,NUMERICAL_PASS,50.0,40.0,0.0,30.0,20.0,10.91910702798607,24.0,"D00 convention: R=refl/abs(input), T=-trans/abs(input), A=1-R-T.",Wrapped periodic polygon pieces preserve P=50 and gap=10.,0.45893115010238833,-1.0580886253358619e-07,0.5410689557064743,-256023.6231304729,117497.21581664836,0.027089568345162886,1.0580886253358619e-07,-1.0580886253358619e-07,0.12343545560026663,0.10689824027753705,12,4.0,45.0,15.0,20.0,0.08,0.05,D13_wrapped_gap10_angle_v1,single_wavelength_oblique_incidence,11326.281911849976,primary,"A(lambda,theta) is the directional emissivity proxy under reciprocity.",measured_lossy_wall_film,1.0002012,0.1766584099999999,0.9691942466577119,0.3533879073441838,0.2827877871583043,INTERPOLATED_WITHIN_DATA_RANGE,nk_interpolated_single_wavelength_conductivity,8.1014,24.927,Valid only for narrowband single-wavelength simulation; not a broadband dispersive fit.
tilt20_wrapped_gap10_film2um,2.0,sidewalls_and_bottom,Ez,8.1014,70.0,True,VALID,VALID,NUMERICAL_PASS,50.0,40.0,0.0,30.0,20.0,10.91910702798607,24.0,"D00 convention: R=refl/abs(input), T=-trans/abs(input), A=1-R-T.",Wrapped periodic polygon pieces preserve P=50 and gap=10.,0.613936678603702,-1.2644716057287694e-07,0.38606344784345853,-376008.1287691597,230845.18170453102,0.047545160235180926,1.2644716057287694e-07,-1.2644716057287694e-07,0.12343545560026663,0.11599138677091717,12,4.0,45.0,15.0,20.0,0.08,0.05,D13_wrapped_gap10_angle_v1,single_wavelength_oblique_incidence,11233.593631744385,primary,"A(lambda,theta) is the directional emissivity proxy under reciprocity.",measured_lossy_wall_film,1.0002012,0.1766584099999999,0.9691942466577119,0.3533879073441838,0.2827877871583043,INTERPOLATED_WITHIN_DATA_RANGE,nk_interpolated_single_wavelength_conductivity,8.1014,24.927,Valid only for narrowband single-wavelength simulation; not a broadband dispersive fit.
tilt20_wrapped_gap10_film2um,2.0,sidewalls_and_bottom,Ez,9.0016,-70.0,True,VALID,VALID,NUMERICAL_PASS,50.0,40.0,0.0,30.0,20.0,10.91910702798607,24.0,"D00 convention: R=refl/abs(input), T=-trans/abs(input), A=1-R-T.",Wrapped periodic polygon pieces preserve P=50 and gap=10.,0.384261370804613,-5.5028504412067344e-08,0.6157386842238914,-461768.65191530494,177439.85517957326,0.025410438299275747,5.5028504412067344e-08,-5.5028504412067344e-08,0.11109136153572699,-0.10439173266818215,12,4.0,45.0,15.0,20.0,0.08,0.05,D13_wrapped_gap10_angle_v1,single_wavelength_oblique_incidence,12386.660828828812,primary,"A(lambda,theta) is the directional emissivity proxy under reciprocity.",measured_lossy_wall_film,1.43895343,0.6113474279999999,1.6968412959865498,1.7594009568845557,0.7237419674010624,INTERPOLATED_WITHIN_DATA_RANGE,nk_interpolated_single_wavelength_conductivity,8.1014,24.927,Valid only for narrowband single-wavelength simulation; not a broadband dispersive fit.
tilt20_wrapped_gap10_film2um,2.0,sidewalls_and_bottom,Ez,9.0016,-60.0,True,VALID,VALID,NUMERICAL_PASS,50.0,40.0,0.0,30.0,20.0,10.91910702798607,24.0,"D00 convention: R=refl/abs(input), T=-trans/abs(input), A=1-R-T.",Wrapped periodic polygon pieces preserve P=50 and gap=10.,0.18469640453382735,-3.050046512839174e-08,0.8153036259666379,-316364.2714459422,58431.34345902931,0.00964925742910602,3.050046512839174e-08,-3.050046512839174e-08,0.11109136153572699,-0.09620794123094102,12,4.0,45.0,15.0,20.0,0.08,0.05,D13_wrapped_gap10_angle_v1,single_wavelength_oblique_incidence,10760.436068534851,primary,"A(lambda,theta) is the directional emissivity proxy under reciprocity.",measured_lossy_wall_film,1.43895343,0.6113474279999999,1.6968412959865498,1.7594009568845557,0.7237419674010624,INTERPOLATED_WITHIN_DATA_RANGE,nk_interpolated_single_wavelength_conductivity,8.1014,24.927,Valid only for narrowband single-wavelength simulation; not a broadband dispersive fit.
tilt20_wrapped_gap10_film2um,2.0,sidewalls_and_bottom,Ez,9.0016,-50.0,True,VALID,VALID,NUMERICAL_PASS,50.0,40.0,0.0,30.0,20.0,10.91910702798607,24.0,"D00 convention: R=refl/abs(input), T=-trans/abs(input), A=1-R-T.",Wrapped periodic polygon pieces preserve P=50 and gap=10.,0.24056806344078388,-3.72623634643546e-08,0.7594319738215796,-246104.35790775798,59204.8487862069,0.00917043003452049,3.72623634643546e-08,-3.72623634643546e-08,0.11109136153572699,-0.08510092018296504,12,4.0,45.0,15.0,20.0,0.08,0.05,D13_wrapped_gap10_angle_v1,single_wavelength_oblique_incidence,11910.509728431702,primary,"A(lambda,theta) is the directional emissivity proxy under reciprocity.",measured_lossy_wall_film,1.43895343,0.6113474279999999,1.6968412959865498,1.7594009568845557,0.7237419674010624,INTERPOLATED_WITHIN_DATA_RANGE,nk_interpolated_single_wavelength_conductivity,8.1014,24.927,Valid only for narrowband single-wavelength simulation; not a broadband dispersive fit.
tilt20_wrapped_gap10_film2um,2.0,sidewalls_and_bottom,Ez,9.0016,-40.0,True,VALID,VALID,NUMERICAL_PASS,50.0,40.0,0.0,30.0,20.0,10.91910702798607,24.0,"D00 convention: R=refl/abs(input), T=-trans/abs(input), A=1-R-T.",Wrapped periodic polygon pieces preserve P=50 and gap=10.,0.18067123849478056,-5.2001924452795685e-06,0.8193339616976647,-206563.7975889494,37320.137138580656,1.0741714996903127,5.2001924452795685e-06,-5.2001924452795685e-06,0.11109136153572699,-0.0714081507383731,12,4.0,45.0,15.0,20.0,0.08,0.05,D13_wrapped_gap10_angle_v1,single_wavelength_oblique_incidence,12142.500753641129,primary,"A(lambda,theta) is the directional emissivity proxy under reciprocity.",measured_lossy_wall_film,1.43895343,0.6113474279999999,1.6968412959865498,1.7594009568845557,0.7237419674010624,INTERPOLATED_WITHIN_DATA_RANGE,nk_interpolated_single_wavelength_conductivity,8.1014,24.927,Valid only for narrowband single-wavelength simulation; not a broadband dispersive fit.
tilt20_wrapped_gap10_film2um,2.0,sidewalls_and_bottom,Ez,9.0016,-30.0,True,VALID,VALID,NUMERICAL_PASS,50.0,40.0,0.0,30.0,20.0,10.91910702798607,24.0,"D00 convention: R=refl/abs(input), T=-trans/abs(input), A=1-R-T.",Wrapped periodic polygon pieces preserve P=50 and gap=10.,0.23178345963148486,-2.8515570136976745e-09,0.7682165432200722,-182759.160832553,42360.5505771161,0.0005211481668895678,2.8515570136976745e-09,-2.8515570136976745e-09,0.11109136153572699,-0.05554568076786349,12,4.0,45.0,15.0,20.0,0.08,0.05,D13_wrapped_gap10_angle_v1,single_wavelength_oblique_incidence,11710.850799798965,primary,"A(lambda,theta) is the directional emissivity proxy under reciprocity.",measured_lossy_wall_film,1.43895343,0.6113474279999999,1.6968412959865498,1.7594009568845557,0.7237419674010624,INTERPOLATED_WITHIN_DATA_RANGE,nk_interpolated_single_wavelength_conductivity,8.1014,24.927,Valid only for narrowband single-wavelength simulation; not a broadband dispersive fit.
tilt20_wrapped_gap10_film2um,2.0,sidewalls_and_bottom,Ez,9.0016,-20.0,True,VALID,VALID,NUMERICAL_PASS,50.0,40.0,0.0,30.0,20.0,10.91910702798607,24.0,"D00 convention: R=refl/abs(input), T=-trans/abs(input), A=1-R-T.",Wrapped periodic polygon pieces preserve P=50 and gap=10.,0.21150036888496335,-2.5188217006040736e-10,0.7884996313669188,-168461.63759846782,35629.69849504095,4.243248285023198e-05,2.5188217006040736e-10,-2.5188217006040736e-10,0.11109136153572699,-0.037995483394693025,12,4.0,45.0,15.0,20.0,0.08,0.05,D13_wrapped_gap10_angle_v1,single_wavelength_oblique_incidence,11988.274472951889,primary,"A(lambda,theta) is the directional emissivity proxy under reciprocity.",measured_lossy_wall_film,1.43895343,0.6113474279999999,1.6968412959865498,1.7594009568845557,0.7237419674010624,INTERPOLATED_WITHIN_DATA_RANGE,nk_interpolated_single_wavelength_conductivity,8.1014,24.927,Valid only for narrowband single-wavelength simulation; not a broadband dispersive fit.
tilt20_wrapped_gap10_film2um,2.0,sidewalls_and_bottom,Ez,9.0016,-10.0,True,VALID,VALID,NUMERICAL_PASS,50.0,40.0,0.0,30.0,20.0,10.91910702798607,24.0,"D00 convention: R=refl/abs(input), T=-trans/abs(input), A=1-R-T.",Wrapped periodic polygon pieces preserve P=50 and gap=10.,0.22588733175239528,-1.009249443100102e-10,0.7741126683485297,-160762.29570775927,36314.16602381529,1.6224925741454996e-05,1.009249443100102e-10,-1.009249443100102e-10,0.11109136153572699,-0.01929081248521711,12,4.0,45.0,15.0,20.0,0.08,0.05,D13_wrapped_gap10_angle_v1,single_wavelength_oblique_incidence,11857.57624053955,primary,"A(lambda,theta) is the directional emissivity proxy under reciprocity.",measured_lossy_wall_film,1.43895343,0.6113474279999999,1.6968412959865498,1.7594009568845557,0.7237419674010624,INTERPOLATED_WITHIN_DATA_RANGE,nk_interpolated_single_wavelength_conductivity,8.1014,24.927,Valid only for narrowband single-wavelength simulation; not a broadband dispersive fit.
tilt20_wrapped_gap10_film2um,2.0,sidewalls_and_bottom,Ez,9.0016,0.0,True,VALID,VALID,NUMERICAL_PASS,50.0,40.0,0.0,30.0,20.0,10.91910702798607,24.0,"D00 convention: R=refl/abs(input), T=-trans/abs(input), A=1-R-T.",Wrapped periodic polygon pieces preserve P=50 and gap=10.,0.21528442839257067,-9.997655937838718e-11,0.7847155717074059,-39581.495356437415,8521.279602733819,3.957221720788222e-06,9.997655937838718e-11,-9.997655937838718e-11,0.11109136153572699,0.0,12,4.0,45.0,15.0,20.0,0.08,0.05,D13_wrapped_gap10_angle_v1,single_wavelength_oblique_incidence,4879.567147731781,primary,"A(lambda,theta) is the directional emissivity proxy under reciprocity.",measured_lossy_wall_film,1.43895343,0.6113474279999999,1.6968412959865498,1.7594009568845557,0.7237419674010624,INTERPOLATED_WITHIN_DATA_RANGE,nk_interpolated_single_wavelength_conductivity,8.1014,24.927,Valid only for narrowband single-wavelength simulation; not a broadband dispersive fit.
tilt20_wrapped_gap10_film2um,2.0,sidewalls_and_bottom,Ez,9.0016,10.0,True,VALID,VALID,NUMERICAL_PASS,50.0,40.0,0.0,30.0,20.0,10.91910702798607,24.0,"D00 convention: R=refl/abs(input), T=-trans/abs(input), A=1-R-T.",Wrapped periodic polygon pieces preserve P=50 and gap=10.,0.22467208535863076,-1.7821166903932484e-10,0.7753279148195809,-160762.29570775927,36118.80022370313,2.8649717036673268e-05,1.7821166903932484e-10,-1.7821166903932484e-10,0.11109136153572699,0.01929081248521711,12,4.0,45.0,15.0,20.0,0.08,0.05,D13_wrapped_gap10_angle_v1,single_wavelength_oblique_incidence,11529.675389289856,primary,"A(lambda,theta) is the directional emissivity proxy under reciprocity.",measured_lossy_wall_film,1.43895343,0.6113474279999999,1.6968412959865498,1.7594009568845557,0.7237419674010624,INTERPOLATED_WITHIN_DATA_RANGE,nk_interpolated_single_wavelength_conductivity,8.1014,24.927,Valid only for narrowband single-wavelength simulation; not a broadband dispersive fit.
tilt20_wrapped_gap10_film2um,2.0,sidewalls_and_bottom,Ez,9.0016,20.0,True,VALID,VALID,NUMERICAL_PASS,50.0,40.0,0.0,30.0,20.0,10.91910702798607,24.0,"D00 convention: R=refl/abs(input), T=-trans/abs(input), A=1-R-T.",Wrapped periodic polygon pieces preserve P=50 and gap=10.,0.22797903385185014,-3.103401642270812e-10,0.77202096645849,-168461.63759846776,38405.721380799194,5.228041227827152e-05,3.103401642270812e-10,-3.103401642270812e-10,0.11109136153572699,0.037995483394693025,12,4.0,45.0,15.0,20.0,0.08,0.05,D13_wrapped_gap10_angle_v1,single_wavelength_oblique_incidence,10816.063012838364,primary,"A(lambda,theta) is the directional emissivity proxy under reciprocity.",measured_lossy_wall_film,1.43895343,0.6113474279999999,1.6968412959865498,1.7594009568845557,0.7237419674010624,INTERPOLATED_WITHIN_DATA_RANGE,nk_interpolated_single_wavelength_conductivity,8.1014,24.927,Valid only for narrowband single-wavelength simulation; not a broadband dispersive fit.
tilt20_wrapped_gap10_film2um,2.0,sidewalls_and_bottom,Ez,9.0016,30.0,True,VALID,VALID,NUMERICAL_PASS,50.0,40.0,0.0,30.0,20.0,10.91910702798607,24.0,"D00 convention: R=refl/abs(input), T=-trans/abs(input), A=1-R-T.",Wrapped periodic polygon pieces preserve P=50 and gap=10.,0.23829766447245726,-4.188205952899625e-09,0.7617023397157487,-182759.160832553,43551.08118734357,0.0007654330053458384,4.188205952899625e-09,-4.188205952899625e-09,0.11109136153572699,0.05554568076786349,12,4.0,45.0,15.0,20.0,0.08,0.05,D13_wrapped_gap10_angle_v1,single_wavelength_oblique_incidence,10727.52488565445,primary,"A(lambda,theta) is the directional emissivity proxy under reciprocity.",measured_lossy_wall_film,1.43895343,0.6113474279999999,1.6968412959865498,1.7594009568845557,0.7237419674010624,INTERPOLATED_WITHIN_DATA_RANGE,nk_interpolated_single_wavelength_conductivity,8.1014,24.927,Valid only for narrowband single-wavelength simulation; not a broadband dispersive fit.
tilt20_wrapped_gap10_film2um,2.0,sidewalls_and_bottom,Ez,9.0016,40.0,True,VALID,VALID,NUMERICAL_PASS,50.0,40.0,0.0,30.0,20.0,10.91910702798607,24.0,"D00 convention: R=refl/abs(input), T=-trans/abs(input), A=1-R-T.",Wrapped periodic polygon pieces preserve P=50 and gap=10.,0.21321138707764037,-3.7430660427421686e-06,0.7867923559884024,-206563.79758894944,44041.75380396486,0.7731819364150633,3.7430660427421686e-06,-3.7430660427421686e-06,0.11109136153572699,0.0714081507383731,12,4.0,45.0,15.0,20.0,0.08,0.05,D13_wrapped_gap10_angle_v1,single_wavelength_oblique_incidence,11929.71738243103,primary,"A(lambda,theta) is the directional emissivity proxy under reciprocity.",measured_lossy_wall_film,1.43895343,0.6113474279999999,1.6968412959865498,1.7594009568845557,0.7237419674010624,INTERPOLATED_WITHIN_DATA_RANGE,nk_interpolated_single_wavelength_conductivity,8.1014,24.927,Valid only for narrowband single-wavelength simulation; not a broadband dispersive fit.
tilt20_wrapped_gap10_film2um,2.0,sidewalls_and_bottom,Ez,9.0016,50.0,True,VALID,VALID,NUMERICAL_PASS,50.0,40.0,0.0,30.0,20.0,10.91910702798607,24.0,"D00 convention: R=refl/abs(input), T=-trans/abs(input), A=1-R-T.",Wrapped periodic polygon pieces preserve P=50 and gap=10.,0.2610996121370745,-2.800154306038742e-08,0.7389004158644685,-246104.3579077576,64257.75239495927,0.006891301775303072,2.800154306038742e-08,-2.800154306038742e-08,0.11109136153572699,0.08510092018296504,12,4.0,45.0,15.0,20.0,0.08,0.05,D13_wrapped_gap10_angle_v1,single_wavelength_oblique_incidence,11514.962706565857,primary,"A(lambda,theta) is the directional emissivity proxy under reciprocity.",measured_lossy_wall_film,1.43895343,0.6113474279999999,1.6968412959865498,1.7594009568845557,0.7237419674010624,INTERPOLATED_WITHIN_DATA_RANGE,nk_interpolated_single_wavelength_conductivity,8.1014,24.927,Valid only for narrowband single-wavelength simulation; not a broadband dispersive fit.
tilt20_wrapped_gap10_film2um,2.0,sidewalls_and_bottom,Ez,9.0016,60.0,True,VALID,VALID,NUMERICAL_PASS,50.0,40.0,0.0,30.0,20.0,10.91910702798607,24.0,"D00 convention: R=refl/abs(input), T=-trans/abs(input), A=1-R-T.",Wrapped periodic polygon pieces preserve P=50 and gap=10.,0.25726442634965374,-2.4199656881442904e-08,0.7427355978500031,-316364.2714459423,81389.27281106649,0.0076559068185394685,2.4199656881442904e-08,-2.4199656881442904e-08,0.11109136153572699,0.09620794123094102,12,4.0,45.0,15.0,20.0,0.08,0.05,D13_wrapped_gap10_angle_v1,single_wavelength_oblique_incidence,11053.385154485703,primary,"A(lambda,theta) is the directional emissivity proxy under reciprocity.",measured_lossy_wall_film,1.43895343,0.6113474279999999,1.6968412959865498,1.7594009568845557,0.7237419674010624,INTERPOLATED_WITHIN_DATA_RANGE,nk_interpolated_single_wavelength_conductivity,8.1014,24.927,Valid only for narrowband single-wavelength simulation; not a broadband dispersive fit.
tilt20_wrapped_gap10_film2um,2.0,sidewalls_and_bottom,Ez,9.0016,70.0,True,VALID,VALID,NUMERICAL_PASS,50.0,40.0,0.0,30.0,20.0,10.91910702798607,24.0,"D00 convention: R=refl/abs(input), T=-trans/abs(input), A=1-R-T.",Wrapped periodic polygon pieces preserve P=50 and gap=10.,0.44433207485432585,-5.51869874366267e-08,0.5556679803326616,-461768.65191530494,205178.6232082124,0.025483620791877982,5.51869874366267e-08,-5.51869874366267e-08,0.11109136153572699,0.10439173266818215,12,4.0,45.0,15.0,20.0,0.08,0.05,D13_wrapped_gap10_angle_v1,single_wavelength_oblique_incidence,12360.65931224823,primary,"A(lambda,theta) is the directional emissivity proxy under reciprocity.",measured_lossy_wall_film,1.43895343,0.6113474279999999,1.6968412959865498,1.7594009568845557,0.7237419674010624,INTERPOLATED_WITHIN_DATA_RANGE,nk_interpolated_single_wavelength_conductivity,8.1014,24.927,Valid only for narrowband single-wavelength simulation; not a broadband dispersive fit.
tilt20_wrapped_gap10_film2um,2.0,sidewalls_and_bottom,Ez,10.009,-70.0,True,VALID,VALID,NUMERICAL_PASS,50.0,40.0,0.0,30.0,20.0,10.91910702798607,24.0,"D00 convention: R=refl/abs(input), T=-trans/abs(input), A=1-R-T.",Wrapped periodic polygon pieces preserve P=50 and gap=10.,0.3741956358143707,-1.0339030234018384e-07,0.6258044675759316,-568320.1335619277,212662.91372431364,0.05875879043498136,1.0339030234018384e-07,-1.0339030234018384e-07,0.09991008092716555,-0.09388476578938039,12,4.0,45.0,15.0,20.0,0.08,0.05,D13_wrapped_gap10_angle_v1,single_wavelength_oblique_incidence,12983.521337747574,primary,"A(lambda,theta) is the directional emissivity proxy under reciprocity.",measured_lossy_wall_film,1.67437293,0.3129405069999999,2.705592947795368,1.0479582272425507,0.24314799481601532,INTERPOLATED_WITHIN_DATA_RANGE,nk_interpolated_single_wavelength_conductivity,8.1014,24.927,Valid only for narrowband single-wavelength simulation; not a broadband dispersive fit.
tilt20_wrapped_gap10_film2um,2.0,sidewalls_and_bottom,Ez,10.009,-60.0,True,VALID,VALID,NUMERICAL_PASS,50.0,40.0,0.0,30.0,20.0,10.91910702798607,24.0,"D00 convention: R=refl/abs(input), T=-trans/abs(input), A=1-R-T.",Wrapped periodic polygon pieces preserve P=50 and gap=10.,0.1941301559767938,-1.2530002733315197e-08,0.8058698565532089,-390945.7120272893,75894.35205431639,0.004898550840279791,1.2530002733315197e-08,-1.2530002733315197e-08,0.09991008092716555,-0.08652466817708448,12,4.0,45.0,15.0,20.0,0.08,0.05,D13_wrapped_gap10_angle_v1,single_wavelength_oblique_incidence,13171.081957578659,primary,"A(lambda,theta) is the directional emissivity proxy under reciprocity.",measured_lossy_wall_film,1.67437293,0.3129405069999999,2.705592947795368,1.0479582272425507,0.24314799481601532,INTERPOLATED_WITHIN_DATA_RANGE,nk_interpolated_single_wavelength_conductivity,8.1014,24.927,Valid only for narrowband single-wavelength simulation; not a broadband dispersive fit.
tilt20_wrapped_gap10_film2um,2.0,sidewalls_and_bottom,Ez,10.009,-50.0,True,VALID,VALID,NUMERICAL_PASS,50.0,40.0,0.0,30.0,20.0,10.91910702798607,24.0,"D00 convention: R=refl/abs(input), T=-trans/abs(input), A=1-R-T.",Wrapped periodic polygon pieces preserve P=50 and gap=10.,0.2010808526768735,-2.208158957095982e-07,0.7989193681390222,-304284.36969292816,61185.760514099,0.06719082564417445,2.208158957095982e-07,-2.208158957095982e-07,0.09991008092716555,-0.07653556230582256,12,4.0,45.0,15.0,20.0,0.08,0.05,D13_wrapped_gap10_angle_v1,single_wavelength_oblique_incidence,12470.270494937897,primary,"A(lambda,theta) is the directional emissivity proxy under reciprocity.",measured_lossy_wall_film,1.67437293,0.3129405069999999,2.705592947795368,1.0479582272425507,0.24314799481601532,INTERPOLATED_WITHIN_DATA_RANGE,nk_interpolated_single_wavelength_conductivity,8.1014,24.927,Valid only for narrowband single-wavelength simulation; not a broadband dispersive fit.
tilt20_wrapped_gap10_film2um,2.0,sidewalls_and_bottom,Ez,10.009,-40.0,True,VALID,VALID,NUMERICAL_PASS,50.0,40.0,0.0,30.0,20.0,10.91910702798607,24.0,"D00 convention: R=refl/abs(input), T=-trans/abs(input), A=1-R-T.",Wrapped periodic polygon pieces preserve P=50 and gap=10.,0.20182801145788037,-1.9105964449199708e-08,0.7981720076480842,-255390.821043192,51545.02155574283,0.004879487947503151,1.9105964449199708e-08,-1.9105964449199708e-08,0.09991008092716555,-0.06422096210276144,12,4.0,45.0,15.0,20.0,0.08,0.05,D13_wrapped_gap10_angle_v1,single_wavelength_oblique_incidence,11826.498417377472,primary,"A(lambda,theta) is the directional emissivity proxy under reciprocity.",measured_lossy_wall_film,1.67437293,0.3129405069999999,2.705592947795368,1.0479582272425507,0.24314799481601532,INTERPOLATED_WITHIN_DATA_RANGE,nk_interpolated_single_wavelength_conductivity,8.1014,24.927,Valid only for narrowband single-wavelength simulation; not a broadband dispersive fit.
tilt20_wrapped_gap10_film2um,2.0,sidewalls_and_bottom,Ez,10.009,-30.0,True,VALID,VALID,NUMERICAL_PASS,50.0,40.0,0.0,30.0,20.0,10.91910702798607,24.0,"D00 convention: R=refl/abs(input), T=-trans/abs(input), A=1-R-T.",Wrapped periodic polygon pieces preserve P=50 and gap=10.,0.19422438799526384,-3.093739066791532e-10,0.80577561231411,-225950.43229983622,43885.08443070098,6.990316795644385e-05,3.093739066791532e-10,-3.093739066791532e-10,0.09991008092716555,-0.04995504046358277,12,4.0,45.0,15.0,20.0,0.08,0.05,D13_wrapped_gap10_angle_v1,single_wavelength_oblique_incidence,12653.804520845413,primary,"A(lambda,theta) is the directional emissivity proxy under reciprocity.",measured_lossy_wall_film,1.67437293,0.3129405069999999,2.705592947795368,1.0479582272425507,0.24314799481601532,INTERPOLATED_WITHIN_DATA_RANGE,nk_interpolated_single_wavelength_conductivity,8.1014,24.927,Valid only for narrowband single-wavelength simulation; not a broadband dispersive fit.
tilt20_wrapped_gap10_film2um,2.0,sidewalls_and_bottom,Ez,10.009,-20.0,True,VALID,VALID,NUMERICAL_PASS,50.0,40.0,0.0,30.0,20.0,10.91910702798607,24.0,"D00 convention: R=refl/abs(input), T=-trans/abs(input), A=1-R-T.",Wrapped periodic polygon pieces preserve P=50 and gap=10.,0.2032797367738627,-5.319032254918614e-10,0.7967202637580405,-208267.03095997658,42336.467232217954,0.00011077790553122491,5.319032254918614e-10,-5.319032254918614e-10,0.09991008092716555,-0.03417126019838832,12,4.0,45.0,15.0,20.0,0.08,0.05,D13_wrapped_gap10_angle_v1,single_wavelength_oblique_incidence,12103.724488973618,primary,"A(lambda,theta) is the directional emissivity proxy under reciprocity.",measured_lossy_wall_film,1.67437293,0.3129405069999999,2.705592947795368,1.0479582272425507,0.24314799481601532,INTERPOLATED_WITHIN_DATA_RANGE,nk_interpolated_single_wavelength_conductivity,8.1014,24.927,Valid only for narrowband single-wavelength simulation; not a broadband dispersive fit.
tilt20_wrapped_gap10_film2um,2.0,sidewalls_and_bottom,Ez,10.009,-10.0,True,VALID,VALID,NUMERICAL_PASS,50.0,40.0,0.0,30.0,20.0,10.91910702798607,24.0,"D00 convention: R=refl/abs(input), T=-trans/abs(input), A=1-R-T.",Wrapped periodic polygon pieces preserve P=50 and gap=10.,0.1933083151896301,-4.525630528529894e-08,0.8066917300666752,-198744.1226196055,38418.891497437195,0.008994424686931754,4.525630528529894e-08,-4.525630528529894e-08,0.09991008092716555,-0.01734920348355783,12,4.0,45.0,15.0,20.0,0.08,0.05,D13_wrapped_gap10_angle_v1,single_wavelength_oblique_incidence,12514.90291428566,primary,"A(lambda,theta) is the directional emissivity proxy under reciprocity.",measured_lossy_wall_film,1.67437293,0.3129405069999999,2.705592947795368,1.0479582272425507,0.24314799481601532,INTERPOLATED_WITHIN_DATA_RANGE,nk_interpolated_single_wavelength_conductivity,8.1014,24.927,Valid only for narrowband single-wavelength simulation; not a broadband dispersive fit.
tilt20_wrapped_gap10_film2um,2.0,sidewalls_and_bottom,Ez,10.009,0.0,True,VALID,VALID,NUMERICAL_PASS,50.0,40.0,0.0,30.0,20.0,10.91910702798607,24.0,"D00 convention: R=refl/abs(input), T=-trans/abs(input), A=1-R-T.",Wrapped periodic polygon pieces preserve P=50 and gap=10.,0.2261063082734017,-4.8514743518345425e-06,0.7738985432009501,-48932.68247129134,11063.988187498278,0.23739565397593362,4.8514743518345425e-06,-4.8514743518345425e-06,0.09991008092716555,0.0,12,4.0,45.0,15.0,20.0,0.08,0.05,D13_wrapped_gap10_angle_v1,single_wavelength_oblique_incidence,5380.833642959595,primary,"A(lambda,theta) is the directional emissivity proxy under reciprocity.",measured_lossy_wall_film,1.67437293,0.3129405069999999,2.705592947795368,1.0479582272425507,0.24314799481601532,INTERPOLATED_WITHIN_DATA_RANGE,nk_interpolated_single_wavelength_conductivity,8.1014,24.927,Valid only for narrowband single-wavelength simulation; not a broadband dispersive fit.
tilt20_wrapped_gap10_film2um,2.0,sidewalls_and_bottom,Ez,10.009,10.0,True,VALID,VALID,NUMERICAL_PASS,50.0,40.0,0.0,30.0,20.0,10.91910702798607,24.0,"D00 convention: R=refl/abs(input), T=-trans/abs(input), A=1-R-T.",Wrapped periodic polygon pieces preserve P=50 and gap=10.,0.2568805059842559,-8.624923046183714e-08,0.7431195802649746,-198744.1226196055,51053.49077992126,0.017141527634753975,8.624923046183714e-08,-8.624923046183714e-08,0.09991008092716555,0.01734920348355783,12,4.0,45.0,15.0,20.0,0.08,0.05,D13_wrapped_gap10_angle_v1,single_wavelength_oblique_incidence,12160.42569231987,primary,"A(lambda,theta) is the directional emissivity proxy under reciprocity.",measured_lossy_wall_film,1.67437293,0.3129405069999999,2.705592947795368,1.0479582272425507,0.24314799481601532,INTERPOLATED_WITHIN_DATA_RANGE,nk_interpolated_single_wavelength_conductivity,8.1014,24.927,Valid only for narrowband single-wavelength simulation; not a broadband dispersive fit.
tilt20_wrapped_gap10_film2um,2.0,sidewalls_and_bottom,Ez,10.009,20.0,True,VALID,VALID,NUMERICAL_PASS,50.0,40.0,0.0,30.0,20.0,10.91910702798607,24.0,"D00 convention: R=refl/abs(input), T=-trans/abs(input), A=1-R-T.",Wrapped periodic polygon pieces preserve P=50 and gap=10.,0.2641661040818285,-4.261741026041955e-09,0.7358339001799126,-208267.03095997658,55017.09017738657,0.0008875801502140822,4.261741026041955e-09,-4.261741026041955e-09,0.09991008092716555,0.03417126019838832,12,4.0,45.0,15.0,20.0,0.08,0.05,D13_wrapped_gap10_angle_v1,single_wavelength_oblique_incidence,12060.32379603386,primary,"A(lambda,theta) is the directional emissivity proxy under reciprocity.",measured_lossy_wall_film,1.67437293,0.3129405069999999,2.705592947795368,1.0479582272425507,0.24314799481601532,INTERPOLATED_WITHIN_DATA_RANGE,nk_interpolated_single_wavelength_conductivity,8.1014,24.927,Valid only for narrowband single-wavelength simulation; not a broadband dispersive fit.
tilt20_wrapped_gap10_film2um,2.0,sidewalls_and_bottom,Ez,10.009,30.0,True,VALID,VALID,NUMERICAL_PASS,50.0,40.0,0.0,30.0,20.0,10.91910702798607,24.0,"D00 convention: R=refl/abs(input), T=-trans/abs(input), A=1-R-T.",Wrapped periodic polygon pieces preserve P=50 and gap=10.,0.2846407007876516,-3.887762638729196e-10,0.7153592996011247,-225950.43229983622,64314.689393098204,8.784416489000139e-05,3.887762638729196e-10,-3.887762638729196e-10,0.09991008092716555,0.04995504046358277,12,4.0,45.0,15.0,20.0,0.08,0.05,D13_wrapped_gap10_angle_v1,single_wavelength_oblique_incidence,12501.479246139526,primary,"A(lambda,theta) is the directional emissivity proxy under reciprocity.",measured_lossy_wall_film,1.67437293,0.3129405069999999,2.705592947795368,1.0479582272425507,0.24314799481601532,INTERPOLATED_WITHIN_DATA_RANGE,nk_interpolated_single_wavelength_conductivity,8.1014,24.927,Valid only for narrowband single-wavelength simulation; not a broadband dispersive fit.
tilt20_wrapped_gap10_film2um,2.0,sidewalls_and_bottom,Ez,10.009,40.0,True,VALID,VALID,NUMERICAL_PASS,50.0,40.0,0.0,30.0,20.0,10.91910702798607,24.0,"D00 convention: R=refl/abs(input), T=-trans/abs(input), A=1-R-T.",Wrapped periodic polygon pieces preserve P=50 and gap=10.,0.2792696148984338,-2.8342553988709548e-08,0.7207304134441201,-255390.8210431919,71322.89624132703,0.007238428133637525,2.8342553988709548e-08,-2.8342553988709548e-08,0.09991008092716555,0.06422096210276144,12,4.0,45.0,15.0,20.0,0.08,0.05,D13_wrapped_gap10_angle_v1,single_wavelength_oblique_incidence,11723.902524471283,primary,"A(lambda,theta) is the directional emissivity proxy under reciprocity.",measured_lossy_wall_film,1.67437293,0.3129405069999999,2.705592947795368,1.0479582272425507,0.24314799481601532,INTERPOLATED_WITHIN_DATA_RANGE,nk_interpolated_single_wavelength_conductivity,8.1014,24.927,Valid only for narrowband single-wavelength simulation; not a broadband dispersive fit.
tilt20_wrapped_gap10_film2um,2.0,sidewalls_and_bottom,Ez,10.009,50.0,True,VALID,VALID,NUMERICAL_PASS,50.0,40.0,0.0,30.0,20.0,10.91910702798607,24.0,"D00 convention: R=refl/abs(input), T=-trans/abs(input), A=1-R-T.",Wrapped periodic polygon pieces preserve P=50 and gap=10.,0.28468661250078064,-1.8693190092307803e-07,0.7153135744311203,-304284.36969292816,86625.68644481491,0.0568804556478797,1.8693190092307803e-07,-1.8693190092307803e-07,0.09991008092716555,0.07653556230582256,12,4.0,45.0,15.0,20.0,0.08,0.05,D13_wrapped_gap10_angle_v1,single_wavelength_oblique_incidence,11761.53214430809,primary,"A(lambda,theta) is the directional emissivity proxy under reciprocity.",measured_lossy_wall_film,1.67437293,0.3129405069999999,2.705592947795368,1.0479582272425507,0.24314799481601532,INTERPOLATED_WITHIN_DATA_RANGE,nk_interpolated_single_wavelength_conductivity,8.1014,24.927,Valid only for narrowband single-wavelength simulation; not a broadband dispersive fit.
tilt20_wrapped_gap10_film2um,2.0,sidewalls_and_bottom,Ez,10.009,60.0,True,VALID,VALID,NUMERICAL_PASS,50.0,40.0,0.0,30.0,20.0,10.91910702798607,24.0,"D00 convention: R=refl/abs(input), T=-trans/abs(input), A=1-R-T.",Wrapped periodic polygon pieces preserve P=50 and gap=10.,0.2839776378543482,-1.1909763578171082e-08,0.7160223740554155,-390945.7120272894,111019.83983079589,0.004656071002144772,1.1909763578171082e-08,-1.1909763578171082e-08,0.09991008092716555,0.08652466817708448,12,4.0,45.0,15.0,20.0,0.08,0.05,D13_wrapped_gap10_angle_v1,single_wavelength_oblique_incidence,11956.290384054184,primary,"A(lambda,theta) is the directional emissivity proxy under reciprocity.",measured_lossy_wall_film,1.67437293,0.3129405069999999,2.705592947795368,1.0479582272425507,0.24314799481601532,INTERPOLATED_WITHIN_DATA_RANGE,nk_interpolated_single_wavelength_conductivity,8.1014,24.927,Valid only for narrowband single-wavelength simulation; not a broadband dispersive fit.
tilt20_wrapped_gap10_film2um,2.0,sidewalls_and_bottom,Ez,10.009,70.0,True,VALID,VALID,NUMERICAL_PASS,50.0,40.0,0.0,30.0,20.0,10.91910702798607,24.0,"D00 convention: R=refl/abs(input), T=-trans/abs(input), A=1-R-T.",Wrapped periodic polygon pieces preserve P=50 and gap=10.,0.4375291753052239,-1.0348395870100156e-07,0.5624709281787348,-568320.1335619279,248656.63934670502,0.05881201723047024,1.0348395870100156e-07,-1.0348395870100156e-07,0.09991008092716555,0.09388476578938039,12,4.0,45.0,15.0,20.0,0.08,0.05,D13_wrapped_gap10_angle_v1,single_wavelength_oblique_incidence,12794.915118217468,primary,"A(lambda,theta) is the directional emissivity proxy under reciprocity.",measured_lossy_wall_film,1.67437293,0.3129405069999999,2.705592947795368,1.0479582272425507,0.24314799481601532,INTERPOLATED_WITHIN_DATA_RANGE,nk_interpolated_single_wavelength_conductivity,8.1014,24.927,Valid only for narrowband single-wavelength simulation; not a broadband dispersive fit.
tilt20_wrapped_gap10_film2um,2.0,sidewalls_and_bottom,Ez,10.985,-70.0,True,VALID,VALID,NUMERICAL_PASS,50.0,40.0,0.0,30.0,20.0,10.91910702798607,24.0,"D00 convention: R=refl/abs(input), T=-trans/abs(input), A=1-R-T.",Wrapped periodic polygon pieces preserve P=50 and gap=10.,0.37776232807610516,-2.1985747788926065e-07,0.6222378917813728,-688492.5038968688,260086.53113502805,0.15137022545242754,2.1985747788926065e-07,-2.1985747788926065e-07,0.09103322712790168,-0.08554325177841678,12,4.0,45.0,15.0,20.0,0.08,0.05,D13_wrapped_gap10_angle_v1,single_wavelength_oblique_incidence,13840.458631277084,primary,"A(lambda,theta) is the directional emissivity proxy under reciprocity.",measured_lossy_wall_film,1.52686461,0.163827002,2.304476250686144,0.5002833030323984,0.12417197216686165,INTERPOLATED_WITHIN_DATA_RANGE,nk_interpolated_single_wavelength_conductivity,8.1014,24.927,Valid only for narrowband single-wavelength simulation; not a broadband dispersive fit.
tilt20_wrapped_gap10_film2um,2.0,sidewalls_and_bottom,Ez,10.985,-60.0,True,VALID,VALID,NUMERICAL_PASS,50.0,40.0,0.0,30.0,20.0,10.91910702798607,24.0,"D00 convention: R=refl/abs(input), T=-trans/abs(input), A=1-R-T.",Wrapped periodic polygon pieces preserve P=50 and gap=10.,0.20249761027199692,-8.36281865818395e-09,0.7975023980908218,-471071.1881572049,95390.7898698242,0.003939482921653956,8.36281865818395e-09,-8.36281865818395e-09,0.09103322712790168,-0.07883708728124157,12,4.0,45.0,15.0,20.0,0.08,0.05,D13_wrapped_gap10_angle_v1,single_wavelength_oblique_incidence,13817.827245950699,primary,"A(lambda,theta) is the directional emissivity proxy under reciprocity.",measured_lossy_wall_film,1.52686461,0.163827002,2.304476250686144,0.5002833030323984,0.12417197216686165,INTERPOLATED_WITHIN_DATA_RANGE,nk_interpolated_single_wavelength_conductivity,8.1014,24.927,Valid only for narrowband single-wavelength simulation; not a broadband dispersive fit.
tilt20_wrapped_gap10_film2um,2.0,sidewalls_and_bottom,Ez,10.985,-50.0,True,VALID,VALID,NUMERICAL_PASS,50.0,40.0,0.0,30.0,20.0,10.91910702798607,24.0,"D00 convention: R=refl/abs(input), T=-trans/abs(input), A=1-R-T.",Wrapped periodic polygon pieces preserve P=50 and gap=10.,0.16877185738286496,-2.2362705458952324e-06,0.8312303788876809,-366553.31913606805,61863.88450044826,0.8197123910841242,2.2362705458952324e-06,-2.2362705458952324e-06,0.09103322712790168,-0.06973549778051688,12,4.0,45.0,15.0,20.0,0.08,0.05,D13_wrapped_gap10_angle_v1,single_wavelength_oblique_incidence,13114.850849151611,primary,"A(lambda,theta) is the directional emissivity proxy under reciprocity.",measured_lossy_wall_film,1.52686461,0.163827002,2.304476250686144,0.5002833030323984,0.12417197216686165,INTERPOLATED_WITHIN_DATA_RANGE,nk_interpolated_single_wavelength_conductivity,8.1014,24.927,Valid only for narrowband single-wavelength simulation; not a broadband dispersive fit.
tilt20_wrapped_gap10_film2um,2.0,sidewalls_and_bottom,Ez,10.985,-40.0,True,VALID,VALID,NUMERICAL_PASS,50.0,40.0,0.0,30.0,20.0,10.91910702798607,24.0,"D00 convention: R=refl/abs(input), T=-trans/abs(input), A=1-R-T.",Wrapped periodic polygon pieces preserve P=50 and gap=10.,0.19609186788214644,-2.9945028887857388e-09,0.8039081351123565,-307634.90261069674,60324.70267867373,0.0009212136045590508,2.9945028887857388e-09,-2.9945028887857388e-09,0.09103322712790168,-0.05851503046759574,12,4.0,45.0,15.0,20.0,0.08,0.05,D13_wrapped_gap10_angle_v1,single_wavelength_oblique_incidence,13949.679736852646,primary,"A(lambda,theta) is the directional emissivity proxy under reciprocity.",measured_lossy_wall_film,1.52686461,0.163827002,2.304476250686144,0.5002833030323984,0.12417197216686165,INTERPOLATED_WITHIN_DATA_RANGE,nk_interpolated_single_wavelength_conductivity,8.1014,24.927,Valid only for narrowband single-wavelength simulation; not a broadband dispersive fit.
tilt20_wrapped_gap10_film2um,2.0,sidewalls_and_bottom,Ez,10.985,-30.0,True,VALID,VALID,NUMERICAL_PASS,50.0,40.0,0.0,30.0,20.0,10.91910702798607,24.0,"D00 convention: R=refl/abs(input), T=-trans/abs(input), A=1-R-T.",Wrapped periodic polygon pieces preserve P=50 and gap=10.,0.19831005253671785,-1.4336800890293466e-08,0.801689961800083,-272161.08720523503,53972.27950212041,0.003901919317347251,1.4336800890293466e-08,-1.4336800890293466e-08,0.09103322712790168,-0.045516613563950835,12,4.0,45.0,15.0,20.0,0.08,0.05,D13_wrapped_gap10_angle_v1,single_wavelength_oblique_incidence,13031.26613020897,primary,"A(lambda,theta) is the directional emissivity proxy under reciprocity.",measured_lossy_wall_film,1.52686461,0.163827002,2.304476250686144,0.5002833030323984,0.12417197216686165,INTERPOLATED_WITHIN_DATA_RANGE,nk_interpolated_single_wavelength_conductivity,8.1014,24.927,Valid only for narrowband single-wavelength simulation; not a broadband dispersive fit.
tilt20_wrapped_gap10_film2um,2.0,sidewalls_and_bottom,Ez,10.985,-20.0,True,VALID,VALID,NUMERICAL_PASS,50.0,40.0,0.0,30.0,20.0,10.91910702798607,24.0,"D00 convention: R=refl/abs(input), T=-trans/abs(input), A=1-R-T.",Wrapped periodic polygon pieces preserve P=50 and gap=10.,0.1765357210017343,-4.606002436457068e-06,0.8234688850007021,-250855.12804974196,44284.89089724358,1.1554393309948612,4.606002436457068e-06,-4.606002436457068e-06,0.09103322712790168,-0.031135197389683088,12,4.0,45.0,15.0,20.0,0.08,0.05,D13_wrapped_gap10_angle_v1,single_wavelength_oblique_incidence,12856.921454906464,primary,"A(lambda,theta) is the directional emissivity proxy under reciprocity.",measured_lossy_wall_film,1.52686461,0.163827002,2.304476250686144,0.5002833030323984,0.12417197216686165,INTERPOLATED_WITHIN_DATA_RANGE,nk_interpolated_single_wavelength_conductivity,8.1014,24.927,Valid only for narrowband single-wavelength simulation; not a broadband dispersive fit.
tilt20_wrapped_gap10_film2um,2.0,sidewalls_and_bottom,Ez,10.985,-10.0,True,VALID,VALID,NUMERICAL_PASS,50.0,40.0,0.0,30.0,20.0,10.91910702798607,24.0,"D00 convention: R=refl/abs(input), T=-trans/abs(input), A=1-R-T.",Wrapped periodic polygon pieces preserve P=50 and gap=10.,0.23459853481044707,-2.2407338179053863e-08,0.7654014875968911,-239381.15191061638,56158.46749946765,0.005363894424552647,2.2407338179053863e-08,-2.2407338179053863e-08,0.09103322712790168,-0.015807753997899892,12,4.0,45.0,15.0,20.0,0.08,0.05,D13_wrapped_gap10_angle_v1,single_wavelength_oblique_incidence,12540.311763763428,primary,"A(lambda,theta) is the directional emissivity proxy under reciprocity.",measured_lossy_wall_film,1.52686461,0.163827002,2.304476250686144,0.5002833030323984,0.12417197216686165,INTERPOLATED_WITHIN_DATA_RANGE,nk_interpolated_single_wavelength_conductivity,8.1014,24.927,Valid only for narrowband single-wavelength simulation; not a broadband dispersive fit.
tilt20_wrapped_gap10_film2um,2.0,sidewalls_and_bottom,Ez,10.985,0.0,True,VALID,VALID,NUMERICAL_PASS,50.0,40.0,0.0,30.0,20.0,10.91910702798607,24.0,"D00 convention: R=refl/abs(input), T=-trans/abs(input), A=1-R-T.",Wrapped periodic polygon pieces preserve P=50 and gap=10.,0.26101905380871754,-9.82125689649873e-10,0.7389809471734081,-58937.630353748944,15383.844508663498,5.788416085750497e-05,9.82125689649873e-10,-9.82125689649873e-10,0.09103322712790168,0.0,12,4.0,45.0,15.0,20.0,0.08,0.05,D13_wrapped_gap10_angle_v1,single_wavelength_oblique_incidence,5861.413585186005,primary,"A(lambda,theta) is the directional emissivity proxy under reciprocity.",measured_lossy_wall_film,1.52686461,0.163827002,2.304476250686144,0.5002833030323984,0.12417197216686165,INTERPOLATED_WITHIN_DATA_RANGE,nk_interpolated_single_wavelength_conductivity,8.1014,24.927,Valid only for narrowband single-wavelength simulation; not a broadband dispersive fit.
tilt20_wrapped_gap10_film2um,2.0,sidewalls_and_bottom,Ez,10.985,10.0,True,VALID,VALID,NUMERICAL_PASS,50.0,40.0,0.0,30.0,20.0,10.91910702798607,24.0,"D00 convention: R=refl/abs(input), T=-trans/abs(input), A=1-R-T.",Wrapped periodic polygon pieces preserve P=50 and gap=10.,0.30772496939790506,-8.611908994757012e-09,0.6922750392140039,-239381.15191061635,73663.55764612967,0.0020615286953143317,8.611908994757012e-09,-8.611908994757012e-09,0.09103322712790168,0.015807753997899892,12,4.0,45.0,15.0,20.0,0.08,0.05,D13_wrapped_gap10_angle_v1,single_wavelength_oblique_incidence,13056.693549156189,primary,"A(lambda,theta) is the directional emissivity proxy under reciprocity.",measured_lossy_wall_film,1.52686461,0.163827002,2.304476250686144,0.5002833030323984,0.12417197216686165,INTERPOLATED_WITHIN_DATA_RANGE,nk_interpolated_single_wavelength_conductivity,8.1014,24.927,Valid only for narrowband single-wavelength simulation; not a broadband dispersive fit.
tilt20_wrapped_gap10_film2um,2.0,sidewalls_and_bottom,Ez,10.985,20.0,True,VALID,VALID,NUMERICAL_PASS,50.0,40.0,0.0,30.0,20.0,10.91910702798607,24.0,"D00 convention: R=refl/abs(input), T=-trans/abs(input), A=1-R-T.",Wrapped periodic polygon pieces preserve P=50 and gap=10.,0.34346779893992896,-8.784312908210825e-07,0.6565330794913619,-250855.1280497419,86160.65868403889,0.22035899394182273,8.784312908210825e-07,-8.784312908210825e-07,0.09103322712790168,0.031135197389683088,12,4.0,45.0,15.0,20.0,0.08,0.05,D13_wrapped_gap10_angle_v1,single_wavelength_oblique_incidence,13203.479196548462,primary,"A(lambda,theta) is the directional emissivity proxy under reciprocity.",measured_lossy_wall_film,1.52686461,0.163827002,2.304476250686144,0.5002833030323984,0.12417197216686165,INTERPOLATED_WITHIN_DATA_RANGE,nk_interpolated_single_wavelength_conductivity,8.1014,24.927,Valid only for narrowband single-wavelength simulation; not a broadband dispersive fit.
tilt20_wrapped_gap10_film2um,2.0,sidewalls_and_bottom,Ez,10.985,30.0,True,VALID,VALID,NUMERICAL_PASS,50.0,40.0,0.0,30.0,20.0,10.91910702798607,24.0,"D00 convention: R=refl/abs(input), T=-trans/abs(input), A=1-R-T.",Wrapped periodic polygon pieces preserve P=50 and gap=10.,0.3841800766096429,-2.3158318260296557e-08,0.6158199465486754,-272161.0872052353,104558.867332671,0.006302793075567165,2.3158318260296557e-08,-2.3158318260296557e-08,0.09103322712790168,0.045516613563950835,12,4.0,45.0,15.0,20.0,0.08,0.05,D13_wrapped_gap10_angle_v1,single_wavelength_oblique_incidence,13045.391554117203,primary,"A(lambda,theta) is the directional emissivity proxy under reciprocity.",measured_lossy_wall_film,1.52686461,0.163827002,2.304476250686144,0.5002833030323984,0.12417197216686165,INTERPOLATED_WITHIN_DATA_RANGE,nk_interpolated_single_wavelength_conductivity,8.1014,24.927,Valid only for narrowband single-wavelength simulation; not a broadband dispersive fit.
tilt20_wrapped_gap10_film2um,2.0,sidewalls_and_bottom,Ez,10.985,40.0,True,VALID,VALID,NUMERICAL_PASS,50.0,40.0,0.0,30.0,20.0,10.91910702798607,24.0,"D00 convention: R=refl/abs(input), T=-trans/abs(input), A=1-R-T.",Wrapped periodic polygon pieces preserve P=50 and gap=10.,0.39886853177380005,-1.806458892331625e-09,0.6011314700326588,-307634.90261069674,122705.88192670458,0.0005557298054126666,1.806458892331625e-09,-1.806458892331625e-09,0.09103322712790168,0.05851503046759574,12,4.0,45.0,15.0,20.0,0.08,0.05,D13_wrapped_gap10_angle_v1,single_wavelength_oblique_incidence,13162.856964826584,primary,"A(lambda,theta) is the directional emissivity proxy under reciprocity.",measured_lossy_wall_film,1.52686461,0.163827002,2.304476250686144,0.5002833030323984,0.12417197216686165,INTERPOLATED_WITHIN_DATA_RANGE,nk_interpolated_single_wavelength_conductivity,8.1014,24.927,Valid only for narrowband single-wavelength simulation; not a broadband dispersive fit.
tilt20_wrapped_gap10_film2um,2.0,sidewalls_and_bottom,Ez,10.985,50.0,True,VALID,VALID,NUMERICAL_PASS,50.0,40.0,0.0,30.0,20.0,10.91910702798607,24.0,"D00 convention: R=refl/abs(input), T=-trans/abs(input), A=1-R-T.",Wrapped periodic polygon pieces preserve P=50 and gap=10.,0.35801804510188434,-2.1736252694642786e-06,0.641984128523385,-366553.31913606793,131232.70274270218,0.7967495570801614,2.1736252694642786e-06,-2.1736252694642786e-06,0.09103322712790168,0.06973549778051688,12,4.0,45.0,15.0,20.0,0.08,0.05,D13_wrapped_gap10_angle_v1,single_wavelength_oblique_incidence,13168.662196397781,primary,"A(lambda,theta) is the directional emissivity proxy under reciprocity.",measured_lossy_wall_film,1.52686461,0.163827002,2.304476250686144,0.5002833030323984,0.12417197216686165,INTERPOLATED_WITHIN_DATA_RANGE,nk_interpolated_single_wavelength_conductivity,8.1014,24.927,Valid only for narrowband single-wavelength simulation; not a broadband dispersive fit.
tilt20_wrapped_gap10_film2um,2.0,sidewalls_and_bottom,Ez,10.985,60.0,True,VALID,VALID,NUMERICAL_PASS,50.0,40.0,0.0,30.0,20.0,10.91910702798607,24.0,"D00 convention: R=refl/abs(input), T=-trans/abs(input), A=1-R-T.",Wrapped periodic polygon pieces preserve P=50 and gap=10.,0.4086936857461964,-7.242746002634136e-09,0.5913063214965495,-471071.18815720495,192523.8201368081,0.003411848964981709,7.242746002634136e-09,-7.242746002634136e-09,0.09103322712790168,0.07883708728124157,12,4.0,45.0,15.0,20.0,0.08,0.05,D13_wrapped_gap10_angle_v1,single_wavelength_oblique_incidence,13411.244842767715,primary,"A(lambda,theta) is the directional emissivity proxy under reciprocity.",measured_lossy_wall_film,1.52686461,0.163827002,2.304476250686144,0.5002833030323984,0.12417197216686165,INTERPOLATED_WITHIN_DATA_RANGE,nk_interpolated_single_wavelength_conductivity,8.1014,24.927,Valid only for narrowband single-wavelength simulation; not a broadband dispersive fit.
tilt20_wrapped_gap10_film2um,2.0,sidewalls_and_bottom,Ez,10.985,70.0,True,VALID,VALID,NUMERICAL_PASS,50.0,40.0,0.0,30.0,20.0,10.91910702798607,24.0,"D00 convention: R=refl/abs(input), T=-trans/abs(input), A=1-R-T.",Wrapped periodic polygon pieces preserve P=50 and gap=10.,0.5381444147621364,-1.7385439364499638e-07,0.4618557590922573,-688492.503896869,370508.3955776985,0.11969744679411548,1.7385439364499638e-07,-1.7385439364499638e-07,0.09103322712790168,0.08554325177841678,12,4.0,45.0,15.0,20.0,0.08,0.05,D13_wrapped_gap10_angle_v1,single_wavelength_oblique_incidence,13381.755266904831,primary,"A(lambda,theta) is the directional emissivity proxy under reciprocity.",measured_lossy_wall_film,1.52686461,0.163827002,2.304476250686144,0.5002833030323984,0.12417197216686165,INTERPOLATED_WITHIN_DATA_RANGE,nk_interpolated_single_wavelength_conductivity,8.1014,24.927,Valid only for narrowband single-wavelength simulation; not a broadband dispersive fit.
tilt20_wrapped_gap10_film2um,2.0,sidewalls_and_bottom,Ez,12.345,-70.0,True,VALID,VALID,NUMERICAL_PASS,50.0,40.0,0.0,30.0,20.0,10.91910702798607,24.0,"D00 convention: R=refl/abs(input), T=-trans/abs(input), A=1-R-T.",Wrapped periodic polygon pieces preserve P=50 and gap=10.,0.4438388411848408,-3.329472746230063e-07,0.5561614917624338,-874273.4525090774,388036.51604029885,0.29108696328814365,3.329472746230063e-07,-3.329472746230063e-07,0.08100445524503848,-0.07611928884454502,12,4.0,45.0,15.0,20.0,0.08,0.05,D13_wrapped_gap10_angle_v1,single_wavelength_oblique_incidence,14442.31811785698,primary,"A(lambda,theta) is the directional emissivity proxy under reciprocity.",measured_lossy_wall_film,1.48578686,0.35792435,2.0794527530257367,1.063598592208082,0.2603259552290157,INTERPOLATED_WITHIN_DATA_RANGE,nk_interpolated_single_wavelength_conductivity,8.1014,24.927,Valid only for narrowband single-wavelength simulation; not a broadband dispersive fit.
tilt20_wrapped_gap10_film2um,2.0,sidewalls_and_bottom,Ez,12.345,-60.0,True,VALID,VALID,NUMERICAL_PASS,50.0,40.0,0.0,30.0,20.0,10.91910702798607,24.0,"D00 convention: R=refl/abs(input), T=-trans/abs(input), A=1-R-T.",Wrapped periodic polygon pieces preserve P=50 and gap=10.,0.2601447939773949,-6.996797995854754e-09,0.7398552130194032,-595225.4115159763,154844.79204893374,0.004164671966376804,6.996797995854754e-09,-6.996797995854754e-09,0.08100445524503848,-0.07015191606192293,12,4.0,45.0,15.0,20.0,0.08,0.05,D13_wrapped_gap10_angle_v1,single_wavelength_oblique_incidence,14335.804460525513,primary,"A(lambda,theta) is the directional emissivity proxy under reciprocity.",measured_lossy_wall_film,1.48578686,0.35792435,2.0794527530257367,1.063598592208082,0.2603259552290157,INTERPOLATED_WITHIN_DATA_RANGE,nk_interpolated_single_wavelength_conductivity,8.1014,24.927,Valid only for narrowband single-wavelength simulation; not a broadband dispersive fit.
tilt20_wrapped_gap10_film2um,2.0,sidewalls_and_bottom,Ez,12.345,-50.0,True,VALID,VALID,NUMERICAL_PASS,50.0,40.0,0.0,30.0,20.0,10.91910702798607,24.0,"D00 convention: R=refl/abs(input), T=-trans/abs(input), A=1-R-T.",Wrapped periodic polygon pieces preserve P=50 and gap=10.,0.0996153780508266,-1.0375045346453998e-05,0.9003949969945197,-462959.238330638,46117.85954842923,4.803223091240173,1.0375045346453998e-05,-1.0375045346453998e-05,0.08100445524503848,-0.062053012808341676,12,4.0,45.0,15.0,20.0,0.08,0.05,D13_wrapped_gap10_angle_v1,single_wavelength_oblique_incidence,15602.77397441864,primary,"A(lambda,theta) is the directional emissivity proxy under reciprocity.",measured_lossy_wall_film,1.48578686,0.35792435,2.0794527530257367,1.063598592208082,0.2603259552290157,INTERPOLATED_WITHIN_DATA_RANGE,nk_interpolated_single_wavelength_conductivity,8.1014,24.927,Valid only for narrowband single-wavelength simulation; not a broadband dispersive fit.
tilt20_wrapped_gap10_film2um,2.0,sidewalls_and_bottom,Ez,12.345,-40.0,True,VALID,VALID,NUMERICAL_PASS,50.0,40.0,0.0,30.0,20.0,10.91910702798607,24.0,"D00 convention: R=refl/abs(input), T=-trans/abs(input), A=1-R-T.",Wrapped periodic polygon pieces preserve P=50 and gap=10.,0.2442685388297825,-1.7103837538408939e-09,0.7557314628806012,-388528.89020788844,94905.3843042379,0.0006645335017094047,1.7103837538408939e-09,-1.7103837538408939e-09,0.08100445524503848,-0.05206866016091853,12,4.0,45.0,15.0,20.0,0.08,0.05,D13_wrapped_gap10_angle_v1,single_wavelength_oblique_incidence,14550.982352018356,primary,"A(lambda,theta) is the directional emissivity proxy under reciprocity.",measured_lossy_wall_film,1.48578686,0.35792435,2.0794527530257367,1.063598592208082,0.2603259552290157,INTERPOLATED_WITHIN_DATA_RANGE,nk_interpolated_single_wavelength_conductivity,8.1014,24.927,Valid only for narrowband single-wavelength simulation; not a broadband dispersive fit.
tilt20_wrapped_gap10_film2um,2.0,sidewalls_and_bottom,Ez,12.345,-30.0,True,VALID,VALID,NUMERICAL_PASS,50.0,40.0,0.0,30.0,20.0,10.91910702798607,24.0,"D00 convention: R=refl/abs(input), T=-trans/abs(input), A=1-R-T.",Wrapped periodic polygon pieces preserve P=50 and gap=10.,0.1656147567268365,-4.4316835651076e-06,0.8343896749567287,-343718.5805391019,56924.86909847693,1.523251984397251,4.4316835651076e-06,-4.4316835651076e-06,0.08100445524503848,-0.04050222762251923,12,4.0,45.0,15.0,20.0,0.08,0.05,D13_wrapped_gap10_angle_v1,single_wavelength_oblique_incidence,14653.026712656021,primary,"A(lambda,theta) is the directional emissivity proxy under reciprocity.",measured_lossy_wall_film,1.48578686,0.35792435,2.0794527530257367,1.063598592208082,0.2603259552290157,INTERPOLATED_WITHIN_DATA_RANGE,nk_interpolated_single_wavelength_conductivity,8.1014,24.927,Valid only for narrowband single-wavelength simulation; not a broadband dispersive fit.
tilt20_wrapped_gap10_film2um,2.0,sidewalls_and_bottom,Ez,12.345,-20.0,True,VALID,VALID,NUMERICAL_PASS,50.0,40.0,0.0,30.0,20.0,10.91910702798607,24.0,"D00 convention: R=refl/abs(input), T=-trans/abs(input), A=1-R-T.",Wrapped periodic polygon pieces preserve P=50 and gap=10.,0.23875516424969936,-3.909082588809702e-09,0.7612448396593833,-316802.4904972497,75638.23065338467,0.0012384070996943497,3.909082588809702e-09,-3.909082588809702e-09,0.08100445524503848,-0.027705155392925777,12,4.0,45.0,15.0,20.0,0.08,0.05,D13_wrapped_gap10_angle_v1,single_wavelength_oblique_incidence,15284.036433458328,primary,"A(lambda,theta) is the directional emissivity proxy under reciprocity.",measured_lossy_wall_film,1.48578686,0.35792435,2.0794527530257367,1.063598592208082,0.2603259552290157,INTERPOLATED_WITHIN_DATA_RANGE,nk_interpolated_single_wavelength_conductivity,8.1014,24.927,Valid only for narrowband single-wavelength simulation; not a broadband dispersive fit.
tilt20_wrapped_gap10_film2um,2.0,sidewalls_and_bottom,Ez,12.345,-10.0,True,VALID,VALID,NUMERICAL_PASS,50.0,40.0,0.0,30.0,20.0,10.91910702798607,24.0,"D00 convention: R=refl/abs(input), T=-trans/abs(input), A=1-R-T.",Wrapped periodic polygon pieces preserve P=50 and gap=10.,0.22002317051866177,-9.676496770776235e-09,0.7799768391578351,-302307.4848734755,66514.65129338446,0.002925277401159671,9.676496770776235e-09,-9.676496770776235e-09,0.08100445524503848,-0.014066276036203348,12,4.0,45.0,15.0,20.0,0.08,0.05,D13_wrapped_gap10_angle_v1,single_wavelength_oblique_incidence,14715.306647539139,primary,"A(lambda,theta) is the directional emissivity proxy under reciprocity.",measured_lossy_wall_film,1.48578686,0.35792435,2.0794527530257367,1.063598592208082,0.2603259552290157,INTERPOLATED_WITHIN_DATA_RANGE,nk_interpolated_single_wavelength_conductivity,8.1014,24.927,Valid only for narrowband single-wavelength simulation; not a broadband dispersive fit.
tilt20_wrapped_gap10_film2um,2.0,sidewalls_and_bottom,Ez,12.345,0.0,True,VALID,VALID,NUMERICAL_PASS,50.0,40.0,0.0,30.0,20.0,10.91910702798607,24.0,"D00 convention: R=refl/abs(input), T=-trans/abs(input), A=1-R-T.",Wrapped periodic polygon pieces preserve P=50 and gap=10.,0.24753083921941188,-8.626120899293645e-07,0.7524700233926781,-74430.2022624857,18423.770429303655,0.0642043923275081,8.626120899293645e-07,-8.626120899293645e-07,0.08100445524503848,0.0,12,4.0,45.0,15.0,20.0,0.08,0.05,D13_wrapped_gap10_angle_v1,single_wavelength_oblique_incidence,6865.363079547882,primary,"A(lambda,theta) is the directional emissivity proxy under reciprocity.",measured_lossy_wall_film,1.48578686,0.35792435,2.0794527530257367,1.063598592208082,0.2603259552290157,INTERPOLATED_WITHIN_DATA_RANGE,nk_interpolated_single_wavelength_conductivity,8.1014,24.927,Valid only for narrowband single-wavelength simulation; not a broadband dispersive fit.
tilt20_wrapped_gap10_film2um,2.0,sidewalls_and_bottom,Ez,12.345,10.0,True,VALID,VALID,NUMERICAL_PASS,50.0,40.0,0.0,30.0,20.0,10.91910702798607,24.0,"D00 convention: R=refl/abs(input), T=-trans/abs(input), A=1-R-T.",Wrapped periodic polygon pieces preserve P=50 and gap=10.,0.2664852976734727,-2.954088633027316e-09,0.733514705280616,-302307.4848734755,80560.50009542696,0.0008930431047438113,2.954088633027316e-09,-2.954088633027316e-09,0.08100445524503848,0.014066276036203348,12,4.0,45.0,15.0,20.0,0.08,0.05,D13_wrapped_gap10_angle_v1,single_wavelength_oblique_incidence,14798.008576154709,primary,"A(lambda,theta) is the directional emissivity proxy under reciprocity.",measured_lossy_wall_film,1.48578686,0.35792435,2.0794527530257367,1.063598592208082,0.2603259552290157,INTERPOLATED_WITHIN_DATA_RANGE,nk_interpolated_single_wavelength_conductivity,8.1014,24.927,Valid only for narrowband single-wavelength simulation; not a broadband dispersive fit.
tilt20_wrapped_gap10_film2um,2.0,sidewalls_and_bottom,Ez,12.345,20.0,True,VALID,VALID,NUMERICAL_PASS,50.0,40.0,0.0,30.0,20.0,10.91910702798607,24.0,"D00 convention: R=refl/abs(input), T=-trans/abs(input), A=1-R-T.",Wrapped periodic polygon pieces preserve P=50 and gap=10.,0.2823628040875772,-2.4805185289090136e-09,0.7176371983929414,-316802.4904972497,89453.23955873145,0.0007858344476829495,2.4805185289090136e-09,-2.4805185289090136e-09,0.08100445524503848,0.027705155392925777,12,4.0,45.0,15.0,20.0,0.08,0.05,D13_wrapped_gap10_angle_v1,single_wavelength_oblique_incidence,15365.838959932327,primary,"A(lambda,theta) is the directional emissivity proxy under reciprocity.",measured_lossy_wall_film,1.48578686,0.35792435,2.0794527530257367,1.063598592208082,0.2603259552290157,INTERPOLATED_WITHIN_DATA_RANGE,nk_interpolated_single_wavelength_conductivity,8.1014,24.927,Valid only for narrowband single-wavelength simulation; not a broadband dispersive fit.
tilt20_wrapped_gap10_film2um,2.0,sidewalls_and_bottom,Ez,12.345,30.0,True,VALID,VALID,NUMERICAL_PASS,50.0,40.0,0.0,30.0,20.0,10.91910702798607,24.0,"D00 convention: R=refl/abs(input), T=-trans/abs(input), A=1-R-T.",Wrapped periodic polygon pieces preserve P=50 and gap=10.,0.2555280352248311,-2.7246912063382897e-06,0.7444746894663753,-343718.58053910173,87829.73355542454,0.9365269938499697,2.7246912063382897e-06,-2.7246912063382897e-06,0.08100445524503848,0.04050222762251923,12,4.0,45.0,15.0,20.0,0.08,0.05,D13_wrapped_gap10_angle_v1,single_wavelength_oblique_incidence,14592.238793373108,primary,"A(lambda,theta) is the directional emissivity proxy under reciprocity.",measured_lossy_wall_film,1.48578686,0.35792435,2.0794527530257367,1.063598592208082,0.2603259552290157,INTERPOLATED_WITHIN_DATA_RANGE,nk_interpolated_single_wavelength_conductivity,8.1014,24.927,Valid only for narrowband single-wavelength simulation; not a broadband dispersive fit.
tilt20_wrapped_gap10_film2um,2.0,sidewalls_and_bottom,Ez,12.345,40.0,True,VALID,VALID,NUMERICAL_PASS,50.0,40.0,0.0,30.0,20.0,10.91910702798607,24.0,"D00 convention: R=refl/abs(input), T=-trans/abs(input), A=1-R-T.",Wrapped periodic polygon pieces preserve P=50 and gap=10.,0.3059873397184463,-9.630495820215935e-10,0.6940126612446033,-388528.8902078883,118884.92151847205,0.0003741725853180205,9.630495820215935e-10,-9.630495820215935e-10,0.08100445524503848,0.05206866016091853,12,4.0,45.0,15.0,20.0,0.08,0.05,D13_wrapped_gap10_angle_v1,single_wavelength_oblique_incidence,14835.92442536354,primary,"A(lambda,theta) is the directional emissivity proxy under reciprocity.",measured_lossy_wall_film,1.48578686,0.35792435,2.0794527530257367,1.063598592208082,0.2603259552290157,INTERPOLATED_WITHIN_DATA_RANGE,nk_interpolated_single_wavelength_conductivity,8.1014,24.927,Valid only for narrowband single-wavelength simulation; not a broadband dispersive fit.
tilt20_wrapped_gap10_film2um,2.0,sidewalls_and_bottom,Ez,12.345,50.0,True,VALID,VALID,NUMERICAL_PASS,50.0,40.0,0.0,30.0,20.0,10.91910702798607,24.0,"D00 convention: R=refl/abs(input), T=-trans/abs(input), A=1-R-T.",Wrapped periodic polygon pieces preserve P=50 and gap=10.,0.21941875632584087,-8.116258183752374e-06,0.7805893599323429,-462959.238330638,101581.94030406715,3.757496706844806,8.116258183752374e-06,-8.116258183752374e-06,0.08100445524503848,0.062053012808341676,12,4.0,45.0,15.0,20.0,0.08,0.05,D13_wrapped_gap10_angle_v1,single_wavelength_oblique_incidence,14854.680100917816,primary,"A(lambda,theta) is the directional emissivity proxy under reciprocity.",measured_lossy_wall_film,1.48578686,0.35792435,2.0794527530257367,1.063598592208082,0.2603259552290157,INTERPOLATED_WITHIN_DATA_RANGE,nk_interpolated_single_wavelength_conductivity,8.1014,24.927,Valid only for narrowband single-wavelength simulation; not a broadband dispersive fit.
tilt20_wrapped_gap10_film2um,2.0,sidewalls_and_bottom,Ez,12.345,60.0,True,VALID,VALID,NUMERICAL_PASS,50.0,40.0,0.0,30.0,20.0,10.91910702798607,24.0,"D00 convention: R=refl/abs(input), T=-trans/abs(input), A=1-R-T.",Wrapped periodic polygon pieces preserve P=50 and gap=10.,0.3764467051221174,-5.297601251958878e-09,0.6235533001754838,-595225.4115159763,224070.64497014572,0.0031532668852447742,5.297601251958878e-09,-5.297601251958878e-09,0.08100445524503848,0.07015191606192293,12,4.0,45.0,15.0,20.0,0.08,0.05,D13_wrapped_gap10_angle_v1,single_wavelength_oblique_incidence,15763.403145074844,primary,"A(lambda,theta) is the directional emissivity proxy under reciprocity.",measured_lossy_wall_film,1.48578686,0.35792435,2.0794527530257367,1.063598592208082,0.2603259552290157,INTERPOLATED_WITHIN_DATA_RANGE,nk_interpolated_single_wavelength_conductivity,8.1014,24.927,Valid only for narrowband single-wavelength simulation; not a broadband dispersive fit.
tilt20_wrapped_gap10_film2um,2.0,sidewalls_and_bottom,Ez,12.345,70.0,True,VALID,VALID,NUMERICAL_PASS,50.0,40.0,0.0,30.0,20.0,10.91910702798607,24.0,"D00 convention: R=refl/abs(input), T=-trans/abs(input), A=1-R-T.",Wrapped periodic polygon pieces preserve P=50 and gap=10.,0.5350443460722946,-2.415937453001209e-07,0.4649558955214507,-874273.4525090776,467775.0676860867,0.2112189978081354,2.415937453001209e-07,-2.415937453001209e-07,0.08100445524503848,0.07611928884454502,12,4.0,45.0,15.0,20.0,0.08,0.05,D13_wrapped_gap10_angle_v1,single_wavelength_oblique_incidence,15920.35223531723,primary,"A(lambda,theta) is the directional emissivity proxy under reciprocity.",measured_lossy_wall_film,1.48578686,0.35792435,2.0794527530257367,1.063598592208082,0.2603259552290157,INTERPOLATED_WITHIN_DATA_RANGE,nk_interpolated_single_wavelength_conductivity,8.1014,24.927,Valid only for narrowband single-wavelength simulation; not a broadband dispersive fit.
tilt20_wrapped_gap10_film2um,2.0,sidewalls_and_bottom,Hz,8.1014,-70.0,True,VALID,VALID,NUMERICAL_PASS,50.0,40.0,0.0,30.0,20.0,10.91910702798607,24.0,"D00 convention: R=refl/abs(input), T=-trans/abs(input), A=1-R-T.",Wrapped periodic polygon pieces preserve P=50 and gap=10.,0.08275190343923255,-0.0001192788667739363,0.9173673754275414,-376306.8110982702,31140.10489552958,44.88544998711538,0.0001192788667739363,-0.0001192788667739363,0.12343545560026663,-0.11599138677091717,12,4.0,45.0,15.0,20.0,0.08,0.05,D13_wrapped_gap10_angle_v1,single_wavelength_oblique_incidence,20483.272087335587,primary,"A(lambda,theta) is the directional emissivity proxy under reciprocity.",measured_lossy_wall_film,1.0002012,0.1766584099999999,0.9691942466577119,0.3533879073441838,0.2827877871583043,INTERPOLATED_WITHIN_DATA_RANGE,nk_interpolated_single_wavelength_conductivity,8.1014,24.927,Valid only for narrowband single-wavelength simulation; not a broadband dispersive fit.
tilt20_wrapped_gap10_film2um,2.0,sidewalls_and_bottom,Hz,8.1014,-60.0,True,VALID,VALID,NUMERICAL_PASS,50.0,40.0,0.0,30.0,20.0,10.91910702798607,24.0,"D00 convention: R=refl/abs(input), T=-trans/abs(input), A=1-R-T.",Wrapped periodic polygon pieces preserve P=50 and gap=10.,0.08684127389784593,-5.485287116306688e-07,0.9131592746308658,-256157.52009821404,22245.04536384198,0.1405097544739805,5.485287116306688e-07,-5.485287116306688e-07,0.12343545560026663,-0.10689824027753705,12,4.0,45.0,15.0,20.0,0.08,0.05,D13_wrapped_gap10_angle_v1,single_wavelength_oblique_incidence,21646.387093782425,primary,"A(lambda,theta) is the directional emissivity proxy under reciprocity.",measured_lossy_wall_film,1.0002012,0.1766584099999999,0.9691942466577119,0.3533879073441838,0.2827877871583043,INTERPOLATED_WITHIN_DATA_RANGE,nk_interpolated_single_wavelength_conductivity,8.1014,24.927,Valid only for narrowband single-wavelength simulation; not a broadband dispersive fit.
tilt20_wrapped_gap10_film2um,2.0,sidewalls_and_bottom,Hz,8.1014,-50.0,True,VALID,VALID,NUMERICAL_PASS,50.0,40.0,0.0,30.0,20.0,10.91910702798607,24.0,"D00 convention: R=refl/abs(input), T=-trans/abs(input), A=1-R-T.",Wrapped periodic polygon pieces preserve P=50 and gap=10.,0.1136581348218459,-2.407300361074974e-06,0.8863442724785151,-199352.7175356282,22658.058046765796,0.4799018689047951,2.407300361074974e-06,-2.407300361074974e-06,0.12343545560026663,-0.09455704484644359,12,4.0,45.0,15.0,20.0,0.08,0.05,D13_wrapped_gap10_angle_v1,single_wavelength_oblique_incidence,22250.87105703354,primary,"A(lambda,theta) is the directional emissivity proxy under reciprocity.",measured_lossy_wall_film,1.0002012,0.1766584099999999,0.9691942466577119,0.3533879073441838,0.2827877871583043,INTERPOLATED_WITHIN_DATA_RANGE,nk_interpolated_single_wavelength_conductivity,8.1014,24.927,Valid only for narrowband single-wavelength simulation; not a broadband dispersive fit.
tilt20_wrapped_gap10_film2um,2.0,sidewalls_and_bottom,Hz,8.1014,-40.0,True,VALID,VALID,NUMERICAL_PASS,50.0,40.0,0.0,30.0,20.0,10.91910702798607,24.0,"D00 convention: R=refl/abs(input), T=-trans/abs(input), A=1-R-T.",Wrapped periodic polygon pieces preserve P=50 and gap=10.,0.17957592815623047,-2.1399805090326423e-06,0.8204262118242786,-167278.82421956034,30039.25012011047,0.35797342340375665,2.1399805090326423e-06,-2.1399805090326423e-06,0.12343545560026663,-0.07934278145586433,12,4.0,45.0,15.0,20.0,0.08,0.05,D13_wrapped_gap10_angle_v1,single_wavelength_oblique_incidence,21793.21845650673,primary,"A(lambda,theta) is the directional emissivity proxy under reciprocity.",measured_lossy_wall_film,1.0002012,0.1766584099999999,0.9691942466577119,0.3533879073441838,0.2827877871583043,INTERPOLATED_WITHIN_DATA_RANGE,nk_interpolated_single_wavelength_conductivity,8.1014,24.927,Valid only for narrowband single-wavelength simulation; not a broadband dispersive fit.
tilt20_wrapped_gap10_film2um,2.0,sidewalls_and_bottom,Hz,8.1014,-30.0,True,VALID,VALID,NUMERICAL_PASS,50.0,40.0,0.0,30.0,20.0,10.91910702798607,24.0,"D00 convention: R=refl/abs(input), T=-trans/abs(input), A=1-R-T.",Wrapped periodic polygon pieces preserve P=50 and gap=10.,0.23328857659923902,-0.000112915908631741,0.7668243393093928,-147959.31030169787,34517.21689488822,16.706959963241932,0.000112915908631741,-0.000112915908631741,0.12343545560026663,-0.06171772780013331,12,4.0,45.0,15.0,20.0,0.08,0.05,D13_wrapped_gap10_angle_v1,single_wavelength_oblique_incidence,20926.243517637253,primary,"A(lambda,theta) is the directional emissivity proxy under reciprocity.",measured_lossy_wall_film,1.0002012,0.1766584099999999,0.9691942466577119,0.3533879073441838,0.2827877871583043,INTERPOLATED_WITHIN_DATA_RANGE,nk_interpolated_single_wavelength_conductivity,8.1014,24.927,Valid only for narrowband single-wavelength simulation; not a broadband dispersive fit.
tilt20_wrapped_gap10_film2um,2.0,sidewalls_and_bottom,Hz,8.1014,-20.0,True,VALID,VALID,NUMERICAL_PASS,50.0,40.0,0.0,30.0,20.0,10.91910702798607,24.0,"D00 convention: R=refl/abs(input), T=-trans/abs(input), A=1-R-T.",Wrapped periodic polygon pieces preserve P=50 and gap=10.,0.2279191507501197,-0.00020355500266690488,0.7722844042525472,-136352.17891159694,31077.272820459555,27.755168141988406,0.00020355500266690488,-0.00020355500266690488,0.12343545560026663,-0.042217412215872406,12,4.0,45.0,15.0,20.0,0.08,0.05,D13_wrapped_gap10_angle_v1,single_wavelength_oblique_incidence,21161.12837934494,primary,"A(lambda,theta) is the directional emissivity proxy under reciprocity.",measured_lossy_wall_film,1.0002012,0.1766584099999999,0.9691942466577119,0.3533879073441838,0.2827877871583043,INTERPOLATED_WITHIN_DATA_RANGE,nk_interpolated_single_wavelength_conductivity,8.1014,24.927,Valid only for narrowband single-wavelength simulation; not a broadband dispersive fit.
tilt20_wrapped_gap10_film2um,2.0,sidewalls_and_bottom,Hz,8.1014,-10.0,True,VALID,VALID,NUMERICAL_PASS,50.0,40.0,0.0,30.0,20.0,10.91910702798607,24.0,"D00 convention: R=refl/abs(input), T=-trans/abs(input), A=1-R-T.",Wrapped periodic polygon pieces preserve P=50 and gap=10.,0.2730794797479401,-4.538672933429811e-05,0.7269659069813942,-130100.16668432008,35527.685833274416,5.9048210516483035,4.538672933429811e-05,-4.538672933429811e-05,0.12343545560026663,-0.02143434192447359,12,4.0,45.0,15.0,20.0,0.08,0.05,D13_wrapped_gap10_angle_v1,single_wavelength_oblique_incidence,20886.80253958702,primary,"A(lambda,theta) is the directional emissivity proxy under reciprocity.",measured_lossy_wall_film,1.0002012,0.1766584099999999,0.9691942466577119,0.3533879073441838,0.2827877871583043,INTERPOLATED_WITHIN_DATA_RANGE,nk_interpolated_single_wavelength_conductivity,8.1014,24.927,Valid only for narrowband single-wavelength simulation; not a broadband dispersive fit.
tilt20_wrapped_gap10_film2um,2.0,sidewalls_and_bottom,Hz,8.1014,0.0,True,VALID,VALID,NUMERICAL_PASS,50.0,40.0,0.0,30.0,20.0,10.91910702798607,24.0,"D00 convention: R=refl/abs(input), T=-trans/abs(input), A=1-R-T.",Wrapped periodic polygon pieces preserve P=50 and gap=10.,0.2936400456857759,-6.693285047566098e-06,0.7063666475992716,-32030.402641638404,9405.408895024499,0.21438861506879997,6.693285047566098e-06,-6.693285047566098e-06,0.12343545560026663,0.0,12,4.0,45.0,15.0,20.0,0.08,0.05,D13_wrapped_gap10_angle_v1,single_wavelength_oblique_incidence,9761.769957304,primary,"A(lambda,theta) is the directional emissivity proxy under reciprocity.",measured_lossy_wall_film,1.0002012,0.1766584099999999,0.9691942466577119,0.3533879073441838,0.2827877871583043,INTERPOLATED_WITHIN_DATA_RANGE,nk_interpolated_single_wavelength_conductivity,8.1014,24.927,Valid only for narrowband single-wavelength simulation; not a broadband dispersive fit.
tilt20_wrapped_gap10_film2um,2.0,sidewalls_and_bottom,Hz,8.1014,10.0,True,VALID,VALID,NUMERICAL_PASS,50.0,40.0,0.0,30.0,20.0,10.91910702798607,24.0,"D00 convention: R=refl/abs(input), T=-trans/abs(input), A=1-R-T.",Wrapped periodic polygon pieces preserve P=50 and gap=10.,0.36120443548645054,-4.922609821947465e-06,0.6388004871233715,-130100.16668432008,46992.75726390295,0.6404323583572363,4.922609821947465e-06,-4.922609821947465e-06,0.12343545560026663,0.02143434192447359,12,4.0,45.0,15.0,20.0,0.08,0.05,D13_wrapped_gap10_angle_v1,single_wavelength_oblique_incidence,20410.722514629364,primary,"A(lambda,theta) is the directional emissivity proxy under reciprocity.",measured_lossy_wall_film,1.0002012,0.1766584099999999,0.9691942466577119,0.3533879073441838,0.2827877871583043,INTERPOLATED_WITHIN_DATA_RANGE,nk_interpolated_single_wavelength_conductivity,8.1014,24.927,Valid only for narrowband single-wavelength simulation; not a broadband dispersive fit.
tilt20_wrapped_gap10_film2um,2.0,sidewalls_and_bottom,Hz,8.1014,20.0,True,VALID,VALID,NUMERICAL_PASS,50.0,40.0,0.0,30.0,20.0,10.91910702798607,24.0,"D00 convention: R=refl/abs(input), T=-trans/abs(input), A=1-R-T.",Wrapped periodic polygon pieces preserve P=50 and gap=10.,0.39380577287332436,-8.287577988145218e-07,0.6061950558844744,-136352.17891159694,53696.27519924323,0.11300293165833895,8.287577988145218e-07,-8.287577988145218e-07,0.12343545560026663,0.042217412215872406,12,4.0,45.0,15.0,20.0,0.08,0.05,D13_wrapped_gap10_angle_v1,single_wavelength_oblique_incidence,20014.347178459167,primary,"A(lambda,theta) is the directional emissivity proxy under reciprocity.",measured_lossy_wall_film,1.0002012,0.1766584099999999,0.9691942466577119,0.3533879073441838,0.2827877871583043,INTERPOLATED_WITHIN_DATA_RANGE,nk_interpolated_single_wavelength_conductivity,8.1014,24.927,Valid only for narrowband single-wavelength simulation; not a broadband dispersive fit.
tilt20_wrapped_gap10_film2um,2.0,sidewalls_and_bottom,Hz,8.1014,30.0,True,VALID,VALID,NUMERICAL_PASS,50.0,40.0,0.0,30.0,20.0,10.91910702798607,24.0,"D00 convention: R=refl/abs(input), T=-trans/abs(input), A=1-R-T.",Wrapped periodic polygon pieces preserve P=50 and gap=10.,0.4100257246689812,-1.3427080025799838e-05,0.5899877024110447,-147959.3103016979,60667.12342797634,1.986661499983048,1.3427080025799838e-05,-1.3427080025799838e-05,0.12343545560026663,0.06171772780013331,12,4.0,45.0,15.0,20.0,0.08,0.05,D13_wrapped_gap10_angle_v1,single_wavelength_oblique_incidence,20478.243636608124,primary,"A(lambda,theta) is the directional emissivity proxy under reciprocity.",measured_lossy_wall_film,1.0002012,0.1766584099999999,0.9691942466577119,0.3533879073441838,0.2827877871583043,INTERPOLATED_WITHIN_DATA_RANGE,nk_interpolated_single_wavelength_conductivity,8.1014,24.927,Valid only for narrowband single-wavelength simulation; not a broadband dispersive fit.
tilt20_wrapped_gap10_film2um,2.0,sidewalls_and_bottom,Hz,8.1014,40.0,True,VALID,VALID,NUMERICAL_PASS,50.0,40.0,0.0,30.0,20.0,10.91910702798607,24.0,"D00 convention: R=refl/abs(input), T=-trans/abs(input), A=1-R-T.",Wrapped periodic polygon pieces preserve P=50 and gap=10.,0.40641860027931054,-1.0758173986691215e-06,0.5935824755380882,-167278.82421956043,67985.22559568258,0.17996146952431674,1.0758173986691215e-06,-1.0758173986691215e-06,0.12343545560026663,0.07934278145586433,12,4.0,45.0,15.0,20.0,0.08,0.05,D13_wrapped_gap10_angle_v1,single_wavelength_oblique_incidence,21560.741891384125,primary,"A(lambda,theta) is the directional emissivity proxy under reciprocity.",measured_lossy_wall_film,1.0002012,0.1766584099999999,0.9691942466577119,0.3533879073441838,0.2827877871583043,INTERPOLATED_WITHIN_DATA_RANGE,nk_interpolated_single_wavelength_conductivity,8.1014,24.927,Valid only for narrowband single-wavelength simulation; not a broadband dispersive fit.
tilt20_wrapped_gap10_film2um,2.0,sidewalls_and_bottom,Hz,8.1014,50.0,True,VALID,VALID,NUMERICAL_PASS,50.0,40.0,0.0,30.0,20.0,10.91910702798607,24.0,"D00 convention: R=refl/abs(input), T=-trans/abs(input), A=1-R-T.",Wrapped periodic polygon pieces preserve P=50 and gap=10.,0.38083832891393155,-6.9858173639759044e-06,0.6191686569034325,-199352.7175356282,75921.15581071966,1.3926416757161753,6.9858173639759044e-06,-6.9858173639759044e-06,0.12343545560026663,0.09455704484644359,12,4.0,45.0,15.0,20.0,0.08,0.05,D13_wrapped_gap10_angle_v1,single_wavelength_oblique_incidence,20751.969833135605,primary,"A(lambda,theta) is the directional emissivity proxy under reciprocity.",measured_lossy_wall_film,1.0002012,0.1766584099999999,0.9691942466577119,0.3533879073441838,0.2827877871583043,INTERPOLATED_WITHIN_DATA_RANGE,nk_interpolated_single_wavelength_conductivity,8.1014,24.927,Valid only for narrowband single-wavelength simulation; not a broadband dispersive fit.
tilt20_wrapped_gap10_film2um,2.0,sidewalls_and_bottom,Hz,8.1014,60.0,True,VALID,VALID,NUMERICAL_PASS,50.0,40.0,0.0,30.0,20.0,10.91910702798607,24.0,"D00 convention: R=refl/abs(input), T=-trans/abs(input), A=1-R-T.",Wrapped periodic polygon pieces preserve P=50 and gap=10.,0.3532144106577476,-2.195667978291898e-07,0.6467858089090502,-256157.52009821404,90478.5274970408,0.05624368642783119,2.195667978291898e-07,-2.195667978291898e-07,0.12343545560026663,0.10689824027753705,12,4.0,45.0,15.0,20.0,0.08,0.05,D13_wrapped_gap10_angle_v1,single_wavelength_oblique_incidence,21230.708949565887,primary,"A(lambda,theta) is the directional emissivity proxy under reciprocity.",measured_lossy_wall_film,1.0002012,0.1766584099999999,0.9691942466577119,0.3533879073441838,0.2827877871583043,INTERPOLATED_WITHIN_DATA_RANGE,nk_interpolated_single_wavelength_conductivity,8.1014,24.927,Valid only for narrowband single-wavelength simulation; not a broadband dispersive fit.
tilt20_wrapped_gap10_film2um,2.0,sidewalls_and_bottom,Hz,8.1014,70.0,True,VALID,VALID,NUMERICAL_PASS,50.0,40.0,0.0,30.0,20.0,10.91910702798607,24.0,"D00 convention: R=refl/abs(input), T=-trans/abs(input), A=1-R-T.",Wrapped periodic polygon pieces preserve P=50 and gap=10.,0.32831539897850903,-7.411787159046587e-05,0.6717587188930815,-376306.81109827023,123547.32082405903,27.891059903599288,7.411787159046587e-05,-7.411787159046587e-05,0.12343545560026663,0.11599138677091717,12,4.0,45.0,15.0,20.0,0.08,0.05,D13_wrapped_gap10_angle_v1,single_wavelength_oblique_incidence,21443.612521886826,primary,"A(lambda,theta) is the directional emissivity proxy under reciprocity.",measured_lossy_wall_film,1.0002012,0.1766584099999999,0.9691942466577119,0.3533879073441838,0.2827877871583043,INTERPOLATED_WITHIN_DATA_RANGE,nk_interpolated_single_wavelength_conductivity,8.1014,24.927,Valid only for narrowband single-wavelength simulation; not a broadband dispersive fit.
tilt20_wrapped_gap10_film2um,2.0,sidewalls_and_bottom,Hz,9.0016,-70.0,True,VALID,VALID,NUMERICAL_PASS,50.0,40.0,0.0,30.0,20.0,10.91910702798607,24.0,"D00 convention: R=refl/abs(input), T=-trans/abs(input), A=1-R-T.",Wrapped periodic polygon pieces preserve P=50 and gap=10.,0.05862783665410013,-1.4362658365575928e-06,0.9413735996117365,-462063.78477215086,27089.80009739694,0.6636464283787408,1.4362658365575928e-06,-1.4362658365575928e-06,0.11109136153572699,-0.10439173266818215,12,4.0,45.0,15.0,20.0,0.08,0.05,D13_wrapped_gap10_angle_v1,single_wavelength_oblique_incidence,23476.33698129654,primary,"A(lambda,theta) is the directional emissivity proxy under reciprocity.",measured_lossy_wall_film,1.43895343,0.6113474279999999,1.6968412959865498,1.7594009568845557,0.7237419674010624,INTERPOLATED_WITHIN_DATA_RANGE,nk_interpolated_single_wavelength_conductivity,8.1014,24.927,Valid only for narrowband single-wavelength simulation; not a broadband dispersive fit.
tilt20_wrapped_gap10_film2um,2.0,sidewalls_and_bottom,Hz,9.0016,-60.0,True,VALID,VALID,NUMERICAL_PASS,50.0,40.0,0.0,30.0,20.0,10.91910702798607,24.0,"D00 convention: R=refl/abs(input), T=-trans/abs(input), A=1-R-T.",Wrapped periodic polygon pieces preserve P=50 and gap=10.,0.08086844695034012,-7.603023528742876e-08,0.9191316290798952,-316498.2300160246,25594.72032392743,0.0240634348961731,7.603023528742876e-08,-7.603023528742876e-08,0.11109136153572699,-0.09620794123094102,12,4.0,45.0,15.0,20.0,0.08,0.05,D13_wrapped_gap10_angle_v1,single_wavelength_oblique_incidence,22368.904860258102,primary,"A(lambda,theta) is the directional emissivity proxy under reciprocity.",measured_lossy_wall_film,1.43895343,0.6113474279999999,1.6968412959865498,1.7594009568845557,0.7237419674010624,INTERPOLATED_WITHIN_DATA_RANGE,nk_interpolated_single_wavelength_conductivity,8.1014,24.927,Valid only for narrowband single-wavelength simulation; not a broadband dispersive fit.
tilt20_wrapped_gap10_film2um,2.0,sidewalls_and_bottom,Hz,9.0016,-50.0,True,VALID,VALID,NUMERICAL_PASS,50.0,40.0,0.0,30.0,20.0,10.91910702798607,24.0,"D00 convention: R=refl/abs(input), T=-trans/abs(input), A=1-R-T.",Wrapped periodic polygon pieces preserve P=50 and gap=10.,0.11522969396104744,-7.557269248434569e-08,0.884770381611645,-246140.51833124965,28362.696598723487,0.018601501699784983,7.557269248434569e-08,-7.557269248434569e-08,0.11109136153572699,-0.08510092018296504,12,4.0,45.0,15.0,20.0,0.08,0.05,D13_wrapped_gap10_angle_v1,single_wavelength_oblique_incidence,23596.446191072464,primary,"A(lambda,theta) is the directional emissivity proxy under reciprocity.",measured_lossy_wall_film,1.43895343,0.6113474279999999,1.6968412959865498,1.7594009568845557,0.7237419674010624,INTERPOLATED_WITHIN_DATA_RANGE,nk_interpolated_single_wavelength_conductivity,8.1014,24.927,Valid only for narrowband single-wavelength simulation; not a broadband dispersive fit.
tilt20_wrapped_gap10_film2um,2.0,sidewalls_and_bottom,Hz,9.0016,-40.0,False,VALID,VALID,WARNING_EXCLUDED_FROM_STRICT_METRIC,50.0,40.0,0.0,30.0,20.0,10.91910702798607,24.0,"D00 convention: R=refl/abs(input), T=-trans/abs(input), A=1-R-T.",Wrapped periodic polygon pieces preserve P=50 and gap=10.,0.17032454726113447,-0.0016656093417466902,0.8313410620806122,-206533.50440548302,35177.725632119415,344.0041343214537,0.0016656093417466902,-0.0016656093417466902,0.11109136153572699,-0.0714081507383731,12,4.0,45.0,15.0,20.0,0.08,0.05,D13_wrapped_gap10_angle_v1,single_wavelength_oblique_incidence,22270.37224316597,primary,"A(lambda,theta) is the directional emissivity proxy under reciprocity.",measured_lossy_wall_film,1.43895343,0.6113474279999999,1.6968412959865498,1.7594009568845557,0.7237419674010624,INTERPOLATED_WITHIN_DATA_RANGE,nk_interpolated_single_wavelength_conductivity,8.1014,24.927,Valid only for narrowband single-wavelength simulation; not a broadband dispersive fit.
tilt20_wrapped_gap10_film2um,2.0,sidewalls_and_bottom,Hz,9.0016,-30.0,True,VALID,VALID,NUMERICAL_PASS,50.0,40.0,0.0,30.0,20.0,10.91910702798607,24.0,"D00 convention: R=refl/abs(input), T=-trans/abs(input), A=1-R-T.",Wrapped periodic polygon pieces preserve P=50 and gap=10.,0.18024038279569995,-1.5806396561604053e-07,0.8197597752682656,-182681.95818768107,32926.66607361569,0.028875434757648574,1.5806396561604053e-07,-1.5806396561604053e-07,0.11109136153572699,-0.05554568076786349,12,4.0,45.0,15.0,20.0,0.08,0.05,D13_wrapped_gap10_angle_v1,single_wavelength_oblique_incidence,24509.331471920013,primary,"A(lambda,theta) is the directional emissivity proxy under reciprocity.",measured_lossy_wall_film,1.43895343,0.6113474279999999,1.6968412959865498,1.7594009568845557,0.7237419674010624,INTERPOLATED_WITHIN_DATA_RANGE,nk_interpolated_single_wavelength_conductivity,8.1014,24.927,Valid only for narrowband single-wavelength simulation; not a broadband dispersive fit.
tilt20_wrapped_gap10_film2um,2.0,sidewalls_and_bottom,Hz,9.0016,-20.0,True,VALID,VALID,NUMERICAL_PASS,50.0,40.0,0.0,30.0,20.0,10.91910702798607,24.0,"D00 convention: R=refl/abs(input), T=-trans/abs(input), A=1-R-T.",Wrapped periodic polygon pieces preserve P=50 and gap=10.,0.20672396550279998,-1.1158917148521103e-09,0.7932760356130918,-168352.59172128627,34802.51536329815,0.00018786326227566332,1.1158917148521103e-09,-1.1158917148521103e-09,0.11109136153572699,-0.037995483394693025,12,4.0,45.0,15.0,20.0,0.08,0.05,D13_wrapped_gap10_angle_v1,single_wavelength_oblique_incidence,25099.525548696518,primary,"A(lambda,theta) is the directional emissivity proxy under reciprocity.",measured_lossy_wall_film,1.43895343,0.6113474279999999,1.6968412959865498,1.7594009568845557,0.7237419674010624,INTERPOLATED_WITHIN_DATA_RANGE,nk_interpolated_single_wavelength_conductivity,8.1014,24.927,Valid only for narrowband single-wavelength simulation; not a broadband dispersive fit.
tilt20_wrapped_gap10_film2um,2.0,sidewalls_and_bottom,Hz,9.0016,-10.0,True,VALID,VALID,NUMERICAL_PASS,50.0,40.0,0.0,30.0,20.0,10.91910702798607,24.0,"D00 convention: R=refl/abs(input), T=-trans/abs(input), A=1-R-T.",Wrapped periodic polygon pieces preserve P=50 and gap=10.,0.20368709158969414,-1.9514853652256866e-10,0.7963129086054545,-160634.63033056882,32719.20066061923,3.1347613023854325e-05,1.9514853652256866e-10,-1.9514853652256866e-10,0.11109136153572699,-0.01929081248521711,12,4.0,45.0,15.0,20.0,0.08,0.05,D13_wrapped_gap10_angle_v1,single_wavelength_oblique_incidence,23768.981319904327,primary,"A(lambda,theta) is the directional emissivity proxy under reciprocity.",measured_lossy_wall_film,1.43895343,0.6113474279999999,1.6968412959865498,1.7594009568845557,0.7237419674010624,INTERPOLATED_WITHIN_DATA_RANGE,nk_interpolated_single_wavelength_conductivity,8.1014,24.927,Valid only for narrowband single-wavelength simulation; not a broadband dispersive fit.
tilt20_wrapped_gap10_film2um,2.0,sidewalls_and_bottom,Hz,9.0016,0.0,True,VALID,VALID,NUMERICAL_PASS,50.0,40.0,0.0,30.0,20.0,10.91910702798607,24.0,"D00 convention: R=refl/abs(input), T=-trans/abs(input), A=1-R-T.",Wrapped periodic polygon pieces preserve P=50 and gap=10.,0.20137584952341955,-2.9365078086371917e-10,0.7986241507702312,-39548.04408246137,7964.020974095303,1.161331402644757e-05,2.9365078086371917e-10,-2.9365078086371917e-10,0.11109136153572699,0.0,12,4.0,45.0,15.0,20.0,0.08,0.05,D13_wrapped_gap10_angle_v1,single_wavelength_oblique_incidence,10984.837842464447,primary,"A(lambda,theta) is the directional emissivity proxy under reciprocity.",measured_lossy_wall_film,1.43895343,0.6113474279999999,1.6968412959865498,1.7594009568845557,0.7237419674010624,INTERPOLATED_WITHIN_DATA_RANGE,nk_interpolated_single_wavelength_conductivity,8.1014,24.927,Valid only for narrowband single-wavelength simulation; not a broadband dispersive fit.
tilt20_wrapped_gap10_film2um,2.0,sidewalls_and_bottom,Hz,9.0016,10.0,True,VALID,VALID,NUMERICAL_PASS,50.0,40.0,0.0,30.0,20.0,10.91910702798607,24.0,"D00 convention: R=refl/abs(input), T=-trans/abs(input), A=1-R-T.",Wrapped periodic polygon pieces preserve P=50 and gap=10.,0.21063203076196504,-3.9327032624434106e-10,0.7893679696313053,-160634.63033056882,33834.798397225255,6.317283347624192e-05,3.9327032624434106e-10,-3.9327032624434106e-10,0.11109136153572699,0.01929081248521711,12,4.0,45.0,15.0,20.0,0.08,0.05,D13_wrapped_gap10_angle_v1,single_wavelength_oblique_incidence,22334.181159734726,primary,"A(lambda,theta) is the directional emissivity proxy under reciprocity.",measured_lossy_wall_film,1.43895343,0.6113474279999999,1.6968412959865498,1.7594009568845557,0.7237419674010624,INTERPOLATED_WITHIN_DATA_RANGE,nk_interpolated_single_wavelength_conductivity,8.1014,24.927,Valid only for narrowband single-wavelength simulation; not a broadband dispersive fit.
tilt20_wrapped_gap10_film2um,2.0,sidewalls_and_bottom,Hz,9.0016,20.0,True,VALID,VALID,NUMERICAL_PASS,50.0,40.0,0.0,30.0,20.0,10.91910702798607,24.0,"D00 convention: R=refl/abs(input), T=-trans/abs(input), A=1-R-T.",Wrapped periodic polygon pieces preserve P=50 and gap=10.,0.21270900091292258,-1.6075613143623752e-09,0.7872910006946388,-168352.59172128627,35810.111586135965,0.0002706371136237833,1.6075613143623752e-09,-1.6075613143623752e-09,0.11109136153572699,0.037995483394693025,12,4.0,45.0,15.0,20.0,0.08,0.05,D13_wrapped_gap10_angle_v1,single_wavelength_oblique_incidence,22843.781802892685,primary,"A(lambda,theta) is the directional emissivity proxy under reciprocity.",measured_lossy_wall_film,1.43895343,0.6113474279999999,1.6968412959865498,1.7594009568845557,0.7237419674010624,INTERPOLATED_WITHIN_DATA_RANGE,nk_interpolated_single_wavelength_conductivity,8.1014,24.927,Valid only for narrowband single-wavelength simulation; not a broadband dispersive fit.
tilt20_wrapped_gap10_film2um,2.0,sidewalls_and_bottom,Hz,9.0016,30.0,True,VALID,VALID,NUMERICAL_PASS,50.0,40.0,0.0,30.0,20.0,10.91910702798607,24.0,"D00 convention: R=refl/abs(input), T=-trans/abs(input), A=1-R-T.",Wrapped periodic polygon pieces preserve P=50 and gap=10.,0.20810150069811983,-4.5266228750924026e-08,0.7918985445681089,-182681.9581876811,38016.38964932762,0.00826932330799031,4.5266228750924026e-08,-4.5266228750924026e-08,0.11109136153572699,0.05554568076786349,12,4.0,45.0,15.0,20.0,0.08,0.05,D13_wrapped_gap10_angle_v1,single_wavelength_oblique_incidence,22773.85811662674,primary,"A(lambda,theta) is the directional emissivity proxy under reciprocity.",measured_lossy_wall_film,1.43895343,0.6113474279999999,1.6968412959865498,1.7594009568845557,0.7237419674010624,INTERPOLATED_WITHIN_DATA_RANGE,nk_interpolated_single_wavelength_conductivity,8.1014,24.927,Valid only for narrowband single-wavelength simulation; not a broadband dispersive fit.
tilt20_wrapped_gap10_film2um,2.0,sidewalls_and_bottom,Hz,9.0016,40.0,True,VALID,VALID,NUMERICAL_PASS,50.0,40.0,0.0,30.0,20.0,10.91910702798607,24.0,"D00 convention: R=refl/abs(input), T=-trans/abs(input), A=1-R-T.",Wrapped periodic polygon pieces preserve P=50 and gap=10.,0.20113796979361026,-0.0004716777341077468,0.7993337079404975,-206533.50440548296,41541.7297704785,97.41725537531055,0.0004716777341077468,-0.0004716777341077468,0.11109136153572699,0.0714081507383731,12,4.0,45.0,15.0,20.0,0.08,0.05,D13_wrapped_gap10_angle_v1,single_wavelength_oblique_incidence,23103.14786052704,primary,"A(lambda,theta) is the directional emissivity proxy under reciprocity.",measured_lossy_wall_film,1.43895343,0.6113474279999999,1.6968412959865498,1.7594009568845557,0.7237419674010624,INTERPOLATED_WITHIN_DATA_RANGE,nk_interpolated_single_wavelength_conductivity,8.1014,24.927,Valid only for narrowband single-wavelength simulation; not a broadband dispersive fit.
tilt20_wrapped_gap10_film2um,2.0,sidewalls_and_bottom,Hz,9.0016,50.0,True,VALID,VALID,NUMERICAL_PASS,50.0,40.0,0.0,30.0,20.0,10.91910702798607,24.0,"D00 convention: R=refl/abs(input), T=-trans/abs(input), A=1-R-T.",Wrapped periodic polygon pieces preserve P=50 and gap=10.,0.16324374758282756,-8.628424434483699e-08,0.8367563387014167,-246140.5183312497,40180.900644372865,0.02123804862685838,8.628424434483699e-08,-8.628424434483699e-08,0.11109136153572699,0.08510092018296504,12,4.0,45.0,15.0,20.0,0.08,0.05,D13_wrapped_gap10_angle_v1,single_wavelength_oblique_incidence,22883.347717046738,primary,"A(lambda,theta) is the directional emissivity proxy under reciprocity.",measured_lossy_wall_film,1.43895343,0.6113474279999999,1.6968412959865498,1.7594009568845557,0.7237419674010624,INTERPOLATED_WITHIN_DATA_RANGE,nk_interpolated_single_wavelength_conductivity,8.1014,24.927,Valid only for narrowband single-wavelength simulation; not a broadband dispersive fit.
tilt20_wrapped_gap10_film2um,2.0,sidewalls_and_bottom,Hz,9.0016,60.0,True,VALID,VALID,NUMERICAL_PASS,50.0,40.0,0.0,30.0,20.0,10.91910702798607,24.0,"D00 convention: R=refl/abs(input), T=-trans/abs(input), A=1-R-T.",Wrapped periodic polygon pieces preserve P=50 and gap=10.,0.1235042805277172,-1.3469432060402768e-08,0.8764957329417148,-316498.23001602467,39088.88618642507,0.004263051406438572,1.3469432060402768e-08,-1.3469432060402768e-08,0.11109136153572699,0.09620794123094102,12,4.0,45.0,15.0,20.0,0.08,0.05,D13_wrapped_gap10_angle_v1,single_wavelength_oblique_incidence,25083.172295808792,primary,"A(lambda,theta) is the directional emissivity proxy under reciprocity.",measured_lossy_wall_film,1.43895343,0.6113474279999999,1.6968412959865498,1.7594009568845557,0.7237419674010624,INTERPOLATED_WITHIN_DATA_RANGE,nk_interpolated_single_wavelength_conductivity,8.1014,24.927,Valid only for narrowband single-wavelength simulation; not a broadband dispersive fit.
tilt20_wrapped_gap10_film2um,2.0,sidewalls_and_bottom,Hz,9.0016,70.0,True,VALID,VALID,NUMERICAL_PASS,50.0,40.0,0.0,30.0,20.0,10.91910702798607,24.0,"D00 convention: R=refl/abs(input), T=-trans/abs(input), A=1-R-T.",Wrapped periodic polygon pieces preserve P=50 and gap=10.,0.11232490711423705,-1.458674980895635e-06,0.8876765515607439,-462063.78477215086,51901.271705384665,0.6740008824250819,1.458674980895635e-06,-1.458674980895635e-06,0.11109136153572699,0.10439173266818215,12,4.0,45.0,15.0,20.0,0.08,0.05,D13_wrapped_gap10_angle_v1,single_wavelength_oblique_incidence,24593.384256839752,primary,"A(lambda,theta) is the directional emissivity proxy under reciprocity.",measured_lossy_wall_film,1.43895343,0.6113474279999999,1.6968412959865498,1.7594009568845557,0.7237419674010624,INTERPOLATED_WITHIN_DATA_RANGE,nk_interpolated_single_wavelength_conductivity,8.1014,24.927,Valid only for narrowband single-wavelength simulation; not a broadband dispersive fit.
tilt20_wrapped_gap10_film2um,2.0,sidewalls_and_bottom,Hz,10.009,-70.0,True,VALID,VALID,NUMERICAL_PASS,50.0,40.0,0.0,30.0,20.0,10.91910702798607,24.0,"D00 convention: R=refl/abs(input), T=-trans/abs(input), A=1-R-T.",Wrapped periodic polygon pieces preserve P=50 and gap=10.,0.0658615824764148,-1.1550982757239029e-06,0.9341395726218609,-568612.1672681,37449.69715162093,0.6568029339670137,1.1550982757239029e-06,-1.1550982757239029e-06,0.09991008092716555,-0.09388476578938039,12,4.0,45.0,15.0,20.0,0.08,0.05,D13_wrapped_gap10_angle_v1,single_wavelength_oblique_incidence,27193.10761833191,primary,"A(lambda,theta) is the directional emissivity proxy under reciprocity.",measured_lossy_wall_film,1.67437293,0.3129405069999999,2.705592947795368,1.0479582272425507,0.24314799481601532,INTERPOLATED_WITHIN_DATA_RANGE,nk_interpolated_single_wavelength_conductivity,8.1014,24.927,Valid only for narrowband single-wavelength simulation; not a broadband dispersive fit.
tilt20_wrapped_gap10_film2um,2.0,sidewalls_and_bottom,Hz,10.009,-60.0,True,VALID,VALID,NUMERICAL_PASS,50.0,40.0,0.0,30.0,20.0,10.91910702798607,24.0,"D00 convention: R=refl/abs(input), T=-trans/abs(input), A=1-R-T.",Wrapped periodic polygon pieces preserve P=50 and gap=10.,0.08652566660767966,-2.4007806278668582e-08,0.9134743574001266,-391079.41403978993,33838.40699633358,0.009388958811842499,2.4007806278668582e-08,-2.4007806278668582e-08,0.09991008092716555,-0.08652466817708448,12,4.0,45.0,15.0,20.0,0.08,0.05,D13_wrapped_gap10_angle_v1,single_wavelength_oblique_incidence,25389.563488721848,primary,"A(lambda,theta) is the directional emissivity proxy under reciprocity.",measured_lossy_wall_film,1.67437293,0.3129405069999999,2.705592947795368,1.0479582272425507,0.24314799481601532,INTERPOLATED_WITHIN_DATA_RANGE,nk_interpolated_single_wavelength_conductivity,8.1014,24.927,Valid only for narrowband single-wavelength simulation; not a broadband dispersive fit.
tilt20_wrapped_gap10_film2um,2.0,sidewalls_and_bottom,Hz,10.009,-50.0,True,VALID,VALID,NUMERICAL_PASS,50.0,40.0,0.0,30.0,20.0,10.91910702798607,24.0,"D00 convention: R=refl/abs(input), T=-trans/abs(input), A=1-R-T.",Wrapped periodic polygon pieces preserve P=50 and gap=10.,0.11686172415796237,-6.324423825745207e-07,0.8831389082844202,-304320.49337114475,35563.41755195373,0.1924651778939004,6.324423825745207e-07,-6.324423825745207e-07,0.09991008092716555,-0.07653556230582256,12,4.0,45.0,15.0,20.0,0.08,0.05,D13_wrapped_gap10_angle_v1,single_wavelength_oblique_incidence,25017.903349876404,primary,"A(lambda,theta) is the directional emissivity proxy under reciprocity.",measured_lossy_wall_film,1.67437293,0.3129405069999999,2.705592947795368,1.0479582272425507,0.24314799481601532,INTERPOLATED_WITHIN_DATA_RANGE,nk_interpolated_single_wavelength_conductivity,8.1014,24.927,Valid only for narrowband single-wavelength simulation; not a broadband dispersive fit.
tilt20_wrapped_gap10_film2um,2.0,sidewalls_and_bottom,Hz,10.009,-40.0,True,VALID,VALID,NUMERICAL_PASS,50.0,40.0,0.0,30.0,20.0,10.91910702798607,24.0,"D00 convention: R=refl/abs(input), T=-trans/abs(input), A=1-R-T.",Wrapped periodic polygon pieces preserve P=50 and gap=10.,0.1498206145889066,-6.040057696342519e-07,0.850179989416863,-255360.48904093663,38258.26540983688,0.1542392087173499,6.040057696342519e-07,-6.040057696342519e-07,0.09991008092716555,-0.06422096210276144,12,4.0,45.0,15.0,20.0,0.08,0.05,D13_wrapped_gap10_angle_v1,single_wavelength_oblique_incidence,24807.956207752228,primary,"A(lambda,theta) is the directional emissivity proxy under reciprocity.",measured_lossy_wall_film,1.67437293,0.3129405069999999,2.705592947795368,1.0479582272425507,0.24314799481601532,INTERPOLATED_WITHIN_DATA_RANGE,nk_interpolated_single_wavelength_conductivity,8.1014,24.927,Valid only for narrowband single-wavelength simulation; not a broadband dispersive fit.
tilt20_wrapped_gap10_film2um,2.0,sidewalls_and_bottom,Hz,10.009,0.0,False,VALID,VALID,WARNING_EXCLUDED_FROM_STRICT_METRIC,50.0,40.0,0.0,30.0,20.0,10.91910702798607,24.0,"D00 convention: R=refl/abs(input), T=-trans/abs(input), A=1-R-T.",Wrapped periodic polygon pieces preserve P=50 and gap=10.,0.2078647529039413,-0.0010868809433036862,0.7932221280393624,-48899.24246249436,10164.428951656304,53.14765477447153,0.0010868809433036862,-0.0010868809433036862,0.09991008092716555,0.0,12,4.0,45.0,15.0,20.0,0.08,0.05,D13_wrapped_gap10_angle_v1,single_wavelength_oblique_incidence,11964.738679409027,primary,"A(lambda,theta) is the directional emissivity proxy under reciprocity.",measured_lossy_wall_film,1.67437293,0.3129405069999999,2.705592947795368,1.0479582272425507,0.24314799481601532,INTERPOLATED_WITHIN_DATA_RANGE,nk_interpolated_single_wavelength_conductivity,8.1014,24.927,Valid only for narrowband single-wavelength simulation; not a broadband dispersive fit.
